source_name,source_url,report_title,report_year,report_month,region,disease_name,disease_category,cases,deaths,incidence_rate,mortality_rate,crawl_time,raw_file
中国疾控中心全国法定传染病疫情情况,https://www.chinacdc.cn/jksj/jksj01/202604/t20260410_1834909.html,2026年3月全国传染病疫情概况,2026,3,全国,甲乙丙类传染病总计,甲乙丙类总计,1063258,2000,,,2026-05-28 00:56:43,/Users/zhoujia/code/大数据期末实验/大模型助力大数据分析/呼吸道传染病监测与早期预警分析/data/raw/chinacdc_monthly/t20260410_1834909_85179dce1b8ed387.html
中国疾控中心全国法定传染病疫情情况,https://www.chinacdc.cn/jksj/jksj01/202604/t20260410_1834909.html,2026年3月全国传染病疫情概况,2026,3,全国,甲乙类传染病合计,甲乙类合计,322577,1996,,,2026-05-28 00:56:43,/Users/zhoujia/code/大数据期末实验/大模型助力大数据分析/呼吸道传染病监测与早期预警分析/data/raw/chinacdc_monthly/t20260410_1834909_85179dce1b8ed387.html
中国疾控中心全国法定传染病疫情情况,https://www.chinacdc.cn/jksj/jksj01/202604/t20260410_1834909.html,2026年3月全国传染病疫情概况,2026,3,全国,鼠疫,甲乙类合计,0,0,,,2026-05-28 00:56:43,/Users/zhoujia/code/大数据期末实验/大模型助力大数据分析/呼吸道传染病监测与早期预警分析/data/raw/chinacdc_monthly/t20260410_1834909_85179dce1b8ed387.html
中国疾控中心全国法定传染病疫情情况,https://www.chinacdc.cn/jksj/jksj01/202604/t20260410_1834909.html,2026年3月全国传染病疫情概况,2026,3,全国,霍乱,甲乙类合计,0,0,,,2026-05-28 00:56:43,/Users/zhoujia/code/大数据期末实验/大模型助力大数据分析/呼吸道传染病监测与早期预警分析/data/raw/chinacdc_monthly/t20260410_1834909_85179dce1b8ed387.html
中国疾控中心全国法定传染病疫情情况,https://www.chinacdc.cn/jksj/jksj01/202604/t20260410_1834909.html,2026年3月全国传染病疫情概况,2026,3,全国,新型冠状病毒感染,甲乙类合计,26306,2,,,2026-05-28 00:56:43,/Users/zhoujia/code/大数据期末实验/大模型助力大数据分析/呼吸道传染病监测与早期预警分析/data/raw/chinacdc_monthly/t20260410_1834909_85179dce1b8ed387.html
中国疾控中心全国法定传染病疫情情况,https://www.chinacdc.cn/jksj/jksj01/202604/t20260410_1834909.html,2026年3月全国传染病疫情概况,2026,3,全国,传染性非典型肺炎,甲乙类合计,0,0,,,2026-05-28 00:56:43,/Users/zhoujia/code/大数据期末实验/大模型助力大数据分析/呼吸道传染病监测与早期预警分析/data/raw/chinacdc_monthly/t20260410_1834909_85179dce1b8ed387.html
中国疾控中心全国法定传染病疫情情况,https://www.chinacdc.cn/jksj/jksj01/202604/t20260410_1834909.html,2026年3月全国传染病疫情概况,2026,3,全国,艾滋病,甲乙类合计,4821,1644,,,2026-05-28 00:56:43,/Users/zhoujia/code/大数据期末实验/大模型助力大数据分析/呼吸道传染病监测与早期预警分析/data/raw/chinacdc_monthly/t20260410_1834909_85179dce1b8ed387.html
中国疾控中心全国法定传染病疫情情况,https://www.chinacdc.cn/jksj/jksj01/202604/t20260410_1834909.html,2026年3月全国传染病疫情概况,2026,3,全国,病毒性肝炎,甲乙类合计,145066,136,,,2026-05-28 00:56:43,/Users/zhoujia/code/大数据期末实验/大模型助力大数据分析/呼吸道传染病监测与早期预警分析/data/raw/chinacdc_monthly/t20260410_1834909_85179dce1b8ed387.html
中国疾控中心全国法定传染病疫情情况,https://www.chinacdc.cn/jksj/jksj01/202604/t20260410_1834909.html,2026年3月全国传染病疫情概况,2026,3,全国,甲型肝炎,甲乙类合计,1382,0,,,2026-05-28 00:56:43,/Users/zhoujia/code/大数据期末实验/大模型助力大数据分析/呼吸道传染病监测与早期预警分析/data/raw/chinacdc_monthly/t20260410_1834909_85179dce1b8ed387.html
中国疾控中心全国法定传染病疫情情况,https://www.chinacdc.cn/jksj/jksj01/202604/t20260410_1834909.html,2026年3月全国传染病疫情概况,2026,3,全国,乙型肝炎,甲乙类合计,123191,29,,,2026-05-28 00:56:43,/Users/zhoujia/code/大数据期末实验/大模型助力大数据分析/呼吸道传染病监测与早期预警分析/data/raw/chinacdc_monthly/t20260410_1834909_85179dce1b8ed387.html
中国疾控中心全国法定传染病疫情情况,https://www.chinacdc.cn/jksj/jksj01/202604/t20260410_1834909.html,2026年3月全国传染病疫情概况,2026,3,全国,丙型肝炎,甲乙类合计,16305,107,,,2026-05-28 00:56:43,/Users/zhoujia/code/大数据期末实验/大模型助力大数据分析/呼吸道传染病监测与早期预警分析/data/raw/chinacdc_monthly/t20260410_1834909_85179dce1b8ed387.html
中国疾控中心全国法定传染病疫情情况,https://www.chinacdc.cn/jksj/jksj01/202604/t20260410_1834909.html,2026年3月全国传染病疫情概况,2026,3,全国,丁型肝炎,甲乙类合计,28,0,,,2026-05-28 00:56:43,/Users/zhoujia/code/大数据期末实验/大模型助力大数据分析/呼吸道传染病监测与早期预警分析/data/raw/chinacdc_monthly/t20260410_1834909_85179dce1b8ed387.html
中国疾控中心全国法定传染病疫情情况,https://www.chinacdc.cn/jksj/jksj01/202604/t20260410_1834909.html,2026年3月全国传染病疫情概况,2026,3,全国,戊型肝炎,甲乙类合计,3534,0,,,2026-05-28 00:56:43,/Users/zhoujia/code/大数据期末实验/大模型助力大数据分析/呼吸道传染病监测与早期预警分析/data/raw/chinacdc_monthly/t20260410_1834909_85179dce1b8ed387.html
中国疾控中心全国法定传染病疫情情况,https://www.chinacdc.cn/jksj/jksj01/202604/t20260410_1834909.html,2026年3月全国传染病疫情概况,2026,3,全国,未分型肝炎,甲乙类合计,626,0,,,2026-05-28 00:56:43,/Users/zhoujia/code/大数据期末实验/大模型助力大数据分析/呼吸道传染病监测与早期预警分析/data/raw/chinacdc_monthly/t20260410_1834909_85179dce1b8ed387.html
中国疾控中心全国法定传染病疫情情况,https://www.chinacdc.cn/jksj/jksj01/202604/t20260410_1834909.html,2026年3月全国传染病疫情概况,2026,3,全国,脊髓灰质炎,甲乙类合计,0,0,,,2026-05-28 00:56:43,/Users/zhoujia/code/大数据期末实验/大模型助力大数据分析/呼吸道传染病监测与早期预警分析/data/raw/chinacdc_monthly/t20260410_1834909_85179dce1b8ed387.html
中国疾控中心全国法定传染病疫情情况,https://www.chinacdc.cn/jksj/jksj01/202604/t20260410_1834909.html,2026年3月全国传染病疫情概况,2026,3,全国,人感染新亚型流感,甲乙类合计,3,0,,,2026-05-28 00:56:43,/Users/zhoujia/code/大数据期末实验/大模型助力大数据分析/呼吸道传染病监测与早期预警分析/data/raw/chinacdc_monthly/t20260410_1834909_85179dce1b8ed387.html
中国疾控中心全国法定传染病疫情情况,https://www.chinacdc.cn/jksj/jksj01/202604/t20260410_1834909.html,2026年3月全国传染病疫情概况,2026,3,全国,麻疹,甲乙类合计,117,0,,,2026-05-28 00:56:43,/Users/zhoujia/code/大数据期末实验/大模型助力大数据分析/呼吸道传染病监测与早期预警分析/data/raw/chinacdc_monthly/t20260410_1834909_85179dce1b8ed387.html
中国疾控中心全国法定传染病疫情情况,https://www.chinacdc.cn/jksj/jksj01/202604/t20260410_1834909.html,2026年3月全国传染病疫情概况,2026,3,全国,流行性出血热,甲乙类合计,183,0,,,2026-05-28 00:56:43,/Users/zhoujia/code/大数据期末实验/大模型助力大数据分析/呼吸道传染病监测与早期预警分析/data/raw/chinacdc_monthly/t20260410_1834909_85179dce1b8ed387.html
中国疾控中心全国法定传染病疫情情况,https://www.chinacdc.cn/jksj/jksj01/202604/t20260410_1834909.html,2026年3月全国传染病疫情概况,2026,3,全国,狂犬病,甲乙类合计,26,21,,,2026-05-28 00:56:43,/Users/zhoujia/code/大数据期末实验/大模型助力大数据分析/呼吸道传染病监测与早期预警分析/data/raw/chinacdc_monthly/t20260410_1834909_85179dce1b8ed387.html
中国疾控中心全国法定传染病疫情情况,https://www.chinacdc.cn/jksj/jksj01/202604/t20260410_1834909.html,2026年3月全国传染病疫情概况,2026,3,全国,流行性乙型脑炎,甲乙类合计,0,0,,,2026-05-28 00:56:43,/Users/zhoujia/code/大数据期末实验/大模型助力大数据分析/呼吸道传染病监测与早期预警分析/data/raw/chinacdc_monthly/t20260410_1834909_85179dce1b8ed387.html
中国疾控中心全国法定传染病疫情情况,https://www.chinacdc.cn/jksj/jksj01/202604/t20260410_1834909.html,2026年3月全国传染病疫情概况,2026,3,全国,登革热,甲乙类合计,92,0,,,2026-05-28 00:56:43,/Users/zhoujia/code/大数据期末实验/大模型助力大数据分析/呼吸道传染病监测与早期预警分析/data/raw/chinacdc_monthly/t20260410_1834909_85179dce1b8ed387.html
中国疾控中心全国法定传染病疫情情况,https://www.chinacdc.cn/jksj/jksj01/202604/t20260410_1834909.html,2026年3月全国传染病疫情概况,2026,3,全国,猴痘,甲乙类合计,28,0,,,2026-05-28 00:56:43,/Users/zhoujia/code/大数据期末实验/大模型助力大数据分析/呼吸道传染病监测与早期预警分析/data/raw/chinacdc_monthly/t20260410_1834909_85179dce1b8ed387.html
中国疾控中心全国法定传染病疫情情况,https://www.chinacdc.cn/jksj/jksj01/202604/t20260410_1834909.html,2026年3月全国传染病疫情概况,2026,3,全国,炭疽,甲乙类合计,21,0,,,2026-05-28 00:56:43,/Users/zhoujia/code/大数据期末实验/大模型助力大数据分析/呼吸道传染病监测与早期预警分析/data/raw/chinacdc_monthly/t20260410_1834909_85179dce1b8ed387.html
中国疾控中心全国法定传染病疫情情况,https://www.chinacdc.cn/jksj/jksj01/202604/t20260410_1834909.html,2026年3月全国传染病疫情概况,2026,3,全国,细菌性和阿米巴性痢疾,甲乙类合计,1682,0,,,2026-05-28 00:56:43,/Users/zhoujia/code/大数据期末实验/大模型助力大数据分析/呼吸道传染病监测与早期预警分析/data/raw/chinacdc_monthly/t20260410_1834909_85179dce1b8ed387.html
中国疾控中心全国法定传染病疫情情况,https://www.chinacdc.cn/jksj/jksj01/202604/t20260410_1834909.html,2026年3月全国传染病疫情概况,2026,3,全国,肺结核,甲乙类合计,63201,188,,,2026-05-28 00:56:43,/Users/zhoujia/code/大数据期末实验/大模型助力大数据分析/呼吸道传染病监测与早期预警分析/data/raw/chinacdc_monthly/t20260410_1834909_85179dce1b8ed387.html
中国疾控中心全国法定传染病疫情情况,https://www.chinacdc.cn/jksj/jksj01/202604/t20260410_1834909.html,2026年3月全国传染病疫情概况,2026,3,全国,伤寒和副伤寒,甲乙类合计,247,0,,,2026-05-28 00:56:43,/Users/zhoujia/code/大数据期末实验/大模型助力大数据分析/呼吸道传染病监测与早期预警分析/data/raw/chinacdc_monthly/t20260410_1834909_85179dce1b8ed387.html
中国疾控中心全国法定传染病疫情情况,https://www.chinacdc.cn/jksj/jksj01/202604/t20260410_1834909.html,2026年3月全国传染病疫情概况,2026,3,全国,流行性脑脊髓膜炎,甲乙类合计,19,1,,,2026-05-28 00:56:43,/Users/zhoujia/code/大数据期末实验/大模型助力大数据分析/呼吸道传染病监测与早期预警分析/data/raw/chinacdc_monthly/t20260410_1834909_85179dce1b8ed387.html
中国疾控中心全国法定传染病疫情情况,https://www.chinacdc.cn/jksj/jksj01/202604/t20260410_1834909.html,2026年3月全国传染病疫情概况,2026,3,全国,百日咳,甲乙类合计,636,0,,,2026-05-28 00:56:43,/Users/zhoujia/code/大数据期末实验/大模型助力大数据分析/呼吸道传染病监测与早期预警分析/data/raw/chinacdc_monthly/t20260410_1834909_85179dce1b8ed387.html
中国疾控中心全国法定传染病疫情情况,https://www.chinacdc.cn/jksj/jksj01/202604/t20260410_1834909.html,2026年3月全国传染病疫情概况,2026,3,全国,白喉,甲乙类合计,0,0,,,2026-05-28 00:56:43,/Users/zhoujia/code/大数据期末实验/大模型助力大数据分析/呼吸道传染病监测与早期预警分析/data/raw/chinacdc_monthly/t20260410_1834909_85179dce1b8ed387.html
中国疾控中心全国法定传染病疫情情况,https://www.chinacdc.cn/jksj/jksj01/202604/t20260410_1834909.html,2026年3月全国传染病疫情概况,2026,3,全国,新生儿破伤风,甲乙类合计,2,0,,,2026-05-28 00:56:43,/Users/zhoujia/code/大数据期末实验/大模型助力大数据分析/呼吸道传染病监测与早期预警分析/data/raw/chinacdc_monthly/t20260410_1834909_85179dce1b8ed387.html
中国疾控中心全国法定传染病疫情情况,https://www.chinacdc.cn/jksj/jksj01/202604/t20260410_1834909.html,2026年3月全国传染病疫情概况,2026,3,全国,猩红热,甲乙类合计,1471,0,,,2026-05-28 00:56:43,/Users/zhoujia/code/大数据期末实验/大模型助力大数据分析/呼吸道传染病监测与早期预警分析/data/raw/chinacdc_monthly/t20260410_1834909_85179dce1b8ed387.html
中国疾控中心全国法定传染病疫情情况,https://www.chinacdc.cn/jksj/jksj01/202604/t20260410_1834909.html,2026年3月全国传染病疫情概况,2026,3,全国,布鲁氏菌病,甲乙类合计,5448,0,,,2026-05-28 00:56:43,/Users/zhoujia/code/大数据期末实验/大模型助力大数据分析/呼吸道传染病监测与早期预警分析/data/raw/chinacdc_monthly/t20260410_1834909_85179dce1b8ed387.html
中国疾控中心全国法定传染病疫情情况,https://www.chinacdc.cn/jksj/jksj01/202604/t20260410_1834909.html,2026年3月全国传染病疫情概况,2026,3,全国,淋病,甲乙类合计,10197,0,,,2026-05-28 00:56:43,/Users/zhoujia/code/大数据期末实验/大模型助力大数据分析/呼吸道传染病监测与早期预警分析/data/raw/chinacdc_monthly/t20260410_1834909_85179dce1b8ed387.html
中国疾控中心全国法定传染病疫情情况,https://www.chinacdc.cn/jksj/jksj01/202604/t20260410_1834909.html,2026年3月全国传染病疫情概况,2026,3,全国,梅毒,甲乙类合计,62781,3,,,2026-05-28 00:56:43,/Users/zhoujia/code/大数据期末实验/大模型助力大数据分析/呼吸道传染病监测与早期预警分析/data/raw/chinacdc_monthly/t20260410_1834909_85179dce1b8ed387.html
中国疾控中心全国法定传染病疫情情况,https://www.chinacdc.cn/jksj/jksj01/202604/t20260410_1834909.html,2026年3月全国传染病疫情概况,2026,3,全国,钩端螺旋体病,甲乙类合计,8,0,,,2026-05-28 00:56:43,/Users/zhoujia/code/大数据期末实验/大模型助力大数据分析/呼吸道传染病监测与早期预警分析/data/raw/chinacdc_monthly/t20260410_1834909_85179dce1b8ed387.html
中国疾控中心全国法定传染病疫情情况,https://www.chinacdc.cn/jksj/jksj01/202604/t20260410_1834909.html,2026年3月全国传染病疫情概况,2026,3,全国,血吸虫病,甲乙类合计,1,0,,,2026-05-28 00:56:43,/Users/zhoujia/code/大数据期末实验/大模型助力大数据分析/呼吸道传染病监测与早期预警分析/data/raw/chinacdc_monthly/t20260410_1834909_85179dce1b8ed387.html
中国疾控中心全国法定传染病疫情情况,https://www.chinacdc.cn/jksj/jksj01/202604/t20260410_1834909.html,2026年3月全国传染病疫情概况,2026,3,全国,疟疾,甲乙类合计,221,1,,,2026-05-28 00:56:43,/Users/zhoujia/code/大数据期末实验/大模型助力大数据分析/呼吸道传染病监测与早期预警分析/data/raw/chinacdc_monthly/t20260410_1834909_85179dce1b8ed387.html
中国疾控中心全国法定传染病疫情情况,https://www.chinacdc.cn/jksj/jksj01/202604/t20260410_1834909.html,2026年3月全国传染病疫情概况,2026,3,全国,丙类传染病合计,丙类合计,740681,4,,,2026-05-28 00:56:43,/Users/zhoujia/code/大数据期末实验/大模型助力大数据分析/呼吸道传染病监测与早期预警分析/data/raw/chinacdc_monthly/t20260410_1834909_85179dce1b8ed387.html
中国疾控中心全国法定传染病疫情情况,https://www.chinacdc.cn/jksj/jksj01/202604/t20260410_1834909.html,2026年3月全国传染病疫情概况,2026,3,全国,流行性感冒,丙类合计,479991,2,,,2026-05-28 00:56:43,/Users/zhoujia/code/大数据期末实验/大模型助力大数据分析/呼吸道传染病监测与早期预警分析/data/raw/chinacdc_monthly/t20260410_1834909_85179dce1b8ed387.html
中国疾控中心全国法定传染病疫情情况,https://www.chinacdc.cn/jksj/jksj01/202604/t20260410_1834909.html,2026年3月全国传染病疫情概况,2026,3,全国,流行性腮腺炎,丙类合计,6125,0,,,2026-05-28 00:56:43,/Users/zhoujia/code/大数据期末实验/大模型助力大数据分析/呼吸道传染病监测与早期预警分析/data/raw/chinacdc_monthly/t20260410_1834909_85179dce1b8ed387.html
中国疾控中心全国法定传染病疫情情况,https://www.chinacdc.cn/jksj/jksj01/202604/t20260410_1834909.html,2026年3月全国传染病疫情概况,2026,3,全国,风疹,丙类合计,36,0,,,2026-05-28 00:56:43,/Users/zhoujia/code/大数据期末实验/大模型助力大数据分析/呼吸道传染病监测与早期预警分析/data/raw/chinacdc_monthly/t20260410_1834909_85179dce1b8ed387.html
中国疾控中心全国法定传染病疫情情况,https://www.chinacdc.cn/jksj/jksj01/202604/t20260410_1834909.html,2026年3月全国传染病疫情概况,2026,3,全国,急性出血性结膜炎,丙类合计,1883,0,,,2026-05-28 00:56:43,/Users/zhoujia/code/大数据期末实验/大模型助力大数据分析/呼吸道传染病监测与早期预警分析/data/raw/chinacdc_monthly/t20260410_1834909_85179dce1b8ed387.html
中国疾控中心全国法定传染病疫情情况,https://www.chinacdc.cn/jksj/jksj01/202604/t20260410_1834909.html,2026年3月全国传染病疫情概况,2026,3,全国,麻风病,丙类合计,35,0,,,2026-05-28 00:56:43,/Users/zhoujia/code/大数据期末实验/大模型助力大数据分析/呼吸道传染病监测与早期预警分析/data/raw/chinacdc_monthly/t20260410_1834909_85179dce1b8ed387.html
中国疾控中心全国法定传染病疫情情况,https://www.chinacdc.cn/jksj/jksj01/202604/t20260410_1834909.html,2026年3月全国传染病疫情概况,2026,3,全国,流行性和地方性斑疹伤寒,丙类合计,59,0,,,2026-05-28 00:56:43,/Users/zhoujia/code/大数据期末实验/大模型助力大数据分析/呼吸道传染病监测与早期预警分析/data/raw/chinacdc_monthly/t20260410_1834909_85179dce1b8ed387.html
中国疾控中心全国法定传染病疫情情况,https://www.chinacdc.cn/jksj/jksj01/202604/t20260410_1834909.html,2026年3月全国传染病疫情概况,2026,3,全国,黑热病,丙类合计,28,0,,,2026-05-28 00:56:43,/Users/zhoujia/code/大数据期末实验/大模型助力大数据分析/呼吸道传染病监测与早期预警分析/data/raw/chinacdc_monthly/t20260410_1834909_85179dce1b8ed387.html
中国疾控中心全国法定传染病疫情情况,https://www.chinacdc.cn/jksj/jksj01/202604/t20260410_1834909.html,2026年3月全国传染病疫情概况,2026,3,全国,包虫病,丙类合计,411,2,,,2026-05-28 00:56:43,/Users/zhoujia/code/大数据期末实验/大模型助力大数据分析/呼吸道传染病监测与早期预警分析/data/raw/chinacdc_monthly/t20260410_1834909_85179dce1b8ed387.html
中国疾控中心全国法定传染病疫情情况,https://www.chinacdc.cn/jksj/jksj01/202604/t20260410_1834909.html,2026年3月全国传染病疫情概况,2026,3,全国,丝虫病,丙类合计,0,0,,,2026-05-28 00:56:43,/Users/zhoujia/code/大数据期末实验/大模型助力大数据分析/呼吸道传染病监测与早期预警分析/data/raw/chinacdc_monthly/t20260410_1834909_85179dce1b8ed387.html
中国疾控中心全国法定传染病疫情情况,https://www.chinacdc.cn/jksj/jksj01/202604/t20260410_1834909.html,2026年3月全国传染病疫情概况,2026,3,全国,手足口病,丙类合计,22484,0,,,2026-05-28 00:56:43,/Users/zhoujia/code/大数据期末实验/大模型助力大数据分析/呼吸道传染病监测与早期预警分析/data/raw/chinacdc_monthly/t20260410_1834909_85179dce1b8ed387.html
中国疾控中心全国法定传染病疫情情况,https://www.chinacdc.cn/jksj/jksj01/202604/t20260410_1834909.html,2026年3月全国传染病疫情概况,2026,3,全国,其他感染性腹泻病,丙类合计,229629,0,,,2026-05-28 00:56:43,/Users/zhoujia/code/大数据期末实验/大模型助力大数据分析/呼吸道传染病监测与早期预警分析/data/raw/chinacdc_monthly/t20260410_1834909_85179dce1b8ed387.html
中国疾控中心全国法定传染病疫情情况,https://www.chinacdc.cn/jksj/jksj01/202604/t20260410_1834909.html,2026年3月全国传染病疫情概况,2026,3,全国,重点监测其他传染病合计,重点监测其他传染病合计,43651,3,,,2026-05-28 00:56:43,/Users/zhoujia/code/大数据期末实验/大模型助力大数据分析/呼吸道传染病监测与早期预警分析/data/raw/chinacdc_monthly/t20260410_1834909_85179dce1b8ed387.html
中国疾控中心全国法定传染病疫情情况,https://www.chinacdc.cn/jksj/jksj01/202604/t20260410_1834909.html,2026年3月全国传染病疫情概况,2026,3,全国,中东呼吸综合征（MERS）,重点监测其他传染病合计,0,0,,,2026-05-28 00:56:43,/Users/zhoujia/code/大数据期末实验/大模型助力大数据分析/呼吸道传染病监测与早期预警分析/data/raw/chinacdc_monthly/t20260410_1834909_85179dce1b8ed387.html
中国疾控中心全国法定传染病疫情情况,https://www.chinacdc.cn/jksj/jksj01/202604/t20260410_1834909.html,2026年3月全国传染病疫情概况,2026,3,全国,埃博拉出血热,重点监测其他传染病合计,0,0,,,2026-05-28 00:56:43,/Users/zhoujia/code/大数据期末实验/大模型助力大数据分析/呼吸道传染病监测与早期预警分析/data/raw/chinacdc_monthly/t20260410_1834909_85179dce1b8ed387.html
中国疾控中心全国法定传染病疫情情况,https://www.chinacdc.cn/jksj/jksj01/202604/t20260410_1834909.html,2026年3月全国传染病疫情概况,2026,3,全国,寨卡病毒病,重点监测其他传染病合计,0,0,,,2026-05-28 00:56:43,/Users/zhoujia/code/大数据期末实验/大模型助力大数据分析/呼吸道传染病监测与早期预警分析/data/raw/chinacdc_monthly/t20260410_1834909_85179dce1b8ed387.html
中国疾控中心全国法定传染病疫情情况,https://www.chinacdc.cn/jksj/jksj01/202604/t20260410_1834909.html,2026年3月全国传染病疫情概况,2026,3,全国,基孔肯雅热,重点监测其他传染病合计,4,0,,,2026-05-28 00:56:43,/Users/zhoujia/code/大数据期末实验/大模型助力大数据分析/呼吸道传染病监测与早期预警分析/data/raw/chinacdc_monthly/t20260410_1834909_85179dce1b8ed387.html
中国疾控中心全国法定传染病疫情情况,https://www.chinacdc.cn/jksj/jksj01/202604/t20260410_1834909.html,2026年3月全国传染病疫情概况,2026,3,全国,拉沙热,重点监测其他传染病合计,0,0,,,2026-05-28 00:56:43,/Users/zhoujia/code/大数据期末实验/大模型助力大数据分析/呼吸道传染病监测与早期预警分析/data/raw/chinacdc_monthly/t20260410_1834909_85179dce1b8ed387.html
中国疾控中心全国法定传染病疫情情况,https://www.chinacdc.cn/jksj/jksj01/202604/t20260410_1834909.html,2026年3月全国传染病疫情概况,2026,3,全国,水痘,重点监测其他传染病合计,32936,0,,,2026-05-28 00:56:43,/Users/zhoujia/code/大数据期末实验/大模型助力大数据分析/呼吸道传染病监测与早期预警分析/data/raw/chinacdc_monthly/t20260410_1834909_85179dce1b8ed387.html
中国疾控中心全国法定传染病疫情情况,https://www.chinacdc.cn/jksj/jksj01/202604/t20260410_1834909.html,2026年3月全国传染病疫情概况,2026,3,全国,肝吸虫病,重点监测其他传染病合计,10656,0,,,2026-05-28 00:56:43,/Users/zhoujia/code/大数据期末实验/大模型助力大数据分析/呼吸道传染病监测与早期预警分析/data/raw/chinacdc_monthly/t20260410_1834909_85179dce1b8ed387.html
中国疾控中心全国法定传染病疫情情况,https://www.chinacdc.cn/jksj/jksj01/202604/t20260410_1834909.html,2026年3月全国传染病疫情概况,2026,3,全国,人感染猪链球菌病,重点监测其他传染病合计,17,0,,,2026-05-28 00:56:43,/Users/zhoujia/code/大数据期末实验/大模型助力大数据分析/呼吸道传染病监测与早期预警分析/data/raw/chinacdc_monthly/t20260410_1834909_85179dce1b8ed387.html
中国疾控中心全国法定传染病疫情情况,https://www.chinacdc.cn/jksj/jksj01/202604/t20260410_1834909.html,2026年3月全国传染病疫情概况,2026,3,全国,发热伴血小板减少综合征,重点监测其他传染病合计,38,3,,,2026-05-28 00:56:43,/Users/zhoujia/code/大数据期末实验/大模型助力大数据分析/呼吸道传染病监测与早期预警分析/data/raw/chinacdc_monthly/t20260410_1834909_85179dce1b8ed387.html
中国疾控中心全国法定传染病疫情情况,https://www.chinacdc.cn/jksj/jksj01/202605/t20260514_1835765.html,2026年4月全国传染病疫情概况,2026,4,全国,甲乙丙类传染病总计,甲乙丙类总计,1139033,1890,,,2026-05-28 00:56:43,/Users/zhoujia/code/大数据期末实验/大模型助力大数据分析/呼吸道传染病监测与早期预警分析/data/raw/chinacdc_monthly/t20260514_1835765_a2a208f2c273cd22.html
中国疾控中心全国法定传染病疫情情况,https://www.chinacdc.cn/jksj/jksj01/202605/t20260514_1835765.html,2026年4月全国传染病疫情概况,2026,4,全国,甲乙类传染病合计,甲乙类合计,308891,1888,,,2026-05-28 00:56:43,/Users/zhoujia/code/大数据期末实验/大模型助力大数据分析/呼吸道传染病监测与早期预警分析/data/raw/chinacdc_monthly/t20260514_1835765_a2a208f2c273cd22.html
中国疾控中心全国法定传染病疫情情况,https://www.chinacdc.cn/jksj/jksj01/202605/t20260514_1835765.html,2026年4月全国传染病疫情概况,2026,4,全国,鼠疫,甲乙类合计,0,0,,,2026-05-28 00:56:43,/Users/zhoujia/code/大数据期末实验/大模型助力大数据分析/呼吸道传染病监测与早期预警分析/data/raw/chinacdc_monthly/t20260514_1835765_a2a208f2c273cd22.html
中国疾控中心全国法定传染病疫情情况,https://www.chinacdc.cn/jksj/jksj01/202605/t20260514_1835765.html,2026年4月全国传染病疫情概况,2026,4,全国,霍乱,甲乙类合计,0,0,,,2026-05-28 00:56:43,/Users/zhoujia/code/大数据期末实验/大模型助力大数据分析/呼吸道传染病监测与早期预警分析/data/raw/chinacdc_monthly/t20260514_1835765_a2a208f2c273cd22.html
中国疾控中心全国法定传染病疫情情况,https://www.chinacdc.cn/jksj/jksj01/202605/t20260514_1835765.html,2026年4月全国传染病疫情概况,2026,4,全国,新型冠状病毒感染,甲乙类合计,23477,4,,,2026-05-28 00:56:43,/Users/zhoujia/code/大数据期末实验/大模型助力大数据分析/呼吸道传染病监测与早期预警分析/data/raw/chinacdc_monthly/t20260514_1835765_a2a208f2c273cd22.html
中国疾控中心全国法定传染病疫情情况,https://www.chinacdc.cn/jksj/jksj01/202605/t20260514_1835765.html,2026年4月全国传染病疫情概况,2026,4,全国,传染性非典型肺炎,甲乙类合计,0,0,,,2026-05-28 00:56:43,/Users/zhoujia/code/大数据期末实验/大模型助力大数据分析/呼吸道传染病监测与早期预警分析/data/raw/chinacdc_monthly/t20260514_1835765_a2a208f2c273cd22.html
中国疾控中心全国法定传染病疫情情况,https://www.chinacdc.cn/jksj/jksj01/202605/t20260514_1835765.html,2026年4月全国传染病疫情概况,2026,4,全国,艾滋病,甲乙类合计,4188,1479,,,2026-05-28 00:56:43,/Users/zhoujia/code/大数据期末实验/大模型助力大数据分析/呼吸道传染病监测与早期预警分析/data/raw/chinacdc_monthly/t20260514_1835765_a2a208f2c273cd22.html
中国疾控中心全国法定传染病疫情情况,https://www.chinacdc.cn/jksj/jksj01/202605/t20260514_1835765.html,2026年4月全国传染病疫情概况,2026,4,全国,病毒性肝炎,甲乙类合计,135528,173,,,2026-05-28 00:56:43,/Users/zhoujia/code/大数据期末实验/大模型助力大数据分析/呼吸道传染病监测与早期预警分析/data/raw/chinacdc_monthly/t20260514_1835765_a2a208f2c273cd22.html
中国疾控中心全国法定传染病疫情情况,https://www.chinacdc.cn/jksj/jksj01/202605/t20260514_1835765.html,2026年4月全国传染病疫情概况,2026,4,全国,甲型肝炎,甲乙类合计,1380,0,,,2026-05-28 00:56:43,/Users/zhoujia/code/大数据期末实验/大模型助力大数据分析/呼吸道传染病监测与早期预警分析/data/raw/chinacdc_monthly/t20260514_1835765_a2a208f2c273cd22.html
中国疾控中心全国法定传染病疫情情况,https://www.chinacdc.cn/jksj/jksj01/202605/t20260514_1835765.html,2026年4月全国传染病疫情概况,2026,4,全国,乙型肝炎,甲乙类合计,114147,28,,,2026-05-28 00:56:43,/Users/zhoujia/code/大数据期末实验/大模型助力大数据分析/呼吸道传染病监测与早期预警分析/data/raw/chinacdc_monthly/t20260514_1835765_a2a208f2c273cd22.html
中国疾控中心全国法定传染病疫情情况,https://www.chinacdc.cn/jksj/jksj01/202605/t20260514_1835765.html,2026年4月全国传染病疫情概况,2026,4,全国,丙型肝炎,甲乙类合计,16194,145,,,2026-05-28 00:56:43,/Users/zhoujia/code/大数据期末实验/大模型助力大数据分析/呼吸道传染病监测与早期预警分析/data/raw/chinacdc_monthly/t20260514_1835765_a2a208f2c273cd22.html
中国疾控中心全国法定传染病疫情情况,https://www.chinacdc.cn/jksj/jksj01/202605/t20260514_1835765.html,2026年4月全国传染病疫情概况,2026,4,全国,丁型肝炎,甲乙类合计,42,0,,,2026-05-28 00:56:43,/Users/zhoujia/code/大数据期末实验/大模型助力大数据分析/呼吸道传染病监测与早期预警分析/data/raw/chinacdc_monthly/t20260514_1835765_a2a208f2c273cd22.html
中国疾控中心全国法定传染病疫情情况,https://www.chinacdc.cn/jksj/jksj01/202605/t20260514_1835765.html,2026年4月全国传染病疫情概况,2026,4,全国,戊型肝炎,甲乙类合计,3194,0,,,2026-05-28 00:56:43,/Users/zhoujia/code/大数据期末实验/大模型助力大数据分析/呼吸道传染病监测与早期预警分析/data/raw/chinacdc_monthly/t20260514_1835765_a2a208f2c273cd22.html
中国疾控中心全国法定传染病疫情情况,https://www.chinacdc.cn/jksj/jksj01/202605/t20260514_1835765.html,2026年4月全国传染病疫情概况,2026,4,全国,未分型肝炎,甲乙类合计,571,0,,,2026-05-28 00:56:43,/Users/zhoujia/code/大数据期末实验/大模型助力大数据分析/呼吸道传染病监测与早期预警分析/data/raw/chinacdc_monthly/t20260514_1835765_a2a208f2c273cd22.html
中国疾控中心全国法定传染病疫情情况,https://www.chinacdc.cn/jksj/jksj01/202605/t20260514_1835765.html,2026年4月全国传染病疫情概况,2026,4,全国,脊髓灰质炎,甲乙类合计,0,0,,,2026-05-28 00:56:43,/Users/zhoujia/code/大数据期末实验/大模型助力大数据分析/呼吸道传染病监测与早期预警分析/data/raw/chinacdc_monthly/t20260514_1835765_a2a208f2c273cd22.html
中国疾控中心全国法定传染病疫情情况,https://www.chinacdc.cn/jksj/jksj01/202605/t20260514_1835765.html,2026年4月全国传染病疫情概况,2026,4,全国,人感染新亚型流感,甲乙类合计,3,0,,,2026-05-28 00:56:43,/Users/zhoujia/code/大数据期末实验/大模型助力大数据分析/呼吸道传染病监测与早期预警分析/data/raw/chinacdc_monthly/t20260514_1835765_a2a208f2c273cd22.html
中国疾控中心全国法定传染病疫情情况,https://www.chinacdc.cn/jksj/jksj01/202605/t20260514_1835765.html,2026年4月全国传染病疫情概况,2026,4,全国,麻疹,甲乙类合计,81,0,,,2026-05-28 00:56:43,/Users/zhoujia/code/大数据期末实验/大模型助力大数据分析/呼吸道传染病监测与早期预警分析/data/raw/chinacdc_monthly/t20260514_1835765_a2a208f2c273cd22.html
中国疾控中心全国法定传染病疫情情况,https://www.chinacdc.cn/jksj/jksj01/202605/t20260514_1835765.html,2026年4月全国传染病疫情概况,2026,4,全国,流行性出血热,甲乙类合计,219,0,,,2026-05-28 00:56:43,/Users/zhoujia/code/大数据期末实验/大模型助力大数据分析/呼吸道传染病监测与早期预警分析/data/raw/chinacdc_monthly/t20260514_1835765_a2a208f2c273cd22.html
中国疾控中心全国法定传染病疫情情况,https://www.chinacdc.cn/jksj/jksj01/202605/t20260514_1835765.html,2026年4月全国传染病疫情概况,2026,4,全国,狂犬病,甲乙类合计,17,14,,,2026-05-28 00:56:43,/Users/zhoujia/code/大数据期末实验/大模型助力大数据分析/呼吸道传染病监测与早期预警分析/data/raw/chinacdc_monthly/t20260514_1835765_a2a208f2c273cd22.html
中国疾控中心全国法定传染病疫情情况,https://www.chinacdc.cn/jksj/jksj01/202605/t20260514_1835765.html,2026年4月全国传染病疫情概况,2026,4,全国,流行性乙型脑炎,甲乙类合计,1,0,,,2026-05-28 00:56:43,/Users/zhoujia/code/大数据期末实验/大模型助力大数据分析/呼吸道传染病监测与早期预警分析/data/raw/chinacdc_monthly/t20260514_1835765_a2a208f2c273cd22.html
中国疾控中心全国法定传染病疫情情况,https://www.chinacdc.cn/jksj/jksj01/202605/t20260514_1835765.html,2026年4月全国传染病疫情概况,2026,4,全国,登革热,甲乙类合计,137,0,,,2026-05-28 00:56:43,/Users/zhoujia/code/大数据期末实验/大模型助力大数据分析/呼吸道传染病监测与早期预警分析/data/raw/chinacdc_monthly/t20260514_1835765_a2a208f2c273cd22.html
中国疾控中心全国法定传染病疫情情况,https://www.chinacdc.cn/jksj/jksj01/202605/t20260514_1835765.html,2026年4月全国传染病疫情概况,2026,4,全国,猴痘,甲乙类合计,32,0,,,2026-05-28 00:56:43,/Users/zhoujia/code/大数据期末实验/大模型助力大数据分析/呼吸道传染病监测与早期预警分析/data/raw/chinacdc_monthly/t20260514_1835765_a2a208f2c273cd22.html
中国疾控中心全国法定传染病疫情情况,https://www.chinacdc.cn/jksj/jksj01/202605/t20260514_1835765.html,2026年4月全国传染病疫情概况,2026,4,全国,基孔肯雅热,甲乙类合计,2,0,,,2026-05-28 00:56:43,/Users/zhoujia/code/大数据期末实验/大模型助力大数据分析/呼吸道传染病监测与早期预警分析/data/raw/chinacdc_monthly/t20260514_1835765_a2a208f2c273cd22.html
中国疾控中心全国法定传染病疫情情况,https://www.chinacdc.cn/jksj/jksj01/202605/t20260514_1835765.html,2026年4月全国传染病疫情概况,2026,4,全国,发热伴血小板减少综合征,甲乙类合计,572,21,,,2026-05-28 00:56:43,/Users/zhoujia/code/大数据期末实验/大模型助力大数据分析/呼吸道传染病监测与早期预警分析/data/raw/chinacdc_monthly/t20260514_1835765_a2a208f2c273cd22.html
中国疾控中心全国法定传染病疫情情况,https://www.chinacdc.cn/jksj/jksj01/202605/t20260514_1835765.html,2026年4月全国传染病疫情概况,2026,4,全国,炭疽,甲乙类合计,19,0,,,2026-05-28 00:56:43,/Users/zhoujia/code/大数据期末实验/大模型助力大数据分析/呼吸道传染病监测与早期预警分析/data/raw/chinacdc_monthly/t20260514_1835765_a2a208f2c273cd22.html
中国疾控中心全国法定传染病疫情情况,https://www.chinacdc.cn/jksj/jksj01/202605/t20260514_1835765.html,2026年4月全国传染病疫情概况,2026,4,全国,细菌性和阿米巴性痢疾,甲乙类合计,1889,0,,,2026-05-28 00:56:43,/Users/zhoujia/code/大数据期末实验/大模型助力大数据分析/呼吸道传染病监测与早期预警分析/data/raw/chinacdc_monthly/t20260514_1835765_a2a208f2c273cd22.html
中国疾控中心全国法定传染病疫情情况,https://www.chinacdc.cn/jksj/jksj01/202605/t20260514_1835765.html,2026年4月全国传染病疫情概况,2026,4,全国,肺结核,甲乙类合计,61668,188,,,2026-05-28 00:56:43,/Users/zhoujia/code/大数据期末实验/大模型助力大数据分析/呼吸道传染病监测与早期预警分析/data/raw/chinacdc_monthly/t20260514_1835765_a2a208f2c273cd22.html
中国疾控中心全国法定传染病疫情情况,https://www.chinacdc.cn/jksj/jksj01/202605/t20260514_1835765.html,2026年4月全国传染病疫情概况,2026,4,全国,伤寒和副伤寒,甲乙类合计,311,0,,,2026-05-28 00:56:43,/Users/zhoujia/code/大数据期末实验/大模型助力大数据分析/呼吸道传染病监测与早期预警分析/data/raw/chinacdc_monthly/t20260514_1835765_a2a208f2c273cd22.html
中国疾控中心全国法定传染病疫情情况,https://www.chinacdc.cn/jksj/jksj01/202605/t20260514_1835765.html,2026年4月全国传染病疫情概况,2026,4,全国,流行性脑脊髓膜炎,甲乙类合计,19,2,,,2026-05-28 00:56:43,/Users/zhoujia/code/大数据期末实验/大模型助力大数据分析/呼吸道传染病监测与早期预警分析/data/raw/chinacdc_monthly/t20260514_1835765_a2a208f2c273cd22.html
中国疾控中心全国法定传染病疫情情况,https://www.chinacdc.cn/jksj/jksj01/202605/t20260514_1835765.html,2026年4月全国传染病疫情概况,2026,4,全国,百日咳,甲乙类合计,760,0,,,2026-05-28 00:56:43,/Users/zhoujia/code/大数据期末实验/大模型助力大数据分析/呼吸道传染病监测与早期预警分析/data/raw/chinacdc_monthly/t20260514_1835765_a2a208f2c273cd22.html
中国疾控中心全国法定传染病疫情情况,https://www.chinacdc.cn/jksj/jksj01/202605/t20260514_1835765.html,2026年4月全国传染病疫情概况,2026,4,全国,白喉,甲乙类合计,0,0,,,2026-05-28 00:56:43,/Users/zhoujia/code/大数据期末实验/大模型助力大数据分析/呼吸道传染病监测与早期预警分析/data/raw/chinacdc_monthly/t20260514_1835765_a2a208f2c273cd22.html
中国疾控中心全国法定传染病疫情情况,https://www.chinacdc.cn/jksj/jksj01/202605/t20260514_1835765.html,2026年4月全国传染病疫情概况,2026,4,全国,新生儿破伤风,甲乙类合计,0,0,,,2026-05-28 00:56:43,/Users/zhoujia/code/大数据期末实验/大模型助力大数据分析/呼吸道传染病监测与早期预警分析/data/raw/chinacdc_monthly/t20260514_1835765_a2a208f2c273cd22.html
中国疾控中心全国法定传染病疫情情况,https://www.chinacdc.cn/jksj/jksj01/202605/t20260514_1835765.html,2026年4月全国传染病疫情概况,2026,4,全国,猩红热,甲乙类合计,1701,0,,,2026-05-28 00:56:43,/Users/zhoujia/code/大数据期末实验/大模型助力大数据分析/呼吸道传染病监测与早期预警分析/data/raw/chinacdc_monthly/t20260514_1835765_a2a208f2c273cd22.html
中国疾控中心全国法定传染病疫情情况,https://www.chinacdc.cn/jksj/jksj01/202605/t20260514_1835765.html,2026年4月全国传染病疫情概况,2026,4,全国,布鲁氏菌病,甲乙类合计,6402,0,,,2026-05-28 00:56:43,/Users/zhoujia/code/大数据期末实验/大模型助力大数据分析/呼吸道传染病监测与早期预警分析/data/raw/chinacdc_monthly/t20260514_1835765_a2a208f2c273cd22.html
中国疾控中心全国法定传染病疫情情况,https://www.chinacdc.cn/jksj/jksj01/202605/t20260514_1835765.html,2026年4月全国传染病疫情概况,2026,4,全国,淋病,甲乙类合计,10614,0,,,2026-05-28 00:56:43,/Users/zhoujia/code/大数据期末实验/大模型助力大数据分析/呼吸道传染病监测与早期预警分析/data/raw/chinacdc_monthly/t20260514_1835765_a2a208f2c273cd22.html
中国疾控中心全国法定传染病疫情情况,https://www.chinacdc.cn/jksj/jksj01/202605/t20260514_1835765.html,2026年4月全国传染病疫情概况,2026,4,全国,梅毒,甲乙类合计,60972,6,,,2026-05-28 00:56:43,/Users/zhoujia/code/大数据期末实验/大模型助力大数据分析/呼吸道传染病监测与早期预警分析/data/raw/chinacdc_monthly/t20260514_1835765_a2a208f2c273cd22.html
中国疾控中心全国法定传染病疫情情况,https://www.chinacdc.cn/jksj/jksj01/202605/t20260514_1835765.html,2026年4月全国传染病疫情概况,2026,4,全国,钩端螺旋体病,甲乙类合计,12,0,,,2026-05-28 00:56:43,/Users/zhoujia/code/大数据期末实验/大模型助力大数据分析/呼吸道传染病监测与早期预警分析/data/raw/chinacdc_monthly/t20260514_1835765_a2a208f2c273cd22.html
中国疾控中心全国法定传染病疫情情况,https://www.chinacdc.cn/jksj/jksj01/202605/t20260514_1835765.html,2026年4月全国传染病疫情概况,2026,4,全国,血吸虫病,甲乙类合计,0,0,,,2026-05-28 00:56:43,/Users/zhoujia/code/大数据期末实验/大模型助力大数据分析/呼吸道传染病监测与早期预警分析/data/raw/chinacdc_monthly/t20260514_1835765_a2a208f2c273cd22.html
中国疾控中心全国法定传染病疫情情况,https://www.chinacdc.cn/jksj/jksj01/202605/t20260514_1835765.html,2026年4月全国传染病疫情概况,2026,4,全国,疟疾,甲乙类合计,267,1,,,2026-05-28 00:56:43,/Users/zhoujia/code/大数据期末实验/大模型助力大数据分析/呼吸道传染病监测与早期预警分析/data/raw/chinacdc_monthly/t20260514_1835765_a2a208f2c273cd22.html
中国疾控中心全国法定传染病疫情情况,https://www.chinacdc.cn/jksj/jksj01/202605/t20260514_1835765.html,2026年4月全国传染病疫情概况,2026,4,全国,丙类传染病合计,丙类合计,830142,2,,,2026-05-28 00:56:43,/Users/zhoujia/code/大数据期末实验/大模型助力大数据分析/呼吸道传染病监测与早期预警分析/data/raw/chinacdc_monthly/t20260514_1835765_a2a208f2c273cd22.html
中国疾控中心全国法定传染病疫情情况,https://www.chinacdc.cn/jksj/jksj01/202605/t20260514_1835765.html,2026年4月全国传染病疫情概况,2026,4,全国,流行性感冒,丙类合计,596122,1,,,2026-05-28 00:56:43,/Users/zhoujia/code/大数据期末实验/大模型助力大数据分析/呼吸道传染病监测与早期预警分析/data/raw/chinacdc_monthly/t20260514_1835765_a2a208f2c273cd22.html
中国疾控中心全国法定传染病疫情情况,https://www.chinacdc.cn/jksj/jksj01/202605/t20260514_1835765.html,2026年4月全国传染病疫情概况,2026,4,全国,流行性腮腺炎,丙类合计,7534,0,,,2026-05-28 00:56:43,/Users/zhoujia/code/大数据期末实验/大模型助力大数据分析/呼吸道传染病监测与早期预警分析/data/raw/chinacdc_monthly/t20260514_1835765_a2a208f2c273cd22.html
中国疾控中心全国法定传染病疫情情况,https://www.chinacdc.cn/jksj/jksj01/202605/t20260514_1835765.html,2026年4月全国传染病疫情概况,2026,4,全国,风疹,丙类合计,54,0,,,2026-05-28 00:56:43,/Users/zhoujia/code/大数据期末实验/大模型助力大数据分析/呼吸道传染病监测与早期预警分析/data/raw/chinacdc_monthly/t20260514_1835765_a2a208f2c273cd22.html
中国疾控中心全国法定传染病疫情情况,https://www.chinacdc.cn/jksj/jksj01/202605/t20260514_1835765.html,2026年4月全国传染病疫情概况,2026,4,全国,急性出血性结膜炎,丙类合计,2007,0,,,2026-05-28 00:56:43,/Users/zhoujia/code/大数据期末实验/大模型助力大数据分析/呼吸道传染病监测与早期预警分析/data/raw/chinacdc_monthly/t20260514_1835765_a2a208f2c273cd22.html
中国疾控中心全国法定传染病疫情情况,https://www.chinacdc.cn/jksj/jksj01/202605/t20260514_1835765.html,2026年4月全国传染病疫情概况,2026,4,全国,麻风病,丙类合计,30,0,,,2026-05-28 00:56:43,/Users/zhoujia/code/大数据期末实验/大模型助力大数据分析/呼吸道传染病监测与早期预警分析/data/raw/chinacdc_monthly/t20260514_1835765_a2a208f2c273cd22.html
中国疾控中心全国法定传染病疫情情况,https://www.chinacdc.cn/jksj/jksj01/202605/t20260514_1835765.html,2026年4月全国传染病疫情概况,2026,4,全国,流行性和地方性斑疹伤寒,丙类合计,106,0,,,2026-05-28 00:56:43,/Users/zhoujia/code/大数据期末实验/大模型助力大数据分析/呼吸道传染病监测与早期预警分析/data/raw/chinacdc_monthly/t20260514_1835765_a2a208f2c273cd22.html
中国疾控中心全国法定传染病疫情情况,https://www.chinacdc.cn/jksj/jksj01/202605/t20260514_1835765.html,2026年4月全国传染病疫情概况,2026,4,全国,黑热病,丙类合计,35,0,,,2026-05-28 00:56:43,/Users/zhoujia/code/大数据期末实验/大模型助力大数据分析/呼吸道传染病监测与早期预警分析/data/raw/chinacdc_monthly/t20260514_1835765_a2a208f2c273cd22.html
中国疾控中心全国法定传染病疫情情况,https://www.chinacdc.cn/jksj/jksj01/202605/t20260514_1835765.html,2026年4月全国传染病疫情概况,2026,4,全国,包虫病,丙类合计,382,1,,,2026-05-28 00:56:43,/Users/zhoujia/code/大数据期末实验/大模型助力大数据分析/呼吸道传染病监测与早期预警分析/data/raw/chinacdc_monthly/t20260514_1835765_a2a208f2c273cd22.html
中国疾控中心全国法定传染病疫情情况,https://www.chinacdc.cn/jksj/jksj01/202605/t20260514_1835765.html,2026年4月全国传染病疫情概况,2026,4,全国,丝虫病,丙类合计,0,0,,,2026-05-28 00:56:43,/Users/zhoujia/code/大数据期末实验/大模型助力大数据分析/呼吸道传染病监测与早期预警分析/data/raw/chinacdc_monthly/t20260514_1835765_a2a208f2c273cd22.html
中国疾控中心全国法定传染病疫情情况,https://www.chinacdc.cn/jksj/jksj01/202605/t20260514_1835765.html,2026年4月全国传染病疫情概况,2026,4,全国,手足口病,丙类合计,54850,0,,,2026-05-28 00:56:43,/Users/zhoujia/code/大数据期末实验/大模型助力大数据分析/呼吸道传染病监测与早期预警分析/data/raw/chinacdc_monthly/t20260514_1835765_a2a208f2c273cd22.html
中国疾控中心全国法定传染病疫情情况,https://www.chinacdc.cn/jksj/jksj01/202605/t20260514_1835765.html,2026年4月全国传染病疫情概况,2026,4,全国,其他感染性腹泻病,丙类合计,169022,0,,,2026-05-28 00:56:43,/Users/zhoujia/code/大数据期末实验/大模型助力大数据分析/呼吸道传染病监测与早期预警分析/data/raw/chinacdc_monthly/t20260514_1835765_a2a208f2c273cd22.html
中国疾控中心全国法定传染病疫情情况,https://www.chinacdc.cn/jksj/jksj01/202605/t20260514_1835765.html,2026年4月全国传染病疫情概况,2026,4,全国,重点监测 的 其他传染病合计 1,重点监测其他传染病合计,49811,0,,,2026-05-28 00:56:43,/Users/zhoujia/code/大数据期末实验/大模型助力大数据分析/呼吸道传染病监测与早期预警分析/data/raw/chinacdc_monthly/t20260514_1835765_a2a208f2c273cd22.html
中国疾控中心全国法定传染病疫情情况,https://www.chinacdc.cn/jksj/jksj01/202605/t20260514_1835765.html,2026年4月全国传染病疫情概况,2026,4,全国,中东呼吸综合征（MERS）,重点监测其他传染病合计,0,0,,,2026-05-28 00:56:43,/Users/zhoujia/code/大数据期末实验/大模型助力大数据分析/呼吸道传染病监测与早期预警分析/data/raw/chinacdc_monthly/t20260514_1835765_a2a208f2c273cd22.html
中国疾控中心全国法定传染病疫情情况,https://www.chinacdc.cn/jksj/jksj01/202605/t20260514_1835765.html,2026年4月全国传染病疫情概况,2026,4,全国,埃博拉出血热,重点监测其他传染病合计,0,0,,,2026-05-28 00:56:43,/Users/zhoujia/code/大数据期末实验/大模型助力大数据分析/呼吸道传染病监测与早期预警分析/data/raw/chinacdc_monthly/t20260514_1835765_a2a208f2c273cd22.html
中国疾控中心全国法定传染病疫情情况,https://www.chinacdc.cn/jksj/jksj01/202605/t20260514_1835765.html,2026年4月全国传染病疫情概况,2026,4,全国,寨卡病毒病,重点监测其他传染病合计,1,0,,,2026-05-28 00:56:43,/Users/zhoujia/code/大数据期末实验/大模型助力大数据分析/呼吸道传染病监测与早期预警分析/data/raw/chinacdc_monthly/t20260514_1835765_a2a208f2c273cd22.html
中国疾控中心全国法定传染病疫情情况,https://www.chinacdc.cn/jksj/jksj01/202605/t20260514_1835765.html,2026年4月全国传染病疫情概况,2026,4,全国,拉沙热,重点监测其他传染病合计,0,0,,,2026-05-28 00:56:43,/Users/zhoujia/code/大数据期末实验/大模型助力大数据分析/呼吸道传染病监测与早期预警分析/data/raw/chinacdc_monthly/t20260514_1835765_a2a208f2c273cd22.html
中国疾控中心全国法定传染病疫情情况,https://www.chinacdc.cn/jksj/jksj01/202605/t20260514_1835765.html,2026年4月全国传染病疫情概况,2026,4,全国,水痘,重点监测其他传染病合计,39026,0,,,2026-05-28 00:56:43,/Users/zhoujia/code/大数据期末实验/大模型助力大数据分析/呼吸道传染病监测与早期预警分析/data/raw/chinacdc_monthly/t20260514_1835765_a2a208f2c273cd22.html
中国疾控中心全国法定传染病疫情情况,https://www.chinacdc.cn/jksj/jksj01/202605/t20260514_1835765.html,2026年4月全国传染病疫情概况,2026,4,全国,肝吸虫病,重点监测其他传染病合计,10761,0,,,2026-05-28 00:56:43,/Users/zhoujia/code/大数据期末实验/大模型助力大数据分析/呼吸道传染病监测与早期预警分析/data/raw/chinacdc_monthly/t20260514_1835765_a2a208f2c273cd22.html
中国疾控中心全国法定传染病疫情情况,https://www.chinacdc.cn/jksj/jksj01/202605/t20260514_1835765.html,2026年4月全国传染病疫情概况,2026,4,全国,人感染猪链球菌病,重点监测其他传染病合计,23,0,,,2026-05-28 00:56:43,/Users/zhoujia/code/大数据期末实验/大模型助力大数据分析/呼吸道传染病监测与早期预警分析/data/raw/chinacdc_monthly/t20260514_1835765_a2a208f2c273cd22.html
中国疾控中心全国法定传染病疫情情况,https://www.chinacdc.cn/jksj/jksj01/202603/t20260312_315435.html,2026年2月全国传染病疫情概况,2026,2,全国,甲乙丙类传染病总计,甲乙丙类总计,852909,1384,,,2026-05-28 00:56:43,/Users/zhoujia/code/大数据期末实验/大模型助力大数据分析/呼吸道传染病监测与早期预警分析/data/raw/chinacdc_monthly/t20260312_315435_1d79f8918b496e7a.html
中国疾控中心全国法定传染病疫情情况,https://www.chinacdc.cn/jksj/jksj01/202603/t20260312_315435.html,2026年2月全国传染病疫情概况,2026,2,全国,甲乙类传染病合计,甲乙类合计,236525,1382,,,2026-05-28 00:56:43,/Users/zhoujia/code/大数据期末实验/大模型助力大数据分析/呼吸道传染病监测与早期预警分析/data/raw/chinacdc_monthly/t20260312_315435_1d79f8918b496e7a.html
中国疾控中心全国法定传染病疫情情况,https://www.chinacdc.cn/jksj/jksj01/202603/t20260312_315435.html,2026年2月全国传染病疫情概况,2026,2,全国,鼠疫,甲乙类合计,0,0,,,2026-05-28 00:56:43,/Users/zhoujia/code/大数据期末实验/大模型助力大数据分析/呼吸道传染病监测与早期预警分析/data/raw/chinacdc_monthly/t20260312_315435_1d79f8918b496e7a.html
中国疾控中心全国法定传染病疫情情况,https://www.chinacdc.cn/jksj/jksj01/202603/t20260312_315435.html,2026年2月全国传染病疫情概况,2026,2,全国,霍乱,甲乙类合计,0,0,,,2026-05-28 00:56:43,/Users/zhoujia/code/大数据期末实验/大模型助力大数据分析/呼吸道传染病监测与早期预警分析/data/raw/chinacdc_monthly/t20260312_315435_1d79f8918b496e7a.html
中国疾控中心全国法定传染病疫情情况,https://www.chinacdc.cn/jksj/jksj01/202603/t20260312_315435.html,2026年2月全国传染病疫情概况,2026,2,全国,新型冠状病毒感染,甲乙类合计,19453,1,,,2026-05-28 00:56:43,/Users/zhoujia/code/大数据期末实验/大模型助力大数据分析/呼吸道传染病监测与早期预警分析/data/raw/chinacdc_monthly/t20260312_315435_1d79f8918b496e7a.html
中国疾控中心全国法定传染病疫情情况,https://www.chinacdc.cn/jksj/jksj01/202603/t20260312_315435.html,2026年2月全国传染病疫情概况,2026,2,全国,传染性非典型肺炎,甲乙类合计,0,0,,,2026-05-28 00:56:43,/Users/zhoujia/code/大数据期末实验/大模型助力大数据分析/呼吸道传染病监测与早期预警分析/data/raw/chinacdc_monthly/t20260312_315435_1d79f8918b496e7a.html
中国疾控中心全国法定传染病疫情情况,https://www.chinacdc.cn/jksj/jksj01/202603/t20260312_315435.html,2026年2月全国传染病疫情概况,2026,2,全国,艾滋病,甲乙类合计,2668,1165,,,2026-05-28 00:56:43,/Users/zhoujia/code/大数据期末实验/大模型助力大数据分析/呼吸道传染病监测与早期预警分析/data/raw/chinacdc_monthly/t20260312_315435_1d79f8918b496e7a.html
中国疾控中心全国法定传染病疫情情况,https://www.chinacdc.cn/jksj/jksj01/202603/t20260312_315435.html,2026年2月全国传染病疫情概况,2026,2,全国,病毒性肝炎,甲乙类合计,111021,88,,,2026-05-28 00:56:43,/Users/zhoujia/code/大数据期末实验/大模型助力大数据分析/呼吸道传染病监测与早期预警分析/data/raw/chinacdc_monthly/t20260312_315435_1d79f8918b496e7a.html
中国疾控中心全国法定传染病疫情情况,https://www.chinacdc.cn/jksj/jksj01/202603/t20260312_315435.html,2026年2月全国传染病疫情概况,2026,2,全国,甲型肝炎,甲乙类合计,939,0,,,2026-05-28 00:56:43,/Users/zhoujia/code/大数据期末实验/大模型助力大数据分析/呼吸道传染病监测与早期预警分析/data/raw/chinacdc_monthly/t20260312_315435_1d79f8918b496e7a.html
中国疾控中心全国法定传染病疫情情况,https://www.chinacdc.cn/jksj/jksj01/202603/t20260312_315435.html,2026年2月全国传染病疫情概况,2026,2,全国,乙型肝炎,甲乙类合计,96310,39,,,2026-05-28 00:56:43,/Users/zhoujia/code/大数据期末实验/大模型助力大数据分析/呼吸道传染病监测与早期预警分析/data/raw/chinacdc_monthly/t20260312_315435_1d79f8918b496e7a.html
中国疾控中心全国法定传染病疫情情况,https://www.chinacdc.cn/jksj/jksj01/202603/t20260312_315435.html,2026年2月全国传染病疫情概况,2026,2,全国,丙型肝炎,甲乙类合计,10900,49,,,2026-05-28 00:56:43,/Users/zhoujia/code/大数据期末实验/大模型助力大数据分析/呼吸道传染病监测与早期预警分析/data/raw/chinacdc_monthly/t20260312_315435_1d79f8918b496e7a.html
中国疾控中心全国法定传染病疫情情况,https://www.chinacdc.cn/jksj/jksj01/202603/t20260312_315435.html,2026年2月全国传染病疫情概况,2026,2,全国,丁型肝炎,甲乙类合计,24,0,,,2026-05-28 00:56:43,/Users/zhoujia/code/大数据期末实验/大模型助力大数据分析/呼吸道传染病监测与早期预警分析/data/raw/chinacdc_monthly/t20260312_315435_1d79f8918b496e7a.html
中国疾控中心全国法定传染病疫情情况,https://www.chinacdc.cn/jksj/jksj01/202603/t20260312_315435.html,2026年2月全国传染病疫情概况,2026,2,全国,戊型肝炎,甲乙类合计,2392,0,,,2026-05-28 00:56:43,/Users/zhoujia/code/大数据期末实验/大模型助力大数据分析/呼吸道传染病监测与早期预警分析/data/raw/chinacdc_monthly/t20260312_315435_1d79f8918b496e7a.html
中国疾控中心全国法定传染病疫情情况,https://www.chinacdc.cn/jksj/jksj01/202603/t20260312_315435.html,2026年2月全国传染病疫情概况,2026,2,全国,未分型肝炎,甲乙类合计,456,0,,,2026-05-28 00:56:43,/Users/zhoujia/code/大数据期末实验/大模型助力大数据分析/呼吸道传染病监测与早期预警分析/data/raw/chinacdc_monthly/t20260312_315435_1d79f8918b496e7a.html
中国疾控中心全国法定传染病疫情情况,https://www.chinacdc.cn/jksj/jksj01/202603/t20260312_315435.html,2026年2月全国传染病疫情概况,2026,2,全国,脊髓灰质炎,甲乙类合计,0,0,,,2026-05-28 00:56:43,/Users/zhoujia/code/大数据期末实验/大模型助力大数据分析/呼吸道传染病监测与早期预警分析/data/raw/chinacdc_monthly/t20260312_315435_1d79f8918b496e7a.html
中国疾控中心全国法定传染病疫情情况,https://www.chinacdc.cn/jksj/jksj01/202603/t20260312_315435.html,2026年2月全国传染病疫情概况,2026,2,全国,人感染新亚型流感,甲乙类合计,4,0,,,2026-05-28 00:56:43,/Users/zhoujia/code/大数据期末实验/大模型助力大数据分析/呼吸道传染病监测与早期预警分析/data/raw/chinacdc_monthly/t20260312_315435_1d79f8918b496e7a.html
中国疾控中心全国法定传染病疫情情况,https://www.chinacdc.cn/jksj/jksj01/202603/t20260312_315435.html,2026年2月全国传染病疫情概况,2026,2,全国,麻疹,甲乙类合计,131,0,,,2026-05-28 00:56:43,/Users/zhoujia/code/大数据期末实验/大模型助力大数据分析/呼吸道传染病监测与早期预警分析/data/raw/chinacdc_monthly/t20260312_315435_1d79f8918b496e7a.html
中国疾控中心全国法定传染病疫情情况,https://www.chinacdc.cn/jksj/jksj01/202603/t20260312_315435.html,2026年2月全国传染病疫情概况,2026,2,全国,流行性出血热,甲乙类合计,180,0,,,2026-05-28 00:56:43,/Users/zhoujia/code/大数据期末实验/大模型助力大数据分析/呼吸道传染病监测与早期预警分析/data/raw/chinacdc_monthly/t20260312_315435_1d79f8918b496e7a.html
中国疾控中心全国法定传染病疫情情况,https://www.chinacdc.cn/jksj/jksj01/202603/t20260312_315435.html,2026年2月全国传染病疫情概况,2026,2,全国,狂犬病,甲乙类合计,10,15,,,2026-05-28 00:56:43,/Users/zhoujia/code/大数据期末实验/大模型助力大数据分析/呼吸道传染病监测与早期预警分析/data/raw/chinacdc_monthly/t20260312_315435_1d79f8918b496e7a.html
中国疾控中心全国法定传染病疫情情况,https://www.chinacdc.cn/jksj/jksj01/202603/t20260312_315435.html,2026年2月全国传染病疫情概况,2026,2,全国,流行性乙型脑炎,甲乙类合计,0,0,,,2026-05-28 00:56:43,/Users/zhoujia/code/大数据期末实验/大模型助力大数据分析/呼吸道传染病监测与早期预警分析/data/raw/chinacdc_monthly/t20260312_315435_1d79f8918b496e7a.html
中国疾控中心全国法定传染病疫情情况,https://www.chinacdc.cn/jksj/jksj01/202603/t20260312_315435.html,2026年2月全国传染病疫情概况,2026,2,全国,登革热,甲乙类合计,94,0,,,2026-05-28 00:56:43,/Users/zhoujia/code/大数据期末实验/大模型助力大数据分析/呼吸道传染病监测与早期预警分析/data/raw/chinacdc_monthly/t20260312_315435_1d79f8918b496e7a.html
中国疾控中心全国法定传染病疫情情况,https://www.chinacdc.cn/jksj/jksj01/202603/t20260312_315435.html,2026年2月全国传染病疫情概况,2026,2,全国,猴痘,甲乙类合计,27,0,,,2026-05-28 00:56:43,/Users/zhoujia/code/大数据期末实验/大模型助力大数据分析/呼吸道传染病监测与早期预警分析/data/raw/chinacdc_monthly/t20260312_315435_1d79f8918b496e7a.html
中国疾控中心全国法定传染病疫情情况,https://www.chinacdc.cn/jksj/jksj01/202603/t20260312_315435.html,2026年2月全国传染病疫情概况,2026,2,全国,炭疽,甲乙类合计,14,0,,,2026-05-28 00:56:43,/Users/zhoujia/code/大数据期末实验/大模型助力大数据分析/呼吸道传染病监测与早期预警分析/data/raw/chinacdc_monthly/t20260312_315435_1d79f8918b496e7a.html
中国疾控中心全国法定传染病疫情情况,https://www.chinacdc.cn/jksj/jksj01/202603/t20260312_315435.html,2026年2月全国传染病疫情概况,2026,2,全国,细菌性和阿米巴性痢疾,甲乙类合计,1503,0,,,2026-05-28 00:56:43,/Users/zhoujia/code/大数据期末实验/大模型助力大数据分析/呼吸道传染病监测与早期预警分析/data/raw/chinacdc_monthly/t20260312_315435_1d79f8918b496e7a.html
中国疾控中心全国法定传染病疫情情况,https://www.chinacdc.cn/jksj/jksj01/202603/t20260312_315435.html,2026年2月全国传染病疫情概况,2026,2,全国,肺结核,甲乙类合计,44105,111,,,2026-05-28 00:56:43,/Users/zhoujia/code/大数据期末实验/大模型助力大数据分析/呼吸道传染病监测与早期预警分析/data/raw/chinacdc_monthly/t20260312_315435_1d79f8918b496e7a.html
中国疾控中心全国法定传染病疫情情况,https://www.chinacdc.cn/jksj/jksj01/202603/t20260312_315435.html,2026年2月全国传染病疫情概况,2026,2,全国,伤寒和副伤寒,甲乙类合计,183,0,,,2026-05-28 00:56:43,/Users/zhoujia/code/大数据期末实验/大模型助力大数据分析/呼吸道传染病监测与早期预警分析/data/raw/chinacdc_monthly/t20260312_315435_1d79f8918b496e7a.html
中国疾控中心全国法定传染病疫情情况,https://www.chinacdc.cn/jksj/jksj01/202603/t20260312_315435.html,2026年2月全国传染病疫情概况,2026,2,全国,流行性脑脊髓膜炎,甲乙类合计,13,0,,,2026-05-28 00:56:43,/Users/zhoujia/code/大数据期末实验/大模型助力大数据分析/呼吸道传染病监测与早期预警分析/data/raw/chinacdc_monthly/t20260312_315435_1d79f8918b496e7a.html
中国疾控中心全国法定传染病疫情情况,https://www.chinacdc.cn/jksj/jksj01/202603/t20260312_315435.html,2026年2月全国传染病疫情概况,2026,2,全国,百日咳,甲乙类合计,666,0,,,2026-05-28 00:56:43,/Users/zhoujia/code/大数据期末实验/大模型助力大数据分析/呼吸道传染病监测与早期预警分析/data/raw/chinacdc_monthly/t20260312_315435_1d79f8918b496e7a.html
中国疾控中心全国法定传染病疫情情况,https://www.chinacdc.cn/jksj/jksj01/202603/t20260312_315435.html,2026年2月全国传染病疫情概况,2026,2,全国,白喉,甲乙类合计,0,0,,,2026-05-28 00:56:43,/Users/zhoujia/code/大数据期末实验/大模型助力大数据分析/呼吸道传染病监测与早期预警分析/data/raw/chinacdc_monthly/t20260312_315435_1d79f8918b496e7a.html
中国疾控中心全国法定传染病疫情情况,https://www.chinacdc.cn/jksj/jksj01/202603/t20260312_315435.html,2026年2月全国传染病疫情概况,2026,2,全国,新生儿破伤风,甲乙类合计,0,0,,,2026-05-28 00:56:43,/Users/zhoujia/code/大数据期末实验/大模型助力大数据分析/呼吸道传染病监测与早期预警分析/data/raw/chinacdc_monthly/t20260312_315435_1d79f8918b496e7a.html
中国疾控中心全国法定传染病疫情情况,https://www.chinacdc.cn/jksj/jksj01/202603/t20260312_315435.html,2026年2月全国传染病疫情概况,2026,2,全国,猩红热,甲乙类合计,1197,0,,,2026-05-28 00:56:43,/Users/zhoujia/code/大数据期末实验/大模型助力大数据分析/呼吸道传染病监测与早期预警分析/data/raw/chinacdc_monthly/t20260312_315435_1d79f8918b496e7a.html
中国疾控中心全国法定传染病疫情情况,https://www.chinacdc.cn/jksj/jksj01/202603/t20260312_315435.html,2026年2月全国传染病疫情概况,2026,2,全国,布鲁氏菌病,甲乙类合计,3447,0,,,2026-05-28 00:56:43,/Users/zhoujia/code/大数据期末实验/大模型助力大数据分析/呼吸道传染病监测与早期预警分析/data/raw/chinacdc_monthly/t20260312_315435_1d79f8918b496e7a.html
中国疾控中心全国法定传染病疫情情况,https://www.chinacdc.cn/jksj/jksj01/202603/t20260312_315435.html,2026年2月全国传染病疫情概况,2026,2,全国,淋病,甲乙类合计,7640,0,,,2026-05-28 00:56:43,/Users/zhoujia/code/大数据期末实验/大模型助力大数据分析/呼吸道传染病监测与早期预警分析/data/raw/chinacdc_monthly/t20260312_315435_1d79f8918b496e7a.html
中国疾控中心全国法定传染病疫情情况,https://www.chinacdc.cn/jksj/jksj01/202603/t20260312_315435.html,2026年2月全国传染病疫情概况,2026,2,全国,梅毒,甲乙类合计,43817,2,,,2026-05-28 00:56:43,/Users/zhoujia/code/大数据期末实验/大模型助力大数据分析/呼吸道传染病监测与早期预警分析/data/raw/chinacdc_monthly/t20260312_315435_1d79f8918b496e7a.html
中国疾控中心全国法定传染病疫情情况,https://www.chinacdc.cn/jksj/jksj01/202603/t20260312_315435.html,2026年2月全国传染病疫情概况,2026,2,全国,钩端螺旋体病,甲乙类合计,2,0,,,2026-05-28 00:56:43,/Users/zhoujia/code/大数据期末实验/大模型助力大数据分析/呼吸道传染病监测与早期预警分析/data/raw/chinacdc_monthly/t20260312_315435_1d79f8918b496e7a.html
中国疾控中心全国法定传染病疫情情况,https://www.chinacdc.cn/jksj/jksj01/202603/t20260312_315435.html,2026年2月全国传染病疫情概况,2026,2,全国,血吸虫病,甲乙类合计,2,0,,,2026-05-28 00:56:43,/Users/zhoujia/code/大数据期末实验/大模型助力大数据分析/呼吸道传染病监测与早期预警分析/data/raw/chinacdc_monthly/t20260312_315435_1d79f8918b496e7a.html
中国疾控中心全国法定传染病疫情情况,https://www.chinacdc.cn/jksj/jksj01/202603/t20260312_315435.html,2026年2月全国传染病疫情概况,2026,2,全国,疟疾,甲乙类合计,348,0,,,2026-05-28 00:56:43,/Users/zhoujia/code/大数据期末实验/大模型助力大数据分析/呼吸道传染病监测与早期预警分析/data/raw/chinacdc_monthly/t20260312_315435_1d79f8918b496e7a.html
中国疾控中心全国法定传染病疫情情况,https://www.chinacdc.cn/jksj/jksj01/202603/t20260312_315435.html,2026年2月全国传染病疫情概况,2026,2,全国,丙类传染病合计,丙类合计,616384,2,,,2026-05-28 00:56:43,/Users/zhoujia/code/大数据期末实验/大模型助力大数据分析/呼吸道传染病监测与早期预警分析/data/raw/chinacdc_monthly/t20260312_315435_1d79f8918b496e7a.html
中国疾控中心全国法定传染病疫情情况,https://www.chinacdc.cn/jksj/jksj01/202603/t20260312_315435.html,2026年2月全国传染病疫情概况,2026,2,全国,流行性感冒,丙类合计,394141,1,,,2026-05-28 00:56:43,/Users/zhoujia/code/大数据期末实验/大模型助力大数据分析/呼吸道传染病监测与早期预警分析/data/raw/chinacdc_monthly/t20260312_315435_1d79f8918b496e7a.html
中国疾控中心全国法定传染病疫情情况,https://www.chinacdc.cn/jksj/jksj01/202603/t20260312_315435.html,2026年2月全国传染病疫情概况,2026,2,全国,流行性腮腺炎,丙类合计,3142,0,,,2026-05-28 00:56:43,/Users/zhoujia/code/大数据期末实验/大模型助力大数据分析/呼吸道传染病监测与早期预警分析/data/raw/chinacdc_monthly/t20260312_315435_1d79f8918b496e7a.html
中国疾控中心全国法定传染病疫情情况,https://www.chinacdc.cn/jksj/jksj01/202603/t20260312_315435.html,2026年2月全国传染病疫情概况,2026,2,全国,风疹,丙类合计,32,0,,,2026-05-28 00:56:43,/Users/zhoujia/code/大数据期末实验/大模型助力大数据分析/呼吸道传染病监测与早期预警分析/data/raw/chinacdc_monthly/t20260312_315435_1d79f8918b496e7a.html
中国疾控中心全国法定传染病疫情情况,https://www.chinacdc.cn/jksj/jksj01/202603/t20260312_315435.html,2026年2月全国传染病疫情概况,2026,2,全国,急性出血性结膜炎,丙类合计,1297,0,,,2026-05-28 00:56:43,/Users/zhoujia/code/大数据期末实验/大模型助力大数据分析/呼吸道传染病监测与早期预警分析/data/raw/chinacdc_monthly/t20260312_315435_1d79f8918b496e7a.html
中国疾控中心全国法定传染病疫情情况,https://www.chinacdc.cn/jksj/jksj01/202603/t20260312_315435.html,2026年2月全国传染病疫情概况,2026,2,全国,麻风病,丙类合计,22,0,,,2026-05-28 00:56:43,/Users/zhoujia/code/大数据期末实验/大模型助力大数据分析/呼吸道传染病监测与早期预警分析/data/raw/chinacdc_monthly/t20260312_315435_1d79f8918b496e7a.html
中国疾控中心全国法定传染病疫情情况,https://www.chinacdc.cn/jksj/jksj01/202603/t20260312_315435.html,2026年2月全国传染病疫情概况,2026,2,全国,流行性和地方性斑疹伤寒,丙类合计,40,0,,,2026-05-28 00:56:43,/Users/zhoujia/code/大数据期末实验/大模型助力大数据分析/呼吸道传染病监测与早期预警分析/data/raw/chinacdc_monthly/t20260312_315435_1d79f8918b496e7a.html
中国疾控中心全国法定传染病疫情情况,https://www.chinacdc.cn/jksj/jksj01/202603/t20260312_315435.html,2026年2月全国传染病疫情概况,2026,2,全国,黑热病,丙类合计,28,0,,,2026-05-28 00:56:43,/Users/zhoujia/code/大数据期末实验/大模型助力大数据分析/呼吸道传染病监测与早期预警分析/data/raw/chinacdc_monthly/t20260312_315435_1d79f8918b496e7a.html
中国疾控中心全国法定传染病疫情情况,https://www.chinacdc.cn/jksj/jksj01/202603/t20260312_315435.html,2026年2月全国传染病疫情概况,2026,2,全国,包虫病,丙类合计,264,0,,,2026-05-28 00:56:43,/Users/zhoujia/code/大数据期末实验/大模型助力大数据分析/呼吸道传染病监测与早期预警分析/data/raw/chinacdc_monthly/t20260312_315435_1d79f8918b496e7a.html
中国疾控中心全国法定传染病疫情情况,https://www.chinacdc.cn/jksj/jksj01/202603/t20260312_315435.html,2026年2月全国传染病疫情概况,2026,2,全国,丝虫病,丙类合计,0,0,,,2026-05-28 00:56:43,/Users/zhoujia/code/大数据期末实验/大模型助力大数据分析/呼吸道传染病监测与早期预警分析/data/raw/chinacdc_monthly/t20260312_315435_1d79f8918b496e7a.html
中国疾控中心全国法定传染病疫情情况,https://www.chinacdc.cn/jksj/jksj01/202603/t20260312_315435.html,2026年2月全国传染病疫情概况,2026,2,全国,手足口病,丙类合计,22708,1,,,2026-05-28 00:56:43,/Users/zhoujia/code/大数据期末实验/大模型助力大数据分析/呼吸道传染病监测与早期预警分析/data/raw/chinacdc_monthly/t20260312_315435_1d79f8918b496e7a.html
中国疾控中心全国法定传染病疫情情况,https://www.chinacdc.cn/jksj/jksj01/202603/t20260312_315435.html,2026年2月全国传染病疫情概况,2026,2,全国,其他感染性腹泻病,丙类合计,194710,0,,,2026-05-28 00:56:43,/Users/zhoujia/code/大数据期末实验/大模型助力大数据分析/呼吸道传染病监测与早期预警分析/data/raw/chinacdc_monthly/t20260312_315435_1d79f8918b496e7a.html
中国疾控中心全国法定传染病疫情情况,https://www.chinacdc.cn/jksj/jksj01/202603/t20260312_315435.html,2026年2月全国传染病疫情概况,2026,2,全国,重点监测其他传染病合计,重点监测其他传染病合计,39559,1,,,2026-05-28 00:56:43,/Users/zhoujia/code/大数据期末实验/大模型助力大数据分析/呼吸道传染病监测与早期预警分析/data/raw/chinacdc_monthly/t20260312_315435_1d79f8918b496e7a.html
中国疾控中心全国法定传染病疫情情况,https://www.chinacdc.cn/jksj/jksj01/202603/t20260312_315435.html,2026年2月全国传染病疫情概况,2026,2,全国,中东呼吸综合征（MERS）,重点监测其他传染病合计,0,0,,,2026-05-28 00:56:43,/Users/zhoujia/code/大数据期末实验/大模型助力大数据分析/呼吸道传染病监测与早期预警分析/data/raw/chinacdc_monthly/t20260312_315435_1d79f8918b496e7a.html
中国疾控中心全国法定传染病疫情情况,https://www.chinacdc.cn/jksj/jksj01/202603/t20260312_315435.html,2026年2月全国传染病疫情概况,2026,2,全国,埃博拉出血热,重点监测其他传染病合计,0,0,,,2026-05-28 00:56:43,/Users/zhoujia/code/大数据期末实验/大模型助力大数据分析/呼吸道传染病监测与早期预警分析/data/raw/chinacdc_monthly/t20260312_315435_1d79f8918b496e7a.html
中国疾控中心全国法定传染病疫情情况,https://www.chinacdc.cn/jksj/jksj01/202603/t20260312_315435.html,2026年2月全国传染病疫情概况,2026,2,全国,寨卡病毒病,重点监测其他传染病合计,2,0,,,2026-05-28 00:56:43,/Users/zhoujia/code/大数据期末实验/大模型助力大数据分析/呼吸道传染病监测与早期预警分析/data/raw/chinacdc_monthly/t20260312_315435_1d79f8918b496e7a.html
中国疾控中心全国法定传染病疫情情况,https://www.chinacdc.cn/jksj/jksj01/202603/t20260312_315435.html,2026年2月全国传染病疫情概况,2026,2,全国,基孔肯雅热,重点监测其他传染病合计,2,0,,,2026-05-28 00:56:43,/Users/zhoujia/code/大数据期末实验/大模型助力大数据分析/呼吸道传染病监测与早期预警分析/data/raw/chinacdc_monthly/t20260312_315435_1d79f8918b496e7a.html
中国疾控中心全国法定传染病疫情情况,https://www.chinacdc.cn/jksj/jksj01/202603/t20260312_315435.html,2026年2月全国传染病疫情概况,2026,2,全国,拉沙热,重点监测其他传染病合计,0,0,,,2026-05-28 00:56:43,/Users/zhoujia/code/大数据期末实验/大模型助力大数据分析/呼吸道传染病监测与早期预警分析/data/raw/chinacdc_monthly/t20260312_315435_1d79f8918b496e7a.html
中国疾控中心全国法定传染病疫情情况,https://www.chinacdc.cn/jksj/jksj01/202603/t20260312_315435.html,2026年2月全国传染病疫情概况,2026,2,全国,水痘,重点监测其他传染病合计,33256,0,,,2026-05-28 00:56:43,/Users/zhoujia/code/大数据期末实验/大模型助力大数据分析/呼吸道传染病监测与早期预警分析/data/raw/chinacdc_monthly/t20260312_315435_1d79f8918b496e7a.html
中国疾控中心全国法定传染病疫情情况,https://www.chinacdc.cn/jksj/jksj01/202603/t20260312_315435.html,2026年2月全国传染病疫情概况,2026,2,全国,肝吸虫病,重点监测其他传染病合计,6270,0,,,2026-05-28 00:56:43,/Users/zhoujia/code/大数据期末实验/大模型助力大数据分析/呼吸道传染病监测与早期预警分析/data/raw/chinacdc_monthly/t20260312_315435_1d79f8918b496e7a.html
中国疾控中心全国法定传染病疫情情况,https://www.chinacdc.cn/jksj/jksj01/202603/t20260312_315435.html,2026年2月全国传染病疫情概况,2026,2,全国,人感染猪链球菌病,重点监测其他传染病合计,28,0,,,2026-05-28 00:56:43,/Users/zhoujia/code/大数据期末实验/大模型助力大数据分析/呼吸道传染病监测与早期预警分析/data/raw/chinacdc_monthly/t20260312_315435_1d79f8918b496e7a.html
中国疾控中心全国法定传染病疫情情况,https://www.chinacdc.cn/jksj/jksj01/202603/t20260312_315435.html,2026年2月全国传染病疫情概况,2026,2,全国,发热伴血小板减少综合征,重点监测其他传染病合计,1,1,,,2026-05-28 00:56:43,/Users/zhoujia/code/大数据期末实验/大模型助力大数据分析/呼吸道传染病监测与早期预警分析/data/raw/chinacdc_monthly/t20260312_315435_1d79f8918b496e7a.html
中国疾控中心全国法定传染病疫情情况,https://www.chinacdc.cn/jksj/jksj01/202602/t20260210_315027.html,2026年1月全国传染病疫情概况,2026,1,全国,甲乙丙类传染病总计,甲乙丙类总计,1898294,1930,,,2026-05-28 00:56:43,/Users/zhoujia/code/大数据期末实验/大模型助力大数据分析/呼吸道传染病监测与早期预警分析/data/raw/chinacdc_monthly/t20260210_315027_c9f2a6961abddb35.html
中国疾控中心全国法定传染病疫情情况,https://www.chinacdc.cn/jksj/jksj01/202602/t20260210_315027.html,2026年1月全国传染病疫情概况,2026,1,全国,甲乙类传染病合计,甲乙类合计,277621,1927,,,2026-05-28 00:56:43,/Users/zhoujia/code/大数据期末实验/大模型助力大数据分析/呼吸道传染病监测与早期预警分析/data/raw/chinacdc_monthly/t20260210_315027_c9f2a6961abddb35.html
中国疾控中心全国法定传染病疫情情况,https://www.chinacdc.cn/jksj/jksj01/202602/t20260210_315027.html,2026年1月全国传染病疫情概况,2026,1,全国,鼠疫,甲乙类合计,0,0,,,2026-05-28 00:56:43,/Users/zhoujia/code/大数据期末实验/大模型助力大数据分析/呼吸道传染病监测与早期预警分析/data/raw/chinacdc_monthly/t20260210_315027_c9f2a6961abddb35.html
中国疾控中心全国法定传染病疫情情况,https://www.chinacdc.cn/jksj/jksj01/202602/t20260210_315027.html,2026年1月全国传染病疫情概况,2026,1,全国,霍乱,甲乙类合计,0,0,,,2026-05-28 00:56:43,/Users/zhoujia/code/大数据期末实验/大模型助力大数据分析/呼吸道传染病监测与早期预警分析/data/raw/chinacdc_monthly/t20260210_315027_c9f2a6961abddb35.html
中国疾控中心全国法定传染病疫情情况,https://www.chinacdc.cn/jksj/jksj01/202602/t20260210_315027.html,2026年1月全国传染病疫情概况,2026,1,全国,新型冠状病毒感染,甲乙类合计,17916,1,,,2026-05-28 00:56:43,/Users/zhoujia/code/大数据期末实验/大模型助力大数据分析/呼吸道传染病监测与早期预警分析/data/raw/chinacdc_monthly/t20260210_315027_c9f2a6961abddb35.html
中国疾控中心全国法定传染病疫情情况,https://www.chinacdc.cn/jksj/jksj01/202602/t20260210_315027.html,2026年1月全国传染病疫情概况,2026,1,全国,传染性非典型肺炎,甲乙类合计,0,0,,,2026-05-28 00:56:43,/Users/zhoujia/code/大数据期末实验/大模型助力大数据分析/呼吸道传染病监测与早期预警分析/data/raw/chinacdc_monthly/t20260210_315027_c9f2a6961abddb35.html
中国疾控中心全国法定传染病疫情情况,https://www.chinacdc.cn/jksj/jksj01/202602/t20260210_315027.html,2026年1月全国传染病疫情概况,2026,1,全国,艾滋病,甲乙类合计,2805,1649,,,2026-05-28 00:56:43,/Users/zhoujia/code/大数据期末实验/大模型助力大数据分析/呼吸道传染病监测与早期预警分析/data/raw/chinacdc_monthly/t20260210_315027_c9f2a6961abddb35.html
中国疾控中心全国法定传染病疫情情况,https://www.chinacdc.cn/jksj/jksj01/202602/t20260210_315027.html,2026年1月全国传染病疫情概况,2026,1,全国,病毒性肝炎,甲乙类合计,127961,70,,,2026-05-28 00:56:43,/Users/zhoujia/code/大数据期末实验/大模型助力大数据分析/呼吸道传染病监测与早期预警分析/data/raw/chinacdc_monthly/t20260210_315027_c9f2a6961abddb35.html
中国疾控中心全国法定传染病疫情情况,https://www.chinacdc.cn/jksj/jksj01/202602/t20260210_315027.html,2026年1月全国传染病疫情概况,2026,1,全国,甲型肝炎,甲乙类合计,1167,0,,,2026-05-28 00:56:43,/Users/zhoujia/code/大数据期末实验/大模型助力大数据分析/呼吸道传染病监测与早期预警分析/data/raw/chinacdc_monthly/t20260210_315027_c9f2a6961abddb35.html
中国疾控中心全国法定传染病疫情情况,https://www.chinacdc.cn/jksj/jksj01/202602/t20260210_315027.html,2026年1月全国传染病疫情概况,2026,1,全国,乙型肝炎,甲乙类合计,109248,37,,,2026-05-28 00:56:43,/Users/zhoujia/code/大数据期末实验/大模型助力大数据分析/呼吸道传染病监测与早期预警分析/data/raw/chinacdc_monthly/t20260210_315027_c9f2a6961abddb35.html
中国疾控中心全国法定传染病疫情情况,https://www.chinacdc.cn/jksj/jksj01/202602/t20260210_315027.html,2026年1月全国传染病疫情概况,2026,1,全国,丙型肝炎,甲乙类合计,14084,31,,,2026-05-28 00:56:43,/Users/zhoujia/code/大数据期末实验/大模型助力大数据分析/呼吸道传染病监测与早期预警分析/data/raw/chinacdc_monthly/t20260210_315027_c9f2a6961abddb35.html
中国疾控中心全国法定传染病疫情情况,https://www.chinacdc.cn/jksj/jksj01/202602/t20260210_315027.html,2026年1月全国传染病疫情概况,2026,1,全国,丁型肝炎,甲乙类合计,25,0,,,2026-05-28 00:56:43,/Users/zhoujia/code/大数据期末实验/大模型助力大数据分析/呼吸道传染病监测与早期预警分析/data/raw/chinacdc_monthly/t20260210_315027_c9f2a6961abddb35.html
中国疾控中心全国法定传染病疫情情况,https://www.chinacdc.cn/jksj/jksj01/202602/t20260210_315027.html,2026年1月全国传染病疫情概况,2026,1,全国,戊型肝炎,甲乙类合计,2865,2,,,2026-05-28 00:56:43,/Users/zhoujia/code/大数据期末实验/大模型助力大数据分析/呼吸道传染病监测与早期预警分析/data/raw/chinacdc_monthly/t20260210_315027_c9f2a6961abddb35.html
中国疾控中心全国法定传染病疫情情况,https://www.chinacdc.cn/jksj/jksj01/202602/t20260210_315027.html,2026年1月全国传染病疫情概况,2026,1,全国,未分型肝炎,甲乙类合计,572,0,,,2026-05-28 00:56:43,/Users/zhoujia/code/大数据期末实验/大模型助力大数据分析/呼吸道传染病监测与早期预警分析/data/raw/chinacdc_monthly/t20260210_315027_c9f2a6961abddb35.html
中国疾控中心全国法定传染病疫情情况,https://www.chinacdc.cn/jksj/jksj01/202602/t20260210_315027.html,2026年1月全国传染病疫情概况,2026,1,全国,脊髓灰质炎,甲乙类合计,0,0,,,2026-05-28 00:56:43,/Users/zhoujia/code/大数据期末实验/大模型助力大数据分析/呼吸道传染病监测与早期预警分析/data/raw/chinacdc_monthly/t20260210_315027_c9f2a6961abddb35.html
中国疾控中心全国法定传染病疫情情况,https://www.chinacdc.cn/jksj/jksj01/202602/t20260210_315027.html,2026年1月全国传染病疫情概况,2026,1,全国,人感染新亚型流感,甲乙类合计,3,0,,,2026-05-28 00:56:43,/Users/zhoujia/code/大数据期末实验/大模型助力大数据分析/呼吸道传染病监测与早期预警分析/data/raw/chinacdc_monthly/t20260210_315027_c9f2a6961abddb35.html
中国疾控中心全国法定传染病疫情情况,https://www.chinacdc.cn/jksj/jksj01/202602/t20260210_315027.html,2026年1月全国传染病疫情概况,2026,1,全国,麻疹,甲乙类合计,138,0,,,2026-05-28 00:56:43,/Users/zhoujia/code/大数据期末实验/大模型助力大数据分析/呼吸道传染病监测与早期预警分析/data/raw/chinacdc_monthly/t20260210_315027_c9f2a6961abddb35.html
中国疾控中心全国法定传染病疫情情况,https://www.chinacdc.cn/jksj/jksj01/202602/t20260210_315027.html,2026年1月全国传染病疫情概况,2026,1,全国,流行性出血热,甲乙类合计,336,6,,,2026-05-28 00:56:43,/Users/zhoujia/code/大数据期末实验/大模型助力大数据分析/呼吸道传染病监测与早期预警分析/data/raw/chinacdc_monthly/t20260210_315027_c9f2a6961abddb35.html
中国疾控中心全国法定传染病疫情情况,https://www.chinacdc.cn/jksj/jksj01/202602/t20260210_315027.html,2026年1月全国传染病疫情概况,2026,1,全国,狂犬病,甲乙类合计,31,33,,,2026-05-28 00:56:43,/Users/zhoujia/code/大数据期末实验/大模型助力大数据分析/呼吸道传染病监测与早期预警分析/data/raw/chinacdc_monthly/t20260210_315027_c9f2a6961abddb35.html
中国疾控中心全国法定传染病疫情情况,https://www.chinacdc.cn/jksj/jksj01/202602/t20260210_315027.html,2026年1月全国传染病疫情概况,2026,1,全国,流行性乙型脑炎,甲乙类合计,0,1,,,2026-05-28 00:56:43,/Users/zhoujia/code/大数据期末实验/大模型助力大数据分析/呼吸道传染病监测与早期预警分析/data/raw/chinacdc_monthly/t20260210_315027_c9f2a6961abddb35.html
中国疾控中心全国法定传染病疫情情况,https://www.chinacdc.cn/jksj/jksj01/202602/t20260210_315027.html,2026年1月全国传染病疫情概况,2026,1,全国,登革热,甲乙类合计,93,0,,,2026-05-28 00:56:43,/Users/zhoujia/code/大数据期末实验/大模型助力大数据分析/呼吸道传染病监测与早期预警分析/data/raw/chinacdc_monthly/t20260210_315027_c9f2a6961abddb35.html
中国疾控中心全国法定传染病疫情情况,https://www.chinacdc.cn/jksj/jksj01/202602/t20260210_315027.html,2026年1月全国传染病疫情概况,2026,1,全国,猴痘,甲乙类合计,28,0,,,2026-05-28 00:56:43,/Users/zhoujia/code/大数据期末实验/大模型助力大数据分析/呼吸道传染病监测与早期预警分析/data/raw/chinacdc_monthly/t20260210_315027_c9f2a6961abddb35.html
中国疾控中心全国法定传染病疫情情况,https://www.chinacdc.cn/jksj/jksj01/202602/t20260210_315027.html,2026年1月全国传染病疫情概况,2026,1,全国,炭疽,甲乙类合计,12,0,,,2026-05-28 00:56:43,/Users/zhoujia/code/大数据期末实验/大模型助力大数据分析/呼吸道传染病监测与早期预警分析/data/raw/chinacdc_monthly/t20260210_315027_c9f2a6961abddb35.html
中国疾控中心全国法定传染病疫情情况,https://www.chinacdc.cn/jksj/jksj01/202602/t20260210_315027.html,2026年1月全国传染病疫情概况,2026,1,全国,细菌性和阿米巴性痢疾,甲乙类合计,1481,0,,,2026-05-28 00:56:43,/Users/zhoujia/code/大数据期末实验/大模型助力大数据分析/呼吸道传染病监测与早期预警分析/data/raw/chinacdc_monthly/t20260210_315027_c9f2a6961abddb35.html
中国疾控中心全国法定传染病疫情情况,https://www.chinacdc.cn/jksj/jksj01/202602/t20260210_315027.html,2026年1月全国传染病疫情概况,2026,1,全国,肺结核,甲乙类合计,52889,164,,,2026-05-28 00:56:43,/Users/zhoujia/code/大数据期末实验/大模型助力大数据分析/呼吸道传染病监测与早期预警分析/data/raw/chinacdc_monthly/t20260210_315027_c9f2a6961abddb35.html
中国疾控中心全国法定传染病疫情情况,https://www.chinacdc.cn/jksj/jksj01/202602/t20260210_315027.html,2026年1月全国传染病疫情概况,2026,1,全国,伤寒和副伤寒,甲乙类合计,252,0,,,2026-05-28 00:56:43,/Users/zhoujia/code/大数据期末实验/大模型助力大数据分析/呼吸道传染病监测与早期预警分析/data/raw/chinacdc_monthly/t20260210_315027_c9f2a6961abddb35.html
中国疾控中心全国法定传染病疫情情况,https://www.chinacdc.cn/jksj/jksj01/202602/t20260210_315027.html,2026年1月全国传染病疫情概况,2026,1,全国,流行性脑脊髓膜炎,甲乙类合计,23,2,,,2026-05-28 00:56:43,/Users/zhoujia/code/大数据期末实验/大模型助力大数据分析/呼吸道传染病监测与早期预警分析/data/raw/chinacdc_monthly/t20260210_315027_c9f2a6961abddb35.html
中国疾控中心全国法定传染病疫情情况,https://www.chinacdc.cn/jksj/jksj01/202602/t20260210_315027.html,2026年1月全国传染病疫情概况,2026,1,全国,百日咳,甲乙类合计,971,0,,,2026-05-28 00:56:43,/Users/zhoujia/code/大数据期末实验/大模型助力大数据分析/呼吸道传染病监测与早期预警分析/data/raw/chinacdc_monthly/t20260210_315027_c9f2a6961abddb35.html
中国疾控中心全国法定传染病疫情情况,https://www.chinacdc.cn/jksj/jksj01/202602/t20260210_315027.html,2026年1月全国传染病疫情概况,2026,1,全国,白喉,甲乙类合计,0,0,,,2026-05-28 00:56:43,/Users/zhoujia/code/大数据期末实验/大模型助力大数据分析/呼吸道传染病监测与早期预警分析/data/raw/chinacdc_monthly/t20260210_315027_c9f2a6961abddb35.html
中国疾控中心全国法定传染病疫情情况,https://www.chinacdc.cn/jksj/jksj01/202602/t20260210_315027.html,2026年1月全国传染病疫情概况,2026,1,全国,新生儿破伤风,甲乙类合计,1,0,,,2026-05-28 00:56:43,/Users/zhoujia/code/大数据期末实验/大模型助力大数据分析/呼吸道传染病监测与早期预警分析/data/raw/chinacdc_monthly/t20260210_315027_c9f2a6961abddb35.html
中国疾控中心全国法定传染病疫情情况,https://www.chinacdc.cn/jksj/jksj01/202602/t20260210_315027.html,2026年1月全国传染病疫情概况,2026,1,全国,猩红热,甲乙类合计,2935,0,,,2026-05-28 00:56:43,/Users/zhoujia/code/大数据期末实验/大模型助力大数据分析/呼吸道传染病监测与早期预警分析/data/raw/chinacdc_monthly/t20260210_315027_c9f2a6961abddb35.html
中国疾控中心全国法定传染病疫情情况,https://www.chinacdc.cn/jksj/jksj01/202602/t20260210_315027.html,2026年1月全国传染病疫情概况,2026,1,全国,布鲁氏菌病,甲乙类合计,3766,0,,,2026-05-28 00:56:43,/Users/zhoujia/code/大数据期末实验/大模型助力大数据分析/呼吸道传染病监测与早期预警分析/data/raw/chinacdc_monthly/t20260210_315027_c9f2a6961abddb35.html
中国疾控中心全国法定传染病疫情情况,https://www.chinacdc.cn/jksj/jksj01/202602/t20260210_315027.html,2026年1月全国传染病疫情概况,2026,1,全国,淋病,甲乙类合计,10415,0,,,2026-05-28 00:56:43,/Users/zhoujia/code/大数据期末实验/大模型助力大数据分析/呼吸道传染病监测与早期预警分析/data/raw/chinacdc_monthly/t20260210_315027_c9f2a6961abddb35.html
中国疾控中心全国法定传染病疫情情况,https://www.chinacdc.cn/jksj/jksj01/202602/t20260210_315027.html,2026年1月全国传染病疫情概况,2026,1,全国,梅毒,甲乙类合计,55170,0,,,2026-05-28 00:56:43,/Users/zhoujia/code/大数据期末实验/大模型助力大数据分析/呼吸道传染病监测与早期预警分析/data/raw/chinacdc_monthly/t20260210_315027_c9f2a6961abddb35.html
中国疾控中心全国法定传染病疫情情况,https://www.chinacdc.cn/jksj/jksj01/202602/t20260210_315027.html,2026年1月全国传染病疫情概况,2026,1,全国,钩端螺旋体病,甲乙类合计,11,1,,,2026-05-28 00:56:43,/Users/zhoujia/code/大数据期末实验/大模型助力大数据分析/呼吸道传染病监测与早期预警分析/data/raw/chinacdc_monthly/t20260210_315027_c9f2a6961abddb35.html
中国疾控中心全国法定传染病疫情情况,https://www.chinacdc.cn/jksj/jksj01/202602/t20260210_315027.html,2026年1月全国传染病疫情概况,2026,1,全国,血吸虫病,甲乙类合计,1,0,,,2026-05-28 00:56:43,/Users/zhoujia/code/大数据期末实验/大模型助力大数据分析/呼吸道传染病监测与早期预警分析/data/raw/chinacdc_monthly/t20260210_315027_c9f2a6961abddb35.html
中国疾控中心全国法定传染病疫情情况,https://www.chinacdc.cn/jksj/jksj01/202602/t20260210_315027.html,2026年1月全国传染病疫情概况,2026,1,全国,疟疾,甲乙类合计,383,0,,,2026-05-28 00:56:43,/Users/zhoujia/code/大数据期末实验/大模型助力大数据分析/呼吸道传染病监测与早期预警分析/data/raw/chinacdc_monthly/t20260210_315027_c9f2a6961abddb35.html
中国疾控中心全国法定传染病疫情情况,https://www.chinacdc.cn/jksj/jksj01/202602/t20260210_315027.html,2026年1月全国传染病疫情概况,2026,1,全国,丙类传染病合计,丙类合计,1620673,3,,,2026-05-28 00:56:43,/Users/zhoujia/code/大数据期末实验/大模型助力大数据分析/呼吸道传染病监测与早期预警分析/data/raw/chinacdc_monthly/t20260210_315027_c9f2a6961abddb35.html
中国疾控中心全国法定传染病疫情情况,https://www.chinacdc.cn/jksj/jksj01/202602/t20260210_315027.html,2026年1月全国传染病疫情概况,2026,1,全国,流行性感冒,丙类合计,1361570,3,,,2026-05-28 00:56:43,/Users/zhoujia/code/大数据期末实验/大模型助力大数据分析/呼吸道传染病监测与早期预警分析/data/raw/chinacdc_monthly/t20260210_315027_c9f2a6961abddb35.html
中国疾控中心全国法定传染病疫情情况,https://www.chinacdc.cn/jksj/jksj01/202602/t20260210_315027.html,2026年1月全国传染病疫情概况,2026,1,全国,流行性腮腺炎,丙类合计,4842,0,,,2026-05-28 00:56:43,/Users/zhoujia/code/大数据期末实验/大模型助力大数据分析/呼吸道传染病监测与早期预警分析/data/raw/chinacdc_monthly/t20260210_315027_c9f2a6961abddb35.html
中国疾控中心全国法定传染病疫情情况,https://www.chinacdc.cn/jksj/jksj01/202602/t20260210_315027.html,2026年1月全国传染病疫情概况,2026,1,全国,风疹,丙类合计,30,0,,,2026-05-28 00:56:43,/Users/zhoujia/code/大数据期末实验/大模型助力大数据分析/呼吸道传染病监测与早期预警分析/data/raw/chinacdc_monthly/t20260210_315027_c9f2a6961abddb35.html
中国疾控中心全国法定传染病疫情情况,https://www.chinacdc.cn/jksj/jksj01/202602/t20260210_315027.html,2026年1月全国传染病疫情概况,2026,1,全国,急性出血性结膜炎,丙类合计,1634,0,,,2026-05-28 00:56:43,/Users/zhoujia/code/大数据期末实验/大模型助力大数据分析/呼吸道传染病监测与早期预警分析/data/raw/chinacdc_monthly/t20260210_315027_c9f2a6961abddb35.html
中国疾控中心全国法定传染病疫情情况,https://www.chinacdc.cn/jksj/jksj01/202602/t20260210_315027.html,2026年1月全国传染病疫情概况,2026,1,全国,麻风病,丙类合计,24,0,,,2026-05-28 00:56:43,/Users/zhoujia/code/大数据期末实验/大模型助力大数据分析/呼吸道传染病监测与早期预警分析/data/raw/chinacdc_monthly/t20260210_315027_c9f2a6961abddb35.html
中国疾控中心全国法定传染病疫情情况,https://www.chinacdc.cn/jksj/jksj01/202602/t20260210_315027.html,2026年1月全国传染病疫情概况,2026,1,全国,流行性和地方性斑疹伤寒,丙类合计,51,0,,,2026-05-28 00:56:43,/Users/zhoujia/code/大数据期末实验/大模型助力大数据分析/呼吸道传染病监测与早期预警分析/data/raw/chinacdc_monthly/t20260210_315027_c9f2a6961abddb35.html
中国疾控中心全国法定传染病疫情情况,https://www.chinacdc.cn/jksj/jksj01/202602/t20260210_315027.html,2026年1月全国传染病疫情概况,2026,1,全国,黑热病,丙类合计,39,0,,,2026-05-28 00:56:43,/Users/zhoujia/code/大数据期末实验/大模型助力大数据分析/呼吸道传染病监测与早期预警分析/data/raw/chinacdc_monthly/t20260210_315027_c9f2a6961abddb35.html
中国疾控中心全国法定传染病疫情情况,https://www.chinacdc.cn/jksj/jksj01/202602/t20260210_315027.html,2026年1月全国传染病疫情概况,2026,1,全国,包虫病,丙类合计,451,0,,,2026-05-28 00:56:43,/Users/zhoujia/code/大数据期末实验/大模型助力大数据分析/呼吸道传染病监测与早期预警分析/data/raw/chinacdc_monthly/t20260210_315027_c9f2a6961abddb35.html
中国疾控中心全国法定传染病疫情情况,https://www.chinacdc.cn/jksj/jksj01/202602/t20260210_315027.html,2026年1月全国传染病疫情概况,2026,1,全国,丝虫病,丙类合计,0,0,,,2026-05-28 00:56:43,/Users/zhoujia/code/大数据期末实验/大模型助力大数据分析/呼吸道传染病监测与早期预警分析/data/raw/chinacdc_monthly/t20260210_315027_c9f2a6961abddb35.html
中国疾控中心全国法定传染病疫情情况,https://www.chinacdc.cn/jksj/jksj01/202602/t20260210_315027.html,2026年1月全国传染病疫情概况,2026,1,全国,手足口病,丙类合计,66264,0,,,2026-05-28 00:56:43,/Users/zhoujia/code/大数据期末实验/大模型助力大数据分析/呼吸道传染病监测与早期预警分析/data/raw/chinacdc_monthly/t20260210_315027_c9f2a6961abddb35.html
中国疾控中心全国法定传染病疫情情况,https://www.chinacdc.cn/jksj/jksj01/202602/t20260210_315027.html,2026年1月全国传染病疫情概况,2026,1,全国,其他感染性腹泻病,丙类合计,185768,0,,,2026-05-28 00:56:43,/Users/zhoujia/code/大数据期末实验/大模型助力大数据分析/呼吸道传染病监测与早期预警分析/data/raw/chinacdc_monthly/t20260210_315027_c9f2a6961abddb35.html
中国疾控中心全国法定传染病疫情情况,https://www.chinacdc.cn/jksj/jksj01/202602/t20260210_315027.html,2026年1月全国传染病疫情概况,2026,1,全国,重点监测其他传染病合计,重点监测其他传染病合计,68366,2,,,2026-05-28 00:56:43,/Users/zhoujia/code/大数据期末实验/大模型助力大数据分析/呼吸道传染病监测与早期预警分析/data/raw/chinacdc_monthly/t20260210_315027_c9f2a6961abddb35.html
中国疾控中心全国法定传染病疫情情况,https://www.chinacdc.cn/jksj/jksj01/202602/t20260210_315027.html,2026年1月全国传染病疫情概况,2026,1,全国,中东呼吸综合征（MERS）,重点监测其他传染病合计,0,0,,,2026-05-28 00:56:43,/Users/zhoujia/code/大数据期末实验/大模型助力大数据分析/呼吸道传染病监测与早期预警分析/data/raw/chinacdc_monthly/t20260210_315027_c9f2a6961abddb35.html
中国疾控中心全国法定传染病疫情情况,https://www.chinacdc.cn/jksj/jksj01/202602/t20260210_315027.html,2026年1月全国传染病疫情概况,2026,1,全国,埃博拉出血热,重点监测其他传染病合计,0,0,,,2026-05-28 00:56:43,/Users/zhoujia/code/大数据期末实验/大模型助力大数据分析/呼吸道传染病监测与早期预警分析/data/raw/chinacdc_monthly/t20260210_315027_c9f2a6961abddb35.html
中国疾控中心全国法定传染病疫情情况,https://www.chinacdc.cn/jksj/jksj01/202602/t20260210_315027.html,2026年1月全国传染病疫情概况,2026,1,全国,寨卡病毒病,重点监测其他传染病合计,0,0,,,2026-05-28 00:56:43,/Users/zhoujia/code/大数据期末实验/大模型助力大数据分析/呼吸道传染病监测与早期预警分析/data/raw/chinacdc_monthly/t20260210_315027_c9f2a6961abddb35.html
中国疾控中心全国法定传染病疫情情况,https://www.chinacdc.cn/jksj/jksj01/202602/t20260210_315027.html,2026年1月全国传染病疫情概况,2026,1,全国,基孔肯雅热,重点监测其他传染病合计,4,0,,,2026-05-28 00:56:43,/Users/zhoujia/code/大数据期末实验/大模型助力大数据分析/呼吸道传染病监测与早期预警分析/data/raw/chinacdc_monthly/t20260210_315027_c9f2a6961abddb35.html
中国疾控中心全国法定传染病疫情情况,https://www.chinacdc.cn/jksj/jksj01/202602/t20260210_315027.html,2026年1月全国传染病疫情概况,2026,1,全国,拉沙热,重点监测其他传染病合计,1,0,,,2026-05-28 00:56:43,/Users/zhoujia/code/大数据期末实验/大模型助力大数据分析/呼吸道传染病监测与早期预警分析/data/raw/chinacdc_monthly/t20260210_315027_c9f2a6961abddb35.html
中国疾控中心全国法定传染病疫情情况,https://www.chinacdc.cn/jksj/jksj01/202602/t20260210_315027.html,2026年1月全国传染病疫情概况,2026,1,全国,水痘,重点监测其他传染病合计,58927,1,,,2026-05-28 00:56:43,/Users/zhoujia/code/大数据期末实验/大模型助力大数据分析/呼吸道传染病监测与早期预警分析/data/raw/chinacdc_monthly/t20260210_315027_c9f2a6961abddb35.html
中国疾控中心全国法定传染病疫情情况,https://www.chinacdc.cn/jksj/jksj01/202602/t20260210_315027.html,2026年1月全国传染病疫情概况,2026,1,全国,肝吸虫病,重点监测其他传染病合计,9408,0,,,2026-05-28 00:56:43,/Users/zhoujia/code/大数据期末实验/大模型助力大数据分析/呼吸道传染病监测与早期预警分析/data/raw/chinacdc_monthly/t20260210_315027_c9f2a6961abddb35.html
中国疾控中心全国法定传染病疫情情况,https://www.chinacdc.cn/jksj/jksj01/202602/t20260210_315027.html,2026年1月全国传染病疫情概况,2026,1,全国,人感染猪链球菌病,重点监测其他传染病合计,25,1,,,2026-05-28 00:56:43,/Users/zhoujia/code/大数据期末实验/大模型助力大数据分析/呼吸道传染病监测与早期预警分析/data/raw/chinacdc_monthly/t20260210_315027_c9f2a6961abddb35.html
中国疾控中心全国法定传染病疫情情况,https://www.chinacdc.cn/jksj/jksj01/202602/t20260210_315027.html,2026年1月全国传染病疫情概况,2026,1,全国,发热伴血小板减少综合征,重点监测其他传染病合计,1,0,,,2026-05-28 00:56:43,/Users/zhoujia/code/大数据期末实验/大模型助力大数据分析/呼吸道传染病监测与早期预警分析/data/raw/chinacdc_monthly/t20260210_315027_c9f2a6961abddb35.html
中国疾控中心全国法定传染病疫情情况,https://www.chinacdc.cn/jksj/jksj01/202601/t20260109_314557.html,2025年12月全国法定传染病疫情概况,2025,12,全国,甲乙丙类 传染病 总计,甲乙丙类总计,7236052,2896,,,2026-05-28 00:56:43,/Users/zhoujia/code/大数据期末实验/大模型助力大数据分析/呼吸道传染病监测与早期预警分析/data/raw/chinacdc_monthly/t20260109_314557_aed7a7d713288a4c.html
中国疾控中心全国法定传染病疫情情况,https://www.chinacdc.cn/jksj/jksj01/202601/t20260109_314557.html,2025年12月全国法定传染病疫情概况,2025,12,全国,甲乙类传染病合计,甲乙类合计,274531,2882,,,2026-05-28 00:56:43,/Users/zhoujia/code/大数据期末实验/大模型助力大数据分析/呼吸道传染病监测与早期预警分析/data/raw/chinacdc_monthly/t20260109_314557_aed7a7d713288a4c.html
中国疾控中心全国法定传染病疫情情况,https://www.chinacdc.cn/jksj/jksj01/202601/t20260109_314557.html,2025年12月全国法定传染病疫情概况,2025,12,全国,鼠疫,甲乙类合计,0,0,,,2026-05-28 00:56:43,/Users/zhoujia/code/大数据期末实验/大模型助力大数据分析/呼吸道传染病监测与早期预警分析/data/raw/chinacdc_monthly/t20260109_314557_aed7a7d713288a4c.html
中国疾控中心全国法定传染病疫情情况,https://www.chinacdc.cn/jksj/jksj01/202601/t20260109_314557.html,2025年12月全国法定传染病疫情概况,2025,12,全国,霍乱,甲乙类合计,0,0,,,2026-05-28 00:56:43,/Users/zhoujia/code/大数据期末实验/大模型助力大数据分析/呼吸道传染病监测与早期预警分析/data/raw/chinacdc_monthly/t20260109_314557_aed7a7d713288a4c.html
中国疾控中心全国法定传染病疫情情况,https://www.chinacdc.cn/jksj/jksj01/202601/t20260109_314557.html,2025年12月全国法定传染病疫情概况,2025,12,全国,新型冠状病毒感染,甲乙类合计,15129,1,,,2026-05-28 00:56:43,/Users/zhoujia/code/大数据期末实验/大模型助力大数据分析/呼吸道传染病监测与早期预警分析/data/raw/chinacdc_monthly/t20260109_314557_aed7a7d713288a4c.html
中国疾控中心全国法定传染病疫情情况,https://www.chinacdc.cn/jksj/jksj01/202601/t20260109_314557.html,2025年12月全国法定传染病疫情概况,2025,12,全国,传染性非典型肺炎,甲乙类合计,0,0,,,2026-05-28 00:56:43,/Users/zhoujia/code/大数据期末实验/大模型助力大数据分析/呼吸道传染病监测与早期预警分析/data/raw/chinacdc_monthly/t20260109_314557_aed7a7d713288a4c.html
中国疾控中心全国法定传染病疫情情况,https://www.chinacdc.cn/jksj/jksj01/202601/t20260109_314557.html,2025年12月全国法定传染病疫情概况,2025,12,全国,艾滋病,甲乙类合计,4560,2027,,,2026-05-28 00:56:43,/Users/zhoujia/code/大数据期末实验/大模型助力大数据分析/呼吸道传染病监测与早期预警分析/data/raw/chinacdc_monthly/t20260109_314557_aed7a7d713288a4c.html
中国疾控中心全国法定传染病疫情情况,https://www.chinacdc.cn/jksj/jksj01/202601/t20260109_314557.html,2025年12月全国法定传染病疫情概况,2025,12,全国,病毒性肝炎,甲乙类合计,128222,585,,,2026-05-28 00:56:43,/Users/zhoujia/code/大数据期末实验/大模型助力大数据分析/呼吸道传染病监测与早期预警分析/data/raw/chinacdc_monthly/t20260109_314557_aed7a7d713288a4c.html
中国疾控中心全国法定传染病疫情情况,https://www.chinacdc.cn/jksj/jksj01/202601/t20260109_314557.html,2025年12月全国法定传染病疫情概况,2025,12,全国,甲型肝炎,甲乙类合计,1204,0,,,2026-05-28 00:56:43,/Users/zhoujia/code/大数据期末实验/大模型助力大数据分析/呼吸道传染病监测与早期预警分析/data/raw/chinacdc_monthly/t20260109_314557_aed7a7d713288a4c.html
中国疾控中心全国法定传染病疫情情况,https://www.chinacdc.cn/jksj/jksj01/202601/t20260109_314557.html,2025年12月全国法定传染病疫情概况,2025,12,全国,乙型肝炎,甲乙类合计,109580,39,,,2026-05-28 00:56:43,/Users/zhoujia/code/大数据期末实验/大模型助力大数据分析/呼吸道传染病监测与早期预警分析/data/raw/chinacdc_monthly/t20260109_314557_aed7a7d713288a4c.html
中国疾控中心全国法定传染病疫情情况,https://www.chinacdc.cn/jksj/jksj01/202601/t20260109_314557.html,2025年12月全国法定传染病疫情概况,2025,12,全国,丙型肝炎,甲乙类合计,14159,545,,,2026-05-28 00:56:43,/Users/zhoujia/code/大数据期末实验/大模型助力大数据分析/呼吸道传染病监测与早期预警分析/data/raw/chinacdc_monthly/t20260109_314557_aed7a7d713288a4c.html
中国疾控中心全国法定传染病疫情情况,https://www.chinacdc.cn/jksj/jksj01/202601/t20260109_314557.html,2025年12月全国法定传染病疫情概况,2025,12,全国,丁型肝炎,甲乙类合计,33,0,,,2026-05-28 00:56:43,/Users/zhoujia/code/大数据期末实验/大模型助力大数据分析/呼吸道传染病监测与早期预警分析/data/raw/chinacdc_monthly/t20260109_314557_aed7a7d713288a4c.html
中国疾控中心全国法定传染病疫情情况,https://www.chinacdc.cn/jksj/jksj01/202601/t20260109_314557.html,2025年12月全国法定传染病疫情概况,2025,12,全国,戊型肝炎,甲乙类合计,2543,1,,,2026-05-28 00:56:43,/Users/zhoujia/code/大数据期末实验/大模型助力大数据分析/呼吸道传染病监测与早期预警分析/data/raw/chinacdc_monthly/t20260109_314557_aed7a7d713288a4c.html
中国疾控中心全国法定传染病疫情情况,https://www.chinacdc.cn/jksj/jksj01/202601/t20260109_314557.html,2025年12月全国法定传染病疫情概况,2025,12,全国,未分型肝炎,甲乙类合计,703,0,,,2026-05-28 00:56:43,/Users/zhoujia/code/大数据期末实验/大模型助力大数据分析/呼吸道传染病监测与早期预警分析/data/raw/chinacdc_monthly/t20260109_314557_aed7a7d713288a4c.html
中国疾控中心全国法定传染病疫情情况,https://www.chinacdc.cn/jksj/jksj01/202601/t20260109_314557.html,2025年12月全国法定传染病疫情概况,2025,12,全国,脊髓灰质炎,甲乙类合计,0,0,,,2026-05-28 00:56:43,/Users/zhoujia/code/大数据期末实验/大模型助力大数据分析/呼吸道传染病监测与早期预警分析/data/raw/chinacdc_monthly/t20260109_314557_aed7a7d713288a4c.html
中国疾控中心全国法定传染病疫情情况,https://www.chinacdc.cn/jksj/jksj01/202601/t20260109_314557.html,2025年12月全国法定传染病疫情概况,2025,12,全国,人感染新亚型流感,甲乙类合计,3,0,,,2026-05-28 00:56:43,/Users/zhoujia/code/大数据期末实验/大模型助力大数据分析/呼吸道传染病监测与早期预警分析/data/raw/chinacdc_monthly/t20260109_314557_aed7a7d713288a4c.html
中国疾控中心全国法定传染病疫情情况,https://www.chinacdc.cn/jksj/jksj01/202601/t20260109_314557.html,2025年12月全国法定传染病疫情概况,2025,12,全国,麻疹,甲乙类合计,90,0,,,2026-05-28 00:56:43,/Users/zhoujia/code/大数据期末实验/大模型助力大数据分析/呼吸道传染病监测与早期预警分析/data/raw/chinacdc_monthly/t20260109_314557_aed7a7d713288a4c.html
中国疾控中心全国法定传染病疫情情况,https://www.chinacdc.cn/jksj/jksj01/202601/t20260109_314557.html,2025年12月全国法定传染病疫情概况,2025,12,全国,流行性出血热,甲乙类合计,617,6,,,2026-05-28 00:56:43,/Users/zhoujia/code/大数据期末实验/大模型助力大数据分析/呼吸道传染病监测与早期预警分析/data/raw/chinacdc_monthly/t20260109_314557_aed7a7d713288a4c.html
中国疾控中心全国法定传染病疫情情况,https://www.chinacdc.cn/jksj/jksj01/202601/t20260109_314557.html,2025年12月全国法定传染病疫情概况,2025,12,全国,狂犬病,甲乙类合计,28,30,,,2026-05-28 00:56:43,/Users/zhoujia/code/大数据期末实验/大模型助力大数据分析/呼吸道传染病监测与早期预警分析/data/raw/chinacdc_monthly/t20260109_314557_aed7a7d713288a4c.html
中国疾控中心全国法定传染病疫情情况,https://www.chinacdc.cn/jksj/jksj01/202601/t20260109_314557.html,2025年12月全国法定传染病疫情概况,2025,12,全国,流行性乙型脑炎,甲乙类合计,1,0,,,2026-05-28 00:56:43,/Users/zhoujia/code/大数据期末实验/大模型助力大数据分析/呼吸道传染病监测与早期预警分析/data/raw/chinacdc_monthly/t20260109_314557_aed7a7d713288a4c.html
中国疾控中心全国法定传染病疫情情况,https://www.chinacdc.cn/jksj/jksj01/202601/t20260109_314557.html,2025年12月全国法定传染病疫情概况,2025,12,全国,登革热,甲乙类合计,151,0,,,2026-05-28 00:56:43,/Users/zhoujia/code/大数据期末实验/大模型助力大数据分析/呼吸道传染病监测与早期预警分析/data/raw/chinacdc_monthly/t20260109_314557_aed7a7d713288a4c.html
中国疾控中心全国法定传染病疫情情况,https://www.chinacdc.cn/jksj/jksj01/202601/t20260109_314557.html,2025年12月全国法定传染病疫情概况,2025,12,全国,猴痘,甲乙类合计,43,0,,,2026-05-28 00:56:43,/Users/zhoujia/code/大数据期末实验/大模型助力大数据分析/呼吸道传染病监测与早期预警分析/data/raw/chinacdc_monthly/t20260109_314557_aed7a7d713288a4c.html
中国疾控中心全国法定传染病疫情情况,https://www.chinacdc.cn/jksj/jksj01/202601/t20260109_314557.html,2025年12月全国法定传染病疫情概况,2025,12,全国,炭疽,甲乙类合计,23,0,,,2026-05-28 00:56:43,/Users/zhoujia/code/大数据期末实验/大模型助力大数据分析/呼吸道传染病监测与早期预警分析/data/raw/chinacdc_monthly/t20260109_314557_aed7a7d713288a4c.html
中国疾控中心全国法定传染病疫情情况,https://www.chinacdc.cn/jksj/jksj01/202601/t20260109_314557.html,2025年12月全国法定传染病疫情概况,2025,12,全国,细菌性和阿米巴性痢疾,甲乙类合计,1509,0,,,2026-05-28 00:56:43,/Users/zhoujia/code/大数据期末实验/大模型助力大数据分析/呼吸道传染病监测与早期预警分析/data/raw/chinacdc_monthly/t20260109_314557_aed7a7d713288a4c.html
中国疾控中心全国法定传染病疫情情况,https://www.chinacdc.cn/jksj/jksj01/202601/t20260109_314557.html,2025年12月全国法定传染病疫情概况,2025,12,全国,肺结核,甲乙类合计,52826,228,,,2026-05-28 00:56:43,/Users/zhoujia/code/大数据期末实验/大模型助力大数据分析/呼吸道传染病监测与早期预警分析/data/raw/chinacdc_monthly/t20260109_314557_aed7a7d713288a4c.html
中国疾控中心全国法定传染病疫情情况,https://www.chinacdc.cn/jksj/jksj01/202601/t20260109_314557.html,2025年12月全国法定传染病疫情概况,2025,12,全国,伤寒和副伤寒,甲乙类合计,349,0,,,2026-05-28 00:56:43,/Users/zhoujia/code/大数据期末实验/大模型助力大数据分析/呼吸道传染病监测与早期预警分析/data/raw/chinacdc_monthly/t20260109_314557_aed7a7d713288a4c.html
中国疾控中心全国法定传染病疫情情况,https://www.chinacdc.cn/jksj/jksj01/202601/t20260109_314557.html,2025年12月全国法定传染病疫情概况,2025,12,全国,流行性脑脊髓膜炎,甲乙类合计,29,0,,,2026-05-28 00:56:43,/Users/zhoujia/code/大数据期末实验/大模型助力大数据分析/呼吸道传染病监测与早期预警分析/data/raw/chinacdc_monthly/t20260109_314557_aed7a7d713288a4c.html
中国疾控中心全国法定传染病疫情情况,https://www.chinacdc.cn/jksj/jksj01/202601/t20260109_314557.html,2025年12月全国法定传染病疫情概况,2025,12,全国,百日咳,甲乙类合计,1313,0,,,2026-05-28 00:56:43,/Users/zhoujia/code/大数据期末实验/大模型助力大数据分析/呼吸道传染病监测与早期预警分析/data/raw/chinacdc_monthly/t20260109_314557_aed7a7d713288a4c.html
中国疾控中心全国法定传染病疫情情况,https://www.chinacdc.cn/jksj/jksj01/202601/t20260109_314557.html,2025年12月全国法定传染病疫情概况,2025,12,全国,白喉,甲乙类合计,0,0,,,2026-05-28 00:56:43,/Users/zhoujia/code/大数据期末实验/大模型助力大数据分析/呼吸道传染病监测与早期预警分析/data/raw/chinacdc_monthly/t20260109_314557_aed7a7d713288a4c.html
中国疾控中心全国法定传染病疫情情况,https://www.chinacdc.cn/jksj/jksj01/202601/t20260109_314557.html,2025年12月全国法定传染病疫情概况,2025,12,全国,新生儿破伤风,甲乙类合计,0,0,,,2026-05-28 00:56:43,/Users/zhoujia/code/大数据期末实验/大模型助力大数据分析/呼吸道传染病监测与早期预警分析/data/raw/chinacdc_monthly/t20260109_314557_aed7a7d713288a4c.html
中国疾控中心全国法定传染病疫情情况,https://www.chinacdc.cn/jksj/jksj01/202601/t20260109_314557.html,2025年12月全国法定传染病疫情概况,2025,12,全国,猩红热,甲乙类合计,3058,0,,,2026-05-28 00:56:43,/Users/zhoujia/code/大数据期末实验/大模型助力大数据分析/呼吸道传染病监测与早期预警分析/data/raw/chinacdc_monthly/t20260109_314557_aed7a7d713288a4c.html
中国疾控中心全国法定传染病疫情情况,https://www.chinacdc.cn/jksj/jksj01/202601/t20260109_314557.html,2025年12月全国法定传染病疫情概况,2025,12,全国,布鲁氏菌病,甲乙类合计,3420,0,,,2026-05-28 00:56:43,/Users/zhoujia/code/大数据期末实验/大模型助力大数据分析/呼吸道传染病监测与早期预警分析/data/raw/chinacdc_monthly/t20260109_314557_aed7a7d713288a4c.html
中国疾控中心全国法定传染病疫情情况,https://www.chinacdc.cn/jksj/jksj01/202601/t20260109_314557.html,2025年12月全国法定传染病疫情概况,2025,12,全国,淋病,甲乙类合计,10547,0,,,2026-05-28 00:56:43,/Users/zhoujia/code/大数据期末实验/大模型助力大数据分析/呼吸道传染病监测与早期预警分析/data/raw/chinacdc_monthly/t20260109_314557_aed7a7d713288a4c.html
中国疾控中心全国法定传染病疫情情况,https://www.chinacdc.cn/jksj/jksj01/202601/t20260109_314557.html,2025年12月全国法定传染病疫情概况,2025,12,全国,梅毒,甲乙类合计,52197,3,,,2026-05-28 00:56:43,/Users/zhoujia/code/大数据期末实验/大模型助力大数据分析/呼吸道传染病监测与早期预警分析/data/raw/chinacdc_monthly/t20260109_314557_aed7a7d713288a4c.html
中国疾控中心全国法定传染病疫情情况,https://www.chinacdc.cn/jksj/jksj01/202601/t20260109_314557.html,2025年12月全国法定传染病疫情概况,2025,12,全国,钩端螺旋体病,甲乙类合计,20,0,,,2026-05-28 00:56:43,/Users/zhoujia/code/大数据期末实验/大模型助力大数据分析/呼吸道传染病监测与早期预警分析/data/raw/chinacdc_monthly/t20260109_314557_aed7a7d713288a4c.html
中国疾控中心全国法定传染病疫情情况,https://www.chinacdc.cn/jksj/jksj01/202601/t20260109_314557.html,2025年12月全国法定传染病疫情概况,2025,12,全国,血吸虫病,甲乙类合计,3,0,,,2026-05-28 00:56:43,/Users/zhoujia/code/大数据期末实验/大模型助力大数据分析/呼吸道传染病监测与早期预警分析/data/raw/chinacdc_monthly/t20260109_314557_aed7a7d713288a4c.html
中国疾控中心全国法定传染病疫情情况,https://www.chinacdc.cn/jksj/jksj01/202601/t20260109_314557.html,2025年12月全国法定传染病疫情概况,2025,12,全国,疟疾,甲乙类合计,393,2,,,2026-05-28 00:56:43,/Users/zhoujia/code/大数据期末实验/大模型助力大数据分析/呼吸道传染病监测与早期预警分析/data/raw/chinacdc_monthly/t20260109_314557_aed7a7d713288a4c.html
中国疾控中心全国法定传染病疫情情况,https://www.chinacdc.cn/jksj/jksj01/202601/t20260109_314557.html,2025年12月全国法定传染病疫情概况,2025,12,全国,丙类传染病合计,丙类合计,6961521,14,,,2026-05-28 00:56:43,/Users/zhoujia/code/大数据期末实验/大模型助力大数据分析/呼吸道传染病监测与早期预警分析/data/raw/chinacdc_monthly/t20260109_314557_aed7a7d713288a4c.html
中国疾控中心全国法定传染病疫情情况,https://www.chinacdc.cn/jksj/jksj01/202601/t20260109_314557.html,2025年12月全国法定传染病疫情概况,2025,12,全国,流行性感冒,丙类合计,6727614,14,,,2026-05-28 00:56:43,/Users/zhoujia/code/大数据期末实验/大模型助力大数据分析/呼吸道传染病监测与早期预警分析/data/raw/chinacdc_monthly/t20260109_314557_aed7a7d713288a4c.html
中国疾控中心全国法定传染病疫情情况,https://www.chinacdc.cn/jksj/jksj01/202601/t20260109_314557.html,2025年12月全国法定传染病疫情概况,2025,12,全国,流行性腮腺炎,丙类合计,6471,0,,,2026-05-28 00:56:43,/Users/zhoujia/code/大数据期末实验/大模型助力大数据分析/呼吸道传染病监测与早期预警分析/data/raw/chinacdc_monthly/t20260109_314557_aed7a7d713288a4c.html
中国疾控中心全国法定传染病疫情情况,https://www.chinacdc.cn/jksj/jksj01/202601/t20260109_314557.html,2025年12月全国法定传染病疫情概况,2025,12,全国,风疹,丙类合计,38,0,,,2026-05-28 00:56:43,/Users/zhoujia/code/大数据期末实验/大模型助力大数据分析/呼吸道传染病监测与早期预警分析/data/raw/chinacdc_monthly/t20260109_314557_aed7a7d713288a4c.html
中国疾控中心全国法定传染病疫情情况,https://www.chinacdc.cn/jksj/jksj01/202601/t20260109_314557.html,2025年12月全国法定传染病疫情概况,2025,12,全国,急性出血性结膜炎,丙类合计,1560,0,,,2026-05-28 00:56:43,/Users/zhoujia/code/大数据期末实验/大模型助力大数据分析/呼吸道传染病监测与早期预警分析/data/raw/chinacdc_monthly/t20260109_314557_aed7a7d713288a4c.html
中国疾控中心全国法定传染病疫情情况,https://www.chinacdc.cn/jksj/jksj01/202601/t20260109_314557.html,2025年12月全国法定传染病疫情概况,2025,12,全国,麻风病,丙类合计,15,0,,,2026-05-28 00:56:43,/Users/zhoujia/code/大数据期末实验/大模型助力大数据分析/呼吸道传染病监测与早期预警分析/data/raw/chinacdc_monthly/t20260109_314557_aed7a7d713288a4c.html
中国疾控中心全国法定传染病疫情情况,https://www.chinacdc.cn/jksj/jksj01/202601/t20260109_314557.html,2025年12月全国法定传染病疫情概况,2025,12,全国,流行性和地方性斑疹伤寒,丙类合计,65,0,,,2026-05-28 00:56:43,/Users/zhoujia/code/大数据期末实验/大模型助力大数据分析/呼吸道传染病监测与早期预警分析/data/raw/chinacdc_monthly/t20260109_314557_aed7a7d713288a4c.html
中国疾控中心全国法定传染病疫情情况,https://www.chinacdc.cn/jksj/jksj01/202601/t20260109_314557.html,2025年12月全国法定传染病疫情概况,2025,12,全国,黑热病,丙类合计,31,0,,,2026-05-28 00:56:43,/Users/zhoujia/code/大数据期末实验/大模型助力大数据分析/呼吸道传染病监测与早期预警分析/data/raw/chinacdc_monthly/t20260109_314557_aed7a7d713288a4c.html
中国疾控中心全国法定传染病疫情情况,https://www.chinacdc.cn/jksj/jksj01/202601/t20260109_314557.html,2025年12月全国法定传染病疫情概况,2025,12,全国,包虫病,丙类合计,373,0,,,2026-05-28 00:56:43,/Users/zhoujia/code/大数据期末实验/大模型助力大数据分析/呼吸道传染病监测与早期预警分析/data/raw/chinacdc_monthly/t20260109_314557_aed7a7d713288a4c.html
中国疾控中心全国法定传染病疫情情况,https://www.chinacdc.cn/jksj/jksj01/202601/t20260109_314557.html,2025年12月全国法定传染病疫情概况,2025,12,全国,丝虫病,丙类合计,0,0,,,2026-05-28 00:56:43,/Users/zhoujia/code/大数据期末实验/大模型助力大数据分析/呼吸道传染病监测与早期预警分析/data/raw/chinacdc_monthly/t20260109_314557_aed7a7d713288a4c.html
中国疾控中心全国法定传染病疫情情况,https://www.chinacdc.cn/jksj/jksj01/202601/t20260109_314557.html,2025年12月全国法定传染病疫情概况,2025,12,全国,手足口病,丙类合计,106825,0,,,2026-05-28 00:56:43,/Users/zhoujia/code/大数据期末实验/大模型助力大数据分析/呼吸道传染病监测与早期预警分析/data/raw/chinacdc_monthly/t20260109_314557_aed7a7d713288a4c.html
中国疾控中心全国法定传染病疫情情况,https://www.chinacdc.cn/jksj/jksj01/202601/t20260109_314557.html,2025年12月全国法定传染病疫情概况,2025,12,全国,其他感染性腹泻病,丙类合计,118529,0,,,2026-05-28 00:56:43,/Users/zhoujia/code/大数据期末实验/大模型助力大数据分析/呼吸道传染病监测与早期预警分析/data/raw/chinacdc_monthly/t20260109_314557_aed7a7d713288a4c.html
中国疾控中心全国法定传染病疫情情况,https://www.chinacdc.cn/jksj/jksj01/202512/t20251205_314013.html,2025年11月全国法定传染病疫情概况,2025,11,全国,甲乙丙类 传染病 总计,甲乙丙类总计,5399589,2160,,,2026-05-28 00:56:43,/Users/zhoujia/code/大数据期末实验/大模型助力大数据分析/呼吸道传染病监测与早期预警分析/data/raw/chinacdc_monthly/t20251205_314013_13da40748ad3378f.html
中国疾控中心全国法定传染病疫情情况,https://www.chinacdc.cn/jksj/jksj01/202512/t20251205_314013.html,2025年11月全国法定传染病疫情概况,2025,11,全国,甲乙类传染病合计,甲乙类合计,256976,2154,,,2026-05-28 00:56:43,/Users/zhoujia/code/大数据期末实验/大模型助力大数据分析/呼吸道传染病监测与早期预警分析/data/raw/chinacdc_monthly/t20251205_314013_13da40748ad3378f.html
中国疾控中心全国法定传染病疫情情况,https://www.chinacdc.cn/jksj/jksj01/202512/t20251205_314013.html,2025年11月全国法定传染病疫情概况,2025,11,全国,鼠疫,甲乙类合计,0,0,,,2026-05-28 00:56:43,/Users/zhoujia/code/大数据期末实验/大模型助力大数据分析/呼吸道传染病监测与早期预警分析/data/raw/chinacdc_monthly/t20251205_314013_13da40748ad3378f.html
中国疾控中心全国法定传染病疫情情况,https://www.chinacdc.cn/jksj/jksj01/202512/t20251205_314013.html,2025年11月全国法定传染病疫情概况,2025,11,全国,霍乱,甲乙类合计,1,0,,,2026-05-28 00:56:43,/Users/zhoujia/code/大数据期末实验/大模型助力大数据分析/呼吸道传染病监测与早期预警分析/data/raw/chinacdc_monthly/t20251205_314013_13da40748ad3378f.html
中国疾控中心全国法定传染病疫情情况,https://www.chinacdc.cn/jksj/jksj01/202512/t20251205_314013.html,2025年11月全国法定传染病疫情概况,2025,11,全国,新型冠状病毒感染,甲乙类合计,13959,1,,,2026-05-28 00:56:43,/Users/zhoujia/code/大数据期末实验/大模型助力大数据分析/呼吸道传染病监测与早期预警分析/data/raw/chinacdc_monthly/t20251205_314013_13da40748ad3378f.html
中国疾控中心全国法定传染病疫情情况,https://www.chinacdc.cn/jksj/jksj01/202512/t20251205_314013.html,2025年11月全国法定传染病疫情概况,2025,11,全国,传染性非典型肺炎,甲乙类合计,0,0,,,2026-05-28 00:56:43,/Users/zhoujia/code/大数据期末实验/大模型助力大数据分析/呼吸道传染病监测与早期预警分析/data/raw/chinacdc_monthly/t20251205_314013_13da40748ad3378f.html
中国疾控中心全国法定传染病疫情情况,https://www.chinacdc.cn/jksj/jksj01/202512/t20251205_314013.html,2025年11月全国法定传染病疫情概况,2025,11,全国,艾滋病,甲乙类合计,3816,1590,,,2026-05-28 00:56:43,/Users/zhoujia/code/大数据期末实验/大模型助力大数据分析/呼吸道传染病监测与早期预警分析/data/raw/chinacdc_monthly/t20251205_314013_13da40748ad3378f.html
中国疾控中心全国法定传染病疫情情况,https://www.chinacdc.cn/jksj/jksj01/202512/t20251205_314013.html,2025年11月全国法定传染病疫情概况,2025,11,全国,病毒性肝炎,甲乙类合计,119225,299,,,2026-05-28 00:56:43,/Users/zhoujia/code/大数据期末实验/大模型助力大数据分析/呼吸道传染病监测与早期预警分析/data/raw/chinacdc_monthly/t20251205_314013_13da40748ad3378f.html
中国疾控中心全国法定传染病疫情情况,https://www.chinacdc.cn/jksj/jksj01/202512/t20251205_314013.html,2025年11月全国法定传染病疫情概况,2025,11,全国,甲型肝炎,甲乙类合计,1062,0,,,2026-05-28 00:56:43,/Users/zhoujia/code/大数据期末实验/大模型助力大数据分析/呼吸道传染病监测与早期预警分析/data/raw/chinacdc_monthly/t20251205_314013_13da40748ad3378f.html
中国疾控中心全国法定传染病疫情情况,https://www.chinacdc.cn/jksj/jksj01/202512/t20251205_314013.html,2025年11月全国法定传染病疫情概况,2025,11,全国,乙型肝炎,甲乙类合计,101715,42,,,2026-05-28 00:56:43,/Users/zhoujia/code/大数据期末实验/大模型助力大数据分析/呼吸道传染病监测与早期预警分析/data/raw/chinacdc_monthly/t20251205_314013_13da40748ad3378f.html
中国疾控中心全国法定传染病疫情情况,https://www.chinacdc.cn/jksj/jksj01/202512/t20251205_314013.html,2025年11月全国法定传染病疫情概况,2025,11,全国,丙型肝炎,甲乙类合计,13572,256,,,2026-05-28 00:56:43,/Users/zhoujia/code/大数据期末实验/大模型助力大数据分析/呼吸道传染病监测与早期预警分析/data/raw/chinacdc_monthly/t20251205_314013_13da40748ad3378f.html
中国疾控中心全国法定传染病疫情情况,https://www.chinacdc.cn/jksj/jksj01/202512/t20251205_314013.html,2025年11月全国法定传染病疫情概况,2025,11,全国,丁型肝炎,甲乙类合计,30,0,,,2026-05-28 00:56:43,/Users/zhoujia/code/大数据期末实验/大模型助力大数据分析/呼吸道传染病监测与早期预警分析/data/raw/chinacdc_monthly/t20251205_314013_13da40748ad3378f.html
中国疾控中心全国法定传染病疫情情况,https://www.chinacdc.cn/jksj/jksj01/202512/t20251205_314013.html,2025年11月全国法定传染病疫情概况,2025,11,全国,戊型肝炎,甲乙类合计,2287,0,,,2026-05-28 00:56:43,/Users/zhoujia/code/大数据期末实验/大模型助力大数据分析/呼吸道传染病监测与早期预警分析/data/raw/chinacdc_monthly/t20251205_314013_13da40748ad3378f.html
中国疾控中心全国法定传染病疫情情况,https://www.chinacdc.cn/jksj/jksj01/202512/t20251205_314013.html,2025年11月全国法定传染病疫情概况,2025,11,全国,未分型肝炎,甲乙类合计,559,1,,,2026-05-28 00:56:43,/Users/zhoujia/code/大数据期末实验/大模型助力大数据分析/呼吸道传染病监测与早期预警分析/data/raw/chinacdc_monthly/t20251205_314013_13da40748ad3378f.html
中国疾控中心全国法定传染病疫情情况,https://www.chinacdc.cn/jksj/jksj01/202512/t20251205_314013.html,2025年11月全国法定传染病疫情概况,2025,11,全国,脊髓灰质炎,甲乙类合计,0,0,,,2026-05-28 00:56:43,/Users/zhoujia/code/大数据期末实验/大模型助力大数据分析/呼吸道传染病监测与早期预警分析/data/raw/chinacdc_monthly/t20251205_314013_13da40748ad3378f.html
中国疾控中心全国法定传染病疫情情况,https://www.chinacdc.cn/jksj/jksj01/202512/t20251205_314013.html,2025年11月全国法定传染病疫情概况,2025,11,全国,人感染新亚型流感,甲乙类合计,4,0,,,2026-05-28 00:56:43,/Users/zhoujia/code/大数据期末实验/大模型助力大数据分析/呼吸道传染病监测与早期预警分析/data/raw/chinacdc_monthly/t20251205_314013_13da40748ad3378f.html
中国疾控中心全国法定传染病疫情情况,https://www.chinacdc.cn/jksj/jksj01/202512/t20251205_314013.html,2025年11月全国法定传染病疫情概况,2025,11,全国,麻疹,甲乙类合计,75,0,,,2026-05-28 00:56:43,/Users/zhoujia/code/大数据期末实验/大模型助力大数据分析/呼吸道传染病监测与早期预警分析/data/raw/chinacdc_monthly/t20251205_314013_13da40748ad3378f.html
中国疾控中心全国法定传染病疫情情况,https://www.chinacdc.cn/jksj/jksj01/202512/t20251205_314013.html,2025年11月全国法定传染病疫情概况,2025,11,全国,流行性出血热,甲乙类合计,540,5,,,2026-05-28 00:56:43,/Users/zhoujia/code/大数据期末实验/大模型助力大数据分析/呼吸道传染病监测与早期预警分析/data/raw/chinacdc_monthly/t20251205_314013_13da40748ad3378f.html
中国疾控中心全国法定传染病疫情情况,https://www.chinacdc.cn/jksj/jksj01/202512/t20251205_314013.html,2025年11月全国法定传染病疫情概况,2025,11,全国,狂犬病,甲乙类合计,25,18,,,2026-05-28 00:56:43,/Users/zhoujia/code/大数据期末实验/大模型助力大数据分析/呼吸道传染病监测与早期预警分析/data/raw/chinacdc_monthly/t20251205_314013_13da40748ad3378f.html
中国疾控中心全国法定传染病疫情情况,https://www.chinacdc.cn/jksj/jksj01/202512/t20251205_314013.html,2025年11月全国法定传染病疫情概况,2025,11,全国,流行性乙型脑炎,甲乙类合计,5,1,,,2026-05-28 00:56:43,/Users/zhoujia/code/大数据期末实验/大模型助力大数据分析/呼吸道传染病监测与早期预警分析/data/raw/chinacdc_monthly/t20251205_314013_13da40748ad3378f.html
中国疾控中心全国法定传染病疫情情况,https://www.chinacdc.cn/jksj/jksj01/202512/t20251205_314013.html,2025年11月全国法定传染病疫情概况,2025,11,全国,登革热,甲乙类合计,849,0,,,2026-05-28 00:56:43,/Users/zhoujia/code/大数据期末实验/大模型助力大数据分析/呼吸道传染病监测与早期预警分析/data/raw/chinacdc_monthly/t20251205_314013_13da40748ad3378f.html
中国疾控中心全国法定传染病疫情情况,https://www.chinacdc.cn/jksj/jksj01/202512/t20251205_314013.html,2025年11月全国法定传染病疫情概况,2025,11,全国,猴痘,甲乙类合计,65,0,,,2026-05-28 00:56:43,/Users/zhoujia/code/大数据期末实验/大模型助力大数据分析/呼吸道传染病监测与早期预警分析/data/raw/chinacdc_monthly/t20251205_314013_13da40748ad3378f.html
中国疾控中心全国法定传染病疫情情况,https://www.chinacdc.cn/jksj/jksj01/202512/t20251205_314013.html,2025年11月全国法定传染病疫情概况,2025,11,全国,炭疽,甲乙类合计,30,0,,,2026-05-28 00:56:43,/Users/zhoujia/code/大数据期末实验/大模型助力大数据分析/呼吸道传染病监测与早期预警分析/data/raw/chinacdc_monthly/t20251205_314013_13da40748ad3378f.html
中国疾控中心全国法定传染病疫情情况,https://www.chinacdc.cn/jksj/jksj01/202512/t20251205_314013.html,2025年11月全国法定传染病疫情概况,2025,11,全国,细菌性和阿米巴性痢疾,甲乙类合计,1683,1,,,2026-05-28 00:56:43,/Users/zhoujia/code/大数据期末实验/大模型助力大数据分析/呼吸道传染病监测与早期预警分析/data/raw/chinacdc_monthly/t20251205_314013_13da40748ad3378f.html
中国疾控中心全国法定传染病疫情情况,https://www.chinacdc.cn/jksj/jksj01/202512/t20251205_314013.html,2025年11月全国法定传染病疫情概况,2025,11,全国,肺结核,甲乙类合计,48885,234,,,2026-05-28 00:56:43,/Users/zhoujia/code/大数据期末实验/大模型助力大数据分析/呼吸道传染病监测与早期预警分析/data/raw/chinacdc_monthly/t20251205_314013_13da40748ad3378f.html
中国疾控中心全国法定传染病疫情情况,https://www.chinacdc.cn/jksj/jksj01/202512/t20251205_314013.html,2025年11月全国法定传染病疫情概况,2025,11,全国,伤寒和副伤寒,甲乙类合计,390,0,,,2026-05-28 00:56:43,/Users/zhoujia/code/大数据期末实验/大模型助力大数据分析/呼吸道传染病监测与早期预警分析/data/raw/chinacdc_monthly/t20251205_314013_13da40748ad3378f.html
中国疾控中心全国法定传染病疫情情况,https://www.chinacdc.cn/jksj/jksj01/202512/t20251205_314013.html,2025年11月全国法定传染病疫情概况,2025,11,全国,流行性脑脊髓膜炎,甲乙类合计,15,0,,,2026-05-28 00:56:43,/Users/zhoujia/code/大数据期末实验/大模型助力大数据分析/呼吸道传染病监测与早期预警分析/data/raw/chinacdc_monthly/t20251205_314013_13da40748ad3378f.html
中国疾控中心全国法定传染病疫情情况,https://www.chinacdc.cn/jksj/jksj01/202512/t20251205_314013.html,2025年11月全国法定传染病疫情概况,2025,11,全国,百日咳,甲乙类合计,1246,0,,,2026-05-28 00:56:43,/Users/zhoujia/code/大数据期末实验/大模型助力大数据分析/呼吸道传染病监测与早期预警分析/data/raw/chinacdc_monthly/t20251205_314013_13da40748ad3378f.html
中国疾控中心全国法定传染病疫情情况,https://www.chinacdc.cn/jksj/jksj01/202512/t20251205_314013.html,2025年11月全国法定传染病疫情概况,2025,11,全国,白喉,甲乙类合计,0,0,,,2026-05-28 00:56:43,/Users/zhoujia/code/大数据期末实验/大模型助力大数据分析/呼吸道传染病监测与早期预警分析/data/raw/chinacdc_monthly/t20251205_314013_13da40748ad3378f.html
中国疾控中心全国法定传染病疫情情况,https://www.chinacdc.cn/jksj/jksj01/202512/t20251205_314013.html,2025年11月全国法定传染病疫情概况,2025,11,全国,新生儿破伤风,甲乙类合计,1,0,,,2026-05-28 00:56:43,/Users/zhoujia/code/大数据期末实验/大模型助力大数据分析/呼吸道传染病监测与早期预警分析/data/raw/chinacdc_monthly/t20251205_314013_13da40748ad3378f.html
中国疾控中心全国法定传染病疫情情况,https://www.chinacdc.cn/jksj/jksj01/202512/t20251205_314013.html,2025年11月全国法定传染病疫情概况,2025,11,全国,猩红热,甲乙类合计,2638,0,,,2026-05-28 00:56:43,/Users/zhoujia/code/大数据期末实验/大模型助力大数据分析/呼吸道传染病监测与早期预警分析/data/raw/chinacdc_monthly/t20251205_314013_13da40748ad3378f.html
中国疾控中心全国法定传染病疫情情况,https://www.chinacdc.cn/jksj/jksj01/202512/t20251205_314013.html,2025年11月全国法定传染病疫情概况,2025,11,全国,布鲁氏菌病,甲乙类合计,3149,0,,,2026-05-28 00:56:43,/Users/zhoujia/code/大数据期末实验/大模型助力大数据分析/呼吸道传染病监测与早期预警分析/data/raw/chinacdc_monthly/t20251205_314013_13da40748ad3378f.html
中国疾控中心全国法定传染病疫情情况,https://www.chinacdc.cn/jksj/jksj01/202512/t20251205_314013.html,2025年11月全国法定传染病疫情概况,2025,11,全国,淋病,甲乙类合计,9639,0,,,2026-05-28 00:56:43,/Users/zhoujia/code/大数据期末实验/大模型助力大数据分析/呼吸道传染病监测与早期预警分析/data/raw/chinacdc_monthly/t20251205_314013_13da40748ad3378f.html
中国疾控中心全国法定传染病疫情情况,https://www.chinacdc.cn/jksj/jksj01/202512/t20251205_314013.html,2025年11月全国法定传染病疫情概况,2025,11,全国,梅毒,甲乙类合计,50385,5,,,2026-05-28 00:56:43,/Users/zhoujia/code/大数据期末实验/大模型助力大数据分析/呼吸道传染病监测与早期预警分析/data/raw/chinacdc_monthly/t20251205_314013_13da40748ad3378f.html
中国疾控中心全国法定传染病疫情情况,https://www.chinacdc.cn/jksj/jksj01/202512/t20251205_314013.html,2025年11月全国法定传染病疫情概况,2025,11,全国,钩端螺旋体病,甲乙类合计,38,0,,,2026-05-28 00:56:43,/Users/zhoujia/code/大数据期末实验/大模型助力大数据分析/呼吸道传染病监测与早期预警分析/data/raw/chinacdc_monthly/t20251205_314013_13da40748ad3378f.html
中国疾控中心全国法定传染病疫情情况,https://www.chinacdc.cn/jksj/jksj01/202512/t20251205_314013.html,2025年11月全国法定传染病疫情概况,2025,11,全国,血吸虫病,甲乙类合计,1,0,,,2026-05-28 00:56:43,/Users/zhoujia/code/大数据期末实验/大模型助力大数据分析/呼吸道传染病监测与早期预警分析/data/raw/chinacdc_monthly/t20251205_314013_13da40748ad3378f.html
中国疾控中心全国法定传染病疫情情况,https://www.chinacdc.cn/jksj/jksj01/202512/t20251205_314013.html,2025年11月全国法定传染病疫情概况,2025,11,全国,疟疾,甲乙类合计,312,0,,,2026-05-28 00:56:43,/Users/zhoujia/code/大数据期末实验/大模型助力大数据分析/呼吸道传染病监测与早期预警分析/data/raw/chinacdc_monthly/t20251205_314013_13da40748ad3378f.html
中国疾控中心全国法定传染病疫情情况,https://www.chinacdc.cn/jksj/jksj01/202512/t20251205_314013.html,2025年11月全国法定传染病疫情概况,2025,11,全国,丙类传染病合计,丙类合计,5142613,6,,,2026-05-28 00:56:43,/Users/zhoujia/code/大数据期末实验/大模型助力大数据分析/呼吸道传染病监测与早期预警分析/data/raw/chinacdc_monthly/t20251205_314013_13da40748ad3378f.html
中国疾控中心全国法定传染病疫情情况,https://www.chinacdc.cn/jksj/jksj01/202512/t20251205_314013.html,2025年11月全国法定传染病疫情概况,2025,11,全国,流行性感冒,丙类合计,4778856,4,,,2026-05-28 00:56:43,/Users/zhoujia/code/大数据期末实验/大模型助力大数据分析/呼吸道传染病监测与早期预警分析/data/raw/chinacdc_monthly/t20251205_314013_13da40748ad3378f.html
中国疾控中心全国法定传染病疫情情况,https://www.chinacdc.cn/jksj/jksj01/202512/t20251205_314013.html,2025年11月全国法定传染病疫情概况,2025,11,全国,流行性腮腺炎,丙类合计,6700,0,,,2026-05-28 00:56:43,/Users/zhoujia/code/大数据期末实验/大模型助力大数据分析/呼吸道传染病监测与早期预警分析/data/raw/chinacdc_monthly/t20251205_314013_13da40748ad3378f.html
中国疾控中心全国法定传染病疫情情况,https://www.chinacdc.cn/jksj/jksj01/202512/t20251205_314013.html,2025年11月全国法定传染病疫情概况,2025,11,全国,风疹,丙类合计,48,0,,,2026-05-28 00:56:43,/Users/zhoujia/code/大数据期末实验/大模型助力大数据分析/呼吸道传染病监测与早期预警分析/data/raw/chinacdc_monthly/t20251205_314013_13da40748ad3378f.html
中国疾控中心全国法定传染病疫情情况,https://www.chinacdc.cn/jksj/jksj01/202512/t20251205_314013.html,2025年11月全国法定传染病疫情概况,2025,11,全国,急性出血性结膜炎,丙类合计,1765,0,,,2026-05-28 00:56:43,/Users/zhoujia/code/大数据期末实验/大模型助力大数据分析/呼吸道传染病监测与早期预警分析/data/raw/chinacdc_monthly/t20251205_314013_13da40748ad3378f.html
中国疾控中心全国法定传染病疫情情况,https://www.chinacdc.cn/jksj/jksj01/202512/t20251205_314013.html,2025年11月全国法定传染病疫情概况,2025,11,全国,麻风病,丙类合计,12,0,,,2026-05-28 00:56:43,/Users/zhoujia/code/大数据期末实验/大模型助力大数据分析/呼吸道传染病监测与早期预警分析/data/raw/chinacdc_monthly/t20251205_314013_13da40748ad3378f.html
中国疾控中心全国法定传染病疫情情况,https://www.chinacdc.cn/jksj/jksj01/202512/t20251205_314013.html,2025年11月全国法定传染病疫情概况,2025,11,全国,流行性和地方性斑疹伤寒,丙类合计,154,0,,,2026-05-28 00:56:43,/Users/zhoujia/code/大数据期末实验/大模型助力大数据分析/呼吸道传染病监测与早期预警分析/data/raw/chinacdc_monthly/t20251205_314013_13da40748ad3378f.html
中国疾控中心全国法定传染病疫情情况,https://www.chinacdc.cn/jksj/jksj01/202512/t20251205_314013.html,2025年11月全国法定传染病疫情概况,2025,11,全国,黑热病,丙类合计,32,0,,,2026-05-28 00:56:43,/Users/zhoujia/code/大数据期末实验/大模型助力大数据分析/呼吸道传染病监测与早期预警分析/data/raw/chinacdc_monthly/t20251205_314013_13da40748ad3378f.html
中国疾控中心全国法定传染病疫情情况,https://www.chinacdc.cn/jksj/jksj01/202512/t20251205_314013.html,2025年11月全国法定传染病疫情概况,2025,11,全国,包虫病,丙类合计,315,1,,,2026-05-28 00:56:43,/Users/zhoujia/code/大数据期末实验/大模型助力大数据分析/呼吸道传染病监测与早期预警分析/data/raw/chinacdc_monthly/t20251205_314013_13da40748ad3378f.html
中国疾控中心全国法定传染病疫情情况,https://www.chinacdc.cn/jksj/jksj01/202512/t20251205_314013.html,2025年11月全国法定传染病疫情概况,2025,11,全国,丝虫病,丙类合计,0,0,,,2026-05-28 00:56:43,/Users/zhoujia/code/大数据期末实验/大模型助力大数据分析/呼吸道传染病监测与早期预警分析/data/raw/chinacdc_monthly/t20251205_314013_13da40748ad3378f.html
中国疾控中心全国法定传染病疫情情况,https://www.chinacdc.cn/jksj/jksj01/202512/t20251205_314013.html,2025年11月全国法定传染病疫情概况,2025,11,全国,手足口病,丙类合计,269337,1,,,2026-05-28 00:56:43,/Users/zhoujia/code/大数据期末实验/大模型助力大数据分析/呼吸道传染病监测与早期预警分析/data/raw/chinacdc_monthly/t20251205_314013_13da40748ad3378f.html
中国疾控中心全国法定传染病疫情情况,https://www.chinacdc.cn/jksj/jksj01/202512/t20251205_314013.html,2025年11月全国法定传染病疫情概况,2025,11,全国,其他感染性腹泻病,丙类合计,85394,0,,,2026-05-28 00:56:43,/Users/zhoujia/code/大数据期末实验/大模型助力大数据分析/呼吸道传染病监测与早期预警分析/data/raw/chinacdc_monthly/t20251205_314013_13da40748ad3378f.html
中国疾控中心全国法定传染病疫情情况,https://www.chinacdc.cn/jksj/jksj01/202511/t20251106_313323.html,2025年10月全国法定传染病疫情概况,2025,10,全国,甲乙丙类 传染病 总计,甲乙丙类总计,1191646,2054,,,2026-05-28 00:56:43,/Users/zhoujia/code/大数据期末实验/大模型助力大数据分析/呼吸道传染病监测与早期预警分析/data/raw/chinacdc_monthly/t20251106_313323_01edb08166525703.html
中国疾控中心全国法定传染病疫情情况,https://www.chinacdc.cn/jksj/jksj01/202511/t20251106_313323.html,2025年10月全国法定传染病疫情概况,2025,10,全国,甲乙类传染病合计,甲乙类合计,263787,2054,,,2026-05-28 00:56:43,/Users/zhoujia/code/大数据期末实验/大模型助力大数据分析/呼吸道传染病监测与早期预警分析/data/raw/chinacdc_monthly/t20251106_313323_01edb08166525703.html
中国疾控中心全国法定传染病疫情情况,https://www.chinacdc.cn/jksj/jksj01/202511/t20251106_313323.html,2025年10月全国法定传染病疫情概况,2025,10,全国,鼠疫,甲乙类合计,0,0,,,2026-05-28 00:56:43,/Users/zhoujia/code/大数据期末实验/大模型助力大数据分析/呼吸道传染病监测与早期预警分析/data/raw/chinacdc_monthly/t20251106_313323_01edb08166525703.html
中国疾控中心全国法定传染病疫情情况,https://www.chinacdc.cn/jksj/jksj01/202511/t20251106_313323.html,2025年10月全国法定传染病疫情概况,2025,10,全国,霍乱,甲乙类合计,3,0,,,2026-05-28 00:56:43,/Users/zhoujia/code/大数据期末实验/大模型助力大数据分析/呼吸道传染病监测与早期预警分析/data/raw/chinacdc_monthly/t20251106_313323_01edb08166525703.html
中国疾控中心全国法定传染病疫情情况,https://www.chinacdc.cn/jksj/jksj01/202511/t20251106_313323.html,2025年10月全国法定传染病疫情概况,2025,10,全国,新型冠状病毒感染,甲乙类合计,18704,3,,,2026-05-28 00:56:43,/Users/zhoujia/code/大数据期末实验/大模型助力大数据分析/呼吸道传染病监测与早期预警分析/data/raw/chinacdc_monthly/t20251106_313323_01edb08166525703.html
中国疾控中心全国法定传染病疫情情况,https://www.chinacdc.cn/jksj/jksj01/202511/t20251106_313323.html,2025年10月全国法定传染病疫情概况,2025,10,全国,传染性非典型肺炎,甲乙类合计,0,0,,,2026-05-28 00:56:43,/Users/zhoujia/code/大数据期末实验/大模型助力大数据分析/呼吸道传染病监测与早期预警分析/data/raw/chinacdc_monthly/t20251106_313323_01edb08166525703.html
中国疾控中心全国法定传染病疫情情况,https://www.chinacdc.cn/jksj/jksj01/202511/t20251106_313323.html,2025年10月全国法定传染病疫情概况,2025,10,全国,艾滋病,甲乙类合计,3749,1532,,,2026-05-28 00:56:43,/Users/zhoujia/code/大数据期末实验/大模型助力大数据分析/呼吸道传染病监测与早期预警分析/data/raw/chinacdc_monthly/t20251106_313323_01edb08166525703.html
中国疾控中心全国法定传染病疫情情况,https://www.chinacdc.cn/jksj/jksj01/202511/t20251106_313323.html,2025年10月全国法定传染病疫情概况,2025,10,全国,病毒性肝炎,甲乙类合计,116746,247,,,2026-05-28 00:56:43,/Users/zhoujia/code/大数据期末实验/大模型助力大数据分析/呼吸道传染病监测与早期预警分析/data/raw/chinacdc_monthly/t20251106_313323_01edb08166525703.html
中国疾控中心全国法定传染病疫情情况,https://www.chinacdc.cn/jksj/jksj01/202511/t20251106_313323.html,2025年10月全国法定传染病疫情概况,2025,10,全国,甲型肝炎,甲乙类合计,1036,0,,,2026-05-28 00:56:43,/Users/zhoujia/code/大数据期末实验/大模型助力大数据分析/呼吸道传染病监测与早期预警分析/data/raw/chinacdc_monthly/t20251106_313323_01edb08166525703.html
中国疾控中心全国法定传染病疫情情况,https://www.chinacdc.cn/jksj/jksj01/202511/t20251106_313323.html,2025年10月全国法定传染病疫情概况,2025,10,全国,乙型肝炎,甲乙类合计,99645,42,,,2026-05-28 00:56:43,/Users/zhoujia/code/大数据期末实验/大模型助力大数据分析/呼吸道传染病监测与早期预警分析/data/raw/chinacdc_monthly/t20251106_313323_01edb08166525703.html
中国疾控中心全国法定传染病疫情情况,https://www.chinacdc.cn/jksj/jksj01/202511/t20251106_313323.html,2025年10月全国法定传染病疫情概况,2025,10,全国,丙型肝炎,甲乙类合计,13170,205,,,2026-05-28 00:56:43,/Users/zhoujia/code/大数据期末实验/大模型助力大数据分析/呼吸道传染病监测与早期预警分析/data/raw/chinacdc_monthly/t20251106_313323_01edb08166525703.html
中国疾控中心全国法定传染病疫情情况,https://www.chinacdc.cn/jksj/jksj01/202511/t20251106_313323.html,2025年10月全国法定传染病疫情概况,2025,10,全国,丁型肝炎,甲乙类合计,16,0,,,2026-05-28 00:56:43,/Users/zhoujia/code/大数据期末实验/大模型助力大数据分析/呼吸道传染病监测与早期预警分析/data/raw/chinacdc_monthly/t20251106_313323_01edb08166525703.html
中国疾控中心全国法定传染病疫情情况,https://www.chinacdc.cn/jksj/jksj01/202511/t20251106_313323.html,2025年10月全国法定传染病疫情概况,2025,10,全国,戊型肝炎,甲乙类合计,2333,0,,,2026-05-28 00:56:43,/Users/zhoujia/code/大数据期末实验/大模型助力大数据分析/呼吸道传染病监测与早期预警分析/data/raw/chinacdc_monthly/t20251106_313323_01edb08166525703.html
中国疾控中心全国法定传染病疫情情况,https://www.chinacdc.cn/jksj/jksj01/202511/t20251106_313323.html,2025年10月全国法定传染病疫情概况,2025,10,全国,未分型肝炎,甲乙类合计,546,0,,,2026-05-28 00:56:43,/Users/zhoujia/code/大数据期末实验/大模型助力大数据分析/呼吸道传染病监测与早期预警分析/data/raw/chinacdc_monthly/t20251106_313323_01edb08166525703.html
中国疾控中心全国法定传染病疫情情况,https://www.chinacdc.cn/jksj/jksj01/202511/t20251106_313323.html,2025年10月全国法定传染病疫情概况,2025,10,全国,脊髓灰质炎,甲乙类合计,0,0,,,2026-05-28 00:56:43,/Users/zhoujia/code/大数据期末实验/大模型助力大数据分析/呼吸道传染病监测与早期预警分析/data/raw/chinacdc_monthly/t20251106_313323_01edb08166525703.html
中国疾控中心全国法定传染病疫情情况,https://www.chinacdc.cn/jksj/jksj01/202511/t20251106_313323.html,2025年10月全国法定传染病疫情概况,2025,10,全国,人感染新亚型流感,甲乙类合计,5,0,,,2026-05-28 00:56:43,/Users/zhoujia/code/大数据期末实验/大模型助力大数据分析/呼吸道传染病监测与早期预警分析/data/raw/chinacdc_monthly/t20251106_313323_01edb08166525703.html
中国疾控中心全国法定传染病疫情情况,https://www.chinacdc.cn/jksj/jksj01/202511/t20251106_313323.html,2025年10月全国法定传染病疫情概况,2025,10,全国,麻疹,甲乙类合计,65,0,,,2026-05-28 00:56:43,/Users/zhoujia/code/大数据期末实验/大模型助力大数据分析/呼吸道传染病监测与早期预警分析/data/raw/chinacdc_monthly/t20251106_313323_01edb08166525703.html
中国疾控中心全国法定传染病疫情情况,https://www.chinacdc.cn/jksj/jksj01/202511/t20251106_313323.html,2025年10月全国法定传染病疫情概况,2025,10,全国,流行性出血热,甲乙类合计,233,0,,,2026-05-28 00:56:43,/Users/zhoujia/code/大数据期末实验/大模型助力大数据分析/呼吸道传染病监测与早期预警分析/data/raw/chinacdc_monthly/t20251106_313323_01edb08166525703.html
中国疾控中心全国法定传染病疫情情况,https://www.chinacdc.cn/jksj/jksj01/202511/t20251106_313323.html,2025年10月全国法定传染病疫情概况,2025,10,全国,狂犬病,甲乙类合计,22,22,,,2026-05-28 00:56:43,/Users/zhoujia/code/大数据期末实验/大模型助力大数据分析/呼吸道传染病监测与早期预警分析/data/raw/chinacdc_monthly/t20251106_313323_01edb08166525703.html
中国疾控中心全国法定传染病疫情情况,https://www.chinacdc.cn/jksj/jksj01/202511/t20251106_313323.html,2025年10月全国法定传染病疫情概况,2025,10,全国,流行性乙型脑炎,甲乙类合计,21,1,,,2026-05-28 00:56:43,/Users/zhoujia/code/大数据期末实验/大模型助力大数据分析/呼吸道传染病监测与早期预警分析/data/raw/chinacdc_monthly/t20251106_313323_01edb08166525703.html
中国疾控中心全国法定传染病疫情情况,https://www.chinacdc.cn/jksj/jksj01/202511/t20251106_313323.html,2025年10月全国法定传染病疫情概况,2025,10,全国,登革热,甲乙类合计,3727,0,,,2026-05-28 00:56:43,/Users/zhoujia/code/大数据期末实验/大模型助力大数据分析/呼吸道传染病监测与早期预警分析/data/raw/chinacdc_monthly/t20251106_313323_01edb08166525703.html
中国疾控中心全国法定传染病疫情情况,https://www.chinacdc.cn/jksj/jksj01/202511/t20251106_313323.html,2025年10月全国法定传染病疫情概况,2025,10,全国,猴痘,甲乙类合计,71,0,,,2026-05-28 00:56:43,/Users/zhoujia/code/大数据期末实验/大模型助力大数据分析/呼吸道传染病监测与早期预警分析/data/raw/chinacdc_monthly/t20251106_313323_01edb08166525703.html
中国疾控中心全国法定传染病疫情情况,https://www.chinacdc.cn/jksj/jksj01/202511/t20251106_313323.html,2025年10月全国法定传染病疫情概况,2025,10,全国,炭疽,甲乙类合计,34,0,,,2026-05-28 00:56:43,/Users/zhoujia/code/大数据期末实验/大模型助力大数据分析/呼吸道传染病监测与早期预警分析/data/raw/chinacdc_monthly/t20251106_313323_01edb08166525703.html
中国疾控中心全国法定传染病疫情情况,https://www.chinacdc.cn/jksj/jksj01/202511/t20251106_313323.html,2025年10月全国法定传染病疫情概况,2025,10,全国,细菌性和阿米巴性痢疾,甲乙类合计,2501,0,,,2026-05-28 00:56:43,/Users/zhoujia/code/大数据期末实验/大模型助力大数据分析/呼吸道传染病监测与早期预警分析/data/raw/chinacdc_monthly/t20251106_313323_01edb08166525703.html
中国疾控中心全国法定传染病疫情情况,https://www.chinacdc.cn/jksj/jksj01/202511/t20251106_313323.html,2025年10月全国法定传染病疫情概况,2025,10,全国,肺结核,甲乙类合计,50265,240,,,2026-05-28 00:56:43,/Users/zhoujia/code/大数据期末实验/大模型助力大数据分析/呼吸道传染病监测与早期预警分析/data/raw/chinacdc_monthly/t20251106_313323_01edb08166525703.html
中国疾控中心全国法定传染病疫情情况,https://www.chinacdc.cn/jksj/jksj01/202511/t20251106_313323.html,2025年10月全国法定传染病疫情概况,2025,10,全国,伤寒和副伤寒,甲乙类合计,511,0,,,2026-05-28 00:56:43,/Users/zhoujia/code/大数据期末实验/大模型助力大数据分析/呼吸道传染病监测与早期预警分析/data/raw/chinacdc_monthly/t20251106_313323_01edb08166525703.html
中国疾控中心全国法定传染病疫情情况,https://www.chinacdc.cn/jksj/jksj01/202511/t20251106_313323.html,2025年10月全国法定传染病疫情概况,2025,10,全国,流行性脑脊髓膜炎,甲乙类合计,9,0,,,2026-05-28 00:56:43,/Users/zhoujia/code/大数据期末实验/大模型助力大数据分析/呼吸道传染病监测与早期预警分析/data/raw/chinacdc_monthly/t20251106_313323_01edb08166525703.html
中国疾控中心全国法定传染病疫情情况,https://www.chinacdc.cn/jksj/jksj01/202511/t20251106_313323.html,2025年10月全国法定传染病疫情概况,2025,10,全国,百日咳,甲乙类合计,893,0,,,2026-05-28 00:56:43,/Users/zhoujia/code/大数据期末实验/大模型助力大数据分析/呼吸道传染病监测与早期预警分析/data/raw/chinacdc_monthly/t20251106_313323_01edb08166525703.html
中国疾控中心全国法定传染病疫情情况,https://www.chinacdc.cn/jksj/jksj01/202511/t20251106_313323.html,2025年10月全国法定传染病疫情概况,2025,10,全国,白喉,甲乙类合计,0,0,,,2026-05-28 00:56:43,/Users/zhoujia/code/大数据期末实验/大模型助力大数据分析/呼吸道传染病监测与早期预警分析/data/raw/chinacdc_monthly/t20251106_313323_01edb08166525703.html
中国疾控中心全国法定传染病疫情情况,https://www.chinacdc.cn/jksj/jksj01/202511/t20251106_313323.html,2025年10月全国法定传染病疫情概况,2025,10,全国,新生儿破伤风,甲乙类合计,0,0,,,2026-05-28 00:56:43,/Users/zhoujia/code/大数据期末实验/大模型助力大数据分析/呼吸道传染病监测与早期预警分析/data/raw/chinacdc_monthly/t20251106_313323_01edb08166525703.html
中国疾控中心全国法定传染病疫情情况,https://www.chinacdc.cn/jksj/jksj01/202511/t20251106_313323.html,2025年10月全国法定传染病疫情概况,2025,10,全国,猩红热,甲乙类合计,2073,0,,,2026-05-28 00:56:43,/Users/zhoujia/code/大数据期末实验/大模型助力大数据分析/呼吸道传染病监测与早期预警分析/data/raw/chinacdc_monthly/t20251106_313323_01edb08166525703.html
中国疾控中心全国法定传染病疫情情况,https://www.chinacdc.cn/jksj/jksj01/202511/t20251106_313323.html,2025年10月全国法定传染病疫情概况,2025,10,全国,布鲁氏菌病,甲乙类合计,3298,0,,,2026-05-28 00:56:43,/Users/zhoujia/code/大数据期末实验/大模型助力大数据分析/呼吸道传染病监测与早期预警分析/data/raw/chinacdc_monthly/t20251106_313323_01edb08166525703.html
中国疾控中心全国法定传染病疫情情况,https://www.chinacdc.cn/jksj/jksj01/202511/t20251106_313323.html,2025年10月全国法定传染病疫情概况,2025,10,全国,淋病,甲乙类合计,10003,1,,,2026-05-28 00:56:43,/Users/zhoujia/code/大数据期末实验/大模型助力大数据分析/呼吸道传染病监测与早期预警分析/data/raw/chinacdc_monthly/t20251106_313323_01edb08166525703.html
中国疾控中心全国法定传染病疫情情况,https://www.chinacdc.cn/jksj/jksj01/202511/t20251106_313323.html,2025年10月全国法定传染病疫情概况,2025,10,全国,梅毒,甲乙类合计,50354,7,,,2026-05-28 00:56:43,/Users/zhoujia/code/大数据期末实验/大模型助力大数据分析/呼吸道传染病监测与早期预警分析/data/raw/chinacdc_monthly/t20251106_313323_01edb08166525703.html
中国疾控中心全国法定传染病疫情情况,https://www.chinacdc.cn/jksj/jksj01/202511/t20251106_313323.html,2025年10月全国法定传染病疫情概况,2025,10,全国,钩端螺旋体病,甲乙类合计,169,0,,,2026-05-28 00:56:43,/Users/zhoujia/code/大数据期末实验/大模型助力大数据分析/呼吸道传染病监测与早期预警分析/data/raw/chinacdc_monthly/t20251106_313323_01edb08166525703.html
中国疾控中心全国法定传染病疫情情况,https://www.chinacdc.cn/jksj/jksj01/202511/t20251106_313323.html,2025年10月全国法定传染病疫情概况,2025,10,全国,血吸虫病,甲乙类合计,0,0,,,2026-05-28 00:56:43,/Users/zhoujia/code/大数据期末实验/大模型助力大数据分析/呼吸道传染病监测与早期预警分析/data/raw/chinacdc_monthly/t20251106_313323_01edb08166525703.html
中国疾控中心全国法定传染病疫情情况,https://www.chinacdc.cn/jksj/jksj01/202511/t20251106_313323.html,2025年10月全国法定传染病疫情概况,2025,10,全国,疟疾,甲乙类合计,331,1,,,2026-05-28 00:56:43,/Users/zhoujia/code/大数据期末实验/大模型助力大数据分析/呼吸道传染病监测与早期预警分析/data/raw/chinacdc_monthly/t20251106_313323_01edb08166525703.html
中国疾控中心全国法定传染病疫情情况,https://www.chinacdc.cn/jksj/jksj01/202511/t20251106_313323.html,2025年10月全国法定传染病疫情概况,2025,10,全国,丙类传染病合计,丙类合计,927859,0,,,2026-05-28 00:56:43,/Users/zhoujia/code/大数据期末实验/大模型助力大数据分析/呼吸道传染病监测与早期预警分析/data/raw/chinacdc_monthly/t20251106_313323_01edb08166525703.html
中国疾控中心全国法定传染病疫情情况,https://www.chinacdc.cn/jksj/jksj01/202511/t20251106_313323.html,2025年10月全国法定传染病疫情概况,2025,10,全国,流行性感冒,丙类合计,427083,0,,,2026-05-28 00:56:43,/Users/zhoujia/code/大数据期末实验/大模型助力大数据分析/呼吸道传染病监测与早期预警分析/data/raw/chinacdc_monthly/t20251106_313323_01edb08166525703.html
中国疾控中心全国法定传染病疫情情况,https://www.chinacdc.cn/jksj/jksj01/202511/t20251106_313323.html,2025年10月全国法定传染病疫情概况,2025,10,全国,流行性腮腺炎,丙类合计,7093,0,,,2026-05-28 00:56:43,/Users/zhoujia/code/大数据期末实验/大模型助力大数据分析/呼吸道传染病监测与早期预警分析/data/raw/chinacdc_monthly/t20251106_313323_01edb08166525703.html
中国疾控中心全国法定传染病疫情情况,https://www.chinacdc.cn/jksj/jksj01/202511/t20251106_313323.html,2025年10月全国法定传染病疫情概况,2025,10,全国,风疹,丙类合计,53,0,,,2026-05-28 00:56:43,/Users/zhoujia/code/大数据期末实验/大模型助力大数据分析/呼吸道传染病监测与早期预警分析/data/raw/chinacdc_monthly/t20251106_313323_01edb08166525703.html
中国疾控中心全国法定传染病疫情情况,https://www.chinacdc.cn/jksj/jksj01/202511/t20251106_313323.html,2025年10月全国法定传染病疫情概况,2025,10,全国,急性出血性结膜炎,丙类合计,1790,0,,,2026-05-28 00:56:43,/Users/zhoujia/code/大数据期末实验/大模型助力大数据分析/呼吸道传染病监测与早期预警分析/data/raw/chinacdc_monthly/t20251106_313323_01edb08166525703.html
中国疾控中心全国法定传染病疫情情况,https://www.chinacdc.cn/jksj/jksj01/202511/t20251106_313323.html,2025年10月全国法定传染病疫情概况,2025,10,全国,麻风病,丙类合计,14,0,,,2026-05-28 00:56:43,/Users/zhoujia/code/大数据期末实验/大模型助力大数据分析/呼吸道传染病监测与早期预警分析/data/raw/chinacdc_monthly/t20251106_313323_01edb08166525703.html
中国疾控中心全国法定传染病疫情情况,https://www.chinacdc.cn/jksj/jksj01/202511/t20251106_313323.html,2025年10月全国法定传染病疫情概况,2025,10,全国,流行性和地方性斑疹伤寒,丙类合计,165,0,,,2026-05-28 00:56:43,/Users/zhoujia/code/大数据期末实验/大模型助力大数据分析/呼吸道传染病监测与早期预警分析/data/raw/chinacdc_monthly/t20251106_313323_01edb08166525703.html
中国疾控中心全国法定传染病疫情情况,https://www.chinacdc.cn/jksj/jksj01/202511/t20251106_313323.html,2025年10月全国法定传染病疫情概况,2025,10,全国,黑热病,丙类合计,25,0,,,2026-05-28 00:56:43,/Users/zhoujia/code/大数据期末实验/大模型助力大数据分析/呼吸道传染病监测与早期预警分析/data/raw/chinacdc_monthly/t20251106_313323_01edb08166525703.html
中国疾控中心全国法定传染病疫情情况,https://www.chinacdc.cn/jksj/jksj01/202511/t20251106_313323.html,2025年10月全国法定传染病疫情概况,2025,10,全国,包虫病,丙类合计,242,0,,,2026-05-28 00:56:43,/Users/zhoujia/code/大数据期末实验/大模型助力大数据分析/呼吸道传染病监测与早期预警分析/data/raw/chinacdc_monthly/t20251106_313323_01edb08166525703.html
中国疾控中心全国法定传染病疫情情况,https://www.chinacdc.cn/jksj/jksj01/202511/t20251106_313323.html,2025年10月全国法定传染病疫情概况,2025,10,全国,丝虫病,丙类合计,0,0,,,2026-05-28 00:56:43,/Users/zhoujia/code/大数据期末实验/大模型助力大数据分析/呼吸道传染病监测与早期预警分析/data/raw/chinacdc_monthly/t20251106_313323_01edb08166525703.html
中国疾控中心全国法定传染病疫情情况,https://www.chinacdc.cn/jksj/jksj01/202511/t20251106_313323.html,2025年10月全国法定传染病疫情概况,2025,10,全国,手足口病,丙类合计,378738,0,,,2026-05-28 00:56:43,/Users/zhoujia/code/大数据期末实验/大模型助力大数据分析/呼吸道传染病监测与早期预警分析/data/raw/chinacdc_monthly/t20251106_313323_01edb08166525703.html
中国疾控中心全国法定传染病疫情情况,https://www.chinacdc.cn/jksj/jksj01/202511/t20251106_313323.html,2025年10月全国法定传染病疫情概况,2025,10,全国,其他感染性腹泻病,丙类合计,112656,0,,,2026-05-28 00:56:43,/Users/zhoujia/code/大数据期末实验/大模型助力大数据分析/呼吸道传染病监测与早期预警分析/data/raw/chinacdc_monthly/t20251106_313323_01edb08166525703.html
中国疾控中心全国法定传染病疫情情况,https://www.chinacdc.cn/jksj/jksj01/202510/t20251011_312919.html,2025年9月全国法定传染病疫情概况,2025,9,全国,甲乙丙类 传染病 总计,甲乙丙类总计,785983,2308,,,2026-05-28 00:56:43,/Users/zhoujia/code/大数据期末实验/大模型助力大数据分析/呼吸道传染病监测与早期预警分析/data/raw/chinacdc_monthly/t20251011_312919_c3dc11db266c07e2.html
中国疾控中心全国法定传染病疫情情况,https://www.chinacdc.cn/jksj/jksj01/202510/t20251011_312919.html,2025年9月全国法定传染病疫情概况,2025,9,全国,甲乙类传染病合计,甲乙类合计,332321,2306,,,2026-05-28 00:56:43,/Users/zhoujia/code/大数据期末实验/大模型助力大数据分析/呼吸道传染病监测与早期预警分析/data/raw/chinacdc_monthly/t20251011_312919_c3dc11db266c07e2.html
中国疾控中心全国法定传染病疫情情况,https://www.chinacdc.cn/jksj/jksj01/202510/t20251011_312919.html,2025年9月全国法定传染病疫情概况,2025,9,全国,鼠疫,甲乙类合计,0,0,,,2026-05-28 00:56:43,/Users/zhoujia/code/大数据期末实验/大模型助力大数据分析/呼吸道传染病监测与早期预警分析/data/raw/chinacdc_monthly/t20251011_312919_c3dc11db266c07e2.html
中国疾控中心全国法定传染病疫情情况,https://www.chinacdc.cn/jksj/jksj01/202510/t20251011_312919.html,2025年9月全国法定传染病疫情概况,2025,9,全国,霍乱,甲乙类合计,1,0,,,2026-05-28 00:56:43,/Users/zhoujia/code/大数据期末实验/大模型助力大数据分析/呼吸道传染病监测与早期预警分析/data/raw/chinacdc_monthly/t20251011_312919_c3dc11db266c07e2.html
中国疾控中心全国法定传染病疫情情况,https://www.chinacdc.cn/jksj/jksj01/202510/t20251011_312919.html,2025年9月全国法定传染病疫情概况,2025,9,全国,新型冠状病毒感染,甲乙类合计,66915,4,,,2026-05-28 00:56:43,/Users/zhoujia/code/大数据期末实验/大模型助力大数据分析/呼吸道传染病监测与早期预警分析/data/raw/chinacdc_monthly/t20251011_312919_c3dc11db266c07e2.html
中国疾控中心全国法定传染病疫情情况,https://www.chinacdc.cn/jksj/jksj01/202510/t20251011_312919.html,2025年9月全国法定传染病疫情概况,2025,9,全国,传染性非典型肺炎,甲乙类合计,0,0,,,2026-05-28 00:56:43,/Users/zhoujia/code/大数据期末实验/大模型助力大数据分析/呼吸道传染病监测与早期预警分析/data/raw/chinacdc_monthly/t20251011_312919_c3dc11db266c07e2.html
中国疾控中心全国法定传染病疫情情况,https://www.chinacdc.cn/jksj/jksj01/202510/t20251011_312919.html,2025年9月全国法定传染病疫情概况,2025,9,全国,艾滋病,甲乙类合计,4571,1675,,,2026-05-28 00:56:43,/Users/zhoujia/code/大数据期末实验/大模型助力大数据分析/呼吸道传染病监测与早期预警分析/data/raw/chinacdc_monthly/t20251011_312919_c3dc11db266c07e2.html
中国疾控中心全国法定传染病疫情情况,https://www.chinacdc.cn/jksj/jksj01/202510/t20251011_312919.html,2025年9月全国法定传染病疫情概况,2025,9,全国,病毒性肝炎,甲乙类合计,125571,324,,,2026-05-28 00:56:43,/Users/zhoujia/code/大数据期末实验/大模型助力大数据分析/呼吸道传染病监测与早期预警分析/data/raw/chinacdc_monthly/t20251011_312919_c3dc11db266c07e2.html
中国疾控中心全国法定传染病疫情情况,https://www.chinacdc.cn/jksj/jksj01/202510/t20251011_312919.html,2025年9月全国法定传染病疫情概况,2025,9,全国,甲型肝炎,甲乙类合计,1228,0,,,2026-05-28 00:56:43,/Users/zhoujia/code/大数据期末实验/大模型助力大数据分析/呼吸道传染病监测与早期预警分析/data/raw/chinacdc_monthly/t20251011_312919_c3dc11db266c07e2.html
中国疾控中心全国法定传染病疫情情况,https://www.chinacdc.cn/jksj/jksj01/202510/t20251011_312919.html,2025年9月全国法定传染病疫情概况,2025,9,全国,乙型肝炎,甲乙类合计,105931,41,,,2026-05-28 00:56:43,/Users/zhoujia/code/大数据期末实验/大模型助力大数据分析/呼吸道传染病监测与早期预警分析/data/raw/chinacdc_monthly/t20251011_312919_c3dc11db266c07e2.html
中国疾控中心全国法定传染病疫情情况,https://www.chinacdc.cn/jksj/jksj01/202510/t20251011_312919.html,2025年9月全国法定传染病疫情概况,2025,9,全国,丙型肝炎,甲乙类合计,14991,282,,,2026-05-28 00:56:43,/Users/zhoujia/code/大数据期末实验/大模型助力大数据分析/呼吸道传染病监测与早期预警分析/data/raw/chinacdc_monthly/t20251011_312919_c3dc11db266c07e2.html
中国疾控中心全国法定传染病疫情情况,https://www.chinacdc.cn/jksj/jksj01/202510/t20251011_312919.html,2025年9月全国法定传染病疫情概况,2025,9,全国,丁型肝炎,甲乙类合计,27,0,,,2026-05-28 00:56:43,/Users/zhoujia/code/大数据期末实验/大模型助力大数据分析/呼吸道传染病监测与早期预警分析/data/raw/chinacdc_monthly/t20251011_312919_c3dc11db266c07e2.html
中国疾控中心全国法定传染病疫情情况,https://www.chinacdc.cn/jksj/jksj01/202510/t20251011_312919.html,2025年9月全国法定传染病疫情概况,2025,9,全国,戊型肝炎,甲乙类合计,2798,0,,,2026-05-28 00:56:43,/Users/zhoujia/code/大数据期末实验/大模型助力大数据分析/呼吸道传染病监测与早期预警分析/data/raw/chinacdc_monthly/t20251011_312919_c3dc11db266c07e2.html
中国疾控中心全国法定传染病疫情情况,https://www.chinacdc.cn/jksj/jksj01/202510/t20251011_312919.html,2025年9月全国法定传染病疫情概况,2025,9,全国,未分型肝炎,甲乙类合计,596,1,,,2026-05-28 00:56:43,/Users/zhoujia/code/大数据期末实验/大模型助力大数据分析/呼吸道传染病监测与早期预警分析/data/raw/chinacdc_monthly/t20251011_312919_c3dc11db266c07e2.html
中国疾控中心全国法定传染病疫情情况,https://www.chinacdc.cn/jksj/jksj01/202510/t20251011_312919.html,2025年9月全国法定传染病疫情概况,2025,9,全国,脊髓灰质炎,甲乙类合计,0,0,,,2026-05-28 00:56:43,/Users/zhoujia/code/大数据期末实验/大模型助力大数据分析/呼吸道传染病监测与早期预警分析/data/raw/chinacdc_monthly/t20251011_312919_c3dc11db266c07e2.html
中国疾控中心全国法定传染病疫情情况,https://www.chinacdc.cn/jksj/jksj01/202510/t20251011_312919.html,2025年9月全国法定传染病疫情概况,2025,9,全国,人感染新亚型流感,甲乙类合计,2,0,,,2026-05-28 00:56:43,/Users/zhoujia/code/大数据期末实验/大模型助力大数据分析/呼吸道传染病监测与早期预警分析/data/raw/chinacdc_monthly/t20251011_312919_c3dc11db266c07e2.html
中国疾控中心全国法定传染病疫情情况,https://www.chinacdc.cn/jksj/jksj01/202510/t20251011_312919.html,2025年9月全国法定传染病疫情概况,2025,9,全国,麻疹,甲乙类合计,55,0,,,2026-05-28 00:56:43,/Users/zhoujia/code/大数据期末实验/大模型助力大数据分析/呼吸道传染病监测与早期预警分析/data/raw/chinacdc_monthly/t20251011_312919_c3dc11db266c07e2.html
中国疾控中心全国法定传染病疫情情况,https://www.chinacdc.cn/jksj/jksj01/202510/t20251011_312919.html,2025年9月全国法定传染病疫情概况,2025,9,全国,流行性出血热,甲乙类合计,102,0,,,2026-05-28 00:56:43,/Users/zhoujia/code/大数据期末实验/大模型助力大数据分析/呼吸道传染病监测与早期预警分析/data/raw/chinacdc_monthly/t20251011_312919_c3dc11db266c07e2.html
中国疾控中心全国法定传染病疫情情况,https://www.chinacdc.cn/jksj/jksj01/202510/t20251011_312919.html,2025年9月全国法定传染病疫情概况,2025,9,全国,狂犬病,甲乙类合计,26,29,,,2026-05-28 00:56:43,/Users/zhoujia/code/大数据期末实验/大模型助力大数据分析/呼吸道传染病监测与早期预警分析/data/raw/chinacdc_monthly/t20251011_312919_c3dc11db266c07e2.html
中国疾控中心全国法定传染病疫情情况,https://www.chinacdc.cn/jksj/jksj01/202510/t20251011_312919.html,2025年9月全国法定传染病疫情概况,2025,9,全国,流行性乙型脑炎,甲乙类合计,66,3,,,2026-05-28 00:56:43,/Users/zhoujia/code/大数据期末实验/大模型助力大数据分析/呼吸道传染病监测与早期预警分析/data/raw/chinacdc_monthly/t20251011_312919_c3dc11db266c07e2.html
中国疾控中心全国法定传染病疫情情况,https://www.chinacdc.cn/jksj/jksj01/202510/t20251011_312919.html,2025年9月全国法定传染病疫情概况,2025,9,全国,登革热,甲乙类合计,2321,0,,,2026-05-28 00:56:43,/Users/zhoujia/code/大数据期末实验/大模型助力大数据分析/呼吸道传染病监测与早期预警分析/data/raw/chinacdc_monthly/t20251011_312919_c3dc11db266c07e2.html
中国疾控中心全国法定传染病疫情情况,https://www.chinacdc.cn/jksj/jksj01/202510/t20251011_312919.html,2025年9月全国法定传染病疫情概况,2025,9,全国,猴痘,甲乙类合计,84,0,,,2026-05-28 00:56:43,/Users/zhoujia/code/大数据期末实验/大模型助力大数据分析/呼吸道传染病监测与早期预警分析/data/raw/chinacdc_monthly/t20251011_312919_c3dc11db266c07e2.html
中国疾控中心全国法定传染病疫情情况,https://www.chinacdc.cn/jksj/jksj01/202510/t20251011_312919.html,2025年9月全国法定传染病疫情概况,2025,9,全国,炭疽,甲乙类合计,68,1,,,2026-05-28 00:56:43,/Users/zhoujia/code/大数据期末实验/大模型助力大数据分析/呼吸道传染病监测与早期预警分析/data/raw/chinacdc_monthly/t20251011_312919_c3dc11db266c07e2.html
中国疾控中心全国法定传染病疫情情况,https://www.chinacdc.cn/jksj/jksj01/202510/t20251011_312919.html,2025年9月全国法定传染病疫情概况,2025,9,全国,细菌性和阿米巴性痢疾,甲乙类合计,3064,0,,,2026-05-28 00:56:43,/Users/zhoujia/code/大数据期末实验/大模型助力大数据分析/呼吸道传染病监测与早期预警分析/data/raw/chinacdc_monthly/t20251011_312919_c3dc11db266c07e2.html
中国疾控中心全国法定传染病疫情情况,https://www.chinacdc.cn/jksj/jksj01/202510/t20251011_312919.html,2025年9月全国法定传染病疫情概况,2025,9,全国,肺结核,甲乙类合计,56168,262,,,2026-05-28 00:56:43,/Users/zhoujia/code/大数据期末实验/大模型助力大数据分析/呼吸道传染病监测与早期预警分析/data/raw/chinacdc_monthly/t20251011_312919_c3dc11db266c07e2.html
中国疾控中心全国法定传染病疫情情况,https://www.chinacdc.cn/jksj/jksj01/202510/t20251011_312919.html,2025年9月全国法定传染病疫情概况,2025,9,全国,伤寒和副伤寒,甲乙类合计,619,0,,,2026-05-28 00:56:43,/Users/zhoujia/code/大数据期末实验/大模型助力大数据分析/呼吸道传染病监测与早期预警分析/data/raw/chinacdc_monthly/t20251011_312919_c3dc11db266c07e2.html
中国疾控中心全国法定传染病疫情情况,https://www.chinacdc.cn/jksj/jksj01/202510/t20251011_312919.html,2025年9月全国法定传染病疫情概况,2025,9,全国,流行性脑脊髓膜炎,甲乙类合计,10,0,,,2026-05-28 00:56:43,/Users/zhoujia/code/大数据期末实验/大模型助力大数据分析/呼吸道传染病监测与早期预警分析/data/raw/chinacdc_monthly/t20251011_312919_c3dc11db266c07e2.html
中国疾控中心全国法定传染病疫情情况,https://www.chinacdc.cn/jksj/jksj01/202510/t20251011_312919.html,2025年9月全国法定传染病疫情概况,2025,9,全国,百日咳,甲乙类合计,1028,0,,,2026-05-28 00:56:43,/Users/zhoujia/code/大数据期末实验/大模型助力大数据分析/呼吸道传染病监测与早期预警分析/data/raw/chinacdc_monthly/t20251011_312919_c3dc11db266c07e2.html
中国疾控中心全国法定传染病疫情情况,https://www.chinacdc.cn/jksj/jksj01/202510/t20251011_312919.html,2025年9月全国法定传染病疫情概况,2025,9,全国,白喉,甲乙类合计,0,0,,,2026-05-28 00:56:43,/Users/zhoujia/code/大数据期末实验/大模型助力大数据分析/呼吸道传染病监测与早期预警分析/data/raw/chinacdc_monthly/t20251011_312919_c3dc11db266c07e2.html
中国疾控中心全国法定传染病疫情情况,https://www.chinacdc.cn/jksj/jksj01/202510/t20251011_312919.html,2025年9月全国法定传染病疫情概况,2025,9,全国,新生儿破伤风,甲乙类合计,0,0,,,2026-05-28 00:56:43,/Users/zhoujia/code/大数据期末实验/大模型助力大数据分析/呼吸道传染病监测与早期预警分析/data/raw/chinacdc_monthly/t20251011_312919_c3dc11db266c07e2.html
中国疾控中心全国法定传染病疫情情况,https://www.chinacdc.cn/jksj/jksj01/202510/t20251011_312919.html,2025年9月全国法定传染病疫情概况,2025,9,全国,猩红热,甲乙类合计,1925,0,,,2026-05-28 00:56:43,/Users/zhoujia/code/大数据期末实验/大模型助力大数据分析/呼吸道传染病监测与早期预警分析/data/raw/chinacdc_monthly/t20251011_312919_c3dc11db266c07e2.html
中国疾控中心全国法定传染病疫情情况,https://www.chinacdc.cn/jksj/jksj01/202510/t20251011_312919.html,2025年9月全国法定传染病疫情概况,2025,9,全国,布鲁氏菌病,甲乙类合计,4835,0,,,2026-05-28 00:56:43,/Users/zhoujia/code/大数据期末实验/大模型助力大数据分析/呼吸道传染病监测与早期预警分析/data/raw/chinacdc_monthly/t20251011_312919_c3dc11db266c07e2.html
中国疾控中心全国法定传染病疫情情况,https://www.chinacdc.cn/jksj/jksj01/202510/t20251011_312919.html,2025年9月全国法定传染病疫情概况,2025,9,全国,淋病,甲乙类合计,10540,1,,,2026-05-28 00:56:43,/Users/zhoujia/code/大数据期末实验/大模型助力大数据分析/呼吸道传染病监测与早期预警分析/data/raw/chinacdc_monthly/t20251011_312919_c3dc11db266c07e2.html
中国疾控中心全国法定传染病疫情情况,https://www.chinacdc.cn/jksj/jksj01/202510/t20251011_312919.html,2025年9月全国法定传染病疫情概况,2025,9,全国,梅毒,甲乙类合计,53818,5,,,2026-05-28 00:56:43,/Users/zhoujia/code/大数据期末实验/大模型助力大数据分析/呼吸道传染病监测与早期预警分析/data/raw/chinacdc_monthly/t20251011_312919_c3dc11db266c07e2.html
中国疾控中心全国法定传染病疫情情况,https://www.chinacdc.cn/jksj/jksj01/202510/t20251011_312919.html,2025年9月全国法定传染病疫情概况,2025,9,全国,钩端螺旋体病,甲乙类合计,176,2,,,2026-05-28 00:56:43,/Users/zhoujia/code/大数据期末实验/大模型助力大数据分析/呼吸道传染病监测与早期预警分析/data/raw/chinacdc_monthly/t20251011_312919_c3dc11db266c07e2.html
中国疾控中心全国法定传染病疫情情况,https://www.chinacdc.cn/jksj/jksj01/202510/t20251011_312919.html,2025年9月全国法定传染病疫情概况,2025,9,全国,血吸虫病,甲乙类合计,4,0,,,2026-05-28 00:56:43,/Users/zhoujia/code/大数据期末实验/大模型助力大数据分析/呼吸道传染病监测与早期预警分析/data/raw/chinacdc_monthly/t20251011_312919_c3dc11db266c07e2.html
中国疾控中心全国法定传染病疫情情况,https://www.chinacdc.cn/jksj/jksj01/202510/t20251011_312919.html,2025年9月全国法定传染病疫情概况,2025,9,全国,疟疾,甲乙类合计,352,0,,,2026-05-28 00:56:43,/Users/zhoujia/code/大数据期末实验/大模型助力大数据分析/呼吸道传染病监测与早期预警分析/data/raw/chinacdc_monthly/t20251011_312919_c3dc11db266c07e2.html
中国疾控中心全国法定传染病疫情情况,https://www.chinacdc.cn/jksj/jksj01/202510/t20251011_312919.html,2025年9月全国法定传染病疫情概况,2025,9,全国,丙类传染病合计,丙类合计,453662,2,,,2026-05-28 00:56:43,/Users/zhoujia/code/大数据期末实验/大模型助力大数据分析/呼吸道传染病监测与早期预警分析/data/raw/chinacdc_monthly/t20251011_312919_c3dc11db266c07e2.html
中国疾控中心全国法定传染病疫情情况,https://www.chinacdc.cn/jksj/jksj01/202510/t20251011_312919.html,2025年9月全国法定传染病疫情概况,2025,9,全国,流行性感冒,丙类合计,157988,0,,,2026-05-28 00:56:43,/Users/zhoujia/code/大数据期末实验/大模型助力大数据分析/呼吸道传染病监测与早期预警分析/data/raw/chinacdc_monthly/t20251011_312919_c3dc11db266c07e2.html
中国疾控中心全国法定传染病疫情情况,https://www.chinacdc.cn/jksj/jksj01/202510/t20251011_312919.html,2025年9月全国法定传染病疫情概况,2025,9,全国,流行性腮腺炎,丙类合计,9068,0,,,2026-05-28 00:56:43,/Users/zhoujia/code/大数据期末实验/大模型助力大数据分析/呼吸道传染病监测与早期预警分析/data/raw/chinacdc_monthly/t20251011_312919_c3dc11db266c07e2.html
中国疾控中心全国法定传染病疫情情况,https://www.chinacdc.cn/jksj/jksj01/202510/t20251011_312919.html,2025年9月全国法定传染病疫情概况,2025,9,全国,风疹,丙类合计,45,0,,,2026-05-28 00:56:43,/Users/zhoujia/code/大数据期末实验/大模型助力大数据分析/呼吸道传染病监测与早期预警分析/data/raw/chinacdc_monthly/t20251011_312919_c3dc11db266c07e2.html
中国疾控中心全国法定传染病疫情情况,https://www.chinacdc.cn/jksj/jksj01/202510/t20251011_312919.html,2025年9月全国法定传染病疫情概况,2025,9,全国,急性出血性结膜炎,丙类合计,2082,0,,,2026-05-28 00:56:43,/Users/zhoujia/code/大数据期末实验/大模型助力大数据分析/呼吸道传染病监测与早期预警分析/data/raw/chinacdc_monthly/t20251011_312919_c3dc11db266c07e2.html
中国疾控中心全国法定传染病疫情情况,https://www.chinacdc.cn/jksj/jksj01/202510/t20251011_312919.html,2025年9月全国法定传染病疫情概况,2025,9,全国,麻风病,丙类合计,17,0,,,2026-05-28 00:56:43,/Users/zhoujia/code/大数据期末实验/大模型助力大数据分析/呼吸道传染病监测与早期预警分析/data/raw/chinacdc_monthly/t20251011_312919_c3dc11db266c07e2.html
中国疾控中心全国法定传染病疫情情况,https://www.chinacdc.cn/jksj/jksj01/202510/t20251011_312919.html,2025年9月全国法定传染病疫情概况,2025,9,全国,流行性和地方性斑疹伤寒,丙类合计,195,0,,,2026-05-28 00:56:43,/Users/zhoujia/code/大数据期末实验/大模型助力大数据分析/呼吸道传染病监测与早期预警分析/data/raw/chinacdc_monthly/t20251011_312919_c3dc11db266c07e2.html
中国疾控中心全国法定传染病疫情情况,https://www.chinacdc.cn/jksj/jksj01/202510/t20251011_312919.html,2025年9月全国法定传染病疫情概况,2025,9,全国,黑热病,丙类合计,27,0,,,2026-05-28 00:56:43,/Users/zhoujia/code/大数据期末实验/大模型助力大数据分析/呼吸道传染病监测与早期预警分析/data/raw/chinacdc_monthly/t20251011_312919_c3dc11db266c07e2.html
中国疾控中心全国法定传染病疫情情况,https://www.chinacdc.cn/jksj/jksj01/202510/t20251011_312919.html,2025年9月全国法定传染病疫情概况,2025,9,全国,包虫病,丙类合计,357,2,,,2026-05-28 00:56:43,/Users/zhoujia/code/大数据期末实验/大模型助力大数据分析/呼吸道传染病监测与早期预警分析/data/raw/chinacdc_monthly/t20251011_312919_c3dc11db266c07e2.html
中国疾控中心全国法定传染病疫情情况,https://www.chinacdc.cn/jksj/jksj01/202510/t20251011_312919.html,2025年9月全国法定传染病疫情概况,2025,9,全国,丝虫病,丙类合计,0,0,,,2026-05-28 00:56:43,/Users/zhoujia/code/大数据期末实验/大模型助力大数据分析/呼吸道传染病监测与早期预警分析/data/raw/chinacdc_monthly/t20251011_312919_c3dc11db266c07e2.html
中国疾控中心全国法定传染病疫情情况,https://www.chinacdc.cn/jksj/jksj01/202510/t20251011_312919.html,2025年9月全国法定传染病疫情概况,2025,9,全国,手足口病,丙类合计,159828,0,,,2026-05-28 00:56:43,/Users/zhoujia/code/大数据期末实验/大模型助力大数据分析/呼吸道传染病监测与早期预警分析/data/raw/chinacdc_monthly/t20251011_312919_c3dc11db266c07e2.html
中国疾控中心全国法定传染病疫情情况,https://www.chinacdc.cn/jksj/jksj01/202510/t20251011_312919.html,2025年9月全国法定传染病疫情概况,2025,9,全国,其他感染性腹泻病,丙类合计,124055,0,,,2026-05-28 00:56:43,/Users/zhoujia/code/大数据期末实验/大模型助力大数据分析/呼吸道传染病监测与早期预警分析/data/raw/chinacdc_monthly/t20251011_312919_c3dc11db266c07e2.html
中国疾控中心全国法定传染病疫情情况,https://www.chinacdc.cn/jksj/jksj01/202509/t20250905_310265.html,2025年8月全国法定传染病疫情概况,2025,8,全国,甲乙丙类传染病总计,甲乙丙类总计,776879,1921,,,2026-05-28 00:56:43,/Users/zhoujia/code/大数据期末实验/大模型助力大数据分析/呼吸道传染病监测与早期预警分析/data/raw/chinacdc_monthly/t20250905_310265_cde4fa82c8befd8a.html
中国疾控中心全国法定传染病疫情情况,https://www.chinacdc.cn/jksj/jksj01/202509/t20250905_310265.html,2025年8月全国法定传染病疫情概况,2025,8,全国,甲乙类传染病合计,甲乙类合计,434853,1919,,,2026-05-28 00:56:43,/Users/zhoujia/code/大数据期末实验/大模型助力大数据分析/呼吸道传染病监测与早期预警分析/data/raw/chinacdc_monthly/t20250905_310265_cde4fa82c8befd8a.html
中国疾控中心全国法定传染病疫情情况,https://www.chinacdc.cn/jksj/jksj01/202509/t20250905_310265.html,2025年8月全国法定传染病疫情概况,2025,8,全国,鼠疫,甲乙类合计,0,0,,,2026-05-28 00:56:43,/Users/zhoujia/code/大数据期末实验/大模型助力大数据分析/呼吸道传染病监测与早期预警分析/data/raw/chinacdc_monthly/t20250905_310265_cde4fa82c8befd8a.html
中国疾控中心全国法定传染病疫情情况,https://www.chinacdc.cn/jksj/jksj01/202509/t20250905_310265.html,2025年8月全国法定传染病疫情概况,2025,8,全国,霍乱,甲乙类合计,5,0,,,2026-05-28 00:56:43,/Users/zhoujia/code/大数据期末实验/大模型助力大数据分析/呼吸道传染病监测与早期预警分析/data/raw/chinacdc_monthly/t20250905_310265_cde4fa82c8befd8a.html
中国疾控中心全国法定传染病疫情情况,https://www.chinacdc.cn/jksj/jksj01/202509/t20250905_310265.html,2025年8月全国法定传染病疫情概况,2025,8,全国,传染性非典型肺炎,甲乙类合计,0,0,,,2026-05-28 00:56:43,/Users/zhoujia/code/大数据期末实验/大模型助力大数据分析/呼吸道传染病监测与早期预警分析/data/raw/chinacdc_monthly/t20250905_310265_cde4fa82c8befd8a.html
中国疾控中心全国法定传染病疫情情况,https://www.chinacdc.cn/jksj/jksj01/202509/t20250905_310265.html,2025年8月全国法定传染病疫情概况,2025,8,全国,艾滋病,甲乙类合计,3754,1402,,,2026-05-28 00:56:43,/Users/zhoujia/code/大数据期末实验/大模型助力大数据分析/呼吸道传染病监测与早期预警分析/data/raw/chinacdc_monthly/t20250905_310265_cde4fa82c8befd8a.html
中国疾控中心全国法定传染病疫情情况,https://www.chinacdc.cn/jksj/jksj01/202509/t20250905_310265.html,2025年8月全国法定传染病疫情概况,2025,8,全国,病毒性肝炎,甲乙类合计,130104,227,,,2026-05-28 00:56:43,/Users/zhoujia/code/大数据期末实验/大模型助力大数据分析/呼吸道传染病监测与早期预警分析/data/raw/chinacdc_monthly/t20250905_310265_cde4fa82c8befd8a.html
中国疾控中心全国法定传染病疫情情况,https://www.chinacdc.cn/jksj/jksj01/202509/t20250905_310265.html,2025年8月全国法定传染病疫情概况,2025,8,全国,甲型肝炎,甲乙类合计,1311,0,,,2026-05-28 00:56:43,/Users/zhoujia/code/大数据期末实验/大模型助力大数据分析/呼吸道传染病监测与早期预警分析/data/raw/chinacdc_monthly/t20250905_310265_cde4fa82c8befd8a.html
中国疾控中心全国法定传染病疫情情况,https://www.chinacdc.cn/jksj/jksj01/202509/t20250905_310265.html,2025年8月全国法定传染病疫情概况,2025,8,全国,乙型肝炎,甲乙类合计,109355,37,,,2026-05-28 00:56:43,/Users/zhoujia/code/大数据期末实验/大模型助力大数据分析/呼吸道传染病监测与早期预警分析/data/raw/chinacdc_monthly/t20250905_310265_cde4fa82c8befd8a.html
中国疾控中心全国法定传染病疫情情况,https://www.chinacdc.cn/jksj/jksj01/202509/t20250905_310265.html,2025年8月全国法定传染病疫情概况,2025,8,全国,丙型肝炎,甲乙类合计,16138,189,,,2026-05-28 00:56:43,/Users/zhoujia/code/大数据期末实验/大模型助力大数据分析/呼吸道传染病监测与早期预警分析/data/raw/chinacdc_monthly/t20250905_310265_cde4fa82c8befd8a.html
中国疾控中心全国法定传染病疫情情况,https://www.chinacdc.cn/jksj/jksj01/202509/t20250905_310265.html,2025年8月全国法定传染病疫情概况,2025,8,全国,丁型肝炎,甲乙类合计,13,0,,,2026-05-28 00:56:43,/Users/zhoujia/code/大数据期末实验/大模型助力大数据分析/呼吸道传染病监测与早期预警分析/data/raw/chinacdc_monthly/t20250905_310265_cde4fa82c8befd8a.html
中国疾控中心全国法定传染病疫情情况,https://www.chinacdc.cn/jksj/jksj01/202509/t20250905_310265.html,2025年8月全国法定传染病疫情概况,2025,8,全国,戊型肝炎,甲乙类合计,2712,1,,,2026-05-28 00:56:43,/Users/zhoujia/code/大数据期末实验/大模型助力大数据分析/呼吸道传染病监测与早期预警分析/data/raw/chinacdc_monthly/t20250905_310265_cde4fa82c8befd8a.html
中国疾控中心全国法定传染病疫情情况,https://www.chinacdc.cn/jksj/jksj01/202509/t20250905_310265.html,2025年8月全国法定传染病疫情概况,2025,8,全国,未分型肝炎,甲乙类合计,575,0,,,2026-05-28 00:56:43,/Users/zhoujia/code/大数据期末实验/大模型助力大数据分析/呼吸道传染病监测与早期预警分析/data/raw/chinacdc_monthly/t20250905_310265_cde4fa82c8befd8a.html
中国疾控中心全国法定传染病疫情情况,https://www.chinacdc.cn/jksj/jksj01/202509/t20250905_310265.html,2025年8月全国法定传染病疫情概况,2025,8,全国,脊髓灰质炎,甲乙类合计,0,0,,,2026-05-28 00:56:43,/Users/zhoujia/code/大数据期末实验/大模型助力大数据分析/呼吸道传染病监测与早期预警分析/data/raw/chinacdc_monthly/t20250905_310265_cde4fa82c8befd8a.html
中国疾控中心全国法定传染病疫情情况,https://www.chinacdc.cn/jksj/jksj01/202509/t20250905_310265.html,2025年8月全国法定传染病疫情概况,2025,8,全国,人感染高致病性禽流感,甲乙类合计,0,0,,,2026-05-28 00:56:43,/Users/zhoujia/code/大数据期末实验/大模型助力大数据分析/呼吸道传染病监测与早期预警分析/data/raw/chinacdc_monthly/t20250905_310265_cde4fa82c8befd8a.html
中国疾控中心全国法定传染病疫情情况,https://www.chinacdc.cn/jksj/jksj01/202509/t20250905_310265.html,2025年8月全国法定传染病疫情概况,2025,8,全国,麻疹,甲乙类合计,94,0,,,2026-05-28 00:56:43,/Users/zhoujia/code/大数据期末实验/大模型助力大数据分析/呼吸道传染病监测与早期预警分析/data/raw/chinacdc_monthly/t20250905_310265_cde4fa82c8befd8a.html
中国疾控中心全国法定传染病疫情情况,https://www.chinacdc.cn/jksj/jksj01/202509/t20250905_310265.html,2025年8月全国法定传染病疫情概况,2025,8,全国,流行性出血热,甲乙类合计,122,0,,,2026-05-28 00:56:43,/Users/zhoujia/code/大数据期末实验/大模型助力大数据分析/呼吸道传染病监测与早期预警分析/data/raw/chinacdc_monthly/t20250905_310265_cde4fa82c8befd8a.html
中国疾控中心全国法定传染病疫情情况,https://www.chinacdc.cn/jksj/jksj01/202509/t20250905_310265.html,2025年8月全国法定传染病疫情概况,2025,8,全国,狂犬病,甲乙类合计,32,27,,,2026-05-28 00:56:43,/Users/zhoujia/code/大数据期末实验/大模型助力大数据分析/呼吸道传染病监测与早期预警分析/data/raw/chinacdc_monthly/t20250905_310265_cde4fa82c8befd8a.html
中国疾控中心全国法定传染病疫情情况,https://www.chinacdc.cn/jksj/jksj01/202509/t20250905_310265.html,2025年8月全国法定传染病疫情概况,2025,8,全国,流行性乙型脑炎,甲乙类合计,36,3,,,2026-05-28 00:56:43,/Users/zhoujia/code/大数据期末实验/大模型助力大数据分析/呼吸道传染病监测与早期预警分析/data/raw/chinacdc_monthly/t20250905_310265_cde4fa82c8befd8a.html
中国疾控中心全国法定传染病疫情情况,https://www.chinacdc.cn/jksj/jksj01/202509/t20250905_310265.html,2025年8月全国法定传染病疫情概况,2025,8,全国,登革热,甲乙类合计,1702,0,,,2026-05-28 00:56:43,/Users/zhoujia/code/大数据期末实验/大模型助力大数据分析/呼吸道传染病监测与早期预警分析/data/raw/chinacdc_monthly/t20250905_310265_cde4fa82c8befd8a.html
中国疾控中心全国法定传染病疫情情况,https://www.chinacdc.cn/jksj/jksj01/202509/t20250905_310265.html,2025年8月全国法定传染病疫情概况,2025,8,全国,炭疽,甲乙类合计,106,1,,,2026-05-28 00:56:43,/Users/zhoujia/code/大数据期末实验/大模型助力大数据分析/呼吸道传染病监测与早期预警分析/data/raw/chinacdc_monthly/t20250905_310265_cde4fa82c8befd8a.html
中国疾控中心全国法定传染病疫情情况,https://www.chinacdc.cn/jksj/jksj01/202509/t20250905_310265.html,2025年8月全国法定传染病疫情概况,2025,8,全国,细菌性和阿米巴性痢疾,甲乙类合计,3686,0,,,2026-05-28 00:56:43,/Users/zhoujia/code/大数据期末实验/大模型助力大数据分析/呼吸道传染病监测与早期预警分析/data/raw/chinacdc_monthly/t20250905_310265_cde4fa82c8befd8a.html
中国疾控中心全国法定传染病疫情情况,https://www.chinacdc.cn/jksj/jksj01/202509/t20250905_310265.html,2025年8月全国法定传染病疫情概况,2025,8,全国,肺结核,甲乙类合计,54614,246,,,2026-05-28 00:56:43,/Users/zhoujia/code/大数据期末实验/大模型助力大数据分析/呼吸道传染病监测与早期预警分析/data/raw/chinacdc_monthly/t20250905_310265_cde4fa82c8befd8a.html
中国疾控中心全国法定传染病疫情情况,https://www.chinacdc.cn/jksj/jksj01/202509/t20250905_310265.html,2025年8月全国法定传染病疫情概况,2025,8,全国,伤寒和副伤寒,甲乙类合计,647,0,,,2026-05-28 00:56:43,/Users/zhoujia/code/大数据期末实验/大模型助力大数据分析/呼吸道传染病监测与早期预警分析/data/raw/chinacdc_monthly/t20250905_310265_cde4fa82c8befd8a.html
中国疾控中心全国法定传染病疫情情况,https://www.chinacdc.cn/jksj/jksj01/202509/t20250905_310265.html,2025年8月全国法定传染病疫情概况,2025,8,全国,流行性脑脊髓膜炎,甲乙类合计,8,0,,,2026-05-28 00:56:43,/Users/zhoujia/code/大数据期末实验/大模型助力大数据分析/呼吸道传染病监测与早期预警分析/data/raw/chinacdc_monthly/t20250905_310265_cde4fa82c8befd8a.html
中国疾控中心全国法定传染病疫情情况,https://www.chinacdc.cn/jksj/jksj01/202509/t20250905_310265.html,2025年8月全国法定传染病疫情概况,2025,8,全国,百日咳,甲乙类合计,1774,0,,,2026-05-28 00:56:43,/Users/zhoujia/code/大数据期末实验/大模型助力大数据分析/呼吸道传染病监测与早期预警分析/data/raw/chinacdc_monthly/t20250905_310265_cde4fa82c8befd8a.html
中国疾控中心全国法定传染病疫情情况,https://www.chinacdc.cn/jksj/jksj01/202509/t20250905_310265.html,2025年8月全国法定传染病疫情概况,2025,8,全国,白喉,甲乙类合计,0,0,,,2026-05-28 00:56:43,/Users/zhoujia/code/大数据期末实验/大模型助力大数据分析/呼吸道传染病监测与早期预警分析/data/raw/chinacdc_monthly/t20250905_310265_cde4fa82c8befd8a.html
中国疾控中心全国法定传染病疫情情况,https://www.chinacdc.cn/jksj/jksj01/202509/t20250905_310265.html,2025年8月全国法定传染病疫情概况,2025,8,全国,新生儿破伤风,甲乙类合计,0,0,,,2026-05-28 00:56:43,/Users/zhoujia/code/大数据期末实验/大模型助力大数据分析/呼吸道传染病监测与早期预警分析/data/raw/chinacdc_monthly/t20250905_310265_cde4fa82c8befd8a.html
中国疾控中心全国法定传染病疫情情况,https://www.chinacdc.cn/jksj/jksj01/202509/t20250905_310265.html,2025年8月全国法定传染病疫情概况,2025,8,全国,猩红热,甲乙类合计,1884,0,,,2026-05-28 00:56:43,/Users/zhoujia/code/大数据期末实验/大模型助力大数据分析/呼吸道传染病监测与早期预警分析/data/raw/chinacdc_monthly/t20250905_310265_cde4fa82c8befd8a.html
中国疾控中心全国法定传染病疫情情况,https://www.chinacdc.cn/jksj/jksj01/202509/t20250905_310265.html,2025年8月全国法定传染病疫情概况,2025,8,全国,布鲁氏菌病,甲乙类合计,6137,1,,,2026-05-28 00:56:43,/Users/zhoujia/code/大数据期末实验/大模型助力大数据分析/呼吸道传染病监测与早期预警分析/data/raw/chinacdc_monthly/t20250905_310265_cde4fa82c8befd8a.html
中国疾控中心全国法定传染病疫情情况,https://www.chinacdc.cn/jksj/jksj01/202509/t20250905_310265.html,2025年8月全国法定传染病疫情概况,2025,8,全国,淋病,甲乙类合计,10477,0,,,2026-05-28 00:56:43,/Users/zhoujia/code/大数据期末实验/大模型助力大数据分析/呼吸道传染病监测与早期预警分析/data/raw/chinacdc_monthly/t20250905_310265_cde4fa82c8befd8a.html
中国疾控中心全国法定传染病疫情情况,https://www.chinacdc.cn/jksj/jksj01/202509/t20250905_310265.html,2025年8月全国法定传染病疫情概况,2025,8,全国,梅毒,甲乙类合计,54387,4,,,2026-05-28 00:56:43,/Users/zhoujia/code/大数据期末实验/大模型助力大数据分析/呼吸道传染病监测与早期预警分析/data/raw/chinacdc_monthly/t20250905_310265_cde4fa82c8befd8a.html
中国疾控中心全国法定传染病疫情情况,https://www.chinacdc.cn/jksj/jksj01/202509/t20250905_310265.html,2025年8月全国法定传染病疫情概况,2025,8,全国,钩端螺旋体病,甲乙类合计,156,0,,,2026-05-28 00:56:43,/Users/zhoujia/code/大数据期末实验/大模型助力大数据分析/呼吸道传染病监测与早期预警分析/data/raw/chinacdc_monthly/t20250905_310265_cde4fa82c8befd8a.html
中国疾控中心全国法定传染病疫情情况,https://www.chinacdc.cn/jksj/jksj01/202509/t20250905_310265.html,2025年8月全国法定传染病疫情概况,2025,8,全国,血吸虫病,甲乙类合计,2,0,,,2026-05-28 00:56:43,/Users/zhoujia/code/大数据期末实验/大模型助力大数据分析/呼吸道传染病监测与早期预警分析/data/raw/chinacdc_monthly/t20250905_310265_cde4fa82c8befd8a.html
中国疾控中心全国法定传染病疫情情况,https://www.chinacdc.cn/jksj/jksj01/202509/t20250905_310265.html,2025年8月全国法定传染病疫情概况,2025,8,全国,疟疾,甲乙类合计,420,1,,,2026-05-28 00:56:43,/Users/zhoujia/code/大数据期末实验/大模型助力大数据分析/呼吸道传染病监测与早期预警分析/data/raw/chinacdc_monthly/t20250905_310265_cde4fa82c8befd8a.html
中国疾控中心全国法定传染病疫情情况,https://www.chinacdc.cn/jksj/jksj01/202509/t20250905_310265.html,2025年8月全国法定传染病疫情概况,2025,8,全国,人感染H7N9禽流感,甲乙类合计,0,0,,,2026-05-28 00:56:43,/Users/zhoujia/code/大数据期末实验/大模型助力大数据分析/呼吸道传染病监测与早期预警分析/data/raw/chinacdc_monthly/t20250905_310265_cde4fa82c8befd8a.html
中国疾控中心全国法定传染病疫情情况,https://www.chinacdc.cn/jksj/jksj01/202509/t20250905_310265.html,2025年8月全国法定传染病疫情概况,2025,8,全国,新型冠状病毒感染,甲乙类合计,164625,7,,,2026-05-28 00:56:43,/Users/zhoujia/code/大数据期末实验/大模型助力大数据分析/呼吸道传染病监测与早期预警分析/data/raw/chinacdc_monthly/t20250905_310265_cde4fa82c8befd8a.html
中国疾控中心全国法定传染病疫情情况,https://www.chinacdc.cn/jksj/jksj01/202509/t20250905_310265.html,2025年8月全国法定传染病疫情概况,2025,8,全国,猴痘,甲乙类合计,81,0,,,2026-05-28 00:56:43,/Users/zhoujia/code/大数据期末实验/大模型助力大数据分析/呼吸道传染病监测与早期预警分析/data/raw/chinacdc_monthly/t20250905_310265_cde4fa82c8befd8a.html
中国疾控中心全国法定传染病疫情情况,https://www.chinacdc.cn/jksj/jksj01/202509/t20250905_310265.html,2025年8月全国法定传染病疫情概况,2025,8,全国,丙类传染病合计,丙类合计,342026,2,,,2026-05-28 00:56:43,/Users/zhoujia/code/大数据期末实验/大模型助力大数据分析/呼吸道传染病监测与早期预警分析/data/raw/chinacdc_monthly/t20250905_310265_cde4fa82c8befd8a.html
中国疾控中心全国法定传染病疫情情况,https://www.chinacdc.cn/jksj/jksj01/202509/t20250905_310265.html,2025年8月全国法定传染病疫情概况,2025,8,全国,流行性感冒,丙类合计,85606,0,,,2026-05-28 00:56:43,/Users/zhoujia/code/大数据期末实验/大模型助力大数据分析/呼吸道传染病监测与早期预警分析/data/raw/chinacdc_monthly/t20250905_310265_cde4fa82c8befd8a.html
中国疾控中心全国法定传染病疫情情况,https://www.chinacdc.cn/jksj/jksj01/202509/t20250905_310265.html,2025年8月全国法定传染病疫情概况,2025,8,全国,流行性腮腺炎,丙类合计,6009,0,,,2026-05-28 00:56:43,/Users/zhoujia/code/大数据期末实验/大模型助力大数据分析/呼吸道传染病监测与早期预警分析/data/raw/chinacdc_monthly/t20250905_310265_cde4fa82c8befd8a.html
中国疾控中心全国法定传染病疫情情况,https://www.chinacdc.cn/jksj/jksj01/202509/t20250905_310265.html,2025年8月全国法定传染病疫情概况,2025,8,全国,风疹,丙类合计,51,0,,,2026-05-28 00:56:43,/Users/zhoujia/code/大数据期末实验/大模型助力大数据分析/呼吸道传染病监测与早期预警分析/data/raw/chinacdc_monthly/t20250905_310265_cde4fa82c8befd8a.html
中国疾控中心全国法定传染病疫情情况,https://www.chinacdc.cn/jksj/jksj01/202509/t20250905_310265.html,2025年8月全国法定传染病疫情概况,2025,8,全国,急性出血性结膜炎,丙类合计,2044,0,,,2026-05-28 00:56:43,/Users/zhoujia/code/大数据期末实验/大模型助力大数据分析/呼吸道传染病监测与早期预警分析/data/raw/chinacdc_monthly/t20250905_310265_cde4fa82c8befd8a.html
中国疾控中心全国法定传染病疫情情况,https://www.chinacdc.cn/jksj/jksj01/202509/t20250905_310265.html,2025年8月全国法定传染病疫情概况,2025,8,全国,麻风病,丙类合计,23,0,,,2026-05-28 00:56:43,/Users/zhoujia/code/大数据期末实验/大模型助力大数据分析/呼吸道传染病监测与早期预警分析/data/raw/chinacdc_monthly/t20250905_310265_cde4fa82c8befd8a.html
中国疾控中心全国法定传染病疫情情况,https://www.chinacdc.cn/jksj/jksj01/202509/t20250905_310265.html,2025年8月全国法定传染病疫情概况,2025,8,全国,流行性和地方性斑疹伤寒,丙类合计,145,0,,,2026-05-28 00:56:43,/Users/zhoujia/code/大数据期末实验/大模型助力大数据分析/呼吸道传染病监测与早期预警分析/data/raw/chinacdc_monthly/t20250905_310265_cde4fa82c8befd8a.html
中国疾控中心全国法定传染病疫情情况,https://www.chinacdc.cn/jksj/jksj01/202509/t20250905_310265.html,2025年8月全国法定传染病疫情概况,2025,8,全国,黑热病,丙类合计,33,0,,,2026-05-28 00:56:43,/Users/zhoujia/code/大数据期末实验/大模型助力大数据分析/呼吸道传染病监测与早期预警分析/data/raw/chinacdc_monthly/t20250905_310265_cde4fa82c8befd8a.html
中国疾控中心全国法定传染病疫情情况,https://www.chinacdc.cn/jksj/jksj01/202509/t20250905_310265.html,2025年8月全国法定传染病疫情概况,2025,8,全国,包虫病,丙类合计,370,0,,,2026-05-28 00:56:43,/Users/zhoujia/code/大数据期末实验/大模型助力大数据分析/呼吸道传染病监测与早期预警分析/data/raw/chinacdc_monthly/t20250905_310265_cde4fa82c8befd8a.html
中国疾控中心全国法定传染病疫情情况,https://www.chinacdc.cn/jksj/jksj01/202509/t20250905_310265.html,2025年8月全国法定传染病疫情概况,2025,8,全国,丝虫病,丙类合计,0,0,,,2026-05-28 00:56:43,/Users/zhoujia/code/大数据期末实验/大模型助力大数据分析/呼吸道传染病监测与早期预警分析/data/raw/chinacdc_monthly/t20250905_310265_cde4fa82c8befd8a.html
中国疾控中心全国法定传染病疫情情况,https://www.chinacdc.cn/jksj/jksj01/202509/t20250905_310265.html,2025年8月全国法定传染病疫情概况,2025,8,全国,其他感染性腹泻病,丙类合计,144550,2,,,2026-05-28 00:56:43,/Users/zhoujia/code/大数据期末实验/大模型助力大数据分析/呼吸道传染病监测与早期预警分析/data/raw/chinacdc_monthly/t20250905_310265_cde4fa82c8befd8a.html
中国疾控中心全国法定传染病疫情情况,https://www.chinacdc.cn/jksj/jksj01/202509/t20250905_310265.html,2025年8月全国法定传染病疫情概况,2025,8,全国,手足口病,丙类合计,103195,0,,,2026-05-28 00:56:43,/Users/zhoujia/code/大数据期末实验/大模型助力大数据分析/呼吸道传染病监测与早期预警分析/data/raw/chinacdc_monthly/t20250905_310265_cde4fa82c8befd8a.html
中国疾控中心全国法定传染病疫情情况,https://www.chinacdc.cn/jksj/jksj01/202508/t20250806_309203.html,2025年7月全国法定传染病疫情概况,2025,7,全国,甲乙丙类传染病总计,甲乙丙类总计,946063,2060,,,2026-05-28 00:56:43,/Users/zhoujia/code/大数据期末实验/大模型助力大数据分析/呼吸道传染病监测与早期预警分析/data/raw/chinacdc_monthly/t20250806_309203_f5177324babebd41.html
中国疾控中心全国法定传染病疫情情况,https://www.chinacdc.cn/jksj/jksj01/202508/t20250806_309203.html,2025年7月全国法定传染病疫情概况,2025,7,全国,甲乙类传染病合计,甲乙类合计,513768,2059,,,2026-05-28 00:56:43,/Users/zhoujia/code/大数据期末实验/大模型助力大数据分析/呼吸道传染病监测与早期预警分析/data/raw/chinacdc_monthly/t20250806_309203_f5177324babebd41.html
中国疾控中心全国法定传染病疫情情况,https://www.chinacdc.cn/jksj/jksj01/202508/t20250806_309203.html,2025年7月全国法定传染病疫情概况,2025,7,全国,鼠疫,甲乙类合计,0,0,,,2026-05-28 00:56:43,/Users/zhoujia/code/大数据期末实验/大模型助力大数据分析/呼吸道传染病监测与早期预警分析/data/raw/chinacdc_monthly/t20250806_309203_f5177324babebd41.html
中国疾控中心全国法定传染病疫情情况,https://www.chinacdc.cn/jksj/jksj01/202508/t20250806_309203.html,2025年7月全国法定传染病疫情概况,2025,7,全国,霍乱,甲乙类合计,3,0,,,2026-05-28 00:56:43,/Users/zhoujia/code/大数据期末实验/大模型助力大数据分析/呼吸道传染病监测与早期预警分析/data/raw/chinacdc_monthly/t20250806_309203_f5177324babebd41.html
中国疾控中心全国法定传染病疫情情况,https://www.chinacdc.cn/jksj/jksj01/202508/t20250806_309203.html,2025年7月全国法定传染病疫情概况,2025,7,全国,传染性非典型肺炎,甲乙类合计,0,0,,,2026-05-28 00:56:43,/Users/zhoujia/code/大数据期末实验/大模型助力大数据分析/呼吸道传染病监测与早期预警分析/data/raw/chinacdc_monthly/t20250806_309203_f5177324babebd41.html
中国疾控中心全国法定传染病疫情情况,https://www.chinacdc.cn/jksj/jksj01/202508/t20250806_309203.html,2025年7月全国法定传染病疫情概况,2025,7,全国,艾滋病,甲乙类合计,4134,1464,,,2026-05-28 00:56:43,/Users/zhoujia/code/大数据期末实验/大模型助力大数据分析/呼吸道传染病监测与早期预警分析/data/raw/chinacdc_monthly/t20250806_309203_f5177324babebd41.html
中国疾控中心全国法定传染病疫情情况,https://www.chinacdc.cn/jksj/jksj01/202508/t20250806_309203.html,2025年7月全国法定传染病疫情概况,2025,7,全国,病毒性肝炎,甲乙类合计,136194,283,,,2026-05-28 00:56:43,/Users/zhoujia/code/大数据期末实验/大模型助力大数据分析/呼吸道传染病监测与早期预警分析/data/raw/chinacdc_monthly/t20250806_309203_f5177324babebd41.html
中国疾控中心全国法定传染病疫情情况,https://www.chinacdc.cn/jksj/jksj01/202508/t20250806_309203.html,2025年7月全国法定传染病疫情概况,2025,7,全国,甲型肝炎,甲乙类合计,1635,0,,,2026-05-28 00:56:43,/Users/zhoujia/code/大数据期末实验/大模型助力大数据分析/呼吸道传染病监测与早期预警分析/data/raw/chinacdc_monthly/t20250806_309203_f5177324babebd41.html
中国疾控中心全国法定传染病疫情情况,https://www.chinacdc.cn/jksj/jksj01/202508/t20250806_309203.html,2025年7月全国法定传染病疫情概况,2025,7,全国,乙型肝炎,甲乙类合计,113578,39,,,2026-05-28 00:56:43,/Users/zhoujia/code/大数据期末实验/大模型助力大数据分析/呼吸道传染病监测与早期预警分析/data/raw/chinacdc_monthly/t20250806_309203_f5177324babebd41.html
中国疾控中心全国法定传染病疫情情况,https://www.chinacdc.cn/jksj/jksj01/202508/t20250806_309203.html,2025年7月全国法定传染病疫情概况,2025,7,全国,丙型肝炎,甲乙类合计,17538,243,,,2026-05-28 00:56:43,/Users/zhoujia/code/大数据期末实验/大模型助力大数据分析/呼吸道传染病监测与早期预警分析/data/raw/chinacdc_monthly/t20250806_309203_f5177324babebd41.html
中国疾控中心全国法定传染病疫情情况,https://www.chinacdc.cn/jksj/jksj01/202508/t20250806_309203.html,2025年7月全国法定传染病疫情概况,2025,7,全国,丁型肝炎,甲乙类合计,20,0,,,2026-05-28 00:56:43,/Users/zhoujia/code/大数据期末实验/大模型助力大数据分析/呼吸道传染病监测与早期预警分析/data/raw/chinacdc_monthly/t20250806_309203_f5177324babebd41.html
中国疾控中心全国法定传染病疫情情况,https://www.chinacdc.cn/jksj/jksj01/202508/t20250806_309203.html,2025年7月全国法定传染病疫情概况,2025,7,全国,戊型肝炎,甲乙类合计,2837,1,,,2026-05-28 00:56:43,/Users/zhoujia/code/大数据期末实验/大模型助力大数据分析/呼吸道传染病监测与早期预警分析/data/raw/chinacdc_monthly/t20250806_309203_f5177324babebd41.html
中国疾控中心全国法定传染病疫情情况,https://www.chinacdc.cn/jksj/jksj01/202508/t20250806_309203.html,2025年7月全国法定传染病疫情概况,2025,7,全国,未分型肝炎,甲乙类合计,586,0,,,2026-05-28 00:56:43,/Users/zhoujia/code/大数据期末实验/大模型助力大数据分析/呼吸道传染病监测与早期预警分析/data/raw/chinacdc_monthly/t20250806_309203_f5177324babebd41.html
中国疾控中心全国法定传染病疫情情况,https://www.chinacdc.cn/jksj/jksj01/202508/t20250806_309203.html,2025年7月全国法定传染病疫情概况,2025,7,全国,脊髓灰质炎,甲乙类合计,0,0,,,2026-05-28 00:56:43,/Users/zhoujia/code/大数据期末实验/大模型助力大数据分析/呼吸道传染病监测与早期预警分析/data/raw/chinacdc_monthly/t20250806_309203_f5177324babebd41.html
中国疾控中心全国法定传染病疫情情况,https://www.chinacdc.cn/jksj/jksj01/202508/t20250806_309203.html,2025年7月全国法定传染病疫情概况,2025,7,全国,人感染高致病性禽流感,甲乙类合计,0,0,,,2026-05-28 00:56:43,/Users/zhoujia/code/大数据期末实验/大模型助力大数据分析/呼吸道传染病监测与早期预警分析/data/raw/chinacdc_monthly/t20250806_309203_f5177324babebd41.html
中国疾控中心全国法定传染病疫情情况,https://www.chinacdc.cn/jksj/jksj01/202508/t20250806_309203.html,2025年7月全国法定传染病疫情概况,2025,7,全国,麻疹,甲乙类合计,135,0,,,2026-05-28 00:56:43,/Users/zhoujia/code/大数据期末实验/大模型助力大数据分析/呼吸道传染病监测与早期预警分析/data/raw/chinacdc_monthly/t20250806_309203_f5177324babebd41.html
中国疾控中心全国法定传染病疫情情况,https://www.chinacdc.cn/jksj/jksj01/202508/t20250806_309203.html,2025年7月全国法定传染病疫情概况,2025,7,全国,流行性出血热,甲乙类合计,205,0,,,2026-05-28 00:56:43,/Users/zhoujia/code/大数据期末实验/大模型助力大数据分析/呼吸道传染病监测与早期预警分析/data/raw/chinacdc_monthly/t20250806_309203_f5177324babebd41.html
中国疾控中心全国法定传染病疫情情况,https://www.chinacdc.cn/jksj/jksj01/202508/t20250806_309203.html,2025年7月全国法定传染病疫情概况,2025,7,全国,狂犬病,甲乙类合计,27,21,,,2026-05-28 00:56:43,/Users/zhoujia/code/大数据期末实验/大模型助力大数据分析/呼吸道传染病监测与早期预警分析/data/raw/chinacdc_monthly/t20250806_309203_f5177324babebd41.html
中国疾控中心全国法定传染病疫情情况,https://www.chinacdc.cn/jksj/jksj01/202508/t20250806_309203.html,2025年7月全国法定传染病疫情概况,2025,7,全国,流行性乙型脑炎,甲乙类合计,3,0,,,2026-05-28 00:56:43,/Users/zhoujia/code/大数据期末实验/大模型助力大数据分析/呼吸道传染病监测与早期预警分析/data/raw/chinacdc_monthly/t20250806_309203_f5177324babebd41.html
中国疾控中心全国法定传染病疫情情况,https://www.chinacdc.cn/jksj/jksj01/202508/t20250806_309203.html,2025年7月全国法定传染病疫情概况,2025,7,全国,登革热,甲乙类合计,694,0,,,2026-05-28 00:56:43,/Users/zhoujia/code/大数据期末实验/大模型助力大数据分析/呼吸道传染病监测与早期预警分析/data/raw/chinacdc_monthly/t20250806_309203_f5177324babebd41.html
中国疾控中心全国法定传染病疫情情况,https://www.chinacdc.cn/jksj/jksj01/202508/t20250806_309203.html,2025年7月全国法定传染病疫情概况,2025,7,全国,炭疽,甲乙类合计,87,0,,,2026-05-28 00:56:43,/Users/zhoujia/code/大数据期末实验/大模型助力大数据分析/呼吸道传染病监测与早期预警分析/data/raw/chinacdc_monthly/t20250806_309203_f5177324babebd41.html
中国疾控中心全国法定传染病疫情情况,https://www.chinacdc.cn/jksj/jksj01/202508/t20250806_309203.html,2025年7月全国法定传染病疫情概况,2025,7,全国,细菌性和阿米巴性痢疾,甲乙类合计,3899,0,,,2026-05-28 00:56:43,/Users/zhoujia/code/大数据期末实验/大模型助力大数据分析/呼吸道传染病监测与早期预警分析/data/raw/chinacdc_monthly/t20250806_309203_f5177324babebd41.html
中国疾控中心全国法定传染病疫情情况,https://www.chinacdc.cn/jksj/jksj01/202508/t20250806_309203.html,2025年7月全国法定传染病疫情概况,2025,7,全国,肺结核,甲乙类合计,57585,282,,,2026-05-28 00:56:43,/Users/zhoujia/code/大数据期末实验/大模型助力大数据分析/呼吸道传染病监测与早期预警分析/data/raw/chinacdc_monthly/t20250806_309203_f5177324babebd41.html
中国疾控中心全国法定传染病疫情情况,https://www.chinacdc.cn/jksj/jksj01/202508/t20250806_309203.html,2025年7月全国法定传染病疫情概况,2025,7,全国,伤寒和副伤寒,甲乙类合计,672,0,,,2026-05-28 00:56:43,/Users/zhoujia/code/大数据期末实验/大模型助力大数据分析/呼吸道传染病监测与早期预警分析/data/raw/chinacdc_monthly/t20250806_309203_f5177324babebd41.html
中国疾控中心全国法定传染病疫情情况,https://www.chinacdc.cn/jksj/jksj01/202508/t20250806_309203.html,2025年7月全国法定传染病疫情概况,2025,7,全国,流行性脑脊髓膜炎,甲乙类合计,12,1,,,2026-05-28 00:56:43,/Users/zhoujia/code/大数据期末实验/大模型助力大数据分析/呼吸道传染病监测与早期预警分析/data/raw/chinacdc_monthly/t20250806_309203_f5177324babebd41.html
中国疾控中心全国法定传染病疫情情况,https://www.chinacdc.cn/jksj/jksj01/202508/t20250806_309203.html,2025年7月全国法定传染病疫情概况,2025,7,全国,百日咳,甲乙类合计,2974,0,,,2026-05-28 00:56:43,/Users/zhoujia/code/大数据期末实验/大模型助力大数据分析/呼吸道传染病监测与早期预警分析/data/raw/chinacdc_monthly/t20250806_309203_f5177324babebd41.html
中国疾控中心全国法定传染病疫情情况,https://www.chinacdc.cn/jksj/jksj01/202508/t20250806_309203.html,2025年7月全国法定传染病疫情概况,2025,7,全国,白喉,甲乙类合计,0,0,,,2026-05-28 00:56:43,/Users/zhoujia/code/大数据期末实验/大模型助力大数据分析/呼吸道传染病监测与早期预警分析/data/raw/chinacdc_monthly/t20250806_309203_f5177324babebd41.html
中国疾控中心全国法定传染病疫情情况,https://www.chinacdc.cn/jksj/jksj01/202508/t20250806_309203.html,2025年7月全国法定传染病疫情概况,2025,7,全国,新生儿破伤风,甲乙类合计,3,1,,,2026-05-28 00:56:43,/Users/zhoujia/code/大数据期末实验/大模型助力大数据分析/呼吸道传染病监测与早期预警分析/data/raw/chinacdc_monthly/t20250806_309203_f5177324babebd41.html
中国疾控中心全国法定传染病疫情情况,https://www.chinacdc.cn/jksj/jksj01/202508/t20250806_309203.html,2025年7月全国法定传染病疫情概况,2025,7,全国,猩红热,甲乙类合计,4268,0,,,2026-05-28 00:56:43,/Users/zhoujia/code/大数据期末实验/大模型助力大数据分析/呼吸道传染病监测与早期预警分析/data/raw/chinacdc_monthly/t20250806_309203_f5177324babebd41.html
中国疾控中心全国法定传染病疫情情况,https://www.chinacdc.cn/jksj/jksj01/202508/t20250806_309203.html,2025年7月全国法定传染病疫情概况,2025,7,全国,布鲁氏菌病,甲乙类合计,7301,1,,,2026-05-28 00:56:43,/Users/zhoujia/code/大数据期末实验/大模型助力大数据分析/呼吸道传染病监测与早期预警分析/data/raw/chinacdc_monthly/t20250806_309203_f5177324babebd41.html
中国疾控中心全国法定传染病疫情情况,https://www.chinacdc.cn/jksj/jksj01/202508/t20250806_309203.html,2025年7月全国法定传染病疫情概况,2025,7,全国,淋病,甲乙类合计,10992,0,,,2026-05-28 00:56:43,/Users/zhoujia/code/大数据期末实验/大模型助力大数据分析/呼吸道传染病监测与早期预警分析/data/raw/chinacdc_monthly/t20250806_309203_f5177324babebd41.html
中国疾控中心全国法定传染病疫情情况,https://www.chinacdc.cn/jksj/jksj01/202508/t20250806_309203.html,2025年7月全国法定传染病疫情概况,2025,7,全国,梅毒,甲乙类合计,57384,3,,,2026-05-28 00:56:43,/Users/zhoujia/code/大数据期末实验/大模型助力大数据分析/呼吸道传染病监测与早期预警分析/data/raw/chinacdc_monthly/t20250806_309203_f5177324babebd41.html
中国疾控中心全国法定传染病疫情情况,https://www.chinacdc.cn/jksj/jksj01/202508/t20250806_309203.html,2025年7月全国法定传染病疫情概况,2025,7,全国,钩端螺旋体病,甲乙类合计,68,0,,,2026-05-28 00:56:43,/Users/zhoujia/code/大数据期末实验/大模型助力大数据分析/呼吸道传染病监测与早期预警分析/data/raw/chinacdc_monthly/t20250806_309203_f5177324babebd41.html
中国疾控中心全国法定传染病疫情情况,https://www.chinacdc.cn/jksj/jksj01/202508/t20250806_309203.html,2025年7月全国法定传染病疫情概况,2025,7,全国,血吸虫病,甲乙类合计,2,0,,,2026-05-28 00:56:43,/Users/zhoujia/code/大数据期末实验/大模型助力大数据分析/呼吸道传染病监测与早期预警分析/data/raw/chinacdc_monthly/t20250806_309203_f5177324babebd41.html
中国疾控中心全国法定传染病疫情情况,https://www.chinacdc.cn/jksj/jksj01/202508/t20250806_309203.html,2025年7月全国法定传染病疫情概况,2025,7,全国,疟疾,甲乙类合计,424,1,,,2026-05-28 00:56:43,/Users/zhoujia/code/大数据期末实验/大模型助力大数据分析/呼吸道传染病监测与早期预警分析/data/raw/chinacdc_monthly/t20250806_309203_f5177324babebd41.html
中国疾控中心全国法定传染病疫情情况,https://www.chinacdc.cn/jksj/jksj01/202508/t20250806_309203.html,2025年7月全国法定传染病疫情概况,2025,7,全国,人感染H7N9禽流感,甲乙类合计,0,0,,,2026-05-28 00:56:43,/Users/zhoujia/code/大数据期末实验/大模型助力大数据分析/呼吸道传染病监测与早期预警分析/data/raw/chinacdc_monthly/t20250806_309203_f5177324babebd41.html
中国疾控中心全国法定传染病疫情情况,https://www.chinacdc.cn/jksj/jksj01/202508/t20250806_309203.html,2025年7月全国法定传染病疫情概况,2025,7,全国,新型冠状病毒感染,甲乙类合计,226567,2,,,2026-05-28 00:56:43,/Users/zhoujia/code/大数据期末实验/大模型助力大数据分析/呼吸道传染病监测与早期预警分析/data/raw/chinacdc_monthly/t20250806_309203_f5177324babebd41.html
中国疾控中心全国法定传染病疫情情况,https://www.chinacdc.cn/jksj/jksj01/202508/t20250806_309203.html,2025年7月全国法定传染病疫情概况,2025,7,全国,猴痘,甲乙类合计,135,0,,,2026-05-28 00:56:43,/Users/zhoujia/code/大数据期末实验/大模型助力大数据分析/呼吸道传染病监测与早期预警分析/data/raw/chinacdc_monthly/t20250806_309203_f5177324babebd41.html
中国疾控中心全国法定传染病疫情情况,https://www.chinacdc.cn/jksj/jksj01/202508/t20250806_309203.html,2025年7月全国法定传染病疫情概况,2025,7,全国,丙类传染病合计,丙类合计,432295,1,,,2026-05-28 00:56:43,/Users/zhoujia/code/大数据期末实验/大模型助力大数据分析/呼吸道传染病监测与早期预警分析/data/raw/chinacdc_monthly/t20250806_309203_f5177324babebd41.html
中国疾控中心全国法定传染病疫情情况,https://www.chinacdc.cn/jksj/jksj01/202508/t20250806_309203.html,2025年7月全国法定传染病疫情概况,2025,7,全国,流行性感冒,丙类合计,78790,0,,,2026-05-28 00:56:43,/Users/zhoujia/code/大数据期末实验/大模型助力大数据分析/呼吸道传染病监测与早期预警分析/data/raw/chinacdc_monthly/t20250806_309203_f5177324babebd41.html
中国疾控中心全国法定传染病疫情情况,https://www.chinacdc.cn/jksj/jksj01/202508/t20250806_309203.html,2025年7月全国法定传染病疫情概况,2025,7,全国,流行性腮腺炎,丙类合计,6907,0,,,2026-05-28 00:56:43,/Users/zhoujia/code/大数据期末实验/大模型助力大数据分析/呼吸道传染病监测与早期预警分析/data/raw/chinacdc_monthly/t20250806_309203_f5177324babebd41.html
中国疾控中心全国法定传染病疫情情况,https://www.chinacdc.cn/jksj/jksj01/202508/t20250806_309203.html,2025年7月全国法定传染病疫情概况,2025,7,全国,风疹,丙类合计,65,0,,,2026-05-28 00:56:43,/Users/zhoujia/code/大数据期末实验/大模型助力大数据分析/呼吸道传染病监测与早期预警分析/data/raw/chinacdc_monthly/t20250806_309203_f5177324babebd41.html
中国疾控中心全国法定传染病疫情情况,https://www.chinacdc.cn/jksj/jksj01/202508/t20250806_309203.html,2025年7月全国法定传染病疫情概况,2025,7,全国,急性出血性结膜炎,丙类合计,2639,0,,,2026-05-28 00:56:43,/Users/zhoujia/code/大数据期末实验/大模型助力大数据分析/呼吸道传染病监测与早期预警分析/data/raw/chinacdc_monthly/t20250806_309203_f5177324babebd41.html
中国疾控中心全国法定传染病疫情情况,https://www.chinacdc.cn/jksj/jksj01/202508/t20250806_309203.html,2025年7月全国法定传染病疫情概况,2025,7,全国,麻风病,丙类合计,27,0,,,2026-05-28 00:56:43,/Users/zhoujia/code/大数据期末实验/大模型助力大数据分析/呼吸道传染病监测与早期预警分析/data/raw/chinacdc_monthly/t20250806_309203_f5177324babebd41.html
中国疾控中心全国法定传染病疫情情况,https://www.chinacdc.cn/jksj/jksj01/202508/t20250806_309203.html,2025年7月全国法定传染病疫情概况,2025,7,全国,流行性和地方性斑疹伤寒,丙类合计,164,0,,,2026-05-28 00:56:43,/Users/zhoujia/code/大数据期末实验/大模型助力大数据分析/呼吸道传染病监测与早期预警分析/data/raw/chinacdc_monthly/t20250806_309203_f5177324babebd41.html
中国疾控中心全国法定传染病疫情情况,https://www.chinacdc.cn/jksj/jksj01/202508/t20250806_309203.html,2025年7月全国法定传染病疫情概况,2025,7,全国,黑热病,丙类合计,31,1,,,2026-05-28 00:56:43,/Users/zhoujia/code/大数据期末实验/大模型助力大数据分析/呼吸道传染病监测与早期预警分析/data/raw/chinacdc_monthly/t20250806_309203_f5177324babebd41.html
中国疾控中心全国法定传染病疫情情况,https://www.chinacdc.cn/jksj/jksj01/202508/t20250806_309203.html,2025年7月全国法定传染病疫情概况,2025,7,全国,包虫病,丙类合计,412,0,,,2026-05-28 00:56:43,/Users/zhoujia/code/大数据期末实验/大模型助力大数据分析/呼吸道传染病监测与早期预警分析/data/raw/chinacdc_monthly/t20250806_309203_f5177324babebd41.html
中国疾控中心全国法定传染病疫情情况,https://www.chinacdc.cn/jksj/jksj01/202508/t20250806_309203.html,2025年7月全国法定传染病疫情概况,2025,7,全国,丝虫病,丙类合计,0,0,,,2026-05-28 00:56:43,/Users/zhoujia/code/大数据期末实验/大模型助力大数据分析/呼吸道传染病监测与早期预警分析/data/raw/chinacdc_monthly/t20250806_309203_f5177324babebd41.html
中国疾控中心全国法定传染病疫情情况,https://www.chinacdc.cn/jksj/jksj01/202508/t20250806_309203.html,2025年7月全国法定传染病疫情概况,2025,7,全国,其他感染性腹泻病,丙类合计,148551,0,,,2026-05-28 00:56:43,/Users/zhoujia/code/大数据期末实验/大模型助力大数据分析/呼吸道传染病监测与早期预警分析/data/raw/chinacdc_monthly/t20250806_309203_f5177324babebd41.html
中国疾控中心全国法定传染病疫情情况,https://www.chinacdc.cn/jksj/jksj01/202508/t20250806_309203.html,2025年7月全国法定传染病疫情概况,2025,7,全国,手足口病,丙类合计,194709,0,,,2026-05-28 00:56:43,/Users/zhoujia/code/大数据期末实验/大模型助力大数据分析/呼吸道传染病监测与早期预警分析/data/raw/chinacdc_monthly/t20250806_309203_f5177324babebd41.html
中国疾控中心全国法定传染病疫情情况,https://www.chinacdc.cn/jksj/jksj01/202507/t20250705_308213.html,2025年6月全国法定传染病疫情概况,2025,6,全国,甲乙丙类 传染病 总计,甲乙丙类总计,1015490,2313,,,2026-05-28 00:56:43,/Users/zhoujia/code/大数据期末实验/大模型助力大数据分析/呼吸道传染病监测与早期预警分析/data/raw/chinacdc_monthly/t20250705_308213_6feb39cab75e4b7a.html
中国疾控中心全国法定传染病疫情情况,https://www.chinacdc.cn/jksj/jksj01/202507/t20250705_308213.html,2025年6月全国法定传染病疫情概况,2025,6,全国,甲乙类传染病合计,甲乙类合计,605194,2311,,,2026-05-28 00:56:43,/Users/zhoujia/code/大数据期末实验/大模型助力大数据分析/呼吸道传染病监测与早期预警分析/data/raw/chinacdc_monthly/t20250705_308213_6feb39cab75e4b7a.html
中国疾控中心全国法定传染病疫情情况,https://www.chinacdc.cn/jksj/jksj01/202507/t20250705_308213.html,2025年6月全国法定传染病疫情概况,2025,6,全国,鼠疫,甲乙类合计,0,0,,,2026-05-28 00:56:43,/Users/zhoujia/code/大数据期末实验/大模型助力大数据分析/呼吸道传染病监测与早期预警分析/data/raw/chinacdc_monthly/t20250705_308213_6feb39cab75e4b7a.html
中国疾控中心全国法定传染病疫情情况,https://www.chinacdc.cn/jksj/jksj01/202507/t20250705_308213.html,2025年6月全国法定传染病疫情概况,2025,6,全国,霍乱,甲乙类合计,2,0,,,2026-05-28 00:56:43,/Users/zhoujia/code/大数据期末实验/大模型助力大数据分析/呼吸道传染病监测与早期预警分析/data/raw/chinacdc_monthly/t20250705_308213_6feb39cab75e4b7a.html
中国疾控中心全国法定传染病疫情情况,https://www.chinacdc.cn/jksj/jksj01/202507/t20250705_308213.html,2025年6月全国法定传染病疫情概况,2025,6,全国,传染性非典型肺炎,甲乙类合计,0,0,,,2026-05-28 00:56:43,/Users/zhoujia/code/大数据期末实验/大模型助力大数据分析/呼吸道传染病监测与早期预警分析/data/raw/chinacdc_monthly/t20250705_308213_6feb39cab75e4b7a.html
中国疾控中心全国法定传染病疫情情况,https://www.chinacdc.cn/jksj/jksj01/202507/t20250705_308213.html,2025年6月全国法定传染病疫情概况,2025,6,全国,艾滋病,甲乙类合计,4783,1641,,,2026-05-28 00:56:43,/Users/zhoujia/code/大数据期末实验/大模型助力大数据分析/呼吸道传染病监测与早期预警分析/data/raw/chinacdc_monthly/t20250705_308213_6feb39cab75e4b7a.html
中国疾控中心全国法定传染病疫情情况,https://www.chinacdc.cn/jksj/jksj01/202507/t20250705_308213.html,2025年6月全国法定传染病疫情概况,2025,6,全国,病毒性肝炎,甲乙类合计,126144,336,,,2026-05-28 00:56:43,/Users/zhoujia/code/大数据期末实验/大模型助力大数据分析/呼吸道传染病监测与早期预警分析/data/raw/chinacdc_monthly/t20250705_308213_6feb39cab75e4b7a.html
中国疾控中心全国法定传染病疫情情况,https://www.chinacdc.cn/jksj/jksj01/202507/t20250705_308213.html,2025年6月全国法定传染病疫情概况,2025,6,全国,甲型肝炎,甲乙类合计,1803,0,,,2026-05-28 00:56:43,/Users/zhoujia/code/大数据期末实验/大模型助力大数据分析/呼吸道传染病监测与早期预警分析/data/raw/chinacdc_monthly/t20250705_308213_6feb39cab75e4b7a.html
中国疾控中心全国法定传染病疫情情况,https://www.chinacdc.cn/jksj/jksj01/202507/t20250705_308213.html,2025年6月全国法定传染病疫情概况,2025,6,全国,乙型肝炎,甲乙类合计,105033,38,,,2026-05-28 00:56:43,/Users/zhoujia/code/大数据期末实验/大模型助力大数据分析/呼吸道传染病监测与早期预警分析/data/raw/chinacdc_monthly/t20250705_308213_6feb39cab75e4b7a.html
中国疾控中心全国法定传染病疫情情况,https://www.chinacdc.cn/jksj/jksj01/202507/t20250705_308213.html,2025年6月全国法定传染病疫情概况,2025,6,全国,丙型肝炎,甲乙类合计,15898,297,,,2026-05-28 00:56:43,/Users/zhoujia/code/大数据期末实验/大模型助力大数据分析/呼吸道传染病监测与早期预警分析/data/raw/chinacdc_monthly/t20250705_308213_6feb39cab75e4b7a.html
中国疾控中心全国法定传染病疫情情况,https://www.chinacdc.cn/jksj/jksj01/202507/t20250705_308213.html,2025年6月全国法定传染病疫情概况,2025,6,全国,丁型肝炎,甲乙类合计,19,0,,,2026-05-28 00:56:43,/Users/zhoujia/code/大数据期末实验/大模型助力大数据分析/呼吸道传染病监测与早期预警分析/data/raw/chinacdc_monthly/t20250705_308213_6feb39cab75e4b7a.html
中国疾控中心全国法定传染病疫情情况,https://www.chinacdc.cn/jksj/jksj01/202507/t20250705_308213.html,2025年6月全国法定传染病疫情概况,2025,6,全国,戊型肝炎,甲乙类合计,2820,1,,,2026-05-28 00:56:43,/Users/zhoujia/code/大数据期末实验/大模型助力大数据分析/呼吸道传染病监测与早期预警分析/data/raw/chinacdc_monthly/t20250705_308213_6feb39cab75e4b7a.html
中国疾控中心全国法定传染病疫情情况,https://www.chinacdc.cn/jksj/jksj01/202507/t20250705_308213.html,2025年6月全国法定传染病疫情概况,2025,6,全国,未分型肝炎,甲乙类合计,571,0,,,2026-05-28 00:56:43,/Users/zhoujia/code/大数据期末实验/大模型助力大数据分析/呼吸道传染病监测与早期预警分析/data/raw/chinacdc_monthly/t20250705_308213_6feb39cab75e4b7a.html
中国疾控中心全国法定传染病疫情情况,https://www.chinacdc.cn/jksj/jksj01/202507/t20250705_308213.html,2025年6月全国法定传染病疫情概况,2025,6,全国,脊髓灰质炎,甲乙类合计,0,0,,,2026-05-28 00:56:43,/Users/zhoujia/code/大数据期末实验/大模型助力大数据分析/呼吸道传染病监测与早期预警分析/data/raw/chinacdc_monthly/t20250705_308213_6feb39cab75e4b7a.html
中国疾控中心全国法定传染病疫情情况,https://www.chinacdc.cn/jksj/jksj01/202507/t20250705_308213.html,2025年6月全国法定传染病疫情概况,2025,6,全国,人感染高致病性禽流感,甲乙类合计,0,0,,,2026-05-28 00:56:43,/Users/zhoujia/code/大数据期末实验/大模型助力大数据分析/呼吸道传染病监测与早期预警分析/data/raw/chinacdc_monthly/t20250705_308213_6feb39cab75e4b7a.html
中国疾控中心全国法定传染病疫情情况,https://www.chinacdc.cn/jksj/jksj01/202507/t20250705_308213.html,2025年6月全国法定传染病疫情概况,2025,6,全国,麻疹,甲乙类合计,156,0,,,2026-05-28 00:56:43,/Users/zhoujia/code/大数据期末实验/大模型助力大数据分析/呼吸道传染病监测与早期预警分析/data/raw/chinacdc_monthly/t20250705_308213_6feb39cab75e4b7a.html
中国疾控中心全国法定传染病疫情情况,https://www.chinacdc.cn/jksj/jksj01/202507/t20250705_308213.html,2025年6月全国法定传染病疫情概况,2025,6,全国,流行性出血热,甲乙类合计,354,1,,,2026-05-28 00:56:43,/Users/zhoujia/code/大数据期末实验/大模型助力大数据分析/呼吸道传染病监测与早期预警分析/data/raw/chinacdc_monthly/t20250705_308213_6feb39cab75e4b7a.html
中国疾控中心全国法定传染病疫情情况,https://www.chinacdc.cn/jksj/jksj01/202507/t20250705_308213.html,2025年6月全国法定传染病疫情概况,2025,6,全国,狂犬病,甲乙类合计,23,20,,,2026-05-28 00:56:43,/Users/zhoujia/code/大数据期末实验/大模型助力大数据分析/呼吸道传染病监测与早期预警分析/data/raw/chinacdc_monthly/t20250705_308213_6feb39cab75e4b7a.html
中国疾控中心全国法定传染病疫情情况,https://www.chinacdc.cn/jksj/jksj01/202507/t20250705_308213.html,2025年6月全国法定传染病疫情概况,2025,6,全国,流行性乙型脑炎,甲乙类合计,1,0,,,2026-05-28 00:56:43,/Users/zhoujia/code/大数据期末实验/大模型助力大数据分析/呼吸道传染病监测与早期预警分析/data/raw/chinacdc_monthly/t20250705_308213_6feb39cab75e4b7a.html
中国疾控中心全国法定传染病疫情情况,https://www.chinacdc.cn/jksj/jksj01/202507/t20250705_308213.html,2025年6月全国法定传染病疫情概况,2025,6,全国,登革热,甲乙类合计,225,0,,,2026-05-28 00:56:43,/Users/zhoujia/code/大数据期末实验/大模型助力大数据分析/呼吸道传染病监测与早期预警分析/data/raw/chinacdc_monthly/t20250705_308213_6feb39cab75e4b7a.html
中国疾控中心全国法定传染病疫情情况,https://www.chinacdc.cn/jksj/jksj01/202507/t20250705_308213.html,2025年6月全国法定传染病疫情概况,2025,6,全国,炭疽,甲乙类合计,32,1,,,2026-05-28 00:56:43,/Users/zhoujia/code/大数据期末实验/大模型助力大数据分析/呼吸道传染病监测与早期预警分析/data/raw/chinacdc_monthly/t20250705_308213_6feb39cab75e4b7a.html
中国疾控中心全国法定传染病疫情情况,https://www.chinacdc.cn/jksj/jksj01/202507/t20250705_308213.html,2025年6月全国法定传染病疫情概况,2025,6,全国,细菌性和阿米巴性痢疾,甲乙类合计,3670,0,,,2026-05-28 00:56:43,/Users/zhoujia/code/大数据期末实验/大模型助力大数据分析/呼吸道传染病监测与早期预警分析/data/raw/chinacdc_monthly/t20250705_308213_6feb39cab75e4b7a.html
中国疾控中心全国法定传染病疫情情况,https://www.chinacdc.cn/jksj/jksj01/202507/t20250705_308213.html,2025年6月全国法定传染病疫情概况,2025,6,全国,肺结核,甲乙类合计,53180,296,,,2026-05-28 00:56:43,/Users/zhoujia/code/大数据期末实验/大模型助力大数据分析/呼吸道传染病监测与早期预警分析/data/raw/chinacdc_monthly/t20250705_308213_6feb39cab75e4b7a.html
中国疾控中心全国法定传染病疫情情况,https://www.chinacdc.cn/jksj/jksj01/202507/t20250705_308213.html,2025年6月全国法定传染病疫情概况,2025,6,全国,伤寒和副伤寒,甲乙类合计,564,0,,,2026-05-28 00:56:43,/Users/zhoujia/code/大数据期末实验/大模型助力大数据分析/呼吸道传染病监测与早期预警分析/data/raw/chinacdc_monthly/t20250705_308213_6feb39cab75e4b7a.html
中国疾控中心全国法定传染病疫情情况,https://www.chinacdc.cn/jksj/jksj01/202507/t20250705_308213.html,2025年6月全国法定传染病疫情概况,2025,6,全国,流行性脑脊髓膜炎,甲乙类合计,7,1,,,2026-05-28 00:56:43,/Users/zhoujia/code/大数据期末实验/大模型助力大数据分析/呼吸道传染病监测与早期预警分析/data/raw/chinacdc_monthly/t20250705_308213_6feb39cab75e4b7a.html
中国疾控中心全国法定传染病疫情情况,https://www.chinacdc.cn/jksj/jksj01/202507/t20250705_308213.html,2025年6月全国法定传染病疫情概况,2025,6,全国,百日咳,甲乙类合计,3590,0,,,2026-05-28 00:56:43,/Users/zhoujia/code/大数据期末实验/大模型助力大数据分析/呼吸道传染病监测与早期预警分析/data/raw/chinacdc_monthly/t20250705_308213_6feb39cab75e4b7a.html
中国疾控中心全国法定传染病疫情情况,https://www.chinacdc.cn/jksj/jksj01/202507/t20250705_308213.html,2025年6月全国法定传染病疫情概况,2025,6,全国,白喉,甲乙类合计,0,0,,,2026-05-28 00:56:43,/Users/zhoujia/code/大数据期末实验/大模型助力大数据分析/呼吸道传染病监测与早期预警分析/data/raw/chinacdc_monthly/t20250705_308213_6feb39cab75e4b7a.html
中国疾控中心全国法定传染病疫情情况,https://www.chinacdc.cn/jksj/jksj01/202507/t20250705_308213.html,2025年6月全国法定传染病疫情概况,2025,6,全国,新生儿破伤风,甲乙类合计,0,0,,,2026-05-28 00:56:43,/Users/zhoujia/code/大数据期末实验/大模型助力大数据分析/呼吸道传染病监测与早期预警分析/data/raw/chinacdc_monthly/t20250705_308213_6feb39cab75e4b7a.html
中国疾控中心全国法定传染病疫情情况,https://www.chinacdc.cn/jksj/jksj01/202507/t20250705_308213.html,2025年6月全国法定传染病疫情概况,2025,6,全国,猩红热,甲乙类合计,8718,0,,,2026-05-28 00:56:43,/Users/zhoujia/code/大数据期末实验/大模型助力大数据分析/呼吸道传染病监测与早期预警分析/data/raw/chinacdc_monthly/t20250705_308213_6feb39cab75e4b7a.html
中国疾控中心全国法定传染病疫情情况,https://www.chinacdc.cn/jksj/jksj01/202507/t20250705_308213.html,2025年6月全国法定传染病疫情概况,2025,6,全国,布鲁氏菌病,甲乙类合计,7187,0,,,2026-05-28 00:56:43,/Users/zhoujia/code/大数据期末实验/大模型助力大数据分析/呼吸道传染病监测与早期预警分析/data/raw/chinacdc_monthly/t20250705_308213_6feb39cab75e4b7a.html
中国疾控中心全国法定传染病疫情情况,https://www.chinacdc.cn/jksj/jksj01/202507/t20250705_308213.html,2025年6月全国法定传染病疫情概况,2025,6,全国,淋病,甲乙类合计,10011,0,,,2026-05-28 00:56:43,/Users/zhoujia/code/大数据期末实验/大模型助力大数据分析/呼吸道传染病监测与早期预警分析/data/raw/chinacdc_monthly/t20250705_308213_6feb39cab75e4b7a.html
中国疾控中心全国法定传染病疫情情况,https://www.chinacdc.cn/jksj/jksj01/202507/t20250705_308213.html,2025年6月全国法定传染病疫情概况,2025,6,全国,梅毒,甲乙类合计,52760,7,,,2026-05-28 00:56:43,/Users/zhoujia/code/大数据期末实验/大模型助力大数据分析/呼吸道传染病监测与早期预警分析/data/raw/chinacdc_monthly/t20250705_308213_6feb39cab75e4b7a.html
中国疾控中心全国法定传染病疫情情况,https://www.chinacdc.cn/jksj/jksj01/202507/t20250705_308213.html,2025年6月全国法定传染病疫情概况,2025,6,全国,钩端螺旋体病,甲乙类合计,18,0,,,2026-05-28 00:56:43,/Users/zhoujia/code/大数据期末实验/大模型助力大数据分析/呼吸道传染病监测与早期预警分析/data/raw/chinacdc_monthly/t20250705_308213_6feb39cab75e4b7a.html
中国疾控中心全国法定传染病疫情情况,https://www.chinacdc.cn/jksj/jksj01/202507/t20250705_308213.html,2025年6月全国法定传染病疫情概况,2025,6,全国,血吸虫病,甲乙类合计,1,0,,,2026-05-28 00:56:43,/Users/zhoujia/code/大数据期末实验/大模型助力大数据分析/呼吸道传染病监测与早期预警分析/data/raw/chinacdc_monthly/t20250705_308213_6feb39cab75e4b7a.html
中国疾控中心全国法定传染病疫情情况,https://www.chinacdc.cn/jksj/jksj01/202507/t20250705_308213.html,2025年6月全国法定传染病疫情概况,2025,6,全国,疟疾,甲乙类合计,437,0,,,2026-05-28 00:56:43,/Users/zhoujia/code/大数据期末实验/大模型助力大数据分析/呼吸道传染病监测与早期预警分析/data/raw/chinacdc_monthly/t20250705_308213_6feb39cab75e4b7a.html
中国疾控中心全国法定传染病疫情情况,https://www.chinacdc.cn/jksj/jksj01/202507/t20250705_308213.html,2025年6月全国法定传染病疫情概况,2025,6,全国,人感染H7N9禽流感,甲乙类合计,0,0,,,2026-05-28 00:56:43,/Users/zhoujia/code/大数据期末实验/大模型助力大数据分析/呼吸道传染病监测与早期预警分析/data/raw/chinacdc_monthly/t20250705_308213_6feb39cab75e4b7a.html
中国疾控中心全国法定传染病疫情情况,https://www.chinacdc.cn/jksj/jksj01/202507/t20250705_308213.html,2025年6月全国法定传染病疫情概况,2025,6,全国,新型冠状病毒感染,甲乙类合计,333229,8,,,2026-05-28 00:56:43,/Users/zhoujia/code/大数据期末实验/大模型助力大数据分析/呼吸道传染病监测与早期预警分析/data/raw/chinacdc_monthly/t20250705_308213_6feb39cab75e4b7a.html
中国疾控中心全国法定传染病疫情情况,https://www.chinacdc.cn/jksj/jksj01/202507/t20250705_308213.html,2025年6月全国法定传染病疫情概况,2025,6,全国,猴痘,甲乙类合计,102,0,,,2026-05-28 00:56:43,/Users/zhoujia/code/大数据期末实验/大模型助力大数据分析/呼吸道传染病监测与早期预警分析/data/raw/chinacdc_monthly/t20250705_308213_6feb39cab75e4b7a.html
中国疾控中心全国法定传染病疫情情况,https://www.chinacdc.cn/jksj/jksj01/202507/t20250705_308213.html,2025年6月全国法定传染病疫情概况,2025,6,全国,丙类传染病合计,丙类合计,410296,2,,,2026-05-28 00:56:43,/Users/zhoujia/code/大数据期末实验/大模型助力大数据分析/呼吸道传染病监测与早期预警分析/data/raw/chinacdc_monthly/t20250705_308213_6feb39cab75e4b7a.html
中国疾控中心全国法定传染病疫情情况,https://www.chinacdc.cn/jksj/jksj01/202507/t20250705_308213.html,2025年6月全国法定传染病疫情概况,2025,6,全国,流行性感冒,丙类合计,92292,1,,,2026-05-28 00:56:43,/Users/zhoujia/code/大数据期末实验/大模型助力大数据分析/呼吸道传染病监测与早期预警分析/data/raw/chinacdc_monthly/t20250705_308213_6feb39cab75e4b7a.html
中国疾控中心全国法定传染病疫情情况,https://www.chinacdc.cn/jksj/jksj01/202507/t20250705_308213.html,2025年6月全国法定传染病疫情概况,2025,6,全国,流行性腮腺炎,丙类合计,9406,0,,,2026-05-28 00:56:43,/Users/zhoujia/code/大数据期末实验/大模型助力大数据分析/呼吸道传染病监测与早期预警分析/data/raw/chinacdc_monthly/t20250705_308213_6feb39cab75e4b7a.html
中国疾控中心全国法定传染病疫情情况,https://www.chinacdc.cn/jksj/jksj01/202507/t20250705_308213.html,2025年6月全国法定传染病疫情概况,2025,6,全国,风疹,丙类合计,53,0,,,2026-05-28 00:56:43,/Users/zhoujia/code/大数据期末实验/大模型助力大数据分析/呼吸道传染病监测与早期预警分析/data/raw/chinacdc_monthly/t20250705_308213_6feb39cab75e4b7a.html
中国疾控中心全国法定传染病疫情情况,https://www.chinacdc.cn/jksj/jksj01/202507/t20250705_308213.html,2025年6月全国法定传染病疫情概况,2025,6,全国,急性出血性结膜炎,丙类合计,2819,0,,,2026-05-28 00:56:43,/Users/zhoujia/code/大数据期末实验/大模型助力大数据分析/呼吸道传染病监测与早期预警分析/data/raw/chinacdc_monthly/t20250705_308213_6feb39cab75e4b7a.html
中国疾控中心全国法定传染病疫情情况,https://www.chinacdc.cn/jksj/jksj01/202507/t20250705_308213.html,2025年6月全国法定传染病疫情概况,2025,6,全国,麻风病,丙类合计,22,0,,,2026-05-28 00:56:43,/Users/zhoujia/code/大数据期末实验/大模型助力大数据分析/呼吸道传染病监测与早期预警分析/data/raw/chinacdc_monthly/t20250705_308213_6feb39cab75e4b7a.html
中国疾控中心全国法定传染病疫情情况,https://www.chinacdc.cn/jksj/jksj01/202507/t20250705_308213.html,2025年6月全国法定传染病疫情概况,2025,6,全国,流行性和地方性 斑疹伤寒,丙类合计,135,0,,,2026-05-28 00:56:43,/Users/zhoujia/code/大数据期末实验/大模型助力大数据分析/呼吸道传染病监测与早期预警分析/data/raw/chinacdc_monthly/t20250705_308213_6feb39cab75e4b7a.html
中国疾控中心全国法定传染病疫情情况,https://www.chinacdc.cn/jksj/jksj01/202507/t20250705_308213.html,2025年6月全国法定传染病疫情概况,2025,6,全国,黑热病,丙类合计,23,0,,,2026-05-28 00:56:43,/Users/zhoujia/code/大数据期末实验/大模型助力大数据分析/呼吸道传染病监测与早期预警分析/data/raw/chinacdc_monthly/t20250705_308213_6feb39cab75e4b7a.html
中国疾控中心全国法定传染病疫情情况,https://www.chinacdc.cn/jksj/jksj01/202507/t20250705_308213.html,2025年6月全国法定传染病疫情概况,2025,6,全国,包虫病,丙类合计,285,0,,,2026-05-28 00:56:43,/Users/zhoujia/code/大数据期末实验/大模型助力大数据分析/呼吸道传染病监测与早期预警分析/data/raw/chinacdc_monthly/t20250705_308213_6feb39cab75e4b7a.html
中国疾控中心全国法定传染病疫情情况,https://www.chinacdc.cn/jksj/jksj01/202507/t20250705_308213.html,2025年6月全国法定传染病疫情概况,2025,6,全国,丝虫病,丙类合计,0,0,,,2026-05-28 00:56:43,/Users/zhoujia/code/大数据期末实验/大模型助力大数据分析/呼吸道传染病监测与早期预警分析/data/raw/chinacdc_monthly/t20250705_308213_6feb39cab75e4b7a.html
中国疾控中心全国法定传染病疫情情况,https://www.chinacdc.cn/jksj/jksj01/202507/t20250705_308213.html,2025年6月全国法定传染病疫情概况,2025,6,全国,其他感染性腹泻病,丙类合计,154704,1,,,2026-05-28 00:56:43,/Users/zhoujia/code/大数据期末实验/大模型助力大数据分析/呼吸道传染病监测与早期预警分析/data/raw/chinacdc_monthly/t20250705_308213_6feb39cab75e4b7a.html
中国疾控中心全国法定传染病疫情情况,https://www.chinacdc.cn/jksj/jksj01/202507/t20250705_308213.html,2025年6月全国法定传染病疫情概况,2025,6,全国,手足口病,丙类合计,150557,0,,,2026-05-28 00:56:43,/Users/zhoujia/code/大数据期末实验/大模型助力大数据分析/呼吸道传染病监测与早期预警分析/data/raw/chinacdc_monthly/t20250705_308213_6feb39cab75e4b7a.html
中国疾控中心全国法定传染病疫情情况,https://www.chinacdc.cn/jksj/jksj01/202506/t20250606_307411.html,2025年5月全国法定传染病疫情概况,2025,5,全国,甲乙丙类 传染病 总计,甲乙丙类总计,1077760,2043,,,2026-05-28 00:56:43,/Users/zhoujia/code/大数据期末实验/大模型助力大数据分析/呼吸道传染病监测与早期预警分析/data/raw/chinacdc_monthly/t20250606_307411_dd514bbe3a04856f.html
中国疾控中心全国法定传染病疫情情况,https://www.chinacdc.cn/jksj/jksj01/202506/t20250606_307411.html,2025年5月全国法定传染病疫情概况,2025,5,全国,甲乙类传染病合计,甲乙类合计,718470,2042,,,2026-05-28 00:56:43,/Users/zhoujia/code/大数据期末实验/大模型助力大数据分析/呼吸道传染病监测与早期预警分析/data/raw/chinacdc_monthly/t20250606_307411_dd514bbe3a04856f.html
中国疾控中心全国法定传染病疫情情况,https://www.chinacdc.cn/jksj/jksj01/202506/t20250606_307411.html,2025年5月全国法定传染病疫情概况,2025,5,全国,鼠疫,甲乙类合计,0,0,,,2026-05-28 00:56:43,/Users/zhoujia/code/大数据期末实验/大模型助力大数据分析/呼吸道传染病监测与早期预警分析/data/raw/chinacdc_monthly/t20250606_307411_dd514bbe3a04856f.html
中国疾控中心全国法定传染病疫情情况,https://www.chinacdc.cn/jksj/jksj01/202506/t20250606_307411.html,2025年5月全国法定传染病疫情概况,2025,5,全国,霍乱,甲乙类合计,2,0,,,2026-05-28 00:56:43,/Users/zhoujia/code/大数据期末实验/大模型助力大数据分析/呼吸道传染病监测与早期预警分析/data/raw/chinacdc_monthly/t20250606_307411_dd514bbe3a04856f.html
中国疾控中心全国法定传染病疫情情况,https://www.chinacdc.cn/jksj/jksj01/202506/t20250606_307411.html,2025年5月全国法定传染病疫情概况,2025,5,全国,传染性非典型肺炎,甲乙类合计,0,0,,,2026-05-28 00:56:43,/Users/zhoujia/code/大数据期末实验/大模型助力大数据分析/呼吸道传染病监测与早期预警分析/data/raw/chinacdc_monthly/t20250606_307411_dd514bbe3a04856f.html
中国疾控中心全国法定传染病疫情情况,https://www.chinacdc.cn/jksj/jksj01/202506/t20250606_307411.html,2025年5月全国法定传染病疫情概况,2025,5,全国,艾滋病,甲乙类合计,4240,1573,,,2026-05-28 00:56:43,/Users/zhoujia/code/大数据期末实验/大模型助力大数据分析/呼吸道传染病监测与早期预警分析/data/raw/chinacdc_monthly/t20250606_307411_dd514bbe3a04856f.html
中国疾控中心全国法定传染病疫情情况,https://www.chinacdc.cn/jksj/jksj01/202506/t20250606_307411.html,2025年5月全国法定传染病疫情概况,2025,5,全国,病毒性肝炎,甲乙类合计,130327,208,,,2026-05-28 00:56:43,/Users/zhoujia/code/大数据期末实验/大模型助力大数据分析/呼吸道传染病监测与早期预警分析/data/raw/chinacdc_monthly/t20250606_307411_dd514bbe3a04856f.html
中国疾控中心全国法定传染病疫情情况,https://www.chinacdc.cn/jksj/jksj01/202506/t20250606_307411.html,2025年5月全国法定传染病疫情概况,2025,5,全国,甲型肝炎,甲乙类合计,1862,0,,,2026-05-28 00:56:43,/Users/zhoujia/code/大数据期末实验/大模型助力大数据分析/呼吸道传染病监测与早期预警分析/data/raw/chinacdc_monthly/t20250606_307411_dd514bbe3a04856f.html
中国疾控中心全国法定传染病疫情情况,https://www.chinacdc.cn/jksj/jksj01/202506/t20250606_307411.html,2025年5月全国法定传染病疫情概况,2025,5,全国,乙型肝炎,甲乙类合计,108245,32,,,2026-05-28 00:56:43,/Users/zhoujia/code/大数据期末实验/大模型助力大数据分析/呼吸道传染病监测与早期预警分析/data/raw/chinacdc_monthly/t20250606_307411_dd514bbe3a04856f.html
中国疾控中心全国法定传染病疫情情况,https://www.chinacdc.cn/jksj/jksj01/202506/t20250606_307411.html,2025年5月全国法定传染病疫情概况,2025,5,全国,丙型肝炎,甲乙类合计,16525,176,,,2026-05-28 00:56:43,/Users/zhoujia/code/大数据期末实验/大模型助力大数据分析/呼吸道传染病监测与早期预警分析/data/raw/chinacdc_monthly/t20250606_307411_dd514bbe3a04856f.html
中国疾控中心全国法定传染病疫情情况,https://www.chinacdc.cn/jksj/jksj01/202506/t20250606_307411.html,2025年5月全国法定传染病疫情概况,2025,5,全国,丁型肝炎,甲乙类合计,20,0,,,2026-05-28 00:56:43,/Users/zhoujia/code/大数据期末实验/大模型助力大数据分析/呼吸道传染病监测与早期预警分析/data/raw/chinacdc_monthly/t20250606_307411_dd514bbe3a04856f.html
中国疾控中心全国法定传染病疫情情况,https://www.chinacdc.cn/jksj/jksj01/202506/t20250606_307411.html,2025年5月全国法定传染病疫情概况,2025,5,全国,戊型肝炎,甲乙类合计,3089,0,,,2026-05-28 00:56:43,/Users/zhoujia/code/大数据期末实验/大模型助力大数据分析/呼吸道传染病监测与早期预警分析/data/raw/chinacdc_monthly/t20250606_307411_dd514bbe3a04856f.html
中国疾控中心全国法定传染病疫情情况,https://www.chinacdc.cn/jksj/jksj01/202506/t20250606_307411.html,2025年5月全国法定传染病疫情概况,2025,5,全国,未分型肝炎,甲乙类合计,586,0,,,2026-05-28 00:56:43,/Users/zhoujia/code/大数据期末实验/大模型助力大数据分析/呼吸道传染病监测与早期预警分析/data/raw/chinacdc_monthly/t20250606_307411_dd514bbe3a04856f.html
中国疾控中心全国法定传染病疫情情况,https://www.chinacdc.cn/jksj/jksj01/202506/t20250606_307411.html,2025年5月全国法定传染病疫情概况,2025,5,全国,脊髓灰质炎,甲乙类合计,0,0,,,2026-05-28 00:56:43,/Users/zhoujia/code/大数据期末实验/大模型助力大数据分析/呼吸道传染病监测与早期预警分析/data/raw/chinacdc_monthly/t20250606_307411_dd514bbe3a04856f.html
中国疾控中心全国法定传染病疫情情况,https://www.chinacdc.cn/jksj/jksj01/202506/t20250606_307411.html,2025年5月全国法定传染病疫情概况,2025,5,全国,人感染高致病性禽流感,甲乙类合计,0,0,,,2026-05-28 00:56:43,/Users/zhoujia/code/大数据期末实验/大模型助力大数据分析/呼吸道传染病监测与早期预警分析/data/raw/chinacdc_monthly/t20250606_307411_dd514bbe3a04856f.html
中国疾控中心全国法定传染病疫情情况,https://www.chinacdc.cn/jksj/jksj01/202506/t20250606_307411.html,2025年5月全国法定传染病疫情概况,2025,5,全国,麻疹,甲乙类合计,200,0,,,2026-05-28 00:56:43,/Users/zhoujia/code/大数据期末实验/大模型助力大数据分析/呼吸道传染病监测与早期预警分析/data/raw/chinacdc_monthly/t20250606_307411_dd514bbe3a04856f.html
中国疾控中心全国法定传染病疫情情况,https://www.chinacdc.cn/jksj/jksj01/202506/t20250606_307411.html,2025年5月全国法定传染病疫情概况,2025,5,全国,流行性出血热,甲乙类合计,268,0,,,2026-05-28 00:56:43,/Users/zhoujia/code/大数据期末实验/大模型助力大数据分析/呼吸道传染病监测与早期预警分析/data/raw/chinacdc_monthly/t20250606_307411_dd514bbe3a04856f.html
中国疾控中心全国法定传染病疫情情况,https://www.chinacdc.cn/jksj/jksj01/202506/t20250606_307411.html,2025年5月全国法定传染病疫情概况,2025,5,全国,狂犬病,甲乙类合计,19,18,,,2026-05-28 00:56:43,/Users/zhoujia/code/大数据期末实验/大模型助力大数据分析/呼吸道传染病监测与早期预警分析/data/raw/chinacdc_monthly/t20250606_307411_dd514bbe3a04856f.html
中国疾控中心全国法定传染病疫情情况,https://www.chinacdc.cn/jksj/jksj01/202506/t20250606_307411.html,2025年5月全国法定传染病疫情概况,2025,5,全国,流行性乙型脑炎,甲乙类合计,1,0,,,2026-05-28 00:56:43,/Users/zhoujia/code/大数据期末实验/大模型助力大数据分析/呼吸道传染病监测与早期预警分析/data/raw/chinacdc_monthly/t20250606_307411_dd514bbe3a04856f.html
中国疾控中心全国法定传染病疫情情况,https://www.chinacdc.cn/jksj/jksj01/202506/t20250606_307411.html,2025年5月全国法定传染病疫情概况,2025,5,全国,登革热,甲乙类合计,126,0,,,2026-05-28 00:56:43,/Users/zhoujia/code/大数据期末实验/大模型助力大数据分析/呼吸道传染病监测与早期预警分析/data/raw/chinacdc_monthly/t20250606_307411_dd514bbe3a04856f.html
中国疾控中心全国法定传染病疫情情况,https://www.chinacdc.cn/jksj/jksj01/202506/t20250606_307411.html,2025年5月全国法定传染病疫情概况,2025,5,全国,炭疽,甲乙类合计,23,0,,,2026-05-28 00:56:43,/Users/zhoujia/code/大数据期末实验/大模型助力大数据分析/呼吸道传染病监测与早期预警分析/data/raw/chinacdc_monthly/t20250606_307411_dd514bbe3a04856f.html
中国疾控中心全国法定传染病疫情情况,https://www.chinacdc.cn/jksj/jksj01/202506/t20250606_307411.html,2025年5月全国法定传染病疫情概况,2025,5,全国,细菌性和阿米巴性痢疾,甲乙类合计,2978,0,,,2026-05-28 00:56:43,/Users/zhoujia/code/大数据期末实验/大模型助力大数据分析/呼吸道传染病监测与早期预警分析/data/raw/chinacdc_monthly/t20250606_307411_dd514bbe3a04856f.html
中国疾控中心全国法定传染病疫情情况,https://www.chinacdc.cn/jksj/jksj01/202506/t20250606_307411.html,2025年5月全国法定传染病疫情概况,2025,5,全国,肺结核,甲乙类合计,55165,228,,,2026-05-28 00:56:43,/Users/zhoujia/code/大数据期末实验/大模型助力大数据分析/呼吸道传染病监测与早期预警分析/data/raw/chinacdc_monthly/t20250606_307411_dd514bbe3a04856f.html
中国疾控中心全国法定传染病疫情情况,https://www.chinacdc.cn/jksj/jksj01/202506/t20250606_307411.html,2025年5月全国法定传染病疫情概况,2025,5,全国,伤寒和副伤寒,甲乙类合计,459,0,,,2026-05-28 00:56:43,/Users/zhoujia/code/大数据期末实验/大模型助力大数据分析/呼吸道传染病监测与早期预警分析/data/raw/chinacdc_monthly/t20250606_307411_dd514bbe3a04856f.html
中国疾控中心全国法定传染病疫情情况,https://www.chinacdc.cn/jksj/jksj01/202506/t20250606_307411.html,2025年5月全国法定传染病疫情概况,2025,5,全国,流行性脑脊髓膜炎,甲乙类合计,14,1,,,2026-05-28 00:56:43,/Users/zhoujia/code/大数据期末实验/大模型助力大数据分析/呼吸道传染病监测与早期预警分析/data/raw/chinacdc_monthly/t20250606_307411_dd514bbe3a04856f.html
中国疾控中心全国法定传染病疫情情况,https://www.chinacdc.cn/jksj/jksj01/202506/t20250606_307411.html,2025年5月全国法定传染病疫情概况,2025,5,全国,百日咳,甲乙类合计,4260,0,,,2026-05-28 00:56:43,/Users/zhoujia/code/大数据期末实验/大模型助力大数据分析/呼吸道传染病监测与早期预警分析/data/raw/chinacdc_monthly/t20250606_307411_dd514bbe3a04856f.html
中国疾控中心全国法定传染病疫情情况,https://www.chinacdc.cn/jksj/jksj01/202506/t20250606_307411.html,2025年5月全国法定传染病疫情概况,2025,5,全国,白喉,甲乙类合计,0,0,,,2026-05-28 00:56:43,/Users/zhoujia/code/大数据期末实验/大模型助力大数据分析/呼吸道传染病监测与早期预警分析/data/raw/chinacdc_monthly/t20250606_307411_dd514bbe3a04856f.html
中国疾控中心全国法定传染病疫情情况,https://www.chinacdc.cn/jksj/jksj01/202506/t20250606_307411.html,2025年5月全国法定传染病疫情概况,2025,5,全国,新生儿破伤风,甲乙类合计,1,0,,,2026-05-28 00:56:43,/Users/zhoujia/code/大数据期末实验/大模型助力大数据分析/呼吸道传染病监测与早期预警分析/data/raw/chinacdc_monthly/t20250606_307411_dd514bbe3a04856f.html
中国疾控中心全国法定传染病疫情情况,https://www.chinacdc.cn/jksj/jksj01/202506/t20250606_307411.html,2025年5月全国法定传染病疫情概况,2025,5,全国,猩红热,甲乙类合计,7844,0,,,2026-05-28 00:56:43,/Users/zhoujia/code/大数据期末实验/大模型助力大数据分析/呼吸道传染病监测与早期预警分析/data/raw/chinacdc_monthly/t20250606_307411_dd514bbe3a04856f.html
中国疾控中心全国法定传染病疫情情况,https://www.chinacdc.cn/jksj/jksj01/202506/t20250606_307411.html,2025年5月全国法定传染病疫情概况,2025,5,全国,布鲁氏菌病,甲乙类合计,6982,0,,,2026-05-28 00:56:43,/Users/zhoujia/code/大数据期末实验/大模型助力大数据分析/呼吸道传染病监测与早期预警分析/data/raw/chinacdc_monthly/t20250606_307411_dd514bbe3a04856f.html
中国疾控中心全国法定传染病疫情情况,https://www.chinacdc.cn/jksj/jksj01/202506/t20250606_307411.html,2025年5月全国法定传染病疫情概况,2025,5,全国,淋病,甲乙类合计,9533,0,,,2026-05-28 00:56:43,/Users/zhoujia/code/大数据期末实验/大模型助力大数据分析/呼吸道传染病监测与早期预警分析/data/raw/chinacdc_monthly/t20250606_307411_dd514bbe3a04856f.html
中国疾控中心全国法定传染病疫情情况,https://www.chinacdc.cn/jksj/jksj01/202506/t20250606_307411.html,2025年5月全国法定传染病疫情概况,2025,5,全国,梅毒,甲乙类合计,54898,6,,,2026-05-28 00:56:43,/Users/zhoujia/code/大数据期末实验/大模型助力大数据分析/呼吸道传染病监测与早期预警分析/data/raw/chinacdc_monthly/t20250606_307411_dd514bbe3a04856f.html
中国疾控中心全国法定传染病疫情情况,https://www.chinacdc.cn/jksj/jksj01/202506/t20250606_307411.html,2025年5月全国法定传染病疫情概况,2025,5,全国,钩端螺旋体病,甲乙类合计,12,0,,,2026-05-28 00:56:43,/Users/zhoujia/code/大数据期末实验/大模型助力大数据分析/呼吸道传染病监测与早期预警分析/data/raw/chinacdc_monthly/t20250606_307411_dd514bbe3a04856f.html
中国疾控中心全国法定传染病疫情情况,https://www.chinacdc.cn/jksj/jksj01/202506/t20250606_307411.html,2025年5月全国法定传染病疫情概况,2025,5,全国,血吸虫病,甲乙类合计,1,0,,,2026-05-28 00:56:43,/Users/zhoujia/code/大数据期末实验/大模型助力大数据分析/呼吸道传染病监测与早期预警分析/data/raw/chinacdc_monthly/t20250606_307411_dd514bbe3a04856f.html
中国疾控中心全国法定传染病疫情情况,https://www.chinacdc.cn/jksj/jksj01/202506/t20250606_307411.html,2025年5月全国法定传染病疫情概况,2025,5,全国,疟疾,甲乙类合计,343,1,,,2026-05-28 00:56:43,/Users/zhoujia/code/大数据期末实验/大模型助力大数据分析/呼吸道传染病监测与早期预警分析/data/raw/chinacdc_monthly/t20250606_307411_dd514bbe3a04856f.html
中国疾控中心全国法定传染病疫情情况,https://www.chinacdc.cn/jksj/jksj01/202506/t20250606_307411.html,2025年5月全国法定传染病疫情概况,2025,5,全国,人感染H7N9禽流感,甲乙类合计,0,0,,,2026-05-28 00:56:43,/Users/zhoujia/code/大数据期末实验/大模型助力大数据分析/呼吸道传染病监测与早期预警分析/data/raw/chinacdc_monthly/t20250606_307411_dd514bbe3a04856f.html
中国疾控中心全国法定传染病疫情情况,https://www.chinacdc.cn/jksj/jksj01/202506/t20250606_307411.html,2025年5月全国法定传染病疫情概况,2025,5,全国,新型冠状病毒感染,甲乙类合计,440662,7,,,2026-05-28 00:56:43,/Users/zhoujia/code/大数据期末实验/大模型助力大数据分析/呼吸道传染病监测与早期预警分析/data/raw/chinacdc_monthly/t20250606_307411_dd514bbe3a04856f.html
中国疾控中心全国法定传染病疫情情况,https://www.chinacdc.cn/jksj/jksj01/202506/t20250606_307411.html,2025年5月全国法定传染病疫情概况,2025,5,全国,猴痘,甲乙类合计,112,0,,,2026-05-28 00:56:43,/Users/zhoujia/code/大数据期末实验/大模型助力大数据分析/呼吸道传染病监测与早期预警分析/data/raw/chinacdc_monthly/t20250606_307411_dd514bbe3a04856f.html
中国疾控中心全国法定传染病疫情情况,https://www.chinacdc.cn/jksj/jksj01/202506/t20250606_307411.html,2025年5月全国法定传染病疫情概况,2025,5,全国,丙类传染病合计,丙类合计,359290,1,,,2026-05-28 00:56:43,/Users/zhoujia/code/大数据期末实验/大模型助力大数据分析/呼吸道传染病监测与早期预警分析/data/raw/chinacdc_monthly/t20250606_307411_dd514bbe3a04856f.html
中国疾控中心全国法定传染病疫情情况,https://www.chinacdc.cn/jksj/jksj01/202506/t20250606_307411.html,2025年5月全国法定传染病疫情概况,2025,5,全国,流行性感冒,丙类合计,115573,0,,,2026-05-28 00:56:43,/Users/zhoujia/code/大数据期末实验/大模型助力大数据分析/呼吸道传染病监测与早期预警分析/data/raw/chinacdc_monthly/t20250606_307411_dd514bbe3a04856f.html
中国疾控中心全国法定传染病疫情情况,https://www.chinacdc.cn/jksj/jksj01/202506/t20250606_307411.html,2025年5月全国法定传染病疫情概况,2025,5,全国,流行性腮腺炎,丙类合计,8962,0,,,2026-05-28 00:56:43,/Users/zhoujia/code/大数据期末实验/大模型助力大数据分析/呼吸道传染病监测与早期预警分析/data/raw/chinacdc_monthly/t20250606_307411_dd514bbe3a04856f.html
中国疾控中心全国法定传染病疫情情况,https://www.chinacdc.cn/jksj/jksj01/202506/t20250606_307411.html,2025年5月全国法定传染病疫情概况,2025,5,全国,风疹,丙类合计,66,0,,,2026-05-28 00:56:43,/Users/zhoujia/code/大数据期末实验/大模型助力大数据分析/呼吸道传染病监测与早期预警分析/data/raw/chinacdc_monthly/t20250606_307411_dd514bbe3a04856f.html
中国疾控中心全国法定传染病疫情情况,https://www.chinacdc.cn/jksj/jksj01/202506/t20250606_307411.html,2025年5月全国法定传染病疫情概况,2025,5,全国,急性出血性结膜炎,丙类合计,2659,0,,,2026-05-28 00:56:43,/Users/zhoujia/code/大数据期末实验/大模型助力大数据分析/呼吸道传染病监测与早期预警分析/data/raw/chinacdc_monthly/t20250606_307411_dd514bbe3a04856f.html
中国疾控中心全国法定传染病疫情情况,https://www.chinacdc.cn/jksj/jksj01/202506/t20250606_307411.html,2025年5月全国法定传染病疫情概况,2025,5,全国,麻风病,丙类合计,31,0,,,2026-05-28 00:56:43,/Users/zhoujia/code/大数据期末实验/大模型助力大数据分析/呼吸道传染病监测与早期预警分析/data/raw/chinacdc_monthly/t20250606_307411_dd514bbe3a04856f.html
中国疾控中心全国法定传染病疫情情况,https://www.chinacdc.cn/jksj/jksj01/202506/t20250606_307411.html,2025年5月全国法定传染病疫情概况,2025,5,全国,流行性和地方性 斑疹伤寒,丙类合计,218,0,,,2026-05-28 00:56:43,/Users/zhoujia/code/大数据期末实验/大模型助力大数据分析/呼吸道传染病监测与早期预警分析/data/raw/chinacdc_monthly/t20250606_307411_dd514bbe3a04856f.html
中国疾控中心全国法定传染病疫情情况,https://www.chinacdc.cn/jksj/jksj01/202506/t20250606_307411.html,2025年5月全国法定传染病疫情概况,2025,5,全国,黑热病,丙类合计,35,0,,,2026-05-28 00:56:43,/Users/zhoujia/code/大数据期末实验/大模型助力大数据分析/呼吸道传染病监测与早期预警分析/data/raw/chinacdc_monthly/t20250606_307411_dd514bbe3a04856f.html
中国疾控中心全国法定传染病疫情情况,https://www.chinacdc.cn/jksj/jksj01/202506/t20250606_307411.html,2025年5月全国法定传染病疫情概况,2025,5,全国,包虫病,丙类合计,292,0,,,2026-05-28 00:56:43,/Users/zhoujia/code/大数据期末实验/大模型助力大数据分析/呼吸道传染病监测与早期预警分析/data/raw/chinacdc_monthly/t20250606_307411_dd514bbe3a04856f.html
中国疾控中心全国法定传染病疫情情况,https://www.chinacdc.cn/jksj/jksj01/202506/t20250606_307411.html,2025年5月全国法定传染病疫情概况,2025,5,全国,丝虫病,丙类合计,0,0,,,2026-05-28 00:56:43,/Users/zhoujia/code/大数据期末实验/大模型助力大数据分析/呼吸道传染病监测与早期预警分析/data/raw/chinacdc_monthly/t20250606_307411_dd514bbe3a04856f.html
中国疾控中心全国法定传染病疫情情况,https://www.chinacdc.cn/jksj/jksj01/202506/t20250606_307411.html,2025年5月全国法定传染病疫情概况,2025,5,全国,其他感染性腹泻病,丙类合计,179418,1,,,2026-05-28 00:56:43,/Users/zhoujia/code/大数据期末实验/大模型助力大数据分析/呼吸道传染病监测与早期预警分析/data/raw/chinacdc_monthly/t20250606_307411_dd514bbe3a04856f.html
中国疾控中心全国法定传染病疫情情况,https://www.chinacdc.cn/jksj/jksj01/202506/t20250606_307411.html,2025年5月全国法定传染病疫情概况,2025,5,全国,手足口病,丙类合计,52036,0,,,2026-05-28 00:56:43,/Users/zhoujia/code/大数据期末实验/大模型助力大数据分析/呼吸道传染病监测与早期预警分析/data/raw/chinacdc_monthly/t20250606_307411_dd514bbe3a04856f.html
中国疾控中心全国法定传染病疫情情况,https://www.chinacdc.cn/jksj/jksj01/202505/t20250523_307013.html,2025年4月全国法定传染病疫情概况,2025,4,全国,甲乙丙类 传染病 总计,甲乙丙类总计,866477,2139,,,2026-05-28 00:56:43,/Users/zhoujia/code/大数据期末实验/大模型助力大数据分析/呼吸道传染病监测与早期预警分析/data/raw/chinacdc_monthly/t20250523_307013_b4514ba4a244e05d.html
中国疾控中心全国法定传染病疫情情况,https://www.chinacdc.cn/jksj/jksj01/202505/t20250523_307013.html,2025年4月全国法定传染病疫情概况,2025,4,全国,甲乙类传染病合计,甲乙类合计,457090,2138,,,2026-05-28 00:56:43,/Users/zhoujia/code/大数据期末实验/大模型助力大数据分析/呼吸道传染病监测与早期预警分析/data/raw/chinacdc_monthly/t20250523_307013_b4514ba4a244e05d.html
中国疾控中心全国法定传染病疫情情况,https://www.chinacdc.cn/jksj/jksj01/202505/t20250523_307013.html,2025年4月全国法定传染病疫情概况,2025,4,全国,鼠疫,甲乙类合计,0,0,,,2026-05-28 00:56:43,/Users/zhoujia/code/大数据期末实验/大模型助力大数据分析/呼吸道传染病监测与早期预警分析/data/raw/chinacdc_monthly/t20250523_307013_b4514ba4a244e05d.html
中国疾控中心全国法定传染病疫情情况,https://www.chinacdc.cn/jksj/jksj01/202505/t20250523_307013.html,2025年4月全国法定传染病疫情概况,2025,4,全国,霍乱,甲乙类合计,0,0,,,2026-05-28 00:56:43,/Users/zhoujia/code/大数据期末实验/大模型助力大数据分析/呼吸道传染病监测与早期预警分析/data/raw/chinacdc_monthly/t20250523_307013_b4514ba4a244e05d.html
中国疾控中心全国法定传染病疫情情况,https://www.chinacdc.cn/jksj/jksj01/202505/t20250523_307013.html,2025年4月全国法定传染病疫情概况,2025,4,全国,传染性非典型肺炎,甲乙类合计,0,0,,,2026-05-28 00:56:43,/Users/zhoujia/code/大数据期末实验/大模型助力大数据分析/呼吸道传染病监测与早期预警分析/data/raw/chinacdc_monthly/t20250523_307013_b4514ba4a244e05d.html
中国疾控中心全国法定传染病疫情情况,https://www.chinacdc.cn/jksj/jksj01/202505/t20250523_307013.html,2025年4月全国法定传染病疫情概况,2025,4,全国,艾滋病,甲乙类合计,4534,1642,,,2026-05-28 00:56:43,/Users/zhoujia/code/大数据期末实验/大模型助力大数据分析/呼吸道传染病监测与早期预警分析/data/raw/chinacdc_monthly/t20250523_307013_b4514ba4a244e05d.html
中国疾控中心全国法定传染病疫情情况,https://www.chinacdc.cn/jksj/jksj01/202505/t20250523_307013.html,2025年4月全国法定传染病疫情概况,2025,4,全国,病毒性肝炎,甲乙类合计,137442,212,,,2026-05-28 00:56:43,/Users/zhoujia/code/大数据期末实验/大模型助力大数据分析/呼吸道传染病监测与早期预警分析/data/raw/chinacdc_monthly/t20250523_307013_b4514ba4a244e05d.html
中国疾控中心全国法定传染病疫情情况,https://www.chinacdc.cn/jksj/jksj01/202505/t20250523_307013.html,2025年4月全国法定传染病疫情概况,2025,4,全国,甲型肝炎,甲乙类合计,1596,0,,,2026-05-28 00:56:43,/Users/zhoujia/code/大数据期末实验/大模型助力大数据分析/呼吸道传染病监测与早期预警分析/data/raw/chinacdc_monthly/t20250523_307013_b4514ba4a244e05d.html
中国疾控中心全国法定传染病疫情情况,https://www.chinacdc.cn/jksj/jksj01/202505/t20250523_307013.html,2025年4月全国法定传染病疫情概况,2025,4,全国,乙型肝炎,甲乙类合计,113974,34,,,2026-05-28 00:56:43,/Users/zhoujia/code/大数据期末实验/大模型助力大数据分析/呼吸道传染病监测与早期预警分析/data/raw/chinacdc_monthly/t20250523_307013_b4514ba4a244e05d.html
中国疾控中心全国法定传染病疫情情况,https://www.chinacdc.cn/jksj/jksj01/202505/t20250523_307013.html,2025年4月全国法定传染病疫情概况,2025,4,全国,丙型肝炎,甲乙类合计,17894,176,,,2026-05-28 00:56:43,/Users/zhoujia/code/大数据期末实验/大模型助力大数据分析/呼吸道传染病监测与早期预警分析/data/raw/chinacdc_monthly/t20250523_307013_b4514ba4a244e05d.html
中国疾控中心全国法定传染病疫情情况,https://www.chinacdc.cn/jksj/jksj01/202505/t20250523_307013.html,2025年4月全国法定传染病疫情概况,2025,4,全国,丁型肝炎,甲乙类合计,16,0,,,2026-05-28 00:56:43,/Users/zhoujia/code/大数据期末实验/大模型助力大数据分析/呼吸道传染病监测与早期预警分析/data/raw/chinacdc_monthly/t20250523_307013_b4514ba4a244e05d.html
中国疾控中心全国法定传染病疫情情况,https://www.chinacdc.cn/jksj/jksj01/202505/t20250523_307013.html,2025年4月全国法定传染病疫情概况,2025,4,全国,戊型肝炎,甲乙类合计,3339,2,,,2026-05-28 00:56:43,/Users/zhoujia/code/大数据期末实验/大模型助力大数据分析/呼吸道传染病监测与早期预警分析/data/raw/chinacdc_monthly/t20250523_307013_b4514ba4a244e05d.html
中国疾控中心全国法定传染病疫情情况,https://www.chinacdc.cn/jksj/jksj01/202505/t20250523_307013.html,2025年4月全国法定传染病疫情概况,2025,4,全国,未分型肝炎,甲乙类合计,623,0,,,2026-05-28 00:56:43,/Users/zhoujia/code/大数据期末实验/大模型助力大数据分析/呼吸道传染病监测与早期预警分析/data/raw/chinacdc_monthly/t20250523_307013_b4514ba4a244e05d.html
中国疾控中心全国法定传染病疫情情况,https://www.chinacdc.cn/jksj/jksj01/202505/t20250523_307013.html,2025年4月全国法定传染病疫情概况,2025,4,全国,脊髓灰质炎,甲乙类合计,0,0,,,2026-05-28 00:56:43,/Users/zhoujia/code/大数据期末实验/大模型助力大数据分析/呼吸道传染病监测与早期预警分析/data/raw/chinacdc_monthly/t20250523_307013_b4514ba4a244e05d.html
中国疾控中心全国法定传染病疫情情况,https://www.chinacdc.cn/jksj/jksj01/202505/t20250523_307013.html,2025年4月全国法定传染病疫情概况,2025,4,全国,人感染高致病性禽流感,甲乙类合计,0,0,,,2026-05-28 00:56:43,/Users/zhoujia/code/大数据期末实验/大模型助力大数据分析/呼吸道传染病监测与早期预警分析/data/raw/chinacdc_monthly/t20250523_307013_b4514ba4a244e05d.html
中国疾控中心全国法定传染病疫情情况,https://www.chinacdc.cn/jksj/jksj01/202505/t20250523_307013.html,2025年4月全国法定传染病疫情概况,2025,4,全国,麻疹,甲乙类合计,234,0,,,2026-05-28 00:56:43,/Users/zhoujia/code/大数据期末实验/大模型助力大数据分析/呼吸道传染病监测与早期预警分析/data/raw/chinacdc_monthly/t20250523_307013_b4514ba4a244e05d.html
中国疾控中心全国法定传染病疫情情况,https://www.chinacdc.cn/jksj/jksj01/202505/t20250523_307013.html,2025年4月全国法定传染病疫情概况,2025,4,全国,流行性出血热,甲乙类合计,244,0,,,2026-05-28 00:56:43,/Users/zhoujia/code/大数据期末实验/大模型助力大数据分析/呼吸道传染病监测与早期预警分析/data/raw/chinacdc_monthly/t20250523_307013_b4514ba4a244e05d.html
中国疾控中心全国法定传染病疫情情况,https://www.chinacdc.cn/jksj/jksj01/202505/t20250523_307013.html,2025年4月全国法定传染病疫情概况,2025,4,全国,狂犬病,甲乙类合计,13,11,,,2026-05-28 00:56:43,/Users/zhoujia/code/大数据期末实验/大模型助力大数据分析/呼吸道传染病监测与早期预警分析/data/raw/chinacdc_monthly/t20250523_307013_b4514ba4a244e05d.html
中国疾控中心全国法定传染病疫情情况,https://www.chinacdc.cn/jksj/jksj01/202505/t20250523_307013.html,2025年4月全国法定传染病疫情概况,2025,4,全国,流行性乙型脑炎,甲乙类合计,0,0,,,2026-05-28 00:56:43,/Users/zhoujia/code/大数据期末实验/大模型助力大数据分析/呼吸道传染病监测与早期预警分析/data/raw/chinacdc_monthly/t20250523_307013_b4514ba4a244e05d.html
中国疾控中心全国法定传染病疫情情况,https://www.chinacdc.cn/jksj/jksj01/202505/t20250523_307013.html,2025年4月全国法定传染病疫情概况,2025,4,全国,登革热,甲乙类合计,74,0,,,2026-05-28 00:56:43,/Users/zhoujia/code/大数据期末实验/大模型助力大数据分析/呼吸道传染病监测与早期预警分析/data/raw/chinacdc_monthly/t20250523_307013_b4514ba4a244e05d.html
中国疾控中心全国法定传染病疫情情况,https://www.chinacdc.cn/jksj/jksj01/202505/t20250523_307013.html,2025年4月全国法定传染病疫情概况,2025,4,全国,炭疽,甲乙类合计,18,0,,,2026-05-28 00:56:43,/Users/zhoujia/code/大数据期末实验/大模型助力大数据分析/呼吸道传染病监测与早期预警分析/data/raw/chinacdc_monthly/t20250523_307013_b4514ba4a244e05d.html
中国疾控中心全国法定传染病疫情情况,https://www.chinacdc.cn/jksj/jksj01/202505/t20250523_307013.html,2025年4月全国法定传染病疫情概况,2025,4,全国,细菌性和阿米巴性痢疾,甲乙类合计,2235,0,,,2026-05-28 00:56:43,/Users/zhoujia/code/大数据期末实验/大模型助力大数据分析/呼吸道传染病监测与早期预警分析/data/raw/chinacdc_monthly/t20250523_307013_b4514ba4a244e05d.html
中国疾控中心全国法定传染病疫情情况,https://www.chinacdc.cn/jksj/jksj01/202505/t20250523_307013.html,2025年4月全国法定传染病疫情概况,2025,4,全国,肺结核,甲乙类合计,59246,252,,,2026-05-28 00:56:43,/Users/zhoujia/code/大数据期末实验/大模型助力大数据分析/呼吸道传染病监测与早期预警分析/data/raw/chinacdc_monthly/t20250523_307013_b4514ba4a244e05d.html
中国疾控中心全国法定传染病疫情情况,https://www.chinacdc.cn/jksj/jksj01/202505/t20250523_307013.html,2025年4月全国法定传染病疫情概况,2025,4,全国,伤寒和副伤寒,甲乙类合计,293,0,,,2026-05-28 00:56:43,/Users/zhoujia/code/大数据期末实验/大模型助力大数据分析/呼吸道传染病监测与早期预警分析/data/raw/chinacdc_monthly/t20250523_307013_b4514ba4a244e05d.html
中国疾控中心全国法定传染病疫情情况,https://www.chinacdc.cn/jksj/jksj01/202505/t20250523_307013.html,2025年4月全国法定传染病疫情概况,2025,4,全国,流行性脑脊髓膜炎,甲乙类合计,24,2,,,2026-05-28 00:56:43,/Users/zhoujia/code/大数据期末实验/大模型助力大数据分析/呼吸道传染病监测与早期预警分析/data/raw/chinacdc_monthly/t20250523_307013_b4514ba4a244e05d.html
中国疾控中心全国法定传染病疫情情况,https://www.chinacdc.cn/jksj/jksj01/202505/t20250523_307013.html,2025年4月全国法定传染病疫情概况,2025,4,全国,百日咳,甲乙类合计,4506,0,,,2026-05-28 00:56:43,/Users/zhoujia/code/大数据期末实验/大模型助力大数据分析/呼吸道传染病监测与早期预警分析/data/raw/chinacdc_monthly/t20250523_307013_b4514ba4a244e05d.html
中国疾控中心全国法定传染病疫情情况,https://www.chinacdc.cn/jksj/jksj01/202505/t20250523_307013.html,2025年4月全国法定传染病疫情概况,2025,4,全国,白喉,甲乙类合计,0,0,,,2026-05-28 00:56:43,/Users/zhoujia/code/大数据期末实验/大模型助力大数据分析/呼吸道传染病监测与早期预警分析/data/raw/chinacdc_monthly/t20250523_307013_b4514ba4a244e05d.html
中国疾控中心全国法定传染病疫情情况,https://www.chinacdc.cn/jksj/jksj01/202505/t20250523_307013.html,2025年4月全国法定传染病疫情概况,2025,4,全国,新生儿破伤风,甲乙类合计,1,0,,,2026-05-28 00:56:43,/Users/zhoujia/code/大数据期末实验/大模型助力大数据分析/呼吸道传染病监测与早期预警分析/data/raw/chinacdc_monthly/t20250523_307013_b4514ba4a244e05d.html
中国疾控中心全国法定传染病疫情情况,https://www.chinacdc.cn/jksj/jksj01/202505/t20250523_307013.html,2025年4月全国法定传染病疫情概况,2025,4,全国,猩红热,甲乙类合计,6465,0,,,2026-05-28 00:56:43,/Users/zhoujia/code/大数据期末实验/大模型助力大数据分析/呼吸道传染病监测与早期预警分析/data/raw/chinacdc_monthly/t20250523_307013_b4514ba4a244e05d.html
中国疾控中心全国法定传染病疫情情况,https://www.chinacdc.cn/jksj/jksj01/202505/t20250523_307013.html,2025年4月全国法定传染病疫情概况,2025,4,全国,布鲁氏菌病,甲乙类合计,6487,0,,,2026-05-28 00:56:43,/Users/zhoujia/code/大数据期末实验/大模型助力大数据分析/呼吸道传染病监测与早期预警分析/data/raw/chinacdc_monthly/t20250523_307013_b4514ba4a244e05d.html
中国疾控中心全国法定传染病疫情情况,https://www.chinacdc.cn/jksj/jksj01/202505/t20250523_307013.html,2025年4月全国法定传染病疫情概况,2025,4,全国,淋病,甲乙类合计,8975,0,,,2026-05-28 00:56:43,/Users/zhoujia/code/大数据期末实验/大模型助力大数据分析/呼吸道传染病监测与早期预警分析/data/raw/chinacdc_monthly/t20250523_307013_b4514ba4a244e05d.html
中国疾控中心全国法定传染病疫情情况,https://www.chinacdc.cn/jksj/jksj01/202505/t20250523_307013.html,2025年4月全国法定传染病疫情概况,2025,4,全国,梅毒,甲乙类合计,57441,8,,,2026-05-28 00:56:43,/Users/zhoujia/code/大数据期末实验/大模型助力大数据分析/呼吸道传染病监测与早期预警分析/data/raw/chinacdc_monthly/t20250523_307013_b4514ba4a244e05d.html
中国疾控中心全国法定传染病疫情情况,https://www.chinacdc.cn/jksj/jksj01/202505/t20250523_307013.html,2025年4月全国法定传染病疫情概况,2025,4,全国,钩端螺旋体病,甲乙类合计,7,0,,,2026-05-28 00:56:43,/Users/zhoujia/code/大数据期末实验/大模型助力大数据分析/呼吸道传染病监测与早期预警分析/data/raw/chinacdc_monthly/t20250523_307013_b4514ba4a244e05d.html
中国疾控中心全国法定传染病疫情情况,https://www.chinacdc.cn/jksj/jksj01/202505/t20250523_307013.html,2025年4月全国法定传染病疫情概况,2025,4,全国,血吸虫病,甲乙类合计,1,0,,,2026-05-28 00:56:43,/Users/zhoujia/code/大数据期末实验/大模型助力大数据分析/呼吸道传染病监测与早期预警分析/data/raw/chinacdc_monthly/t20250523_307013_b4514ba4a244e05d.html
中国疾控中心全国法定传染病疫情情况,https://www.chinacdc.cn/jksj/jksj01/202505/t20250523_307013.html,2025年4月全国法定传染病疫情概况,2025,4,全国,疟疾,甲乙类合计,257,2,,,2026-05-28 00:56:43,/Users/zhoujia/code/大数据期末实验/大模型助力大数据分析/呼吸道传染病监测与早期预警分析/data/raw/chinacdc_monthly/t20250523_307013_b4514ba4a244e05d.html
中国疾控中心全国法定传染病疫情情况,https://www.chinacdc.cn/jksj/jksj01/202505/t20250523_307013.html,2025年4月全国法定传染病疫情概况,2025,4,全国,人感染H7N9禽流感,甲乙类合计,0,0,,,2026-05-28 00:56:43,/Users/zhoujia/code/大数据期末实验/大模型助力大数据分析/呼吸道传染病监测与早期预警分析/data/raw/chinacdc_monthly/t20250523_307013_b4514ba4a244e05d.html
中国疾控中心全国法定传染病疫情情况,https://www.chinacdc.cn/jksj/jksj01/202505/t20250523_307013.html,2025年4月全国法定传染病疫情概况,2025,4,全国,新型冠状病毒感染,甲乙类合计,168507,9,,,2026-05-28 00:56:43,/Users/zhoujia/code/大数据期末实验/大模型助力大数据分析/呼吸道传染病监测与早期预警分析/data/raw/chinacdc_monthly/t20250523_307013_b4514ba4a244e05d.html
中国疾控中心全国法定传染病疫情情况,https://www.chinacdc.cn/jksj/jksj01/202505/t20250523_307013.html,2025年4月全国法定传染病疫情概况,2025,4,全国,猴痘,甲乙类合计,86,0,,,2026-05-28 00:56:43,/Users/zhoujia/code/大数据期末实验/大模型助力大数据分析/呼吸道传染病监测与早期预警分析/data/raw/chinacdc_monthly/t20250523_307013_b4514ba4a244e05d.html
中国疾控中心全国法定传染病疫情情况,https://www.chinacdc.cn/jksj/jksj01/202505/t20250523_307013.html,2025年4月全国法定传染病疫情概况,2025,4,全国,丙类传染病合计,丙类合计,409387,1,,,2026-05-28 00:56:43,/Users/zhoujia/code/大数据期末实验/大模型助力大数据分析/呼吸道传染病监测与早期预警分析/data/raw/chinacdc_monthly/t20250523_307013_b4514ba4a244e05d.html
中国疾控中心全国法定传染病疫情情况,https://www.chinacdc.cn/jksj/jksj01/202505/t20250523_307013.html,2025年4月全国法定传染病疫情概况,2025,4,全国,流行性感冒,丙类合计,143986,0,,,2026-05-28 00:56:43,/Users/zhoujia/code/大数据期末实验/大模型助力大数据分析/呼吸道传染病监测与早期预警分析/data/raw/chinacdc_monthly/t20250523_307013_b4514ba4a244e05d.html
中国疾控中心全国法定传染病疫情情况,https://www.chinacdc.cn/jksj/jksj01/202505/t20250523_307013.html,2025年4月全国法定传染病疫情概况,2025,4,全国,流行性腮腺炎,丙类合计,8641,0,,,2026-05-28 00:56:43,/Users/zhoujia/code/大数据期末实验/大模型助力大数据分析/呼吸道传染病监测与早期预警分析/data/raw/chinacdc_monthly/t20250523_307013_b4514ba4a244e05d.html
中国疾控中心全国法定传染病疫情情况,https://www.chinacdc.cn/jksj/jksj01/202505/t20250523_307013.html,2025年4月全国法定传染病疫情概况,2025,4,全国,风疹,丙类合计,75,0,,,2026-05-28 00:56:43,/Users/zhoujia/code/大数据期末实验/大模型助力大数据分析/呼吸道传染病监测与早期预警分析/data/raw/chinacdc_monthly/t20250523_307013_b4514ba4a244e05d.html
中国疾控中心全国法定传染病疫情情况,https://www.chinacdc.cn/jksj/jksj01/202505/t20250523_307013.html,2025年4月全国法定传染病疫情概况,2025,4,全国,急性出血性结膜炎,丙类合计,2262,0,,,2026-05-28 00:56:43,/Users/zhoujia/code/大数据期末实验/大模型助力大数据分析/呼吸道传染病监测与早期预警分析/data/raw/chinacdc_monthly/t20250523_307013_b4514ba4a244e05d.html
中国疾控中心全国法定传染病疫情情况,https://www.chinacdc.cn/jksj/jksj01/202505/t20250523_307013.html,2025年4月全国法定传染病疫情概况,2025,4,全国,麻风病,丙类合计,38,0,,,2026-05-28 00:56:43,/Users/zhoujia/code/大数据期末实验/大模型助力大数据分析/呼吸道传染病监测与早期预警分析/data/raw/chinacdc_monthly/t20250523_307013_b4514ba4a244e05d.html
中国疾控中心全国法定传染病疫情情况,https://www.chinacdc.cn/jksj/jksj01/202505/t20250523_307013.html,2025年4月全国法定传染病疫情概况,2025,4,全国,流行性和地方性 斑疹伤寒,丙类合计,89,0,,,2026-05-28 00:56:43,/Users/zhoujia/code/大数据期末实验/大模型助力大数据分析/呼吸道传染病监测与早期预警分析/data/raw/chinacdc_monthly/t20250523_307013_b4514ba4a244e05d.html
中国疾控中心全国法定传染病疫情情况,https://www.chinacdc.cn/jksj/jksj01/202505/t20250523_307013.html,2025年4月全国法定传染病疫情概况,2025,4,全国,黑热病,丙类合计,34,0,,,2026-05-28 00:56:43,/Users/zhoujia/code/大数据期末实验/大模型助力大数据分析/呼吸道传染病监测与早期预警分析/data/raw/chinacdc_monthly/t20250523_307013_b4514ba4a244e05d.html
中国疾控中心全国法定传染病疫情情况,https://www.chinacdc.cn/jksj/jksj01/202505/t20250523_307013.html,2025年4月全国法定传染病疫情概况,2025,4,全国,包虫病,丙类合计,441,1,,,2026-05-28 00:56:43,/Users/zhoujia/code/大数据期末实验/大模型助力大数据分析/呼吸道传染病监测与早期预警分析/data/raw/chinacdc_monthly/t20250523_307013_b4514ba4a244e05d.html
中国疾控中心全国法定传染病疫情情况,https://www.chinacdc.cn/jksj/jksj01/202505/t20250523_307013.html,2025年4月全国法定传染病疫情概况,2025,4,全国,丝虫病,丙类合计,0,0,,,2026-05-28 00:56:43,/Users/zhoujia/code/大数据期末实验/大模型助力大数据分析/呼吸道传染病监测与早期预警分析/data/raw/chinacdc_monthly/t20250523_307013_b4514ba4a244e05d.html
中国疾控中心全国法定传染病疫情情况,https://www.chinacdc.cn/jksj/jksj01/202505/t20250523_307013.html,2025年4月全国法定传染病疫情概况,2025,4,全国,其他感染性腹泻病,丙类合计,227604,0,,,2026-05-28 00:56:43,/Users/zhoujia/code/大数据期末实验/大模型助力大数据分析/呼吸道传染病监测与早期预警分析/data/raw/chinacdc_monthly/t20250523_307013_b4514ba4a244e05d.html
中国疾控中心全国法定传染病疫情情况,https://www.chinacdc.cn/jksj/jksj01/202505/t20250523_307013.html,2025年4月全国法定传染病疫情概况,2025,4,全国,手足口病,丙类合计,26217,0,,,2026-05-28 00:56:43,/Users/zhoujia/code/大数据期末实验/大模型助力大数据分析/呼吸道传染病监测与早期预警分析/data/raw/chinacdc_monthly/t20250523_307013_b4514ba4a244e05d.html
中国疾控中心全国法定传染病疫情情况,https://www.chinacdc.cn/jksj/jksj01/202504/t20250429_306351.html,2025年3月全国法定传染病疫情概况,2025,3,全国,甲乙丙类总计,甲乙丙类总计,971168,2137,,,2026-05-28 00:56:43,/Users/zhoujia/code/大数据期末实验/大模型助力大数据分析/呼吸道传染病监测与早期预警分析/data/raw/chinacdc_monthly/t20250429_306351_a22d76d69a70ab02.html
中国疾控中心全国法定传染病疫情情况,https://www.chinacdc.cn/jksj/jksj01/202504/t20250429_306351.html,2025年3月全国法定传染病疫情概况,2025,3,全国,甲乙类传染病合计,甲乙类合计,355602,2135,,,2026-05-28 00:56:43,/Users/zhoujia/code/大数据期末实验/大模型助力大数据分析/呼吸道传染病监测与早期预警分析/data/raw/chinacdc_monthly/t20250429_306351_a22d76d69a70ab02.html
中国疾控中心全国法定传染病疫情情况,https://www.chinacdc.cn/jksj/jksj01/202504/t20250429_306351.html,2025年3月全国法定传染病疫情概况,2025,3,全国,鼠疫,甲乙类合计,0,0,,,2026-05-28 00:56:43,/Users/zhoujia/code/大数据期末实验/大模型助力大数据分析/呼吸道传染病监测与早期预警分析/data/raw/chinacdc_monthly/t20250429_306351_a22d76d69a70ab02.html
中国疾控中心全国法定传染病疫情情况,https://www.chinacdc.cn/jksj/jksj01/202504/t20250429_306351.html,2025年3月全国法定传染病疫情概况,2025,3,全国,霍乱,甲乙类合计,0,0,,,2026-05-28 00:56:43,/Users/zhoujia/code/大数据期末实验/大模型助力大数据分析/呼吸道传染病监测与早期预警分析/data/raw/chinacdc_monthly/t20250429_306351_a22d76d69a70ab02.html
中国疾控中心全国法定传染病疫情情况,https://www.chinacdc.cn/jksj/jksj01/202504/t20250429_306351.html,2025年3月全国法定传染病疫情概况,2025,3,全国,传染性非典型肺炎,甲乙类合计,0,0,,,2026-05-28 00:56:43,/Users/zhoujia/code/大数据期末实验/大模型助力大数据分析/呼吸道传染病监测与早期预警分析/data/raw/chinacdc_monthly/t20250429_306351_a22d76d69a70ab02.html
中国疾控中心全国法定传染病疫情情况,https://www.chinacdc.cn/jksj/jksj01/202504/t20250429_306351.html,2025年3月全国法定传染病疫情概况,2025,3,全国,艾滋病,甲乙类合计,4852,1709,,,2026-05-28 00:56:43,/Users/zhoujia/code/大数据期末实验/大模型助力大数据分析/呼吸道传染病监测与早期预警分析/data/raw/chinacdc_monthly/t20250429_306351_a22d76d69a70ab02.html
中国疾控中心全国法定传染病疫情情况,https://www.chinacdc.cn/jksj/jksj01/202504/t20250429_306351.html,2025年3月全国法定传染病疫情概况,2025,3,全国,病毒性肝炎,甲乙类合计,153083,163,,,2026-05-28 00:56:43,/Users/zhoujia/code/大数据期末实验/大模型助力大数据分析/呼吸道传染病监测与早期预警分析/data/raw/chinacdc_monthly/t20250429_306351_a22d76d69a70ab02.html
中国疾控中心全国法定传染病疫情情况,https://www.chinacdc.cn/jksj/jksj01/202504/t20250429_306351.html,2025年3月全国法定传染病疫情概况,2025,3,全国,甲型肝炎,甲乙类合计,1919,0,,,2026-05-28 00:56:43,/Users/zhoujia/code/大数据期末实验/大模型助力大数据分析/呼吸道传染病监测与早期预警分析/data/raw/chinacdc_monthly/t20250429_306351_a22d76d69a70ab02.html
中国疾控中心全国法定传染病疫情情况,https://www.chinacdc.cn/jksj/jksj01/202504/t20250429_306351.html,2025年3月全国法定传染病疫情概况,2025,3,全国,乙型肝炎,甲乙类合计,128992,41,,,2026-05-28 00:56:43,/Users/zhoujia/code/大数据期末实验/大模型助力大数据分析/呼吸道传染病监测与早期预警分析/data/raw/chinacdc_monthly/t20250429_306351_a22d76d69a70ab02.html
中国疾控中心全国法定传染病疫情情况,https://www.chinacdc.cn/jksj/jksj01/202504/t20250429_306351.html,2025年3月全国法定传染病疫情概况,2025,3,全国,丙型肝炎,甲乙类合计,17661,122,,,2026-05-28 00:56:43,/Users/zhoujia/code/大数据期末实验/大模型助力大数据分析/呼吸道传染病监测与早期预警分析/data/raw/chinacdc_monthly/t20250429_306351_a22d76d69a70ab02.html
中国疾控中心全国法定传染病疫情情况,https://www.chinacdc.cn/jksj/jksj01/202504/t20250429_306351.html,2025年3月全国法定传染病疫情概况,2025,3,全国,丁型肝炎,甲乙类合计,18,0,,,2026-05-28 00:56:43,/Users/zhoujia/code/大数据期末实验/大模型助力大数据分析/呼吸道传染病监测与早期预警分析/data/raw/chinacdc_monthly/t20250429_306351_a22d76d69a70ab02.html
中国疾控中心全国法定传染病疫情情况,https://www.chinacdc.cn/jksj/jksj01/202504/t20250429_306351.html,2025年3月全国法定传染病疫情概况,2025,3,全国,戊型肝炎,甲乙类合计,3748,0,,,2026-05-28 00:56:43,/Users/zhoujia/code/大数据期末实验/大模型助力大数据分析/呼吸道传染病监测与早期预警分析/data/raw/chinacdc_monthly/t20250429_306351_a22d76d69a70ab02.html
中国疾控中心全国法定传染病疫情情况,https://www.chinacdc.cn/jksj/jksj01/202504/t20250429_306351.html,2025年3月全国法定传染病疫情概况,2025,3,全国,未分型肝炎,甲乙类合计,745,0,,,2026-05-28 00:56:43,/Users/zhoujia/code/大数据期末实验/大模型助力大数据分析/呼吸道传染病监测与早期预警分析/data/raw/chinacdc_monthly/t20250429_306351_a22d76d69a70ab02.html
中国疾控中心全国法定传染病疫情情况,https://www.chinacdc.cn/jksj/jksj01/202504/t20250429_306351.html,2025年3月全国法定传染病疫情概况,2025,3,全国,脊髓灰质炎,甲乙类合计,0,0,,,2026-05-28 00:56:43,/Users/zhoujia/code/大数据期末实验/大模型助力大数据分析/呼吸道传染病监测与早期预警分析/data/raw/chinacdc_monthly/t20250429_306351_a22d76d69a70ab02.html
中国疾控中心全国法定传染病疫情情况,https://www.chinacdc.cn/jksj/jksj01/202504/t20250429_306351.html,2025年3月全国法定传染病疫情概况,2025,3,全国,人感染高致病性禽流感,甲乙类合计,0,0,,,2026-05-28 00:56:43,/Users/zhoujia/code/大数据期末实验/大模型助力大数据分析/呼吸道传染病监测与早期预警分析/data/raw/chinacdc_monthly/t20250429_306351_a22d76d69a70ab02.html
中国疾控中心全国法定传染病疫情情况,https://www.chinacdc.cn/jksj/jksj01/202504/t20250429_306351.html,2025年3月全国法定传染病疫情概况,2025,3,全国,麻疹,甲乙类合计,272,0,,,2026-05-28 00:56:43,/Users/zhoujia/code/大数据期末实验/大模型助力大数据分析/呼吸道传染病监测与早期预警分析/data/raw/chinacdc_monthly/t20250429_306351_a22d76d69a70ab02.html
中国疾控中心全国法定传染病疫情情况,https://www.chinacdc.cn/jksj/jksj01/202504/t20250429_306351.html,2025年3月全国法定传染病疫情概况,2025,3,全国,流行性出血热,甲乙类合计,229,0,,,2026-05-28 00:56:43,/Users/zhoujia/code/大数据期末实验/大模型助力大数据分析/呼吸道传染病监测与早期预警分析/data/raw/chinacdc_monthly/t20250429_306351_a22d76d69a70ab02.html
中国疾控中心全国法定传染病疫情情况,https://www.chinacdc.cn/jksj/jksj01/202504/t20250429_306351.html,2025年3月全国法定传染病疫情概况,2025,3,全国,狂犬病,甲乙类合计,13,9,,,2026-05-28 00:56:43,/Users/zhoujia/code/大数据期末实验/大模型助力大数据分析/呼吸道传染病监测与早期预警分析/data/raw/chinacdc_monthly/t20250429_306351_a22d76d69a70ab02.html
中国疾控中心全国法定传染病疫情情况,https://www.chinacdc.cn/jksj/jksj01/202504/t20250429_306351.html,2025年3月全国法定传染病疫情概况,2025,3,全国,流行性乙型脑炎,甲乙类合计,0,0,,,2026-05-28 00:56:43,/Users/zhoujia/code/大数据期末实验/大模型助力大数据分析/呼吸道传染病监测与早期预警分析/data/raw/chinacdc_monthly/t20250429_306351_a22d76d69a70ab02.html
中国疾控中心全国法定传染病疫情情况,https://www.chinacdc.cn/jksj/jksj01/202504/t20250429_306351.html,2025年3月全国法定传染病疫情概况,2025,3,全国,登革热,甲乙类合计,38,0,,,2026-05-28 00:56:43,/Users/zhoujia/code/大数据期末实验/大模型助力大数据分析/呼吸道传染病监测与早期预警分析/data/raw/chinacdc_monthly/t20250429_306351_a22d76d69a70ab02.html
中国疾控中心全国法定传染病疫情情况,https://www.chinacdc.cn/jksj/jksj01/202504/t20250429_306351.html,2025年3月全国法定传染病疫情概况,2025,3,全国,炭疽,甲乙类合计,13,0,,,2026-05-28 00:56:43,/Users/zhoujia/code/大数据期末实验/大模型助力大数据分析/呼吸道传染病监测与早期预警分析/data/raw/chinacdc_monthly/t20250429_306351_a22d76d69a70ab02.html
中国疾控中心全国法定传染病疫情情况,https://www.chinacdc.cn/jksj/jksj01/202504/t20250429_306351.html,2025年3月全国法定传染病疫情概况,2025,3,全国,细菌性和阿米巴性痢疾,甲乙类合计,2036,0,,,2026-05-28 00:56:43,/Users/zhoujia/code/大数据期末实验/大模型助力大数据分析/呼吸道传染病监测与早期预警分析/data/raw/chinacdc_monthly/t20250429_306351_a22d76d69a70ab02.html
中国疾控中心全国法定传染病疫情情况,https://www.chinacdc.cn/jksj/jksj01/202504/t20250429_306351.html,2025年3月全国法定传染病疫情概况,2025,3,全国,肺结核,甲乙类合计,59479,239,,,2026-05-28 00:56:43,/Users/zhoujia/code/大数据期末实验/大模型助力大数据分析/呼吸道传染病监测与早期预警分析/data/raw/chinacdc_monthly/t20250429_306351_a22d76d69a70ab02.html
中国疾控中心全国法定传染病疫情情况,https://www.chinacdc.cn/jksj/jksj01/202504/t20250429_306351.html,2025年3月全国法定传染病疫情概况,2025,3,全国,伤寒和副伤寒,甲乙类合计,270,0,,,2026-05-28 00:56:43,/Users/zhoujia/code/大数据期末实验/大模型助力大数据分析/呼吸道传染病监测与早期预警分析/data/raw/chinacdc_monthly/t20250429_306351_a22d76d69a70ab02.html
中国疾控中心全国法定传染病疫情情况,https://www.chinacdc.cn/jksj/jksj01/202504/t20250429_306351.html,2025年3月全国法定传染病疫情概况,2025,3,全国,流行性脑脊髓膜炎,甲乙类合计,17,1,,,2026-05-28 00:56:43,/Users/zhoujia/code/大数据期末实验/大模型助力大数据分析/呼吸道传染病监测与早期预警分析/data/raw/chinacdc_monthly/t20250429_306351_a22d76d69a70ab02.html
中国疾控中心全国法定传染病疫情情况,https://www.chinacdc.cn/jksj/jksj01/202504/t20250429_306351.html,2025年3月全国法定传染病疫情概况,2025,3,全国,百日咳,甲乙类合计,4186,0,,,2026-05-28 00:56:43,/Users/zhoujia/code/大数据期末实验/大模型助力大数据分析/呼吸道传染病监测与早期预警分析/data/raw/chinacdc_monthly/t20250429_306351_a22d76d69a70ab02.html
中国疾控中心全国法定传染病疫情情况,https://www.chinacdc.cn/jksj/jksj01/202504/t20250429_306351.html,2025年3月全国法定传染病疫情概况,2025,3,全国,白喉,甲乙类合计,0,0,,,2026-05-28 00:56:43,/Users/zhoujia/code/大数据期末实验/大模型助力大数据分析/呼吸道传染病监测与早期预警分析/data/raw/chinacdc_monthly/t20250429_306351_a22d76d69a70ab02.html
中国疾控中心全国法定传染病疫情情况,https://www.chinacdc.cn/jksj/jksj01/202504/t20250429_306351.html,2025年3月全国法定传染病疫情概况,2025,3,全国,新生儿破伤风,甲乙类合计,3,0,,,2026-05-28 00:56:43,/Users/zhoujia/code/大数据期末实验/大模型助力大数据分析/呼吸道传染病监测与早期预警分析/data/raw/chinacdc_monthly/t20250429_306351_a22d76d69a70ab02.html
中国疾控中心全国法定传染病疫情情况,https://www.chinacdc.cn/jksj/jksj01/202504/t20250429_306351.html,2025年3月全国法定传染病疫情概况,2025,3,全国,猩红热,甲乙类合计,4689,0,,,2026-05-28 00:56:43,/Users/zhoujia/code/大数据期末实验/大模型助力大数据分析/呼吸道传染病监测与早期预警分析/data/raw/chinacdc_monthly/t20250429_306351_a22d76d69a70ab02.html
中国疾控中心全国法定传染病疫情情况,https://www.chinacdc.cn/jksj/jksj01/202504/t20250429_306351.html,2025年3月全国法定传染病疫情概况,2025,3,全国,布鲁氏菌病,甲乙类合计,5575,0,,,2026-05-28 00:56:43,/Users/zhoujia/code/大数据期末实验/大模型助力大数据分析/呼吸道传染病监测与早期预警分析/data/raw/chinacdc_monthly/t20250429_306351_a22d76d69a70ab02.html
中国疾控中心全国法定传染病疫情情况,https://www.chinacdc.cn/jksj/jksj01/202504/t20250429_306351.html,2025年3月全国法定传染病疫情概况,2025,3,全国,淋病,甲乙类合计,8367,0,,,2026-05-28 00:56:43,/Users/zhoujia/code/大数据期末实验/大模型助力大数据分析/呼吸道传染病监测与早期预警分析/data/raw/chinacdc_monthly/t20250429_306351_a22d76d69a70ab02.html
中国疾控中心全国法定传染病疫情情况,https://www.chinacdc.cn/jksj/jksj01/202504/t20250429_306351.html,2025年3月全国法定传染病疫情概况,2025,3,全国,梅毒,甲乙类合计,55907,6,,,2026-05-28 00:56:43,/Users/zhoujia/code/大数据期末实验/大模型助力大数据分析/呼吸道传染病监测与早期预警分析/data/raw/chinacdc_monthly/t20250429_306351_a22d76d69a70ab02.html
中国疾控中心全国法定传染病疫情情况,https://www.chinacdc.cn/jksj/jksj01/202504/t20250429_306351.html,2025年3月全国法定传染病疫情概况,2025,3,全国,钩端螺旋体病,甲乙类合计,2,0,,,2026-05-28 00:56:43,/Users/zhoujia/code/大数据期末实验/大模型助力大数据分析/呼吸道传染病监测与早期预警分析/data/raw/chinacdc_monthly/t20250429_306351_a22d76d69a70ab02.html
中国疾控中心全国法定传染病疫情情况,https://www.chinacdc.cn/jksj/jksj01/202504/t20250429_306351.html,2025年3月全国法定传染病疫情概况,2025,3,全国,血吸虫病,甲乙类合计,1,0,,,2026-05-28 00:56:43,/Users/zhoujia/code/大数据期末实验/大模型助力大数据分析/呼吸道传染病监测与早期预警分析/data/raw/chinacdc_monthly/t20250429_306351_a22d76d69a70ab02.html
中国疾控中心全国法定传染病疫情情况,https://www.chinacdc.cn/jksj/jksj01/202504/t20250429_306351.html,2025年3月全国法定传染病疫情概况,2025,3,全国,疟疾,甲乙类合计,213,1,,,2026-05-28 00:56:43,/Users/zhoujia/code/大数据期末实验/大模型助力大数据分析/呼吸道传染病监测与早期预警分析/data/raw/chinacdc_monthly/t20250429_306351_a22d76d69a70ab02.html
中国疾控中心全国法定传染病疫情情况,https://www.chinacdc.cn/jksj/jksj01/202504/t20250429_306351.html,2025年3月全国法定传染病疫情概况,2025,3,全国,人感染H7N9禽流感,甲乙类合计,0,0,,,2026-05-28 00:56:43,/Users/zhoujia/code/大数据期末实验/大模型助力大数据分析/呼吸道传染病监测与早期预警分析/data/raw/chinacdc_monthly/t20250429_306351_a22d76d69a70ab02.html
中国疾控中心全国法定传染病疫情情况,https://www.chinacdc.cn/jksj/jksj01/202504/t20250429_306351.html,2025年3月全国法定传染病疫情概况,2025,3,全国,新型冠状病毒感染,甲乙类合计,56286,7,,,2026-05-28 00:56:43,/Users/zhoujia/code/大数据期末实验/大模型助力大数据分析/呼吸道传染病监测与早期预警分析/data/raw/chinacdc_monthly/t20250429_306351_a22d76d69a70ab02.html
中国疾控中心全国法定传染病疫情情况,https://www.chinacdc.cn/jksj/jksj01/202504/t20250429_306351.html,2025年3月全国法定传染病疫情概况,2025,3,全国,猴痘,甲乙类合计,71,0,,,2026-05-28 00:56:43,/Users/zhoujia/code/大数据期末实验/大模型助力大数据分析/呼吸道传染病监测与早期预警分析/data/raw/chinacdc_monthly/t20250429_306351_a22d76d69a70ab02.html
中国疾控中心全国法定传染病疫情情况,https://www.chinacdc.cn/jksj/jksj01/202504/t20250429_306351.html,2025年3月全国法定传染病疫情概况,2025,3,全国,丙类传染病合计,丙类合计,615566,2,,,2026-05-28 00:56:43,/Users/zhoujia/code/大数据期末实验/大模型助力大数据分析/呼吸道传染病监测与早期预警分析/data/raw/chinacdc_monthly/t20250429_306351_a22d76d69a70ab02.html
中国疾控中心全国法定传染病疫情情况,https://www.chinacdc.cn/jksj/jksj01/202504/t20250429_306351.html,2025年3月全国法定传染病疫情概况,2025,3,全国,流行性感冒,丙类合计,354842,1,,,2026-05-28 00:56:43,/Users/zhoujia/code/大数据期末实验/大模型助力大数据分析/呼吸道传染病监测与早期预警分析/data/raw/chinacdc_monthly/t20250429_306351_a22d76d69a70ab02.html
中国疾控中心全国法定传染病疫情情况,https://www.chinacdc.cn/jksj/jksj01/202504/t20250429_306351.html,2025年3月全国法定传染病疫情概况,2025,3,全国,流行性腮腺炎,丙类合计,6652,0,,,2026-05-28 00:56:43,/Users/zhoujia/code/大数据期末实验/大模型助力大数据分析/呼吸道传染病监测与早期预警分析/data/raw/chinacdc_monthly/t20250429_306351_a22d76d69a70ab02.html
中国疾控中心全国法定传染病疫情情况,https://www.chinacdc.cn/jksj/jksj01/202504/t20250429_306351.html,2025年3月全国法定传染病疫情概况,2025,3,全国,风疹,丙类合计,63,0,,,2026-05-28 00:56:43,/Users/zhoujia/code/大数据期末实验/大模型助力大数据分析/呼吸道传染病监测与早期预警分析/data/raw/chinacdc_monthly/t20250429_306351_a22d76d69a70ab02.html
中国疾控中心全国法定传染病疫情情况,https://www.chinacdc.cn/jksj/jksj01/202504/t20250429_306351.html,2025年3月全国法定传染病疫情概况,2025,3,全国,急性出血性结膜炎,丙类合计,2044,0,,,2026-05-28 00:56:43,/Users/zhoujia/code/大数据期末实验/大模型助力大数据分析/呼吸道传染病监测与早期预警分析/data/raw/chinacdc_monthly/t20250429_306351_a22d76d69a70ab02.html
中国疾控中心全国法定传染病疫情情况,https://www.chinacdc.cn/jksj/jksj01/202504/t20250429_306351.html,2025年3月全国法定传染病疫情概况,2025,3,全国,麻风病,丙类合计,34,0,,,2026-05-28 00:56:43,/Users/zhoujia/code/大数据期末实验/大模型助力大数据分析/呼吸道传染病监测与早期预警分析/data/raw/chinacdc_monthly/t20250429_306351_a22d76d69a70ab02.html
中国疾控中心全国法定传染病疫情情况,https://www.chinacdc.cn/jksj/jksj01/202504/t20250429_306351.html,2025年3月全国法定传染病疫情概况,2025,3,全国,流行性和地方性 斑疹伤寒,丙类合计,33,0,,,2026-05-28 00:56:43,/Users/zhoujia/code/大数据期末实验/大模型助力大数据分析/呼吸道传染病监测与早期预警分析/data/raw/chinacdc_monthly/t20250429_306351_a22d76d69a70ab02.html
中国疾控中心全国法定传染病疫情情况,https://www.chinacdc.cn/jksj/jksj01/202504/t20250429_306351.html,2025年3月全国法定传染病疫情概况,2025,3,全国,黑热病,丙类合计,26,0,,,2026-05-28 00:56:43,/Users/zhoujia/code/大数据期末实验/大模型助力大数据分析/呼吸道传染病监测与早期预警分析/data/raw/chinacdc_monthly/t20250429_306351_a22d76d69a70ab02.html
中国疾控中心全国法定传染病疫情情况,https://www.chinacdc.cn/jksj/jksj01/202504/t20250429_306351.html,2025年3月全国法定传染病疫情概况,2025,3,全国,包虫病,丙类合计,445,0,,,2026-05-28 00:56:43,/Users/zhoujia/code/大数据期末实验/大模型助力大数据分析/呼吸道传染病监测与早期预警分析/data/raw/chinacdc_monthly/t20250429_306351_a22d76d69a70ab02.html
中国疾控中心全国法定传染病疫情情况,https://www.chinacdc.cn/jksj/jksj01/202504/t20250429_306351.html,2025年3月全国法定传染病疫情概况,2025,3,全国,丝虫病,丙类合计,0,0,,,2026-05-28 00:56:43,/Users/zhoujia/code/大数据期末实验/大模型助力大数据分析/呼吸道传染病监测与早期预警分析/data/raw/chinacdc_monthly/t20250429_306351_a22d76d69a70ab02.html
中国疾控中心全国法定传染病疫情情况,https://www.chinacdc.cn/jksj/jksj01/202504/t20250429_306351.html,2025年3月全国法定传染病疫情概况,2025,3,全国,其他感染性腹泻病,丙类合计,239224,1,,,2026-05-28 00:56:43,/Users/zhoujia/code/大数据期末实验/大模型助力大数据分析/呼吸道传染病监测与早期预警分析/data/raw/chinacdc_monthly/t20250429_306351_a22d76d69a70ab02.html
中国疾控中心全国法定传染病疫情情况,https://www.chinacdc.cn/jksj/jksj01/202504/t20250429_306351.html,2025年3月全国法定传染病疫情概况,2025,3,全国,手足口病,丙类合计,12203,0,,,2026-05-28 00:56:43,/Users/zhoujia/code/大数据期末实验/大模型助力大数据分析/呼吸道传染病监测与早期预警分析/data/raw/chinacdc_monthly/t20250429_306351_a22d76d69a70ab02.html
中国疾控中心全国法定传染病疫情情况,https://www.chinacdc.cn/jksj/jksj01/202504/t20250407_305788.html,2025年2月全国法定传染病疫情概况,2025,2,全国,甲乙丙类总计,甲乙丙类总计,1898332,1964,,,2026-05-28 00:56:43,/Users/zhoujia/code/大数据期末实验/大模型助力大数据分析/呼吸道传染病监测与早期预警分析/data/raw/chinacdc_monthly/t20250407_305788_468b43d9e5d473ad.html
中国疾控中心全国法定传染病疫情情况,https://www.chinacdc.cn/jksj/jksj01/202504/t20250407_305788.html,2025年2月全国法定传染病疫情概况,2025,2,全国,甲乙类传染病合计,甲乙类合计,295625,1949,,,2026-05-28 00:56:43,/Users/zhoujia/code/大数据期末实验/大模型助力大数据分析/呼吸道传染病监测与早期预警分析/data/raw/chinacdc_monthly/t20250407_305788_468b43d9e5d473ad.html
中国疾控中心全国法定传染病疫情情况,https://www.chinacdc.cn/jksj/jksj01/202504/t20250407_305788.html,2025年2月全国法定传染病疫情概况,2025,2,全国,鼠疫,甲乙类合计,0,0,,,2026-05-28 00:56:43,/Users/zhoujia/code/大数据期末实验/大模型助力大数据分析/呼吸道传染病监测与早期预警分析/data/raw/chinacdc_monthly/t20250407_305788_468b43d9e5d473ad.html
中国疾控中心全国法定传染病疫情情况,https://www.chinacdc.cn/jksj/jksj01/202504/t20250407_305788.html,2025年2月全国法定传染病疫情概况,2025,2,全国,霍乱,甲乙类合计,0,0,,,2026-05-28 00:56:43,/Users/zhoujia/code/大数据期末实验/大模型助力大数据分析/呼吸道传染病监测与早期预警分析/data/raw/chinacdc_monthly/t20250407_305788_468b43d9e5d473ad.html
中国疾控中心全国法定传染病疫情情况,https://www.chinacdc.cn/jksj/jksj01/202504/t20250407_305788.html,2025年2月全国法定传染病疫情概况,2025,2,全国,传染性非典型肺炎,甲乙类合计,0,0,,,2026-05-28 00:56:43,/Users/zhoujia/code/大数据期末实验/大模型助力大数据分析/呼吸道传染病监测与早期预警分析/data/raw/chinacdc_monthly/t20250407_305788_468b43d9e5d473ad.html
中国疾控中心全国法定传染病疫情情况,https://www.chinacdc.cn/jksj/jksj01/202504/t20250407_305788.html,2025年2月全国法定传染病疫情概况,2025,2,全国,艾滋病,甲乙类合计,3931,1609,,,2026-05-28 00:56:43,/Users/zhoujia/code/大数据期末实验/大模型助力大数据分析/呼吸道传染病监测与早期预警分析/data/raw/chinacdc_monthly/t20250407_305788_468b43d9e5d473ad.html
中国疾控中心全国法定传染病疫情情况,https://www.chinacdc.cn/jksj/jksj01/202504/t20250407_305788.html,2025年2月全国法定传染病疫情概况,2025,2,全国,病毒性肝炎,甲乙类合计,142691,116,,,2026-05-28 00:56:43,/Users/zhoujia/code/大数据期末实验/大模型助力大数据分析/呼吸道传染病监测与早期预警分析/data/raw/chinacdc_monthly/t20250407_305788_468b43d9e5d473ad.html
中国疾控中心全国法定传染病疫情情况,https://www.chinacdc.cn/jksj/jksj01/202504/t20250407_305788.html,2025年2月全国法定传染病疫情概况,2025,2,全国,甲型肝炎,甲乙类合计,2222,0,,,2026-05-28 00:56:43,/Users/zhoujia/code/大数据期末实验/大模型助力大数据分析/呼吸道传染病监测与早期预警分析/data/raw/chinacdc_monthly/t20250407_305788_468b43d9e5d473ad.html
中国疾控中心全国法定传染病疫情情况,https://www.chinacdc.cn/jksj/jksj01/202504/t20250407_305788.html,2025年2月全国法定传染病疫情概况,2025,2,全国,乙型肝炎,甲乙类合计,120756,35,,,2026-05-28 00:56:43,/Users/zhoujia/code/大数据期末实验/大模型助力大数据分析/呼吸道传染病监测与早期预警分析/data/raw/chinacdc_monthly/t20250407_305788_468b43d9e5d473ad.html
中国疾控中心全国法定传染病疫情情况,https://www.chinacdc.cn/jksj/jksj01/202504/t20250407_305788.html,2025年2月全国法定传染病疫情概况,2025,2,全国,丙型肝炎,甲乙类合计,15806,78,,,2026-05-28 00:56:43,/Users/zhoujia/code/大数据期末实验/大模型助力大数据分析/呼吸道传染病监测与早期预警分析/data/raw/chinacdc_monthly/t20250407_305788_468b43d9e5d473ad.html
中国疾控中心全国法定传染病疫情情况,https://www.chinacdc.cn/jksj/jksj01/202504/t20250407_305788.html,2025年2月全国法定传染病疫情概况,2025,2,全国,丁型肝炎,甲乙类合计,19,0,,,2026-05-28 00:56:43,/Users/zhoujia/code/大数据期末实验/大模型助力大数据分析/呼吸道传染病监测与早期预警分析/data/raw/chinacdc_monthly/t20250407_305788_468b43d9e5d473ad.html
中国疾控中心全国法定传染病疫情情况,https://www.chinacdc.cn/jksj/jksj01/202504/t20250407_305788.html,2025年2月全国法定传染病疫情概况,2025,2,全国,戊型肝炎,甲乙类合计,3199,3,,,2026-05-28 00:56:43,/Users/zhoujia/code/大数据期末实验/大模型助力大数据分析/呼吸道传染病监测与早期预警分析/data/raw/chinacdc_monthly/t20250407_305788_468b43d9e5d473ad.html
中国疾控中心全国法定传染病疫情情况,https://www.chinacdc.cn/jksj/jksj01/202504/t20250407_305788.html,2025年2月全国法定传染病疫情概况,2025,2,全国,未分型肝炎,甲乙类合计,689,0,,,2026-05-28 00:56:43,/Users/zhoujia/code/大数据期末实验/大模型助力大数据分析/呼吸道传染病监测与早期预警分析/data/raw/chinacdc_monthly/t20250407_305788_468b43d9e5d473ad.html
中国疾控中心全国法定传染病疫情情况,https://www.chinacdc.cn/jksj/jksj01/202504/t20250407_305788.html,2025年2月全国法定传染病疫情概况,2025,2,全国,脊髓灰质炎,甲乙类合计,0,0,,,2026-05-28 00:56:43,/Users/zhoujia/code/大数据期末实验/大模型助力大数据分析/呼吸道传染病监测与早期预警分析/data/raw/chinacdc_monthly/t20250407_305788_468b43d9e5d473ad.html
中国疾控中心全国法定传染病疫情情况,https://www.chinacdc.cn/jksj/jksj01/202504/t20250407_305788.html,2025年2月全国法定传染病疫情概况,2025,2,全国,人感染高致病性禽流感,甲乙类合计,0,0,,,2026-05-28 00:56:43,/Users/zhoujia/code/大数据期末实验/大模型助力大数据分析/呼吸道传染病监测与早期预警分析/data/raw/chinacdc_monthly/t20250407_305788_468b43d9e5d473ad.html
中国疾控中心全国法定传染病疫情情况,https://www.chinacdc.cn/jksj/jksj01/202504/t20250407_305788.html,2025年2月全国法定传染病疫情概况,2025,2,全国,麻疹,甲乙类合计,309,0,,,2026-05-28 00:56:43,/Users/zhoujia/code/大数据期末实验/大模型助力大数据分析/呼吸道传染病监测与早期预警分析/data/raw/chinacdc_monthly/t20250407_305788_468b43d9e5d473ad.html
中国疾控中心全国法定传染病疫情情况,https://www.chinacdc.cn/jksj/jksj01/202504/t20250407_305788.html,2025年2月全国法定传染病疫情概况,2025,2,全国,流行性出血热,甲乙类合计,172,0,,,2026-05-28 00:56:43,/Users/zhoujia/code/大数据期末实验/大模型助力大数据分析/呼吸道传染病监测与早期预警分析/data/raw/chinacdc_monthly/t20250407_305788_468b43d9e5d473ad.html
中国疾控中心全国法定传染病疫情情况,https://www.chinacdc.cn/jksj/jksj01/202504/t20250407_305788.html,2025年2月全国法定传染病疫情概况,2025,2,全国,狂犬病,甲乙类合计,4,7,,,2026-05-28 00:56:43,/Users/zhoujia/code/大数据期末实验/大模型助力大数据分析/呼吸道传染病监测与早期预警分析/data/raw/chinacdc_monthly/t20250407_305788_468b43d9e5d473ad.html
中国疾控中心全国法定传染病疫情情况,https://www.chinacdc.cn/jksj/jksj01/202504/t20250407_305788.html,2025年2月全国法定传染病疫情概况,2025,2,全国,流行性乙型脑炎,甲乙类合计,0,0,,,2026-05-28 00:56:43,/Users/zhoujia/code/大数据期末实验/大模型助力大数据分析/呼吸道传染病监测与早期预警分析/data/raw/chinacdc_monthly/t20250407_305788_468b43d9e5d473ad.html
中国疾控中心全国法定传染病疫情情况,https://www.chinacdc.cn/jksj/jksj01/202504/t20250407_305788.html,2025年2月全国法定传染病疫情概况,2025,2,全国,登革热,甲乙类合计,51,0,,,2026-05-28 00:56:43,/Users/zhoujia/code/大数据期末实验/大模型助力大数据分析/呼吸道传染病监测与早期预警分析/data/raw/chinacdc_monthly/t20250407_305788_468b43d9e5d473ad.html
中国疾控中心全国法定传染病疫情情况,https://www.chinacdc.cn/jksj/jksj01/202504/t20250407_305788.html,2025年2月全国法定传染病疫情概况,2025,2,全国,炭疽,甲乙类合计,21,0,,,2026-05-28 00:56:43,/Users/zhoujia/code/大数据期末实验/大模型助力大数据分析/呼吸道传染病监测与早期预警分析/data/raw/chinacdc_monthly/t20250407_305788_468b43d9e5d473ad.html
中国疾控中心全国法定传染病疫情情况,https://www.chinacdc.cn/jksj/jksj01/202504/t20250407_305788.html,2025年2月全国法定传染病疫情概况,2025,2,全国,细菌性和阿米巴性痢疾,甲乙类合计,1706,1,,,2026-05-28 00:56:43,/Users/zhoujia/code/大数据期末实验/大模型助力大数据分析/呼吸道传染病监测与早期预警分析/data/raw/chinacdc_monthly/t20250407_305788_468b43d9e5d473ad.html
中国疾控中心全国法定传染病疫情情况,https://www.chinacdc.cn/jksj/jksj01/202504/t20250407_305788.html,2025年2月全国法定传染病疫情概况,2025,2,全国,肺结核,甲乙类合计,52942,208,,,2026-05-28 00:56:43,/Users/zhoujia/code/大数据期末实验/大模型助力大数据分析/呼吸道传染病监测与早期预警分析/data/raw/chinacdc_monthly/t20250407_305788_468b43d9e5d473ad.html
中国疾控中心全国法定传染病疫情情况,https://www.chinacdc.cn/jksj/jksj01/202504/t20250407_305788.html,2025年2月全国法定传染病疫情概况,2025,2,全国,伤寒和副伤寒,甲乙类合计,215,0,,,2026-05-28 00:56:43,/Users/zhoujia/code/大数据期末实验/大模型助力大数据分析/呼吸道传染病监测与早期预警分析/data/raw/chinacdc_monthly/t20250407_305788_468b43d9e5d473ad.html
中国疾控中心全国法定传染病疫情情况,https://www.chinacdc.cn/jksj/jksj01/202504/t20250407_305788.html,2025年2月全国法定传染病疫情概况,2025,2,全国,流行性脑脊髓膜炎,甲乙类合计,20,1,,,2026-05-28 00:56:43,/Users/zhoujia/code/大数据期末实验/大模型助力大数据分析/呼吸道传染病监测与早期预警分析/data/raw/chinacdc_monthly/t20250407_305788_468b43d9e5d473ad.html
中国疾控中心全国法定传染病疫情情况,https://www.chinacdc.cn/jksj/jksj01/202504/t20250407_305788.html,2025年2月全国法定传染病疫情概况,2025,2,全国,百日咳,甲乙类合计,4298,0,,,2026-05-28 00:56:43,/Users/zhoujia/code/大数据期末实验/大模型助力大数据分析/呼吸道传染病监测与早期预警分析/data/raw/chinacdc_monthly/t20250407_305788_468b43d9e5d473ad.html
中国疾控中心全国法定传染病疫情情况,https://www.chinacdc.cn/jksj/jksj01/202504/t20250407_305788.html,2025年2月全国法定传染病疫情概况,2025,2,全国,白喉,甲乙类合计,0,0,,,2026-05-28 00:56:43,/Users/zhoujia/code/大数据期末实验/大模型助力大数据分析/呼吸道传染病监测与早期预警分析/data/raw/chinacdc_monthly/t20250407_305788_468b43d9e5d473ad.html
中国疾控中心全国法定传染病疫情情况,https://www.chinacdc.cn/jksj/jksj01/202504/t20250407_305788.html,2025年2月全国法定传染病疫情概况,2025,2,全国,新生儿破伤风,甲乙类合计,1,0,,,2026-05-28 00:56:43,/Users/zhoujia/code/大数据期末实验/大模型助力大数据分析/呼吸道传染病监测与早期预警分析/data/raw/chinacdc_monthly/t20250407_305788_468b43d9e5d473ad.html
中国疾控中心全国法定传染病疫情情况,https://www.chinacdc.cn/jksj/jksj01/202504/t20250407_305788.html,2025年2月全国法定传染病疫情概况,2025,2,全国,猩红热,甲乙类合计,2551,0,,,2026-05-28 00:56:43,/Users/zhoujia/code/大数据期末实验/大模型助力大数据分析/呼吸道传染病监测与早期预警分析/data/raw/chinacdc_monthly/t20250407_305788_468b43d9e5d473ad.html
中国疾控中心全国法定传染病疫情情况,https://www.chinacdc.cn/jksj/jksj01/202504/t20250407_305788.html,2025年2月全国法定传染病疫情概况,2025,2,全国,布鲁氏菌病,甲乙类合计,4363,0,,,2026-05-28 00:56:43,/Users/zhoujia/code/大数据期末实验/大模型助力大数据分析/呼吸道传染病监测与早期预警分析/data/raw/chinacdc_monthly/t20250407_305788_468b43d9e5d473ad.html
中国疾控中心全国法定传染病疫情情况,https://www.chinacdc.cn/jksj/jksj01/202504/t20250407_305788.html,2025年2月全国法定传染病疫情概况,2025,2,全国,淋病,甲乙类合计,7104,0,,,2026-05-28 00:56:43,/Users/zhoujia/code/大数据期末实验/大模型助力大数据分析/呼吸道传染病监测与早期预警分析/data/raw/chinacdc_monthly/t20250407_305788_468b43d9e5d473ad.html
中国疾控中心全国法定传染病疫情情况,https://www.chinacdc.cn/jksj/jksj01/202504/t20250407_305788.html,2025年2月全国法定传染病疫情概况,2025,2,全国,梅毒,甲乙类合计,52008,3,,,2026-05-28 00:56:43,/Users/zhoujia/code/大数据期末实验/大模型助力大数据分析/呼吸道传染病监测与早期预警分析/data/raw/chinacdc_monthly/t20250407_305788_468b43d9e5d473ad.html
中国疾控中心全国法定传染病疫情情况,https://www.chinacdc.cn/jksj/jksj01/202504/t20250407_305788.html,2025年2月全国法定传染病疫情概况,2025,2,全国,钩端螺旋体病,甲乙类合计,2,0,,,2026-05-28 00:56:43,/Users/zhoujia/code/大数据期末实验/大模型助力大数据分析/呼吸道传染病监测与早期预警分析/data/raw/chinacdc_monthly/t20250407_305788_468b43d9e5d473ad.html
中国疾控中心全国法定传染病疫情情况,https://www.chinacdc.cn/jksj/jksj01/202504/t20250407_305788.html,2025年2月全国法定传染病疫情概况,2025,2,全国,血吸虫病,甲乙类合计,2,0,,,2026-05-28 00:56:43,/Users/zhoujia/code/大数据期末实验/大模型助力大数据分析/呼吸道传染病监测与早期预警分析/data/raw/chinacdc_monthly/t20250407_305788_468b43d9e5d473ad.html
中国疾控中心全国法定传染病疫情情况,https://www.chinacdc.cn/jksj/jksj01/202504/t20250407_305788.html,2025年2月全国法定传染病疫情概况,2025,2,全国,疟疾,甲乙类合计,212,3,,,2026-05-28 00:56:43,/Users/zhoujia/code/大数据期末实验/大模型助力大数据分析/呼吸道传染病监测与早期预警分析/data/raw/chinacdc_monthly/t20250407_305788_468b43d9e5d473ad.html
中国疾控中心全国法定传染病疫情情况,https://www.chinacdc.cn/jksj/jksj01/202504/t20250407_305788.html,2025年2月全国法定传染病疫情概况,2025,2,全国,人感染H7N9禽流感,甲乙类合计,0,0,,,2026-05-28 00:56:43,/Users/zhoujia/code/大数据期末实验/大模型助力大数据分析/呼吸道传染病监测与早期预警分析/data/raw/chinacdc_monthly/t20250407_305788_468b43d9e5d473ad.html
中国疾控中心全国法定传染病疫情情况,https://www.chinacdc.cn/jksj/jksj01/202504/t20250407_305788.html,2025年2月全国法定传染病疫情概况,2025,2,全国,新型冠状病毒感染,甲乙类合计,22966,1,,,2026-05-28 00:56:43,/Users/zhoujia/code/大数据期末实验/大模型助力大数据分析/呼吸道传染病监测与早期预警分析/data/raw/chinacdc_monthly/t20250407_305788_468b43d9e5d473ad.html
中国疾控中心全国法定传染病疫情情况,https://www.chinacdc.cn/jksj/jksj01/202504/t20250407_305788.html,2025年2月全国法定传染病疫情概况,2025,2,全国,猴痘,甲乙类合计,56,0,,,2026-05-28 00:56:43,/Users/zhoujia/code/大数据期末实验/大模型助力大数据分析/呼吸道传染病监测与早期预警分析/data/raw/chinacdc_monthly/t20250407_305788_468b43d9e5d473ad.html
中国疾控中心全国法定传染病疫情情况,https://www.chinacdc.cn/jksj/jksj01/202504/t20250407_305788.html,2025年2月全国法定传染病疫情概况,2025,2,全国,丙类传染病合计,丙类合计,1602707,15,,,2026-05-28 00:56:43,/Users/zhoujia/code/大数据期末实验/大模型助力大数据分析/呼吸道传染病监测与早期预警分析/data/raw/chinacdc_monthly/t20250407_305788_468b43d9e5d473ad.html
中国疾控中心全国法定传染病疫情情况,https://www.chinacdc.cn/jksj/jksj01/202504/t20250407_305788.html,2025年2月全国法定传染病疫情概况,2025,2,全国,流行性感冒,丙类合计,1348394,14,,,2026-05-28 00:56:43,/Users/zhoujia/code/大数据期末实验/大模型助力大数据分析/呼吸道传染病监测与早期预警分析/data/raw/chinacdc_monthly/t20250407_305788_468b43d9e5d473ad.html
中国疾控中心全国法定传染病疫情情况,https://www.chinacdc.cn/jksj/jksj01/202504/t20250407_305788.html,2025年2月全国法定传染病疫情概况,2025,2,全国,流行性腮腺炎,丙类合计,3833,0,,,2026-05-28 00:56:43,/Users/zhoujia/code/大数据期末实验/大模型助力大数据分析/呼吸道传染病监测与早期预警分析/data/raw/chinacdc_monthly/t20250407_305788_468b43d9e5d473ad.html
中国疾控中心全国法定传染病疫情情况,https://www.chinacdc.cn/jksj/jksj01/202504/t20250407_305788.html,2025年2月全国法定传染病疫情概况,2025,2,全国,风疹,丙类合计,41,0,,,2026-05-28 00:56:43,/Users/zhoujia/code/大数据期末实验/大模型助力大数据分析/呼吸道传染病监测与早期预警分析/data/raw/chinacdc_monthly/t20250407_305788_468b43d9e5d473ad.html
中国疾控中心全国法定传染病疫情情况,https://www.chinacdc.cn/jksj/jksj01/202504/t20250407_305788.html,2025年2月全国法定传染病疫情概况,2025,2,全国,急性出血性结膜炎,丙类合计,1392,0,,,2026-05-28 00:56:43,/Users/zhoujia/code/大数据期末实验/大模型助力大数据分析/呼吸道传染病监测与早期预警分析/data/raw/chinacdc_monthly/t20250407_305788_468b43d9e5d473ad.html
中国疾控中心全国法定传染病疫情情况,https://www.chinacdc.cn/jksj/jksj01/202504/t20250407_305788.html,2025年2月全国法定传染病疫情概况,2025,2,全国,麻风病,丙类合计,36,0,,,2026-05-28 00:56:43,/Users/zhoujia/code/大数据期末实验/大模型助力大数据分析/呼吸道传染病监测与早期预警分析/data/raw/chinacdc_monthly/t20250407_305788_468b43d9e5d473ad.html
中国疾控中心全国法定传染病疫情情况,https://www.chinacdc.cn/jksj/jksj01/202504/t20250407_305788.html,2025年2月全国法定传染病疫情概况,2025,2,全国,流行性和地方性 斑疹伤寒,丙类合计,37,0,,,2026-05-28 00:56:43,/Users/zhoujia/code/大数据期末实验/大模型助力大数据分析/呼吸道传染病监测与早期预警分析/data/raw/chinacdc_monthly/t20250407_305788_468b43d9e5d473ad.html
中国疾控中心全国法定传染病疫情情况,https://www.chinacdc.cn/jksj/jksj01/202504/t20250407_305788.html,2025年2月全国法定传染病疫情概况,2025,2,全国,黑热病,丙类合计,39,0,,,2026-05-28 00:56:43,/Users/zhoujia/code/大数据期末实验/大模型助力大数据分析/呼吸道传染病监测与早期预警分析/data/raw/chinacdc_monthly/t20250407_305788_468b43d9e5d473ad.html
中国疾控中心全国法定传染病疫情情况,https://www.chinacdc.cn/jksj/jksj01/202504/t20250407_305788.html,2025年2月全国法定传染病疫情概况,2025,2,全国,包虫病,丙类合计,423,0,,,2026-05-28 00:56:43,/Users/zhoujia/code/大数据期末实验/大模型助力大数据分析/呼吸道传染病监测与早期预警分析/data/raw/chinacdc_monthly/t20250407_305788_468b43d9e5d473ad.html
中国疾控中心全国法定传染病疫情情况,https://www.chinacdc.cn/jksj/jksj01/202504/t20250407_305788.html,2025年2月全国法定传染病疫情概况,2025,2,全国,丝虫病,丙类合计,0,0,,,2026-05-28 00:56:43,/Users/zhoujia/code/大数据期末实验/大模型助力大数据分析/呼吸道传染病监测与早期预警分析/data/raw/chinacdc_monthly/t20250407_305788_468b43d9e5d473ad.html
中国疾控中心全国法定传染病疫情情况,https://www.chinacdc.cn/jksj/jksj01/202504/t20250407_305788.html,2025年2月全国法定传染病疫情概况,2025,2,全国,其他感染性腹泻病,丙类合计,242791,1,,,2026-05-28 00:56:43,/Users/zhoujia/code/大数据期末实验/大模型助力大数据分析/呼吸道传染病监测与早期预警分析/data/raw/chinacdc_monthly/t20250407_305788_468b43d9e5d473ad.html
中国疾控中心全国法定传染病疫情情况,https://www.chinacdc.cn/jksj/jksj01/202504/t20250407_305788.html,2025年2月全国法定传染病疫情概况,2025,2,全国,手足口病,丙类合计,5721,0,,,2026-05-28 00:56:43,/Users/zhoujia/code/大数据期末实验/大模型助力大数据分析/呼吸道传染病监测与早期预警分析/data/raw/chinacdc_monthly/t20250407_305788_468b43d9e5d473ad.html
中国疾控中心全国法定传染病疫情情况,https://www.chinacdc.cn/jksj/jksj01/202502/t20250220_304463.html,2025年1月全国法定传染病疫情概况,2025,1,全国,甲乙丙类总计,甲乙丙类总计,3382111,1701,,,2026-05-28 00:56:43,/Users/zhoujia/code/大数据期末实验/大模型助力大数据分析/呼吸道传染病监测与早期预警分析/data/raw/chinacdc_monthly/t20250220_304463_b333749063af1361.html
中国疾控中心全国法定传染病疫情情况,https://www.chinacdc.cn/jksj/jksj01/202502/t20250220_304463.html,2025年1月全国法定传染病疫情概况,2025,1,全国,甲乙类传染病合计,甲乙类合计,325937,1691,,,2026-05-28 00:56:43,/Users/zhoujia/code/大数据期末实验/大模型助力大数据分析/呼吸道传染病监测与早期预警分析/data/raw/chinacdc_monthly/t20250220_304463_b333749063af1361.html
中国疾控中心全国法定传染病疫情情况,https://www.chinacdc.cn/jksj/jksj01/202502/t20250220_304463.html,2025年1月全国法定传染病疫情概况,2025,1,全国,鼠疫,甲乙类合计,0,0,,,2026-05-28 00:56:43,/Users/zhoujia/code/大数据期末实验/大模型助力大数据分析/呼吸道传染病监测与早期预警分析/data/raw/chinacdc_monthly/t20250220_304463_b333749063af1361.html
中国疾控中心全国法定传染病疫情情况,https://www.chinacdc.cn/jksj/jksj01/202502/t20250220_304463.html,2025年1月全国法定传染病疫情概况,2025,1,全国,霍乱,甲乙类合计,0,0,,,2026-05-28 00:56:43,/Users/zhoujia/code/大数据期末实验/大模型助力大数据分析/呼吸道传染病监测与早期预警分析/data/raw/chinacdc_monthly/t20250220_304463_b333749063af1361.html
中国疾控中心全国法定传染病疫情情况,https://www.chinacdc.cn/jksj/jksj01/202502/t20250220_304463.html,2025年1月全国法定传染病疫情概况,2025,1,全国,传染性非典型肺炎,甲乙类合计,0,0,,,2026-05-28 00:56:43,/Users/zhoujia/code/大数据期末实验/大模型助力大数据分析/呼吸道传染病监测与早期预警分析/data/raw/chinacdc_monthly/t20250220_304463_b333749063af1361.html
中国疾控中心全国法定传染病疫情情况,https://www.chinacdc.cn/jksj/jksj01/202502/t20250220_304463.html,2025年1月全国法定传染病疫情概况,2025,1,全国,艾滋病,甲乙类合计,2832,1375,,,2026-05-28 00:56:43,/Users/zhoujia/code/大数据期末实验/大模型助力大数据分析/呼吸道传染病监测与早期预警分析/data/raw/chinacdc_monthly/t20250220_304463_b333749063af1361.html
中国疾控中心全国法定传染病疫情情况,https://www.chinacdc.cn/jksj/jksj01/202502/t20250220_304463.html,2025年1月全国法定传染病疫情概况,2025,1,全国,病毒性肝炎,甲乙类合计,165723,72,,,2026-05-28 00:56:43,/Users/zhoujia/code/大数据期末实验/大模型助力大数据分析/呼吸道传染病监测与早期预警分析/data/raw/chinacdc_monthly/t20250220_304463_b333749063af1361.html
中国疾控中心全国法定传染病疫情情况,https://www.chinacdc.cn/jksj/jksj01/202502/t20250220_304463.html,2025年1月全国法定传染病疫情概况,2025,1,全国,甲型肝炎,甲乙类合计,2293,1,,,2026-05-28 00:56:43,/Users/zhoujia/code/大数据期末实验/大模型助力大数据分析/呼吸道传染病监测与早期预警分析/data/raw/chinacdc_monthly/t20250220_304463_b333749063af1361.html
中国疾控中心全国法定传染病疫情情况,https://www.chinacdc.cn/jksj/jksj01/202502/t20250220_304463.html,2025年1月全国法定传染病疫情概况,2025,1,全国,乙型肝炎,甲乙类合计,145071,46,,,2026-05-28 00:56:43,/Users/zhoujia/code/大数据期末实验/大模型助力大数据分析/呼吸道传染病监测与早期预警分析/data/raw/chinacdc_monthly/t20250220_304463_b333749063af1361.html
中国疾控中心全国法定传染病疫情情况,https://www.chinacdc.cn/jksj/jksj01/202502/t20250220_304463.html,2025年1月全国法定传染病疫情概况,2025,1,全国,丙型肝炎,甲乙类合计,14831,25,,,2026-05-28 00:56:43,/Users/zhoujia/code/大数据期末实验/大模型助力大数据分析/呼吸道传染病监测与早期预警分析/data/raw/chinacdc_monthly/t20250220_304463_b333749063af1361.html
中国疾控中心全国法定传染病疫情情况,https://www.chinacdc.cn/jksj/jksj01/202502/t20250220_304463.html,2025年1月全国法定传染病疫情概况,2025,1,全国,丁型肝炎,甲乙类合计,25,0,,,2026-05-28 00:56:43,/Users/zhoujia/code/大数据期末实验/大模型助力大数据分析/呼吸道传染病监测与早期预警分析/data/raw/chinacdc_monthly/t20250220_304463_b333749063af1361.html
中国疾控中心全国法定传染病疫情情况,https://www.chinacdc.cn/jksj/jksj01/202502/t20250220_304463.html,2025年1月全国法定传染病疫情概况,2025,1,全国,戊型肝炎,甲乙类合计,2754,0,,,2026-05-28 00:56:43,/Users/zhoujia/code/大数据期末实验/大模型助力大数据分析/呼吸道传染病监测与早期预警分析/data/raw/chinacdc_monthly/t20250220_304463_b333749063af1361.html
中国疾控中心全国法定传染病疫情情况,https://www.chinacdc.cn/jksj/jksj01/202502/t20250220_304463.html,2025年1月全国法定传染病疫情概况,2025,1,全国,未分型肝炎,甲乙类合计,749,0,,,2026-05-28 00:56:43,/Users/zhoujia/code/大数据期末实验/大模型助力大数据分析/呼吸道传染病监测与早期预警分析/data/raw/chinacdc_monthly/t20250220_304463_b333749063af1361.html
中国疾控中心全国法定传染病疫情情况,https://www.chinacdc.cn/jksj/jksj01/202502/t20250220_304463.html,2025年1月全国法定传染病疫情概况,2025,1,全国,脊髓灰质炎,甲乙类合计,0,0,,,2026-05-28 00:56:43,/Users/zhoujia/code/大数据期末实验/大模型助力大数据分析/呼吸道传染病监测与早期预警分析/data/raw/chinacdc_monthly/t20250220_304463_b333749063af1361.html
中国疾控中心全国法定传染病疫情情况,https://www.chinacdc.cn/jksj/jksj01/202502/t20250220_304463.html,2025年1月全国法定传染病疫情概况,2025,1,全国,人感染高致病性禽流感,甲乙类合计,0,0,,,2026-05-28 00:56:43,/Users/zhoujia/code/大数据期末实验/大模型助力大数据分析/呼吸道传染病监测与早期预警分析/data/raw/chinacdc_monthly/t20250220_304463_b333749063af1361.html
中国疾控中心全国法定传染病疫情情况,https://www.chinacdc.cn/jksj/jksj01/202502/t20250220_304463.html,2025年1月全国法定传染病疫情概况,2025,1,全国,麻疹,甲乙类合计,344,0,,,2026-05-28 00:56:43,/Users/zhoujia/code/大数据期末实验/大模型助力大数据分析/呼吸道传染病监测与早期预警分析/data/raw/chinacdc_monthly/t20250220_304463_b333749063af1361.html
中国疾控中心全国法定传染病疫情情况,https://www.chinacdc.cn/jksj/jksj01/202502/t20250220_304463.html,2025年1月全国法定传染病疫情概况,2025,1,全国,流行性出血热,甲乙类合计,301,1,,,2026-05-28 00:56:43,/Users/zhoujia/code/大数据期末实验/大模型助力大数据分析/呼吸道传染病监测与早期预警分析/data/raw/chinacdc_monthly/t20250220_304463_b333749063af1361.html
中国疾控中心全国法定传染病疫情情况,https://www.chinacdc.cn/jksj/jksj01/202502/t20250220_304463.html,2025年1月全国法定传染病疫情概况,2025,1,全国,狂犬病,甲乙类合计,16,19,,,2026-05-28 00:56:43,/Users/zhoujia/code/大数据期末实验/大模型助力大数据分析/呼吸道传染病监测与早期预警分析/data/raw/chinacdc_monthly/t20250220_304463_b333749063af1361.html
中国疾控中心全国法定传染病疫情情况,https://www.chinacdc.cn/jksj/jksj01/202502/t20250220_304463.html,2025年1月全国法定传染病疫情概况,2025,1,全国,流行性乙型脑炎,甲乙类合计,1,0,,,2026-05-28 00:56:43,/Users/zhoujia/code/大数据期末实验/大模型助力大数据分析/呼吸道传染病监测与早期预警分析/data/raw/chinacdc_monthly/t20250220_304463_b333749063af1361.html
中国疾控中心全国法定传染病疫情情况,https://www.chinacdc.cn/jksj/jksj01/202502/t20250220_304463.html,2025年1月全国法定传染病疫情概况,2025,1,全国,登革热,甲乙类合计,49,0,,,2026-05-28 00:56:43,/Users/zhoujia/code/大数据期末实验/大模型助力大数据分析/呼吸道传染病监测与早期预警分析/data/raw/chinacdc_monthly/t20250220_304463_b333749063af1361.html
中国疾控中心全国法定传染病疫情情况,https://www.chinacdc.cn/jksj/jksj01/202502/t20250220_304463.html,2025年1月全国法定传染病疫情概况,2025,1,全国,炭疽,甲乙类合计,21,0,,,2026-05-28 00:56:43,/Users/zhoujia/code/大数据期末实验/大模型助力大数据分析/呼吸道传染病监测与早期预警分析/data/raw/chinacdc_monthly/t20250220_304463_b333749063af1361.html
中国疾控中心全国法定传染病疫情情况,https://www.chinacdc.cn/jksj/jksj01/202502/t20250220_304463.html,2025年1月全国法定传染病疫情概况,2025,1,全国,细菌性和阿米巴性痢疾,甲乙类合计,1659,0,,,2026-05-28 00:56:43,/Users/zhoujia/code/大数据期末实验/大模型助力大数据分析/呼吸道传染病监测与早期预警分析/data/raw/chinacdc_monthly/t20250220_304463_b333749063af1361.html
中国疾控中心全国法定传染病疫情情况,https://www.chinacdc.cn/jksj/jksj01/202502/t20250220_304463.html,2025年1月全国法定传染病疫情概况,2025,1,全国,肺结核,甲乙类合计,49311,209,,,2026-05-28 00:56:43,/Users/zhoujia/code/大数据期末实验/大模型助力大数据分析/呼吸道传染病监测与早期预警分析/data/raw/chinacdc_monthly/t20250220_304463_b333749063af1361.html
中国疾控中心全国法定传染病疫情情况,https://www.chinacdc.cn/jksj/jksj01/202502/t20250220_304463.html,2025年1月全国法定传染病疫情概况,2025,1,全国,伤寒和副伤寒,甲乙类合计,234,1,,,2026-05-28 00:56:43,/Users/zhoujia/code/大数据期末实验/大模型助力大数据分析/呼吸道传染病监测与早期预警分析/data/raw/chinacdc_monthly/t20250220_304463_b333749063af1361.html
中国疾控中心全国法定传染病疫情情况,https://www.chinacdc.cn/jksj/jksj01/202502/t20250220_304463.html,2025年1月全国法定传染病疫情概况,2025,1,全国,流行性脑脊髓膜炎,甲乙类合计,26,2,,,2026-05-28 00:56:43,/Users/zhoujia/code/大数据期末实验/大模型助力大数据分析/呼吸道传染病监测与早期预警分析/data/raw/chinacdc_monthly/t20250220_304463_b333749063af1361.html
中国疾控中心全国法定传染病疫情情况,https://www.chinacdc.cn/jksj/jksj01/202502/t20250220_304463.html,2025年1月全国法定传染病疫情概况,2025,1,全国,百日咳,甲乙类合计,5611,1,,,2026-05-28 00:56:43,/Users/zhoujia/code/大数据期末实验/大模型助力大数据分析/呼吸道传染病监测与早期预警分析/data/raw/chinacdc_monthly/t20250220_304463_b333749063af1361.html
中国疾控中心全国法定传染病疫情情况,https://www.chinacdc.cn/jksj/jksj01/202502/t20250220_304463.html,2025年1月全国法定传染病疫情概况,2025,1,全国,白喉,甲乙类合计,0,0,,,2026-05-28 00:56:43,/Users/zhoujia/code/大数据期末实验/大模型助力大数据分析/呼吸道传染病监测与早期预警分析/data/raw/chinacdc_monthly/t20250220_304463_b333749063af1361.html
中国疾控中心全国法定传染病疫情情况,https://www.chinacdc.cn/jksj/jksj01/202502/t20250220_304463.html,2025年1月全国法定传染病疫情概况,2025,1,全国,新生儿破伤风,甲乙类合计,0,0,,,2026-05-28 00:56:43,/Users/zhoujia/code/大数据期末实验/大模型助力大数据分析/呼吸道传染病监测与早期预警分析/data/raw/chinacdc_monthly/t20250220_304463_b333749063af1361.html
中国疾控中心全国法定传染病疫情情况,https://www.chinacdc.cn/jksj/jksj01/202502/t20250220_304463.html,2025年1月全国法定传染病疫情概况,2025,1,全国,猩红热,甲乙类合计,6353,0,,,2026-05-28 00:56:43,/Users/zhoujia/code/大数据期末实验/大模型助力大数据分析/呼吸道传染病监测与早期预警分析/data/raw/chinacdc_monthly/t20250220_304463_b333749063af1361.html
中国疾控中心全国法定传染病疫情情况,https://www.chinacdc.cn/jksj/jksj01/202502/t20250220_304463.html,2025年1月全国法定传染病疫情概况,2025,1,全国,布鲁氏菌病,甲乙类合计,3365,1,,,2026-05-28 00:56:43,/Users/zhoujia/code/大数据期末实验/大模型助力大数据分析/呼吸道传染病监测与早期预警分析/data/raw/chinacdc_monthly/t20250220_304463_b333749063af1361.html
中国疾控中心全国法定传染病疫情情况,https://www.chinacdc.cn/jksj/jksj01/202502/t20250220_304463.html,2025年1月全国法定传染病疫情概况,2025,1,全国,淋病,甲乙类合计,8037,0,,,2026-05-28 00:56:43,/Users/zhoujia/code/大数据期末实验/大模型助力大数据分析/呼吸道传染病监测与早期预警分析/data/raw/chinacdc_monthly/t20250220_304463_b333749063af1361.html
中国疾控中心全国法定传染病疫情情况,https://www.chinacdc.cn/jksj/jksj01/202502/t20250220_304463.html,2025年1月全国法定传染病疫情概况,2025,1,全国,梅毒,甲乙类合计,48495,6,,,2026-05-28 00:56:43,/Users/zhoujia/code/大数据期末实验/大模型助力大数据分析/呼吸道传染病监测与早期预警分析/data/raw/chinacdc_monthly/t20250220_304463_b333749063af1361.html
中国疾控中心全国法定传染病疫情情况,https://www.chinacdc.cn/jksj/jksj01/202502/t20250220_304463.html,2025年1月全国法定传染病疫情概况,2025,1,全国,钩端螺旋体病,甲乙类合计,6,0,,,2026-05-28 00:56:43,/Users/zhoujia/code/大数据期末实验/大模型助力大数据分析/呼吸道传染病监测与早期预警分析/data/raw/chinacdc_monthly/t20250220_304463_b333749063af1361.html
中国疾控中心全国法定传染病疫情情况,https://www.chinacdc.cn/jksj/jksj01/202502/t20250220_304463.html,2025年1月全国法定传染病疫情概况,2025,1,全国,血吸虫病,甲乙类合计,0,0,,,2026-05-28 00:56:43,/Users/zhoujia/code/大数据期末实验/大模型助力大数据分析/呼吸道传染病监测与早期预警分析/data/raw/chinacdc_monthly/t20250220_304463_b333749063af1361.html
中国疾控中心全国法定传染病疫情情况,https://www.chinacdc.cn/jksj/jksj01/202502/t20250220_304463.html,2025年1月全国法定传染病疫情概况,2025,1,全国,疟疾,甲乙类合计,295,0,,,2026-05-28 00:56:43,/Users/zhoujia/code/大数据期末实验/大模型助力大数据分析/呼吸道传染病监测与早期预警分析/data/raw/chinacdc_monthly/t20250220_304463_b333749063af1361.html
中国疾控中心全国法定传染病疫情情况,https://www.chinacdc.cn/jksj/jksj01/202502/t20250220_304463.html,2025年1月全国法定传染病疫情概况,2025,1,全国,人感染H7N9禽流感,甲乙类合计,0,0,,,2026-05-28 00:56:43,/Users/zhoujia/code/大数据期末实验/大模型助力大数据分析/呼吸道传染病监测与早期预警分析/data/raw/chinacdc_monthly/t20250220_304463_b333749063af1361.html
中国疾控中心全国法定传染病疫情情况,https://www.chinacdc.cn/jksj/jksj01/202502/t20250220_304463.html,2025年1月全国法定传染病疫情概况,2025,1,全国,新型冠状病毒感染,甲乙类合计,33218,4,,,2026-05-28 00:56:43,/Users/zhoujia/code/大数据期末实验/大模型助力大数据分析/呼吸道传染病监测与早期预警分析/data/raw/chinacdc_monthly/t20250220_304463_b333749063af1361.html
中国疾控中心全国法定传染病疫情情况,https://www.chinacdc.cn/jksj/jksj01/202502/t20250220_304463.html,2025年1月全国法定传染病疫情概况,2025,1,全国,猴痘,甲乙类合计,40,0,,,2026-05-28 00:56:43,/Users/zhoujia/code/大数据期末实验/大模型助力大数据分析/呼吸道传染病监测与早期预警分析/data/raw/chinacdc_monthly/t20250220_304463_b333749063af1361.html
中国疾控中心全国法定传染病疫情情况,https://www.chinacdc.cn/jksj/jksj01/202502/t20250220_304463.html,2025年1月全国法定传染病疫情概况,2025,1,全国,丙类传染病合计,丙类合计,3056174,10,,,2026-05-28 00:56:43,/Users/zhoujia/code/大数据期末实验/大模型助力大数据分析/呼吸道传染病监测与早期预警分析/data/raw/chinacdc_monthly/t20250220_304463_b333749063af1361.html
中国疾控中心全国法定传染病疫情情况,https://www.chinacdc.cn/jksj/jksj01/202502/t20250220_304463.html,2025年1月全国法定传染病疫情概况,2025,1,全国,流行性感冒,丙类合计,2870849,9,,,2026-05-28 00:56:43,/Users/zhoujia/code/大数据期末实验/大模型助力大数据分析/呼吸道传染病监测与早期预警分析/data/raw/chinacdc_monthly/t20250220_304463_b333749063af1361.html
中国疾控中心全国法定传染病疫情情况,https://www.chinacdc.cn/jksj/jksj01/202502/t20250220_304463.html,2025年1月全国法定传染病疫情概况,2025,1,全国,流行性腮腺炎,丙类合计,4116,0,,,2026-05-28 00:56:43,/Users/zhoujia/code/大数据期末实验/大模型助力大数据分析/呼吸道传染病监测与早期预警分析/data/raw/chinacdc_monthly/t20250220_304463_b333749063af1361.html
中国疾控中心全国法定传染病疫情情况,https://www.chinacdc.cn/jksj/jksj01/202502/t20250220_304463.html,2025年1月全国法定传染病疫情概况,2025,1,全国,风疹,丙类合计,53,0,,,2026-05-28 00:56:43,/Users/zhoujia/code/大数据期末实验/大模型助力大数据分析/呼吸道传染病监测与早期预警分析/data/raw/chinacdc_monthly/t20250220_304463_b333749063af1361.html
中国疾控中心全国法定传染病疫情情况,https://www.chinacdc.cn/jksj/jksj01/202502/t20250220_304463.html,2025年1月全国法定传染病疫情概况,2025,1,全国,急性出血性结膜炎,丙类合计,1340,0,,,2026-05-28 00:56:43,/Users/zhoujia/code/大数据期末实验/大模型助力大数据分析/呼吸道传染病监测与早期预警分析/data/raw/chinacdc_monthly/t20250220_304463_b333749063af1361.html
中国疾控中心全国法定传染病疫情情况,https://www.chinacdc.cn/jksj/jksj01/202502/t20250220_304463.html,2025年1月全国法定传染病疫情概况,2025,1,全国,麻风病,丙类合计,33,0,,,2026-05-28 00:56:43,/Users/zhoujia/code/大数据期末实验/大模型助力大数据分析/呼吸道传染病监测与早期预警分析/data/raw/chinacdc_monthly/t20250220_304463_b333749063af1361.html
中国疾控中心全国法定传染病疫情情况,https://www.chinacdc.cn/jksj/jksj01/202502/t20250220_304463.html,2025年1月全国法定传染病疫情概况,2025,1,全国,流行性和地方性 斑疹伤寒,丙类合计,54,0,,,2026-05-28 00:56:43,/Users/zhoujia/code/大数据期末实验/大模型助力大数据分析/呼吸道传染病监测与早期预警分析/data/raw/chinacdc_monthly/t20250220_304463_b333749063af1361.html
中国疾控中心全国法定传染病疫情情况,https://www.chinacdc.cn/jksj/jksj01/202502/t20250220_304463.html,2025年1月全国法定传染病疫情概况,2025,1,全国,黑热病,丙类合计,15,0,,,2026-05-28 00:56:43,/Users/zhoujia/code/大数据期末实验/大模型助力大数据分析/呼吸道传染病监测与早期预警分析/data/raw/chinacdc_monthly/t20250220_304463_b333749063af1361.html
中国疾控中心全国法定传染病疫情情况,https://www.chinacdc.cn/jksj/jksj01/202502/t20250220_304463.html,2025年1月全国法定传染病疫情概况,2025,1,全国,包虫病,丙类合计,495,1,,,2026-05-28 00:56:43,/Users/zhoujia/code/大数据期末实验/大模型助力大数据分析/呼吸道传染病监测与早期预警分析/data/raw/chinacdc_monthly/t20250220_304463_b333749063af1361.html
中国疾控中心全国法定传染病疫情情况,https://www.chinacdc.cn/jksj/jksj01/202502/t20250220_304463.html,2025年1月全国法定传染病疫情概况,2025,1,全国,丝虫病,丙类合计,0,0,,,2026-05-28 00:56:43,/Users/zhoujia/code/大数据期末实验/大模型助力大数据分析/呼吸道传染病监测与早期预警分析/data/raw/chinacdc_monthly/t20250220_304463_b333749063af1361.html
中国疾控中心全国法定传染病疫情情况,https://www.chinacdc.cn/jksj/jksj01/202502/t20250220_304463.html,2025年1月全国法定传染病疫情概况,2025,1,全国,其他感染性腹泻病,丙类合计,162257,0,,,2026-05-28 00:56:43,/Users/zhoujia/code/大数据期末实验/大模型助力大数据分析/呼吸道传染病监测与早期预警分析/data/raw/chinacdc_monthly/t20250220_304463_b333749063af1361.html
中国疾控中心全国法定传染病疫情情况,https://www.chinacdc.cn/jksj/jksj01/202502/t20250220_304463.html,2025年1月全国法定传染病疫情概况,2025,1,全国,手足口病,丙类合计,16962,0,,,2026-05-28 00:56:43,/Users/zhoujia/code/大数据期末实验/大模型助力大数据分析/呼吸道传染病监测与早期预警分析/data/raw/chinacdc_monthly/t20250220_304463_b333749063af1361.html
中国疾控中心全国法定传染病疫情情况,https://www.chinacdc.cn/jksj/jksj01/202501/t20250117_303940.html,2024年12月全国法定传染病疫情概况,2024,12,全国,甲乙丙类总计,甲乙丙类总计,1994023,2867,,,2026-05-28 00:56:43,/Users/zhoujia/code/大数据期末实验/大模型助力大数据分析/呼吸道传染病监测与早期预警分析/data/raw/chinacdc_monthly/t20250117_303940_1d52e848b8e77d8c.html
中国疾控中心全国法定传染病疫情情况,https://www.chinacdc.cn/jksj/jksj01/202501/t20250117_303940.html,2024年12月全国法定传染病疫情概况,2024,12,全国,甲乙类传染病合计,甲乙类合计,295592,2857,,,2026-05-28 00:56:43,/Users/zhoujia/code/大数据期末实验/大模型助力大数据分析/呼吸道传染病监测与早期预警分析/data/raw/chinacdc_monthly/t20250117_303940_1d52e848b8e77d8c.html
中国疾控中心全国法定传染病疫情情况,https://www.chinacdc.cn/jksj/jksj01/202501/t20250117_303940.html,2024年12月全国法定传染病疫情概况,2024,12,全国,鼠疫,甲乙类合计,0,0,,,2026-05-28 00:56:43,/Users/zhoujia/code/大数据期末实验/大模型助力大数据分析/呼吸道传染病监测与早期预警分析/data/raw/chinacdc_monthly/t20250117_303940_1d52e848b8e77d8c.html
中国疾控中心全国法定传染病疫情情况,https://www.chinacdc.cn/jksj/jksj01/202501/t20250117_303940.html,2024年12月全国法定传染病疫情概况,2024,12,全国,霍乱,甲乙类合计,0,0,,,2026-05-28 00:56:43,/Users/zhoujia/code/大数据期末实验/大模型助力大数据分析/呼吸道传染病监测与早期预警分析/data/raw/chinacdc_monthly/t20250117_303940_1d52e848b8e77d8c.html
中国疾控中心全国法定传染病疫情情况,https://www.chinacdc.cn/jksj/jksj01/202501/t20250117_303940.html,2024年12月全国法定传染病疫情概况,2024,12,全国,传染性非典型肺炎,甲乙类合计,0,0,,,2026-05-28 00:56:43,/Users/zhoujia/code/大数据期末实验/大模型助力大数据分析/呼吸道传染病监测与早期预警分析/data/raw/chinacdc_monthly/t20250117_303940_1d52e848b8e77d8c.html
中国疾控中心全国法定传染病疫情情况,https://www.chinacdc.cn/jksj/jksj01/202501/t20250117_303940.html,2024年12月全国法定传染病疫情概况,2024,12,全国,艾滋病,甲乙类合计,4909,1878,,,2026-05-28 00:56:43,/Users/zhoujia/code/大数据期末实验/大模型助力大数据分析/呼吸道传染病监测与早期预警分析/data/raw/chinacdc_monthly/t20250117_303940_1d52e848b8e77d8c.html
中国疾控中心全国法定传染病疫情情况,https://www.chinacdc.cn/jksj/jksj01/202501/t20250117_303940.html,2024年12月全国法定传染病疫情概况,2024,12,全国,病毒性肝炎,甲乙类合计,161938,632,,,2026-05-28 00:56:43,/Users/zhoujia/code/大数据期末实验/大模型助力大数据分析/呼吸道传染病监测与早期预警分析/data/raw/chinacdc_monthly/t20250117_303940_1d52e848b8e77d8c.html
中国疾控中心全国法定传染病疫情情况,https://www.chinacdc.cn/jksj/jksj01/202501/t20250117_303940.html,2024年12月全国法定传染病疫情概况,2024,12,全国,甲型肝炎,甲乙类合计,1247,0,,,2026-05-28 00:56:43,/Users/zhoujia/code/大数据期末实验/大模型助力大数据分析/呼吸道传染病监测与早期预警分析/data/raw/chinacdc_monthly/t20250117_303940_1d52e848b8e77d8c.html
中国疾控中心全国法定传染病疫情情况,https://www.chinacdc.cn/jksj/jksj01/202501/t20250117_303940.html,2024年12月全国法定传染病疫情概况,2024,12,全国,乙型肝炎,甲乙类合计,141532,42,,,2026-05-28 00:56:43,/Users/zhoujia/code/大数据期末实验/大模型助力大数据分析/呼吸道传染病监测与早期预警分析/data/raw/chinacdc_monthly/t20250117_303940_1d52e848b8e77d8c.html
中国疾控中心全国法定传染病疫情情况,https://www.chinacdc.cn/jksj/jksj01/202501/t20250117_303940.html,2024年12月全国法定传染病疫情概况,2024,12,全国,丙型肝炎,甲乙类合计,15881,589,,,2026-05-28 00:56:43,/Users/zhoujia/code/大数据期末实验/大模型助力大数据分析/呼吸道传染病监测与早期预警分析/data/raw/chinacdc_monthly/t20250117_303940_1d52e848b8e77d8c.html
中国疾控中心全国法定传染病疫情情况,https://www.chinacdc.cn/jksj/jksj01/202501/t20250117_303940.html,2024年12月全国法定传染病疫情概况,2024,12,全国,丁型肝炎,甲乙类合计,27,0,,,2026-05-28 00:56:43,/Users/zhoujia/code/大数据期末实验/大模型助力大数据分析/呼吸道传染病监测与早期预警分析/data/raw/chinacdc_monthly/t20250117_303940_1d52e848b8e77d8c.html
中国疾控中心全国法定传染病疫情情况,https://www.chinacdc.cn/jksj/jksj01/202501/t20250117_303940.html,2024年12月全国法定传染病疫情概况,2024,12,全国,戊型肝炎,甲乙类合计,2680,1,,,2026-05-28 00:56:43,/Users/zhoujia/code/大数据期末实验/大模型助力大数据分析/呼吸道传染病监测与早期预警分析/data/raw/chinacdc_monthly/t20250117_303940_1d52e848b8e77d8c.html
中国疾控中心全国法定传染病疫情情况,https://www.chinacdc.cn/jksj/jksj01/202501/t20250117_303940.html,2024年12月全国法定传染病疫情概况,2024,12,全国,未分型肝炎,甲乙类合计,571,0,,,2026-05-28 00:56:43,/Users/zhoujia/code/大数据期末实验/大模型助力大数据分析/呼吸道传染病监测与早期预警分析/data/raw/chinacdc_monthly/t20250117_303940_1d52e848b8e77d8c.html
中国疾控中心全国法定传染病疫情情况,https://www.chinacdc.cn/jksj/jksj01/202501/t20250117_303940.html,2024年12月全国法定传染病疫情概况,2024,12,全国,脊髓灰质炎,甲乙类合计,0,0,,,2026-05-28 00:56:43,/Users/zhoujia/code/大数据期末实验/大模型助力大数据分析/呼吸道传染病监测与早期预警分析/data/raw/chinacdc_monthly/t20250117_303940_1d52e848b8e77d8c.html
中国疾控中心全国法定传染病疫情情况,https://www.chinacdc.cn/jksj/jksj01/202501/t20250117_303940.html,2024年12月全国法定传染病疫情概况,2024,12,全国,人感染高致病性禽流感,甲乙类合计,0,0,,,2026-05-28 00:56:43,/Users/zhoujia/code/大数据期末实验/大模型助力大数据分析/呼吸道传染病监测与早期预警分析/data/raw/chinacdc_monthly/t20250117_303940_1d52e848b8e77d8c.html
中国疾控中心全国法定传染病疫情情况,https://www.chinacdc.cn/jksj/jksj01/202501/t20250117_303940.html,2024年12月全国法定传染病疫情概况,2024,12,全国,麻疹,甲乙类合计,176,0,,,2026-05-28 00:56:43,/Users/zhoujia/code/大数据期末实验/大模型助力大数据分析/呼吸道传染病监测与早期预警分析/data/raw/chinacdc_monthly/t20250117_303940_1d52e848b8e77d8c.html
中国疾控中心全国法定传染病疫情情况,https://www.chinacdc.cn/jksj/jksj01/202501/t20250117_303940.html,2024年12月全国法定传染病疫情概况,2024,12,全国,流行性出血热,甲乙类合计,613,0,,,2026-05-28 00:56:43,/Users/zhoujia/code/大数据期末实验/大模型助力大数据分析/呼吸道传染病监测与早期预警分析/data/raw/chinacdc_monthly/t20250117_303940_1d52e848b8e77d8c.html
中国疾控中心全国法定传染病疫情情况,https://www.chinacdc.cn/jksj/jksj01/202501/t20250117_303940.html,2024年12月全国法定传染病疫情概况,2024,12,全国,狂犬病,甲乙类合计,21,22,,,2026-05-28 00:56:43,/Users/zhoujia/code/大数据期末实验/大模型助力大数据分析/呼吸道传染病监测与早期预警分析/data/raw/chinacdc_monthly/t20250117_303940_1d52e848b8e77d8c.html
中国疾控中心全国法定传染病疫情情况,https://www.chinacdc.cn/jksj/jksj01/202501/t20250117_303940.html,2024年12月全国法定传染病疫情概况,2024,12,全国,流行性乙型脑炎,甲乙类合计,3,0,,,2026-05-28 00:56:43,/Users/zhoujia/code/大数据期末实验/大模型助力大数据分析/呼吸道传染病监测与早期预警分析/data/raw/chinacdc_monthly/t20250117_303940_1d52e848b8e77d8c.html
中国疾控中心全国法定传染病疫情情况,https://www.chinacdc.cn/jksj/jksj01/202501/t20250117_303940.html,2024年12月全国法定传染病疫情概况,2024,12,全国,登革热,甲乙类合计,442,0,,,2026-05-28 00:56:43,/Users/zhoujia/code/大数据期末实验/大模型助力大数据分析/呼吸道传染病监测与早期预警分析/data/raw/chinacdc_monthly/t20250117_303940_1d52e848b8e77d8c.html
中国疾控中心全国法定传染病疫情情况,https://www.chinacdc.cn/jksj/jksj01/202501/t20250117_303940.html,2024年12月全国法定传染病疫情概况,2024,12,全国,炭疽,甲乙类合计,24,1,,,2026-05-28 00:56:43,/Users/zhoujia/code/大数据期末实验/大模型助力大数据分析/呼吸道传染病监测与早期预警分析/data/raw/chinacdc_monthly/t20250117_303940_1d52e848b8e77d8c.html
中国疾控中心全国法定传染病疫情情况,https://www.chinacdc.cn/jksj/jksj01/202501/t20250117_303940.html,2024年12月全国法定传染病疫情概况,2024,12,全国,细菌性和阿米巴性痢疾,甲乙类合计,1915,0,,,2026-05-28 00:56:43,/Users/zhoujia/code/大数据期末实验/大模型助力大数据分析/呼吸道传染病监测与早期预警分析/data/raw/chinacdc_monthly/t20250117_303940_1d52e848b8e77d8c.html
中国疾控中心全国法定传染病疫情情况,https://www.chinacdc.cn/jksj/jksj01/202501/t20250117_303940.html,2024年12月全国法定传染病疫情概况,2024,12,全国,肺结核,甲乙类合计,48656,318,,,2026-05-28 00:56:43,/Users/zhoujia/code/大数据期末实验/大模型助力大数据分析/呼吸道传染病监测与早期预警分析/data/raw/chinacdc_monthly/t20250117_303940_1d52e848b8e77d8c.html
中国疾控中心全国法定传染病疫情情况,https://www.chinacdc.cn/jksj/jksj01/202501/t20250117_303940.html,2024年12月全国法定传染病疫情概况,2024,12,全国,伤寒和副伤寒,甲乙类合计,308,0,,,2026-05-28 00:56:43,/Users/zhoujia/code/大数据期末实验/大模型助力大数据分析/呼吸道传染病监测与早期预警分析/data/raw/chinacdc_monthly/t20250117_303940_1d52e848b8e77d8c.html
中国疾控中心全国法定传染病疫情情况,https://www.chinacdc.cn/jksj/jksj01/202501/t20250117_303940.html,2024年12月全国法定传染病疫情概况,2024,12,全国,流行性脑脊髓膜炎,甲乙类合计,16,1,,,2026-05-28 00:56:43,/Users/zhoujia/code/大数据期末实验/大模型助力大数据分析/呼吸道传染病监测与早期预警分析/data/raw/chinacdc_monthly/t20250117_303940_1d52e848b8e77d8c.html
中国疾控中心全国法定传染病疫情情况,https://www.chinacdc.cn/jksj/jksj01/202501/t20250117_303940.html,2024年12月全国法定传染病疫情概况,2024,12,全国,百日咳,甲乙类合计,6662,3,,,2026-05-28 00:56:43,/Users/zhoujia/code/大数据期末实验/大模型助力大数据分析/呼吸道传染病监测与早期预警分析/data/raw/chinacdc_monthly/t20250117_303940_1d52e848b8e77d8c.html
中国疾控中心全国法定传染病疫情情况,https://www.chinacdc.cn/jksj/jksj01/202501/t20250117_303940.html,2024年12月全国法定传染病疫情概况,2024,12,全国,白喉,甲乙类合计,0,0,,,2026-05-28 00:56:43,/Users/zhoujia/code/大数据期末实验/大模型助力大数据分析/呼吸道传染病监测与早期预警分析/data/raw/chinacdc_monthly/t20250117_303940_1d52e848b8e77d8c.html
中国疾控中心全国法定传染病疫情情况,https://www.chinacdc.cn/jksj/jksj01/202501/t20250117_303940.html,2024年12月全国法定传染病疫情概况,2024,12,全国,新生儿破伤风,甲乙类合计,3,0,,,2026-05-28 00:56:43,/Users/zhoujia/code/大数据期末实验/大模型助力大数据分析/呼吸道传染病监测与早期预警分析/data/raw/chinacdc_monthly/t20250117_303940_1d52e848b8e77d8c.html
中国疾控中心全国法定传染病疫情情况,https://www.chinacdc.cn/jksj/jksj01/202501/t20250117_303940.html,2024年12月全国法定传染病疫情概况,2024,12,全国,猩红热,甲乙类合计,8296,0,,,2026-05-28 00:56:43,/Users/zhoujia/code/大数据期末实验/大模型助力大数据分析/呼吸道传染病监测与早期预警分析/data/raw/chinacdc_monthly/t20250117_303940_1d52e848b8e77d8c.html
中国疾控中心全国法定传染病疫情情况,https://www.chinacdc.cn/jksj/jksj01/202501/t20250117_303940.html,2024年12月全国法定传染病疫情概况,2024,12,全国,布鲁氏菌病,甲乙类合计,3690,0,,,2026-05-28 00:56:43,/Users/zhoujia/code/大数据期末实验/大模型助力大数据分析/呼吸道传染病监测与早期预警分析/data/raw/chinacdc_monthly/t20250117_303940_1d52e848b8e77d8c.html
中国疾控中心全国法定传染病疫情情况,https://www.chinacdc.cn/jksj/jksj01/202501/t20250117_303940.html,2024年12月全国法定传染病疫情概况,2024,12,全国,淋病,甲乙类合计,9649,0,,,2026-05-28 00:56:43,/Users/zhoujia/code/大数据期末实验/大模型助力大数据分析/呼吸道传染病监测与早期预警分析/data/raw/chinacdc_monthly/t20250117_303940_1d52e848b8e77d8c.html
中国疾控中心全国法定传染病疫情情况,https://www.chinacdc.cn/jksj/jksj01/202501/t20250117_303940.html,2024年12月全国法定传染病疫情概况,2024,12,全国,梅毒,甲乙类合计,47978,2,,,2026-05-28 00:56:43,/Users/zhoujia/code/大数据期末实验/大模型助力大数据分析/呼吸道传染病监测与早期预警分析/data/raw/chinacdc_monthly/t20250117_303940_1d52e848b8e77d8c.html
中国疾控中心全国法定传染病疫情情况,https://www.chinacdc.cn/jksj/jksj01/202501/t20250117_303940.html,2024年12月全国法定传染病疫情概况,2024,12,全国,钩端螺旋体病,甲乙类合计,18,0,,,2026-05-28 00:56:43,/Users/zhoujia/code/大数据期末实验/大模型助力大数据分析/呼吸道传染病监测与早期预警分析/data/raw/chinacdc_monthly/t20250117_303940_1d52e848b8e77d8c.html
中国疾控中心全国法定传染病疫情情况,https://www.chinacdc.cn/jksj/jksj01/202501/t20250117_303940.html,2024年12月全国法定传染病疫情概况,2024,12,全国,血吸虫病,甲乙类合计,0,0,,,2026-05-28 00:56:43,/Users/zhoujia/code/大数据期末实验/大模型助力大数据分析/呼吸道传染病监测与早期预警分析/data/raw/chinacdc_monthly/t20250117_303940_1d52e848b8e77d8c.html
中国疾控中心全国法定传染病疫情情况,https://www.chinacdc.cn/jksj/jksj01/202501/t20250117_303940.html,2024年12月全国法定传染病疫情概况,2024,12,全国,疟疾,甲乙类合计,248,0,,,2026-05-28 00:56:43,/Users/zhoujia/code/大数据期末实验/大模型助力大数据分析/呼吸道传染病监测与早期预警分析/data/raw/chinacdc_monthly/t20250117_303940_1d52e848b8e77d8c.html
中国疾控中心全国法定传染病疫情情况,https://www.chinacdc.cn/jksj/jksj01/202501/t20250117_303940.html,2024年12月全国法定传染病疫情概况,2024,12,全国,人感染H7N9禽流感,甲乙类合计,0,0,,,2026-05-28 00:56:43,/Users/zhoujia/code/大数据期末实验/大模型助力大数据分析/呼吸道传染病监测与早期预警分析/data/raw/chinacdc_monthly/t20250117_303940_1d52e848b8e77d8c.html
中国疾控中心全国法定传染病疫情情况,https://www.chinacdc.cn/jksj/jksj01/202501/t20250117_303940.html,2024年12月全国法定传染病疫情概况,2024,12,全国,猴痘,甲乙类合计,27,0,,,2026-05-28 00:56:43,/Users/zhoujia/code/大数据期末实验/大模型助力大数据分析/呼吸道传染病监测与早期预警分析/data/raw/chinacdc_monthly/t20250117_303940_1d52e848b8e77d8c.html
中国疾控中心全国法定传染病疫情情况,https://www.chinacdc.cn/jksj/jksj01/202501/t20250117_303940.html,2024年12月全国法定传染病疫情概况,2024,12,全国,丙类传染病合计,丙类合计,1698431,10,,,2026-05-28 00:56:43,/Users/zhoujia/code/大数据期末实验/大模型助力大数据分析/呼吸道传染病监测与早期预警分析/data/raw/chinacdc_monthly/t20250117_303940_1d52e848b8e77d8c.html
中国疾控中心全国法定传染病疫情情况,https://www.chinacdc.cn/jksj/jksj01/202501/t20250117_303940.html,2024年12月全国法定传染病疫情概况,2024,12,全国,流行性感冒,丙类合计,1509750,7,,,2026-05-28 00:56:43,/Users/zhoujia/code/大数据期末实验/大模型助力大数据分析/呼吸道传染病监测与早期预警分析/data/raw/chinacdc_monthly/t20250117_303940_1d52e848b8e77d8c.html
中国疾控中心全国法定传染病疫情情况,https://www.chinacdc.cn/jksj/jksj01/202501/t20250117_303940.html,2024年12月全国法定传染病疫情概况,2024,12,全国,流行性腮腺炎,丙类合计,6706,0,,,2026-05-28 00:56:43,/Users/zhoujia/code/大数据期末实验/大模型助力大数据分析/呼吸道传染病监测与早期预警分析/data/raw/chinacdc_monthly/t20250117_303940_1d52e848b8e77d8c.html
中国疾控中心全国法定传染病疫情情况,https://www.chinacdc.cn/jksj/jksj01/202501/t20250117_303940.html,2024年12月全国法定传染病疫情概况,2024,12,全国,风疹,丙类合计,63,0,,,2026-05-28 00:56:43,/Users/zhoujia/code/大数据期末实验/大模型助力大数据分析/呼吸道传染病监测与早期预警分析/data/raw/chinacdc_monthly/t20250117_303940_1d52e848b8e77d8c.html
中国疾控中心全国法定传染病疫情情况,https://www.chinacdc.cn/jksj/jksj01/202501/t20250117_303940.html,2024年12月全国法定传染病疫情概况,2024,12,全国,急性出血性结膜炎,丙类合计,1863,0,,,2026-05-28 00:56:43,/Users/zhoujia/code/大数据期末实验/大模型助力大数据分析/呼吸道传染病监测与早期预警分析/data/raw/chinacdc_monthly/t20250117_303940_1d52e848b8e77d8c.html
中国疾控中心全国法定传染病疫情情况,https://www.chinacdc.cn/jksj/jksj01/202501/t20250117_303940.html,2024年12月全国法定传染病疫情概况,2024,12,全国,麻风病,丙类合计,19,0,,,2026-05-28 00:56:43,/Users/zhoujia/code/大数据期末实验/大模型助力大数据分析/呼吸道传染病监测与早期预警分析/data/raw/chinacdc_monthly/t20250117_303940_1d52e848b8e77d8c.html
中国疾控中心全国法定传染病疫情情况,https://www.chinacdc.cn/jksj/jksj01/202501/t20250117_303940.html,2024年12月全国法定传染病疫情概况,2024,12,全国,流行性和地方性 斑疹伤寒,丙类合计,119,0,,,2026-05-28 00:56:43,/Users/zhoujia/code/大数据期末实验/大模型助力大数据分析/呼吸道传染病监测与早期预警分析/data/raw/chinacdc_monthly/t20250117_303940_1d52e848b8e77d8c.html
中国疾控中心全国法定传染病疫情情况,https://www.chinacdc.cn/jksj/jksj01/202501/t20250117_303940.html,2024年12月全国法定传染病疫情概况,2024,12,全国,黑热病,丙类合计,21,0,,,2026-05-28 00:56:43,/Users/zhoujia/code/大数据期末实验/大模型助力大数据分析/呼吸道传染病监测与早期预警分析/data/raw/chinacdc_monthly/t20250117_303940_1d52e848b8e77d8c.html
中国疾控中心全国法定传染病疫情情况,https://www.chinacdc.cn/jksj/jksj01/202501/t20250117_303940.html,2024年12月全国法定传染病疫情概况,2024,12,全国,包虫病,丙类合计,421,1,,,2026-05-28 00:56:43,/Users/zhoujia/code/大数据期末实验/大模型助力大数据分析/呼吸道传染病监测与早期预警分析/data/raw/chinacdc_monthly/t20250117_303940_1d52e848b8e77d8c.html
中国疾控中心全国法定传染病疫情情况,https://www.chinacdc.cn/jksj/jksj01/202501/t20250117_303940.html,2024年12月全国法定传染病疫情概况,2024,12,全国,丝虫病,丙类合计,0,0,,,2026-05-28 00:56:43,/Users/zhoujia/code/大数据期末实验/大模型助力大数据分析/呼吸道传染病监测与早期预警分析/data/raw/chinacdc_monthly/t20250117_303940_1d52e848b8e77d8c.html
中国疾控中心全国法定传染病疫情情况,https://www.chinacdc.cn/jksj/jksj01/202501/t20250117_303940.html,2024年12月全国法定传染病疫情概况,2024,12,全国,其他感染性腹泻病,丙类合计,132687,2,,,2026-05-28 00:56:43,/Users/zhoujia/code/大数据期末实验/大模型助力大数据分析/呼吸道传染病监测与早期预警分析/data/raw/chinacdc_monthly/t20250117_303940_1d52e848b8e77d8c.html
中国疾控中心全国法定传染病疫情情况,https://www.chinacdc.cn/jksj/jksj01/202501/t20250117_303940.html,2024年12月全国法定传染病疫情概况,2024,12,全国,手足口病,丙类合计,46782,0,,,2026-05-28 00:56:43,/Users/zhoujia/code/大数据期末实验/大模型助力大数据分析/呼吸道传染病监测与早期预警分析/data/raw/chinacdc_monthly/t20250117_303940_1d52e848b8e77d8c.html
中国疾控中心全国法定传染病疫情情况,https://www.chinacdc.cn/jksj/jksj01/202412/t20241223_303445.html,2024年11月全国法定传染病疫情概况,2024,11,全国,甲乙丙类总计,甲乙丙类总计,635391,2528,,,2026-05-28 00:56:43,/Users/zhoujia/code/大数据期末实验/大模型助力大数据分析/呼吸道传染病监测与早期预警分析/data/raw/chinacdc_monthly/t20241223_303445_ed76524f3a931a1b.html
中国疾控中心全国法定传染病疫情情况,https://www.chinacdc.cn/jksj/jksj01/202412/t20241223_303445.html,2024年11月全国法定传染病疫情概况,2024,11,全国,甲乙类传染病合计,甲乙类合计,298149,2527,,,2026-05-28 00:56:43,/Users/zhoujia/code/大数据期末实验/大模型助力大数据分析/呼吸道传染病监测与早期预警分析/data/raw/chinacdc_monthly/t20241223_303445_ed76524f3a931a1b.html
中国疾控中心全国法定传染病疫情情况,https://www.chinacdc.cn/jksj/jksj01/202412/t20241223_303445.html,2024年11月全国法定传染病疫情概况,2024,11,全国,鼠疫,甲乙类合计,0,0,,,2026-05-28 00:56:43,/Users/zhoujia/code/大数据期末实验/大模型助力大数据分析/呼吸道传染病监测与早期预警分析/data/raw/chinacdc_monthly/t20241223_303445_ed76524f3a931a1b.html
中国疾控中心全国法定传染病疫情情况,https://www.chinacdc.cn/jksj/jksj01/202412/t20241223_303445.html,2024年11月全国法定传染病疫情概况,2024,11,全国,霍乱,甲乙类合计,0,0,,,2026-05-28 00:56:43,/Users/zhoujia/code/大数据期末实验/大模型助力大数据分析/呼吸道传染病监测与早期预警分析/data/raw/chinacdc_monthly/t20241223_303445_ed76524f3a931a1b.html
中国疾控中心全国法定传染病疫情情况,https://www.chinacdc.cn/jksj/jksj01/202412/t20241223_303445.html,2024年11月全国法定传染病疫情概况,2024,11,全国,传染性非典型肺炎,甲乙类合计,0,0,,,2026-05-28 00:56:43,/Users/zhoujia/code/大数据期末实验/大模型助力大数据分析/呼吸道传染病监测与早期预警分析/data/raw/chinacdc_monthly/t20241223_303445_ed76524f3a931a1b.html
中国疾控中心全国法定传染病疫情情况,https://www.chinacdc.cn/jksj/jksj01/202412/t20241223_303445.html,2024年11月全国法定传染病疫情概况,2024,11,全国,艾滋病,甲乙类合计,4760,1763,,,2026-05-28 00:56:43,/Users/zhoujia/code/大数据期末实验/大模型助力大数据分析/呼吸道传染病监测与早期预警分析/data/raw/chinacdc_monthly/t20241223_303445_ed76524f3a931a1b.html
中国疾控中心全国法定传染病疫情情况,https://www.chinacdc.cn/jksj/jksj01/202412/t20241223_303445.html,2024年11月全国法定传染病疫情概况,2024,11,全国,病毒性肝炎,甲乙类合计,154173,495,,,2026-05-28 00:56:43,/Users/zhoujia/code/大数据期末实验/大模型助力大数据分析/呼吸道传染病监测与早期预警分析/data/raw/chinacdc_monthly/t20241223_303445_ed76524f3a931a1b.html
中国疾控中心全国法定传染病疫情情况,https://www.chinacdc.cn/jksj/jksj01/202412/t20241223_303445.html,2024年11月全国法定传染病疫情概况,2024,11,全国,甲型肝炎,甲乙类合计,1036,0,,,2026-05-28 00:56:43,/Users/zhoujia/code/大数据期末实验/大模型助力大数据分析/呼吸道传染病监测与早期预警分析/data/raw/chinacdc_monthly/t20241223_303445_ed76524f3a931a1b.html
中国疾控中心全国法定传染病疫情情况,https://www.chinacdc.cn/jksj/jksj01/202412/t20241223_303445.html,2024年11月全国法定传染病疫情概况,2024,11,全国,乙型肝炎,甲乙类合计,133186,40,,,2026-05-28 00:56:43,/Users/zhoujia/code/大数据期末实验/大模型助力大数据分析/呼吸道传染病监测与早期预警分析/data/raw/chinacdc_monthly/t20241223_303445_ed76524f3a931a1b.html
中国疾控中心全国法定传染病疫情情况,https://www.chinacdc.cn/jksj/jksj01/202412/t20241223_303445.html,2024年11月全国法定传染病疫情概况,2024,11,全国,丙型肝炎,甲乙类合计,17027,454,,,2026-05-28 00:56:43,/Users/zhoujia/code/大数据期末实验/大模型助力大数据分析/呼吸道传染病监测与早期预警分析/data/raw/chinacdc_monthly/t20241223_303445_ed76524f3a931a1b.html
中国疾控中心全国法定传染病疫情情况,https://www.chinacdc.cn/jksj/jksj01/202412/t20241223_303445.html,2024年11月全国法定传染病疫情概况,2024,11,全国,丁型肝炎,甲乙类合计,19,0,,,2026-05-28 00:56:43,/Users/zhoujia/code/大数据期末实验/大模型助力大数据分析/呼吸道传染病监测与早期预警分析/data/raw/chinacdc_monthly/t20241223_303445_ed76524f3a931a1b.html
中国疾控中心全国法定传染病疫情情况,https://www.chinacdc.cn/jksj/jksj01/202412/t20241223_303445.html,2024年11月全国法定传染病疫情概况,2024,11,全国,戊型肝炎,甲乙类合计,2421,1,,,2026-05-28 00:56:43,/Users/zhoujia/code/大数据期末实验/大模型助力大数据分析/呼吸道传染病监测与早期预警分析/data/raw/chinacdc_monthly/t20241223_303445_ed76524f3a931a1b.html
中国疾控中心全国法定传染病疫情情况,https://www.chinacdc.cn/jksj/jksj01/202412/t20241223_303445.html,2024年11月全国法定传染病疫情概况,2024,11,全国,未分型肝炎,甲乙类合计,484,0,,,2026-05-28 00:56:43,/Users/zhoujia/code/大数据期末实验/大模型助力大数据分析/呼吸道传染病监测与早期预警分析/data/raw/chinacdc_monthly/t20241223_303445_ed76524f3a931a1b.html
中国疾控中心全国法定传染病疫情情况,https://www.chinacdc.cn/jksj/jksj01/202412/t20241223_303445.html,2024年11月全国法定传染病疫情概况,2024,11,全国,脊髓灰质炎,甲乙类合计,0,0,,,2026-05-28 00:56:43,/Users/zhoujia/code/大数据期末实验/大模型助力大数据分析/呼吸道传染病监测与早期预警分析/data/raw/chinacdc_monthly/t20241223_303445_ed76524f3a931a1b.html
中国疾控中心全国法定传染病疫情情况,https://www.chinacdc.cn/jksj/jksj01/202412/t20241223_303445.html,2024年11月全国法定传染病疫情概况,2024,11,全国,人感染高致病性禽流感,甲乙类合计,0,0,,,2026-05-28 00:56:43,/Users/zhoujia/code/大数据期末实验/大模型助力大数据分析/呼吸道传染病监测与早期预警分析/data/raw/chinacdc_monthly/t20241223_303445_ed76524f3a931a1b.html
中国疾控中心全国法定传染病疫情情况,https://www.chinacdc.cn/jksj/jksj01/202412/t20241223_303445.html,2024年11月全国法定传染病疫情概况,2024,11,全国,麻疹,甲乙类合计,116,0,,,2026-05-28 00:56:43,/Users/zhoujia/code/大数据期末实验/大模型助力大数据分析/呼吸道传染病监测与早期预警分析/data/raw/chinacdc_monthly/t20241223_303445_ed76524f3a931a1b.html
中国疾控中心全国法定传染病疫情情况,https://www.chinacdc.cn/jksj/jksj01/202412/t20241223_303445.html,2024年11月全国法定传染病疫情概况,2024,11,全国,流行性出血热,甲乙类合计,777,4,,,2026-05-28 00:56:43,/Users/zhoujia/code/大数据期末实验/大模型助力大数据分析/呼吸道传染病监测与早期预警分析/data/raw/chinacdc_monthly/t20241223_303445_ed76524f3a931a1b.html
中国疾控中心全国法定传染病疫情情况,https://www.chinacdc.cn/jksj/jksj01/202412/t20241223_303445.html,2024年11月全国法定传染病疫情概况,2024,11,全国,狂犬病,甲乙类合计,18,18,,,2026-05-28 00:56:43,/Users/zhoujia/code/大数据期末实验/大模型助力大数据分析/呼吸道传染病监测与早期预警分析/data/raw/chinacdc_monthly/t20241223_303445_ed76524f3a931a1b.html
中国疾控中心全国法定传染病疫情情况,https://www.chinacdc.cn/jksj/jksj01/202412/t20241223_303445.html,2024年11月全国法定传染病疫情概况,2024,11,全国,流行性乙型脑炎,甲乙类合计,13,0,,,2026-05-28 00:56:43,/Users/zhoujia/code/大数据期末实验/大模型助力大数据分析/呼吸道传染病监测与早期预警分析/data/raw/chinacdc_monthly/t20241223_303445_ed76524f3a931a1b.html
中国疾控中心全国法定传染病疫情情况,https://www.chinacdc.cn/jksj/jksj01/202412/t20241223_303445.html,2024年11月全国法定传染病疫情概况,2024,11,全国,登革热,甲乙类合计,5201,0,,,2026-05-28 00:56:43,/Users/zhoujia/code/大数据期末实验/大模型助力大数据分析/呼吸道传染病监测与早期预警分析/data/raw/chinacdc_monthly/t20241223_303445_ed76524f3a931a1b.html
中国疾控中心全国法定传染病疫情情况,https://www.chinacdc.cn/jksj/jksj01/202412/t20241223_303445.html,2024年11月全国法定传染病疫情概况,2024,11,全国,炭疽,甲乙类合计,24,0,,,2026-05-28 00:56:43,/Users/zhoujia/code/大数据期末实验/大模型助力大数据分析/呼吸道传染病监测与早期预警分析/data/raw/chinacdc_monthly/t20241223_303445_ed76524f3a931a1b.html
中国疾控中心全国法定传染病疫情情况,https://www.chinacdc.cn/jksj/jksj01/202412/t20241223_303445.html,2024年11月全国法定传染病疫情概况,2024,11,全国,细菌性和阿米巴性痢疾,甲乙类合计,2128,0,,,2026-05-28 00:56:43,/Users/zhoujia/code/大数据期末实验/大模型助力大数据分析/呼吸道传染病监测与早期预警分析/data/raw/chinacdc_monthly/t20241223_303445_ed76524f3a931a1b.html
中国疾控中心全国法定传染病疫情情况,https://www.chinacdc.cn/jksj/jksj01/202412/t20241223_303445.html,2024年11月全国法定传染病疫情概况,2024,11,全国,肺结核,甲乙类合计,51790,238,,,2026-05-28 00:56:43,/Users/zhoujia/code/大数据期末实验/大模型助力大数据分析/呼吸道传染病监测与早期预警分析/data/raw/chinacdc_monthly/t20241223_303445_ed76524f3a931a1b.html
中国疾控中心全国法定传染病疫情情况,https://www.chinacdc.cn/jksj/jksj01/202412/t20241223_303445.html,2024年11月全国法定传染病疫情概况,2024,11,全国,伤寒和副伤寒,甲乙类合计,340,0,,,2026-05-28 00:56:43,/Users/zhoujia/code/大数据期末实验/大模型助力大数据分析/呼吸道传染病监测与早期预警分析/data/raw/chinacdc_monthly/t20241223_303445_ed76524f3a931a1b.html
中国疾控中心全国法定传染病疫情情况,https://www.chinacdc.cn/jksj/jksj01/202412/t20241223_303445.html,2024年11月全国法定传染病疫情概况,2024,11,全国,流行性脑脊髓膜炎,甲乙类合计,10,2,,,2026-05-28 00:56:43,/Users/zhoujia/code/大数据期末实验/大模型助力大数据分析/呼吸道传染病监测与早期预警分析/data/raw/chinacdc_monthly/t20241223_303445_ed76524f3a931a1b.html
中国疾控中心全国法定传染病疫情情况,https://www.chinacdc.cn/jksj/jksj01/202412/t20241223_303445.html,2024年11月全国法定传染病疫情概况,2024,11,全国,百日咳,甲乙类合计,7829,0,,,2026-05-28 00:56:43,/Users/zhoujia/code/大数据期末实验/大模型助力大数据分析/呼吸道传染病监测与早期预警分析/data/raw/chinacdc_monthly/t20241223_303445_ed76524f3a931a1b.html
中国疾控中心全国法定传染病疫情情况,https://www.chinacdc.cn/jksj/jksj01/202412/t20241223_303445.html,2024年11月全国法定传染病疫情概况,2024,11,全国,白喉,甲乙类合计,0,0,,,2026-05-28 00:56:43,/Users/zhoujia/code/大数据期末实验/大模型助力大数据分析/呼吸道传染病监测与早期预警分析/data/raw/chinacdc_monthly/t20241223_303445_ed76524f3a931a1b.html
中国疾控中心全国法定传染病疫情情况,https://www.chinacdc.cn/jksj/jksj01/202412/t20241223_303445.html,2024年11月全国法定传染病疫情概况,2024,11,全国,新生儿破伤风,甲乙类合计,2,0,,,2026-05-28 00:56:43,/Users/zhoujia/code/大数据期末实验/大模型助力大数据分析/呼吸道传染病监测与早期预警分析/data/raw/chinacdc_monthly/t20241223_303445_ed76524f3a931a1b.html
中国疾控中心全国法定传染病疫情情况,https://www.chinacdc.cn/jksj/jksj01/202412/t20241223_303445.html,2024年11月全国法定传染病疫情概况,2024,11,全国,猩红热,甲乙类合计,5111,0,,,2026-05-28 00:56:43,/Users/zhoujia/code/大数据期末实验/大模型助力大数据分析/呼吸道传染病监测与早期预警分析/data/raw/chinacdc_monthly/t20241223_303445_ed76524f3a931a1b.html
中国疾控中心全国法定传染病疫情情况,https://www.chinacdc.cn/jksj/jksj01/202412/t20241223_303445.html,2024年11月全国法定传染病疫情概况,2024,11,全国,布鲁氏菌病,甲乙类合计,3878,1,,,2026-05-28 00:56:43,/Users/zhoujia/code/大数据期末实验/大模型助力大数据分析/呼吸道传染病监测与早期预警分析/data/raw/chinacdc_monthly/t20241223_303445_ed76524f3a931a1b.html
中国疾控中心全国法定传染病疫情情况,https://www.chinacdc.cn/jksj/jksj01/202412/t20241223_303445.html,2024年11月全国法定传染病疫情概况,2024,11,全国,淋病,甲乙类合计,9211,0,,,2026-05-28 00:56:43,/Users/zhoujia/code/大数据期末实验/大模型助力大数据分析/呼吸道传染病监测与早期预警分析/data/raw/chinacdc_monthly/t20241223_303445_ed76524f3a931a1b.html
中国疾控中心全国法定传染病疫情情况,https://www.chinacdc.cn/jksj/jksj01/202412/t20241223_303445.html,2024年11月全国法定传染病疫情概况,2024,11,全国,梅毒,甲乙类合计,52434,2,,,2026-05-28 00:56:43,/Users/zhoujia/code/大数据期末实验/大模型助力大数据分析/呼吸道传染病监测与早期预警分析/data/raw/chinacdc_monthly/t20241223_303445_ed76524f3a931a1b.html
中国疾控中心全国法定传染病疫情情况,https://www.chinacdc.cn/jksj/jksj01/202412/t20241223_303445.html,2024年11月全国法定传染病疫情概况,2024,11,全国,钩端螺旋体病,甲乙类合计,36,0,,,2026-05-28 00:56:43,/Users/zhoujia/code/大数据期末实验/大模型助力大数据分析/呼吸道传染病监测与早期预警分析/data/raw/chinacdc_monthly/t20241223_303445_ed76524f3a931a1b.html
中国疾控中心全国法定传染病疫情情况,https://www.chinacdc.cn/jksj/jksj01/202412/t20241223_303445.html,2024年11月全国法定传染病疫情概况,2024,11,全国,血吸虫病,甲乙类合计,0,0,,,2026-05-28 00:56:43,/Users/zhoujia/code/大数据期末实验/大模型助力大数据分析/呼吸道传染病监测与早期预警分析/data/raw/chinacdc_monthly/t20241223_303445_ed76524f3a931a1b.html
中国疾控中心全国法定传染病疫情情况,https://www.chinacdc.cn/jksj/jksj01/202412/t20241223_303445.html,2024年11月全国法定传染病疫情概况,2024,11,全国,疟疾,甲乙类合计,282,4,,,2026-05-28 00:56:43,/Users/zhoujia/code/大数据期末实验/大模型助力大数据分析/呼吸道传染病监测与早期预警分析/data/raw/chinacdc_monthly/t20241223_303445_ed76524f3a931a1b.html
中国疾控中心全国法定传染病疫情情况,https://www.chinacdc.cn/jksj/jksj01/202412/t20241223_303445.html,2024年11月全国法定传染病疫情概况,2024,11,全国,人感染H7N9禽流感,甲乙类合计,0,0,,,2026-05-28 00:56:43,/Users/zhoujia/code/大数据期末实验/大模型助力大数据分析/呼吸道传染病监测与早期预警分析/data/raw/chinacdc_monthly/t20241223_303445_ed76524f3a931a1b.html
中国疾控中心全国法定传染病疫情情况,https://www.chinacdc.cn/jksj/jksj01/202412/t20241223_303445.html,2024年11月全国法定传染病疫情概况,2024,11,全国,猴痘,甲乙类合计,16,0,,,2026-05-28 00:56:43,/Users/zhoujia/code/大数据期末实验/大模型助力大数据分析/呼吸道传染病监测与早期预警分析/data/raw/chinacdc_monthly/t20241223_303445_ed76524f3a931a1b.html
中国疾控中心全国法定传染病疫情情况,https://www.chinacdc.cn/jksj/jksj01/202412/t20241223_303445.html,2024年11月全国法定传染病疫情概况,2024,11,全国,丙类传染病合计,丙类合计,337242,1,,,2026-05-28 00:56:43,/Users/zhoujia/code/大数据期末实验/大模型助力大数据分析/呼吸道传染病监测与早期预警分析/data/raw/chinacdc_monthly/t20241223_303445_ed76524f3a931a1b.html
中国疾控中心全国法定传染病疫情情况,https://www.chinacdc.cn/jksj/jksj01/202412/t20241223_303445.html,2024年11月全国法定传染病疫情概况,2024,11,全国,流行性感冒,丙类合计,166917,1,,,2026-05-28 00:56:43,/Users/zhoujia/code/大数据期末实验/大模型助力大数据分析/呼吸道传染病监测与早期预警分析/data/raw/chinacdc_monthly/t20241223_303445_ed76524f3a931a1b.html
中国疾控中心全国法定传染病疫情情况,https://www.chinacdc.cn/jksj/jksj01/202412/t20241223_303445.html,2024年11月全国法定传染病疫情概况,2024,11,全国,流行性腮腺炎,丙类合计,8096,0,,,2026-05-28 00:56:43,/Users/zhoujia/code/大数据期末实验/大模型助力大数据分析/呼吸道传染病监测与早期预警分析/data/raw/chinacdc_monthly/t20241223_303445_ed76524f3a931a1b.html
中国疾控中心全国法定传染病疫情情况,https://www.chinacdc.cn/jksj/jksj01/202412/t20241223_303445.html,2024年11月全国法定传染病疫情概况,2024,11,全国,风疹,丙类合计,58,0,,,2026-05-28 00:56:43,/Users/zhoujia/code/大数据期末实验/大模型助力大数据分析/呼吸道传染病监测与早期预警分析/data/raw/chinacdc_monthly/t20241223_303445_ed76524f3a931a1b.html
中国疾控中心全国法定传染病疫情情况,https://www.chinacdc.cn/jksj/jksj01/202412/t20241223_303445.html,2024年11月全国法定传染病疫情概况,2024,11,全国,急性出血性结膜炎,丙类合计,1912,0,,,2026-05-28 00:56:43,/Users/zhoujia/code/大数据期末实验/大模型助力大数据分析/呼吸道传染病监测与早期预警分析/data/raw/chinacdc_monthly/t20241223_303445_ed76524f3a931a1b.html
中国疾控中心全国法定传染病疫情情况,https://www.chinacdc.cn/jksj/jksj01/202412/t20241223_303445.html,2024年11月全国法定传染病疫情概况,2024,11,全国,麻风病,丙类合计,14,0,,,2026-05-28 00:56:43,/Users/zhoujia/code/大数据期末实验/大模型助力大数据分析/呼吸道传染病监测与早期预警分析/data/raw/chinacdc_monthly/t20241223_303445_ed76524f3a931a1b.html
中国疾控中心全国法定传染病疫情情况,https://www.chinacdc.cn/jksj/jksj01/202412/t20241223_303445.html,2024年11月全国法定传染病疫情概况,2024,11,全国,流行性和地方性 斑疹伤寒,丙类合计,175,0,,,2026-05-28 00:56:43,/Users/zhoujia/code/大数据期末实验/大模型助力大数据分析/呼吸道传染病监测与早期预警分析/data/raw/chinacdc_monthly/t20241223_303445_ed76524f3a931a1b.html
中国疾控中心全国法定传染病疫情情况,https://www.chinacdc.cn/jksj/jksj01/202412/t20241223_303445.html,2024年11月全国法定传染病疫情概况,2024,11,全国,黑热病,丙类合计,24,0,,,2026-05-28 00:56:43,/Users/zhoujia/code/大数据期末实验/大模型助力大数据分析/呼吸道传染病监测与早期预警分析/data/raw/chinacdc_monthly/t20241223_303445_ed76524f3a931a1b.html
中国疾控中心全国法定传染病疫情情况,https://www.chinacdc.cn/jksj/jksj01/202412/t20241223_303445.html,2024年11月全国法定传染病疫情概况,2024,11,全国,包虫病,丙类合计,388,0,,,2026-05-28 00:56:43,/Users/zhoujia/code/大数据期末实验/大模型助力大数据分析/呼吸道传染病监测与早期预警分析/data/raw/chinacdc_monthly/t20241223_303445_ed76524f3a931a1b.html
中国疾控中心全国法定传染病疫情情况,https://www.chinacdc.cn/jksj/jksj01/202412/t20241223_303445.html,2024年11月全国法定传染病疫情概况,2024,11,全国,丝虫病,丙类合计,0,0,,,2026-05-28 00:56:43,/Users/zhoujia/code/大数据期末实验/大模型助力大数据分析/呼吸道传染病监测与早期预警分析/data/raw/chinacdc_monthly/t20241223_303445_ed76524f3a931a1b.html
中国疾控中心全国法定传染病疫情情况,https://www.chinacdc.cn/jksj/jksj01/202412/t20241223_303445.html,2024年11月全国法定传染病疫情概况,2024,11,全国,其他感染性腹泻病,丙类合计,100831,0,,,2026-05-28 00:56:43,/Users/zhoujia/code/大数据期末实验/大模型助力大数据分析/呼吸道传染病监测与早期预警分析/data/raw/chinacdc_monthly/t20241223_303445_ed76524f3a931a1b.html
中国疾控中心全国法定传染病疫情情况,https://www.chinacdc.cn/jksj/jksj01/202412/t20241223_303445.html,2024年11月全国法定传染病疫情概况,2024,11,全国,手足口病,丙类合计,58827,0,,,2026-05-28 00:56:43,/Users/zhoujia/code/大数据期末实验/大模型助力大数据分析/呼吸道传染病监测与早期预警分析/data/raw/chinacdc_monthly/t20241223_303445_ed76524f3a931a1b.html
中国疾控中心全国法定传染病疫情情况,https://www.chinacdc.cn/jksj/jksj01/202411/t20241122_302802.html,2024年10月全国法定传染病疫情概况,2024,10,全国,甲乙丙类总计,甲乙丙类总计,563572,2253,,,2026-05-28 00:56:43,/Users/zhoujia/code/大数据期末实验/大模型助力大数据分析/呼吸道传染病监测与早期预警分析/data/raw/chinacdc_monthly/t20241122_302802_2d5a8d9f3a68c79f.html
中国疾控中心全国法定传染病疫情情况,https://www.chinacdc.cn/jksj/jksj01/202411/t20241122_302802.html,2024年10月全国法定传染病疫情概况,2024,10,全国,甲乙类传染病合计,甲乙类合计,300134,2253,,,2026-05-28 00:56:43,/Users/zhoujia/code/大数据期末实验/大模型助力大数据分析/呼吸道传染病监测与早期预警分析/data/raw/chinacdc_monthly/t20241122_302802_2d5a8d9f3a68c79f.html
中国疾控中心全国法定传染病疫情情况,https://www.chinacdc.cn/jksj/jksj01/202411/t20241122_302802.html,2024年10月全国法定传染病疫情概况,2024,10,全国,鼠疫,甲乙类合计,0,0,,,2026-05-28 00:56:43,/Users/zhoujia/code/大数据期末实验/大模型助力大数据分析/呼吸道传染病监测与早期预警分析/data/raw/chinacdc_monthly/t20241122_302802_2d5a8d9f3a68c79f.html
中国疾控中心全国法定传染病疫情情况,https://www.chinacdc.cn/jksj/jksj01/202411/t20241122_302802.html,2024年10月全国法定传染病疫情概况,2024,10,全国,霍乱,甲乙类合计,0,0,,,2026-05-28 00:56:43,/Users/zhoujia/code/大数据期末实验/大模型助力大数据分析/呼吸道传染病监测与早期预警分析/data/raw/chinacdc_monthly/t20241122_302802_2d5a8d9f3a68c79f.html
中国疾控中心全国法定传染病疫情情况,https://www.chinacdc.cn/jksj/jksj01/202411/t20241122_302802.html,2024年10月全国法定传染病疫情概况,2024,10,全国,传染性非典型肺炎,甲乙类合计,0,0,,,2026-05-28 00:56:43,/Users/zhoujia/code/大数据期末实验/大模型助力大数据分析/呼吸道传染病监测与早期预警分析/data/raw/chinacdc_monthly/t20241122_302802_2d5a8d9f3a68c79f.html
中国疾控中心全国法定传染病疫情情况,https://www.chinacdc.cn/jksj/jksj01/202411/t20241122_302802.html,2024年10月全国法定传染病疫情概况,2024,10,全国,艾滋病,甲乙类合计,4403,1598,,,2026-05-28 00:56:43,/Users/zhoujia/code/大数据期末实验/大模型助力大数据分析/呼吸道传染病监测与早期预警分析/data/raw/chinacdc_monthly/t20241122_302802_2d5a8d9f3a68c79f.html
中国疾控中心全国法定传染病疫情情况,https://www.chinacdc.cn/jksj/jksj01/202411/t20241122_302802.html,2024年10月全国法定传染病疫情概况,2024,10,全国,病毒性肝炎,甲乙类合计,148566,359,,,2026-05-28 00:56:43,/Users/zhoujia/code/大数据期末实验/大模型助力大数据分析/呼吸道传染病监测与早期预警分析/data/raw/chinacdc_monthly/t20241122_302802_2d5a8d9f3a68c79f.html
中国疾控中心全国法定传染病疫情情况,https://www.chinacdc.cn/jksj/jksj01/202411/t20241122_302802.html,2024年10月全国法定传染病疫情概况,2024,10,全国,甲型肝炎,甲乙类合计,1041,0,,,2026-05-28 00:56:43,/Users/zhoujia/code/大数据期末实验/大模型助力大数据分析/呼吸道传染病监测与早期预警分析/data/raw/chinacdc_monthly/t20241122_302802_2d5a8d9f3a68c79f.html
中国疾控中心全国法定传染病疫情情况,https://www.chinacdc.cn/jksj/jksj01/202411/t20241122_302802.html,2024年10月全国法定传染病疫情概况,2024,10,全国,乙型肝炎,甲乙类合计,128731,24,,,2026-05-28 00:56:43,/Users/zhoujia/code/大数据期末实验/大模型助力大数据分析/呼吸道传染病监测与早期预警分析/data/raw/chinacdc_monthly/t20241122_302802_2d5a8d9f3a68c79f.html
中国疾控中心全国法定传染病疫情情况,https://www.chinacdc.cn/jksj/jksj01/202411/t20241122_302802.html,2024年10月全国法定传染病疫情概况,2024,10,全国,丙型肝炎,甲乙类合计,16035,335,,,2026-05-28 00:56:43,/Users/zhoujia/code/大数据期末实验/大模型助力大数据分析/呼吸道传染病监测与早期预警分析/data/raw/chinacdc_monthly/t20241122_302802_2d5a8d9f3a68c79f.html
中国疾控中心全国法定传染病疫情情况,https://www.chinacdc.cn/jksj/jksj01/202411/t20241122_302802.html,2024年10月全国法定传染病疫情概况,2024,10,全国,丁型肝炎,甲乙类合计,9,0,,,2026-05-28 00:56:43,/Users/zhoujia/code/大数据期末实验/大模型助力大数据分析/呼吸道传染病监测与早期预警分析/data/raw/chinacdc_monthly/t20241122_302802_2d5a8d9f3a68c79f.html
中国疾控中心全国法定传染病疫情情况,https://www.chinacdc.cn/jksj/jksj01/202411/t20241122_302802.html,2024年10月全国法定传染病疫情概况,2024,10,全国,戊型肝炎,甲乙类合计,2312,0,,,2026-05-28 00:56:43,/Users/zhoujia/code/大数据期末实验/大模型助力大数据分析/呼吸道传染病监测与早期预警分析/data/raw/chinacdc_monthly/t20241122_302802_2d5a8d9f3a68c79f.html
中国疾控中心全国法定传染病疫情情况,https://www.chinacdc.cn/jksj/jksj01/202411/t20241122_302802.html,2024年10月全国法定传染病疫情概况,2024,10,全国,未分型肝炎,甲乙类合计,438,0,,,2026-05-28 00:56:43,/Users/zhoujia/code/大数据期末实验/大模型助力大数据分析/呼吸道传染病监测与早期预警分析/data/raw/chinacdc_monthly/t20241122_302802_2d5a8d9f3a68c79f.html
中国疾控中心全国法定传染病疫情情况,https://www.chinacdc.cn/jksj/jksj01/202411/t20241122_302802.html,2024年10月全国法定传染病疫情概况,2024,10,全国,脊髓灰质炎,甲乙类合计,0,0,,,2026-05-28 00:56:43,/Users/zhoujia/code/大数据期末实验/大模型助力大数据分析/呼吸道传染病监测与早期预警分析/data/raw/chinacdc_monthly/t20241122_302802_2d5a8d9f3a68c79f.html
中国疾控中心全国法定传染病疫情情况,https://www.chinacdc.cn/jksj/jksj01/202411/t20241122_302802.html,2024年10月全国法定传染病疫情概况,2024,10,全国,人感染高致病性禽流感,甲乙类合计,0,0,,,2026-05-28 00:56:43,/Users/zhoujia/code/大数据期末实验/大模型助力大数据分析/呼吸道传染病监测与早期预警分析/data/raw/chinacdc_monthly/t20241122_302802_2d5a8d9f3a68c79f.html
中国疾控中心全国法定传染病疫情情况,https://www.chinacdc.cn/jksj/jksj01/202411/t20241122_302802.html,2024年10月全国法定传染病疫情概况,2024,10,全国,麻疹,甲乙类合计,107,0,,,2026-05-28 00:56:43,/Users/zhoujia/code/大数据期末实验/大模型助力大数据分析/呼吸道传染病监测与早期预警分析/data/raw/chinacdc_monthly/t20241122_302802_2d5a8d9f3a68c79f.html
中国疾控中心全国法定传染病疫情情况,https://www.chinacdc.cn/jksj/jksj01/202411/t20241122_302802.html,2024年10月全国法定传染病疫情概况,2024,10,全国,流行性出血热,甲乙类合计,374,2,,,2026-05-28 00:56:43,/Users/zhoujia/code/大数据期末实验/大模型助力大数据分析/呼吸道传染病监测与早期预警分析/data/raw/chinacdc_monthly/t20241122_302802_2d5a8d9f3a68c79f.html
中国疾控中心全国法定传染病疫情情况,https://www.chinacdc.cn/jksj/jksj01/202411/t20241122_302802.html,2024年10月全国法定传染病疫情概况,2024,10,全国,狂犬病,甲乙类合计,20,14,,,2026-05-28 00:56:43,/Users/zhoujia/code/大数据期末实验/大模型助力大数据分析/呼吸道传染病监测与早期预警分析/data/raw/chinacdc_monthly/t20241122_302802_2d5a8d9f3a68c79f.html
中国疾控中心全国法定传染病疫情情况,https://www.chinacdc.cn/jksj/jksj01/202411/t20241122_302802.html,2024年10月全国法定传染病疫情概况,2024,10,全国,流行性乙型脑炎,甲乙类合计,21,2,,,2026-05-28 00:56:43,/Users/zhoujia/code/大数据期末实验/大模型助力大数据分析/呼吸道传染病监测与早期预警分析/data/raw/chinacdc_monthly/t20241122_302802_2d5a8d9f3a68c79f.html
中国疾控中心全国法定传染病疫情情况,https://www.chinacdc.cn/jksj/jksj01/202411/t20241122_302802.html,2024年10月全国法定传染病疫情概况,2024,10,全国,登革热,甲乙类合计,11083,0,,,2026-05-28 00:56:43,/Users/zhoujia/code/大数据期末实验/大模型助力大数据分析/呼吸道传染病监测与早期预警分析/data/raw/chinacdc_monthly/t20241122_302802_2d5a8d9f3a68c79f.html
中国疾控中心全国法定传染病疫情情况,https://www.chinacdc.cn/jksj/jksj01/202411/t20241122_302802.html,2024年10月全国法定传染病疫情概况,2024,10,全国,炭疽,甲乙类合计,60,1,,,2026-05-28 00:56:43,/Users/zhoujia/code/大数据期末实验/大模型助力大数据分析/呼吸道传染病监测与早期预警分析/data/raw/chinacdc_monthly/t20241122_302802_2d5a8d9f3a68c79f.html
中国疾控中心全国法定传染病疫情情况,https://www.chinacdc.cn/jksj/jksj01/202411/t20241122_302802.html,2024年10月全国法定传染病疫情概况,2024,10,全国,细菌性和阿米巴性痢疾,甲乙类合计,2680,0,,,2026-05-28 00:56:43,/Users/zhoujia/code/大数据期末实验/大模型助力大数据分析/呼吸道传染病监测与早期预警分析/data/raw/chinacdc_monthly/t20241122_302802_2d5a8d9f3a68c79f.html
中国疾控中心全国法定传染病疫情情况,https://www.chinacdc.cn/jksj/jksj01/202411/t20241122_302802.html,2024年10月全国法定传染病疫情概况,2024,10,全国,肺结核,甲乙类合计,52943,270,,,2026-05-28 00:56:43,/Users/zhoujia/code/大数据期末实验/大模型助力大数据分析/呼吸道传染病监测与早期预警分析/data/raw/chinacdc_monthly/t20241122_302802_2d5a8d9f3a68c79f.html
中国疾控中心全国法定传染病疫情情况,https://www.chinacdc.cn/jksj/jksj01/202411/t20241122_302802.html,2024年10月全国法定传染病疫情概况,2024,10,全国,伤寒和副伤寒,甲乙类合计,456,0,,,2026-05-28 00:56:43,/Users/zhoujia/code/大数据期末实验/大模型助力大数据分析/呼吸道传染病监测与早期预警分析/data/raw/chinacdc_monthly/t20241122_302802_2d5a8d9f3a68c79f.html
中国疾控中心全国法定传染病疫情情况,https://www.chinacdc.cn/jksj/jksj01/202411/t20241122_302802.html,2024年10月全国法定传染病疫情概况,2024,10,全国,流行性脑脊髓膜炎,甲乙类合计,6,1,,,2026-05-28 00:56:43,/Users/zhoujia/code/大数据期末实验/大模型助力大数据分析/呼吸道传染病监测与早期预警分析/data/raw/chinacdc_monthly/t20241122_302802_2d5a8d9f3a68c79f.html
中国疾控中心全国法定传染病疫情情况,https://www.chinacdc.cn/jksj/jksj01/202411/t20241122_302802.html,2024年10月全国法定传染病疫情概况,2024,10,全国,百日咳,甲乙类合计,10118,2,,,2026-05-28 00:56:43,/Users/zhoujia/code/大数据期末实验/大模型助力大数据分析/呼吸道传染病监测与早期预警分析/data/raw/chinacdc_monthly/t20241122_302802_2d5a8d9f3a68c79f.html
中国疾控中心全国法定传染病疫情情况,https://www.chinacdc.cn/jksj/jksj01/202411/t20241122_302802.html,2024年10月全国法定传染病疫情概况,2024,10,全国,白喉,甲乙类合计,0,0,,,2026-05-28 00:56:43,/Users/zhoujia/code/大数据期末实验/大模型助力大数据分析/呼吸道传染病监测与早期预警分析/data/raw/chinacdc_monthly/t20241122_302802_2d5a8d9f3a68c79f.html
中国疾控中心全国法定传染病疫情情况,https://www.chinacdc.cn/jksj/jksj01/202411/t20241122_302802.html,2024年10月全国法定传染病疫情概况,2024,10,全国,新生儿破伤风,甲乙类合计,0,0,,,2026-05-28 00:56:43,/Users/zhoujia/code/大数据期末实验/大模型助力大数据分析/呼吸道传染病监测与早期预警分析/data/raw/chinacdc_monthly/t20241122_302802_2d5a8d9f3a68c79f.html
中国疾控中心全国法定传染病疫情情况,https://www.chinacdc.cn/jksj/jksj01/202411/t20241122_302802.html,2024年10月全国法定传染病疫情概况,2024,10,全国,猩红热,甲乙类合计,3040,0,,,2026-05-28 00:56:43,/Users/zhoujia/code/大数据期末实验/大模型助力大数据分析/呼吸道传染病监测与早期预警分析/data/raw/chinacdc_monthly/t20241122_302802_2d5a8d9f3a68c79f.html
中国疾控中心全国法定传染病疫情情况,https://www.chinacdc.cn/jksj/jksj01/202411/t20241122_302802.html,2024年10月全国法定传染病疫情概况,2024,10,全国,布鲁氏菌病,甲乙类合计,3381,0,,,2026-05-28 00:56:43,/Users/zhoujia/code/大数据期末实验/大模型助力大数据分析/呼吸道传染病监测与早期预警分析/data/raw/chinacdc_monthly/t20241122_302802_2d5a8d9f3a68c79f.html
中国疾控中心全国法定传染病疫情情况,https://www.chinacdc.cn/jksj/jksj01/202411/t20241122_302802.html,2024年10月全国法定传染病疫情概况,2024,10,全国,淋病,甲乙类合计,8998,0,,,2026-05-28 00:56:43,/Users/zhoujia/code/大数据期末实验/大模型助力大数据分析/呼吸道传染病监测与早期预警分析/data/raw/chinacdc_monthly/t20241122_302802_2d5a8d9f3a68c79f.html
中国疾控中心全国法定传染病疫情情况,https://www.chinacdc.cn/jksj/jksj01/202411/t20241122_302802.html,2024年10月全国法定传染病疫情概况,2024,10,全国,梅毒,甲乙类合计,53569,2,,,2026-05-28 00:56:43,/Users/zhoujia/code/大数据期末实验/大模型助力大数据分析/呼吸道传染病监测与早期预警分析/data/raw/chinacdc_monthly/t20241122_302802_2d5a8d9f3a68c79f.html
中国疾控中心全国法定传染病疫情情况,https://www.chinacdc.cn/jksj/jksj01/202411/t20241122_302802.html,2024年10月全国法定传染病疫情概况,2024,10,全国,钩端螺旋体病,甲乙类合计,65,0,,,2026-05-28 00:56:43,/Users/zhoujia/code/大数据期末实验/大模型助力大数据分析/呼吸道传染病监测与早期预警分析/data/raw/chinacdc_monthly/t20241122_302802_2d5a8d9f3a68c79f.html
中国疾控中心全国法定传染病疫情情况,https://www.chinacdc.cn/jksj/jksj01/202411/t20241122_302802.html,2024年10月全国法定传染病疫情概况,2024,10,全国,血吸虫病,甲乙类合计,2,0,,,2026-05-28 00:56:43,/Users/zhoujia/code/大数据期末实验/大模型助力大数据分析/呼吸道传染病监测与早期预警分析/data/raw/chinacdc_monthly/t20241122_302802_2d5a8d9f3a68c79f.html
中国疾控中心全国法定传染病疫情情况,https://www.chinacdc.cn/jksj/jksj01/202411/t20241122_302802.html,2024年10月全国法定传染病疫情概况,2024,10,全国,疟疾,甲乙类合计,204,2,,,2026-05-28 00:56:43,/Users/zhoujia/code/大数据期末实验/大模型助力大数据分析/呼吸道传染病监测与早期预警分析/data/raw/chinacdc_monthly/t20241122_302802_2d5a8d9f3a68c79f.html
中国疾控中心全国法定传染病疫情情况,https://www.chinacdc.cn/jksj/jksj01/202411/t20241122_302802.html,2024年10月全国法定传染病疫情概况,2024,10,全国,人感染H7N9禽流感,甲乙类合计,0,0,,,2026-05-28 00:56:43,/Users/zhoujia/code/大数据期末实验/大模型助力大数据分析/呼吸道传染病监测与早期预警分析/data/raw/chinacdc_monthly/t20241122_302802_2d5a8d9f3a68c79f.html
中国疾控中心全国法定传染病疫情情况,https://www.chinacdc.cn/jksj/jksj01/202411/t20241122_302802.html,2024年10月全国法定传染病疫情概况,2024,10,全国,猴痘,甲乙类合计,38,0,,,2026-05-28 00:56:43,/Users/zhoujia/code/大数据期末实验/大模型助力大数据分析/呼吸道传染病监测与早期预警分析/data/raw/chinacdc_monthly/t20241122_302802_2d5a8d9f3a68c79f.html
中国疾控中心全国法定传染病疫情情况,https://www.chinacdc.cn/jksj/jksj01/202411/t20241122_302802.html,2024年10月全国法定传染病疫情概况,2024,10,全国,丙类传染病合计,丙类合计,263438,0,,,2026-05-28 00:56:43,/Users/zhoujia/code/大数据期末实验/大模型助力大数据分析/呼吸道传染病监测与早期预警分析/data/raw/chinacdc_monthly/t20241122_302802_2d5a8d9f3a68c79f.html
中国疾控中心全国法定传染病疫情情况,https://www.chinacdc.cn/jksj/jksj01/202411/t20241122_302802.html,2024年10月全国法定传染病疫情概况,2024,10,全国,流行性感冒,丙类合计,103568,0,,,2026-05-28 00:56:43,/Users/zhoujia/code/大数据期末实验/大模型助力大数据分析/呼吸道传染病监测与早期预警分析/data/raw/chinacdc_monthly/t20241122_302802_2d5a8d9f3a68c79f.html
中国疾控中心全国法定传染病疫情情况,https://www.chinacdc.cn/jksj/jksj01/202411/t20241122_302802.html,2024年10月全国法定传染病疫情概况,2024,10,全国,流行性腮腺炎,丙类合计,8424,0,,,2026-05-28 00:56:43,/Users/zhoujia/code/大数据期末实验/大模型助力大数据分析/呼吸道传染病监测与早期预警分析/data/raw/chinacdc_monthly/t20241122_302802_2d5a8d9f3a68c79f.html
中国疾控中心全国法定传染病疫情情况,https://www.chinacdc.cn/jksj/jksj01/202411/t20241122_302802.html,2024年10月全国法定传染病疫情概况,2024,10,全国,风疹,丙类合计,72,0,,,2026-05-28 00:56:43,/Users/zhoujia/code/大数据期末实验/大模型助力大数据分析/呼吸道传染病监测与早期预警分析/data/raw/chinacdc_monthly/t20241122_302802_2d5a8d9f3a68c79f.html
中国疾控中心全国法定传染病疫情情况,https://www.chinacdc.cn/jksj/jksj01/202411/t20241122_302802.html,2024年10月全国法定传染病疫情概况,2024,10,全国,急性出血性结膜炎,丙类合计,1927,0,,,2026-05-28 00:56:43,/Users/zhoujia/code/大数据期末实验/大模型助力大数据分析/呼吸道传染病监测与早期预警分析/data/raw/chinacdc_monthly/t20241122_302802_2d5a8d9f3a68c79f.html
中国疾控中心全国法定传染病疫情情况,https://www.chinacdc.cn/jksj/jksj01/202411/t20241122_302802.html,2024年10月全国法定传染病疫情概况,2024,10,全国,麻风病,丙类合计,12,0,,,2026-05-28 00:56:43,/Users/zhoujia/code/大数据期末实验/大模型助力大数据分析/呼吸道传染病监测与早期预警分析/data/raw/chinacdc_monthly/t20241122_302802_2d5a8d9f3a68c79f.html
中国疾控中心全国法定传染病疫情情况,https://www.chinacdc.cn/jksj/jksj01/202411/t20241122_302802.html,2024年10月全国法定传染病疫情概况,2024,10,全国,流行性和地方性 斑疹伤寒,丙类合计,186,0,,,2026-05-28 00:56:43,/Users/zhoujia/code/大数据期末实验/大模型助力大数据分析/呼吸道传染病监测与早期预警分析/data/raw/chinacdc_monthly/t20241122_302802_2d5a8d9f3a68c79f.html
中国疾控中心全国法定传染病疫情情况,https://www.chinacdc.cn/jksj/jksj01/202411/t20241122_302802.html,2024年10月全国法定传染病疫情概况,2024,10,全国,黑热病,丙类合计,6,0,,,2026-05-28 00:56:43,/Users/zhoujia/code/大数据期末实验/大模型助力大数据分析/呼吸道传染病监测与早期预警分析/data/raw/chinacdc_monthly/t20241122_302802_2d5a8d9f3a68c79f.html
中国疾控中心全国法定传染病疫情情况,https://www.chinacdc.cn/jksj/jksj01/202411/t20241122_302802.html,2024年10月全国法定传染病疫情概况,2024,10,全国,包虫病,丙类合计,332,0,,,2026-05-28 00:56:43,/Users/zhoujia/code/大数据期末实验/大模型助力大数据分析/呼吸道传染病监测与早期预警分析/data/raw/chinacdc_monthly/t20241122_302802_2d5a8d9f3a68c79f.html
中国疾控中心全国法定传染病疫情情况,https://www.chinacdc.cn/jksj/jksj01/202411/t20241122_302802.html,2024年10月全国法定传染病疫情概况,2024,10,全国,丝虫病,丙类合计,0,0,,,2026-05-28 00:56:43,/Users/zhoujia/code/大数据期末实验/大模型助力大数据分析/呼吸道传染病监测与早期预警分析/data/raw/chinacdc_monthly/t20241122_302802_2d5a8d9f3a68c79f.html
中国疾控中心全国法定传染病疫情情况,https://www.chinacdc.cn/jksj/jksj01/202411/t20241122_302802.html,2024年10月全国法定传染病疫情概况,2024,10,全国,其他感染性腹泻病,丙类合计,102391,0,,,2026-05-28 00:56:43,/Users/zhoujia/code/大数据期末实验/大模型助力大数据分析/呼吸道传染病监测与早期预警分析/data/raw/chinacdc_monthly/t20241122_302802_2d5a8d9f3a68c79f.html
中国疾控中心全国法定传染病疫情情况,https://www.chinacdc.cn/jksj/jksj01/202411/t20241122_302802.html,2024年10月全国法定传染病疫情概况,2024,10,全国,手足口病,丙类合计,46520,0,,,2026-05-28 00:56:43,/Users/zhoujia/code/大数据期末实验/大模型助力大数据分析/呼吸道传染病监测与早期预警分析/data/raw/chinacdc_monthly/t20241122_302802_2d5a8d9f3a68c79f.html
中国疾控中心全国法定传染病疫情情况,https://www.chinacdc.cn/jksj/jksj01/202410/t20241022_301872.html,2024年9月全国法定传染病疫情概况,2024,9,全国,甲乙丙类总计,甲乙丙类总计,589950,2321,,,2026-05-28 00:56:43,/Users/zhoujia/code/大数据期末实验/大模型助力大数据分析/呼吸道传染病监测与早期预警分析/data/raw/chinacdc_monthly/t20241022_301872_87dcd72f39d15135.html
中国疾控中心全国法定传染病疫情情况,https://www.chinacdc.cn/jksj/jksj01/202410/t20241022_301872.html,2024年9月全国法定传染病疫情概况,2024,9,全国,甲乙类传染病合计,甲乙类合计,303827,2319,,,2026-05-28 00:56:43,/Users/zhoujia/code/大数据期末实验/大模型助力大数据分析/呼吸道传染病监测与早期预警分析/data/raw/chinacdc_monthly/t20241022_301872_87dcd72f39d15135.html
中国疾控中心全国法定传染病疫情情况,https://www.chinacdc.cn/jksj/jksj01/202410/t20241022_301872.html,2024年9月全国法定传染病疫情概况,2024,9,全国,鼠疫,甲乙类合计,0,0,,,2026-05-28 00:56:43,/Users/zhoujia/code/大数据期末实验/大模型助力大数据分析/呼吸道传染病监测与早期预警分析/data/raw/chinacdc_monthly/t20241022_301872_87dcd72f39d15135.html
中国疾控中心全国法定传染病疫情情况,https://www.chinacdc.cn/jksj/jksj01/202410/t20241022_301872.html,2024年9月全国法定传染病疫情概况,2024,9,全国,霍乱,甲乙类合计,1,0,,,2026-05-28 00:56:43,/Users/zhoujia/code/大数据期末实验/大模型助力大数据分析/呼吸道传染病监测与早期预警分析/data/raw/chinacdc_monthly/t20241022_301872_87dcd72f39d15135.html
中国疾控中心全国法定传染病疫情情况,https://www.chinacdc.cn/jksj/jksj01/202410/t20241022_301872.html,2024年9月全国法定传染病疫情概况,2024,9,全国,传染性非典型肺炎,甲乙类合计,0,0,,,2026-05-28 00:56:43,/Users/zhoujia/code/大数据期末实验/大模型助力大数据分析/呼吸道传染病监测与早期预警分析/data/raw/chinacdc_monthly/t20241022_301872_87dcd72f39d15135.html
中国疾控中心全国法定传染病疫情情况,https://www.chinacdc.cn/jksj/jksj01/202410/t20241022_301872.html,2024年9月全国法定传染病疫情概况,2024,9,全国,艾滋病,甲乙类合计,4450,1720,,,2026-05-28 00:56:43,/Users/zhoujia/code/大数据期末实验/大模型助力大数据分析/呼吸道传染病监测与早期预警分析/data/raw/chinacdc_monthly/t20241022_301872_87dcd72f39d15135.html
中国疾控中心全国法定传染病疫情情况,https://www.chinacdc.cn/jksj/jksj01/202410/t20241022_301872.html,2024年9月全国法定传染病疫情概况,2024,9,全国,病毒性肝炎,甲乙类合计,146669,332,,,2026-05-28 00:56:43,/Users/zhoujia/code/大数据期末实验/大模型助力大数据分析/呼吸道传染病监测与早期预警分析/data/raw/chinacdc_monthly/t20241022_301872_87dcd72f39d15135.html
中国疾控中心全国法定传染病疫情情况,https://www.chinacdc.cn/jksj/jksj01/202410/t20241022_301872.html,2024年9月全国法定传染病疫情概况,2024,9,全国,甲型肝炎,甲乙类合计,1084,0,,,2026-05-28 00:56:43,/Users/zhoujia/code/大数据期末实验/大模型助力大数据分析/呼吸道传染病监测与早期预警分析/data/raw/chinacdc_monthly/t20241022_301872_87dcd72f39d15135.html
中国疾控中心全国法定传染病疫情情况,https://www.chinacdc.cn/jksj/jksj01/202410/t20241022_301872.html,2024年9月全国法定传染病疫情概况,2024,9,全国,乙型肝炎,甲乙类合计,125765,29,,,2026-05-28 00:56:43,/Users/zhoujia/code/大数据期末实验/大模型助力大数据分析/呼吸道传染病监测与早期预警分析/data/raw/chinacdc_monthly/t20241022_301872_87dcd72f39d15135.html
中国疾控中心全国法定传染病疫情情况,https://www.chinacdc.cn/jksj/jksj01/202410/t20241022_301872.html,2024年9月全国法定传染病疫情概况,2024,9,全国,丙型肝炎,甲乙类合计,16896,303,,,2026-05-28 00:56:43,/Users/zhoujia/code/大数据期末实验/大模型助力大数据分析/呼吸道传染病监测与早期预警分析/data/raw/chinacdc_monthly/t20241022_301872_87dcd72f39d15135.html
中国疾控中心全国法定传染病疫情情况,https://www.chinacdc.cn/jksj/jksj01/202410/t20241022_301872.html,2024年9月全国法定传染病疫情概况,2024,9,全国,丁型肝炎,甲乙类合计,7,0,,,2026-05-28 00:56:43,/Users/zhoujia/code/大数据期末实验/大模型助力大数据分析/呼吸道传染病监测与早期预警分析/data/raw/chinacdc_monthly/t20241022_301872_87dcd72f39d15135.html
中国疾控中心全国法定传染病疫情情况,https://www.chinacdc.cn/jksj/jksj01/202410/t20241022_301872.html,2024年9月全国法定传染病疫情概况,2024,9,全国,戊型肝炎,甲乙类合计,2446,0,,,2026-05-28 00:56:43,/Users/zhoujia/code/大数据期末实验/大模型助力大数据分析/呼吸道传染病监测与早期预警分析/data/raw/chinacdc_monthly/t20241022_301872_87dcd72f39d15135.html
中国疾控中心全国法定传染病疫情情况,https://www.chinacdc.cn/jksj/jksj01/202410/t20241022_301872.html,2024年9月全国法定传染病疫情概况,2024,9,全国,未分型肝炎,甲乙类合计,471,0,,,2026-05-28 00:56:43,/Users/zhoujia/code/大数据期末实验/大模型助力大数据分析/呼吸道传染病监测与早期预警分析/data/raw/chinacdc_monthly/t20241022_301872_87dcd72f39d15135.html
中国疾控中心全国法定传染病疫情情况,https://www.chinacdc.cn/jksj/jksj01/202410/t20241022_301872.html,2024年9月全国法定传染病疫情概况,2024,9,全国,脊髓灰质炎,甲乙类合计,0,0,,,2026-05-28 00:56:43,/Users/zhoujia/code/大数据期末实验/大模型助力大数据分析/呼吸道传染病监测与早期预警分析/data/raw/chinacdc_monthly/t20241022_301872_87dcd72f39d15135.html
中国疾控中心全国法定传染病疫情情况,https://www.chinacdc.cn/jksj/jksj01/202410/t20241022_301872.html,2024年9月全国法定传染病疫情概况,2024,9,全国,人感染高致病性禽流感,甲乙类合计,0,0,,,2026-05-28 00:56:43,/Users/zhoujia/code/大数据期末实验/大模型助力大数据分析/呼吸道传染病监测与早期预警分析/data/raw/chinacdc_monthly/t20241022_301872_87dcd72f39d15135.html
中国疾控中心全国法定传染病疫情情况,https://www.chinacdc.cn/jksj/jksj01/202410/t20241022_301872.html,2024年9月全国法定传染病疫情概况,2024,9,全国,麻疹,甲乙类合计,118,0,,,2026-05-28 00:56:43,/Users/zhoujia/code/大数据期末实验/大模型助力大数据分析/呼吸道传染病监测与早期预警分析/data/raw/chinacdc_monthly/t20241022_301872_87dcd72f39d15135.html
中国疾控中心全国法定传染病疫情情况,https://www.chinacdc.cn/jksj/jksj01/202410/t20241022_301872.html,2024年9月全国法定传染病疫情概况,2024,9,全国,流行性出血热,甲乙类合计,192,1,,,2026-05-28 00:56:43,/Users/zhoujia/code/大数据期末实验/大模型助力大数据分析/呼吸道传染病监测与早期预警分析/data/raw/chinacdc_monthly/t20241022_301872_87dcd72f39d15135.html
中国疾控中心全国法定传染病疫情情况,https://www.chinacdc.cn/jksj/jksj01/202410/t20241022_301872.html,2024年9月全国法定传染病疫情概况,2024,9,全国,狂犬病,甲乙类合计,17,12,,,2026-05-28 00:56:43,/Users/zhoujia/code/大数据期末实验/大模型助力大数据分析/呼吸道传染病监测与早期预警分析/data/raw/chinacdc_monthly/t20241022_301872_87dcd72f39d15135.html
中国疾控中心全国法定传染病疫情情况,https://www.chinacdc.cn/jksj/jksj01/202410/t20241022_301872.html,2024年9月全国法定传染病疫情概况,2024,9,全国,流行性乙型脑炎,甲乙类合计,71,0,,,2026-05-28 00:56:43,/Users/zhoujia/code/大数据期末实验/大模型助力大数据分析/呼吸道传染病监测与早期预警分析/data/raw/chinacdc_monthly/t20241022_301872_87dcd72f39d15135.html
中国疾控中心全国法定传染病疫情情况,https://www.chinacdc.cn/jksj/jksj01/202410/t20241022_301872.html,2024年9月全国法定传染病疫情概况,2024,9,全国,登革热,甲乙类合计,4845,0,,,2026-05-28 00:56:43,/Users/zhoujia/code/大数据期末实验/大模型助力大数据分析/呼吸道传染病监测与早期预警分析/data/raw/chinacdc_monthly/t20241022_301872_87dcd72f39d15135.html
中国疾控中心全国法定传染病疫情情况,https://www.chinacdc.cn/jksj/jksj01/202410/t20241022_301872.html,2024年9月全国法定传染病疫情概况,2024,9,全国,炭疽,甲乙类合计,90,1,,,2026-05-28 00:56:43,/Users/zhoujia/code/大数据期末实验/大模型助力大数据分析/呼吸道传染病监测与早期预警分析/data/raw/chinacdc_monthly/t20241022_301872_87dcd72f39d15135.html
中国疾控中心全国法定传染病疫情情况,https://www.chinacdc.cn/jksj/jksj01/202410/t20241022_301872.html,2024年9月全国法定传染病疫情概况,2024,9,全国,细菌性和阿米巴性痢疾,甲乙类合计,3564,0,,,2026-05-28 00:56:43,/Users/zhoujia/code/大数据期末实验/大模型助力大数据分析/呼吸道传染病监测与早期预警分析/data/raw/chinacdc_monthly/t20241022_301872_87dcd72f39d15135.html
中国疾控中心全国法定传染病疫情情况,https://www.chinacdc.cn/jksj/jksj01/202410/t20241022_301872.html,2024年9月全国法定传染病疫情概况,2024,9,全国,肺结核,甲乙类合计,55609,247,,,2026-05-28 00:56:43,/Users/zhoujia/code/大数据期末实验/大模型助力大数据分析/呼吸道传染病监测与早期预警分析/data/raw/chinacdc_monthly/t20241022_301872_87dcd72f39d15135.html
中国疾控中心全国法定传染病疫情情况,https://www.chinacdc.cn/jksj/jksj01/202410/t20241022_301872.html,2024年9月全国法定传染病疫情概况,2024,9,全国,伤寒和副伤寒,甲乙类合计,612,0,,,2026-05-28 00:56:43,/Users/zhoujia/code/大数据期末实验/大模型助力大数据分析/呼吸道传染病监测与早期预警分析/data/raw/chinacdc_monthly/t20241022_301872_87dcd72f39d15135.html
中国疾控中心全国法定传染病疫情情况,https://www.chinacdc.cn/jksj/jksj01/202410/t20241022_301872.html,2024年9月全国法定传染病疫情概况,2024,9,全国,流行性脑脊髓膜炎,甲乙类合计,5,0,,,2026-05-28 00:56:43,/Users/zhoujia/code/大数据期末实验/大模型助力大数据分析/呼吸道传染病监测与早期预警分析/data/raw/chinacdc_monthly/t20241022_301872_87dcd72f39d15135.html
中国疾控中心全国法定传染病疫情情况,https://www.chinacdc.cn/jksj/jksj01/202410/t20241022_301872.html,2024年9月全国法定传染病疫情概况,2024,9,全国,百日咳,甲乙类合计,17316,2,,,2026-05-28 00:56:43,/Users/zhoujia/code/大数据期末实验/大模型助力大数据分析/呼吸道传染病监测与早期预警分析/data/raw/chinacdc_monthly/t20241022_301872_87dcd72f39d15135.html
中国疾控中心全国法定传染病疫情情况,https://www.chinacdc.cn/jksj/jksj01/202410/t20241022_301872.html,2024年9月全国法定传染病疫情概况,2024,9,全国,白喉,甲乙类合计,0,0,,,2026-05-28 00:56:43,/Users/zhoujia/code/大数据期末实验/大模型助力大数据分析/呼吸道传染病监测与早期预警分析/data/raw/chinacdc_monthly/t20241022_301872_87dcd72f39d15135.html
中国疾控中心全国法定传染病疫情情况,https://www.chinacdc.cn/jksj/jksj01/202410/t20241022_301872.html,2024年9月全国法定传染病疫情概况,2024,9,全国,新生儿破伤风,甲乙类合计,2,0,,,2026-05-28 00:56:43,/Users/zhoujia/code/大数据期末实验/大模型助力大数据分析/呼吸道传染病监测与早期预警分析/data/raw/chinacdc_monthly/t20241022_301872_87dcd72f39d15135.html
中国疾控中心全国法定传染病疫情情况,https://www.chinacdc.cn/jksj/jksj01/202410/t20241022_301872.html,2024年9月全国法定传染病疫情概况,2024,9,全国,猩红热,甲乙类合计,2179,0,,,2026-05-28 00:56:43,/Users/zhoujia/code/大数据期末实验/大模型助力大数据分析/呼吸道传染病监测与早期预警分析/data/raw/chinacdc_monthly/t20241022_301872_87dcd72f39d15135.html
中国疾控中心全国法定传染病疫情情况,https://www.chinacdc.cn/jksj/jksj01/202410/t20241022_301872.html,2024年9月全国法定传染病疫情概况,2024,9,全国,布鲁氏菌病,甲乙类合计,4612,1,,,2026-05-28 00:56:43,/Users/zhoujia/code/大数据期末实验/大模型助力大数据分析/呼吸道传染病监测与早期预警分析/data/raw/chinacdc_monthly/t20241022_301872_87dcd72f39d15135.html
中国疾控中心全国法定传染病疫情情况,https://www.chinacdc.cn/jksj/jksj01/202410/t20241022_301872.html,2024年9月全国法定传染病疫情概况,2024,9,全国,淋病,甲乙类合计,8923,0,,,2026-05-28 00:56:43,/Users/zhoujia/code/大数据期末实验/大模型助力大数据分析/呼吸道传染病监测与早期预警分析/data/raw/chinacdc_monthly/t20241022_301872_87dcd72f39d15135.html
中国疾控中心全国法定传染病疫情情况,https://www.chinacdc.cn/jksj/jksj01/202410/t20241022_301872.html,2024年9月全国法定传染病疫情概况,2024,9,全国,梅毒,甲乙类合计,54136,3,,,2026-05-28 00:56:43,/Users/zhoujia/code/大数据期末实验/大模型助力大数据分析/呼吸道传染病监测与早期预警分析/data/raw/chinacdc_monthly/t20241022_301872_87dcd72f39d15135.html
中国疾控中心全国法定传染病疫情情况,https://www.chinacdc.cn/jksj/jksj01/202410/t20241022_301872.html,2024年9月全国法定传染病疫情概况,2024,9,全国,钩端螺旋体病,甲乙类合计,128,0,,,2026-05-28 00:56:43,/Users/zhoujia/code/大数据期末实验/大模型助力大数据分析/呼吸道传染病监测与早期预警分析/data/raw/chinacdc_monthly/t20241022_301872_87dcd72f39d15135.html
中国疾控中心全国法定传染病疫情情况,https://www.chinacdc.cn/jksj/jksj01/202410/t20241022_301872.html,2024年9月全国法定传染病疫情概况,2024,9,全国,血吸虫病,甲乙类合计,0,0,,,2026-05-28 00:56:43,/Users/zhoujia/code/大数据期末实验/大模型助力大数据分析/呼吸道传染病监测与早期预警分析/data/raw/chinacdc_monthly/t20241022_301872_87dcd72f39d15135.html
中国疾控中心全国法定传染病疫情情况,https://www.chinacdc.cn/jksj/jksj01/202410/t20241022_301872.html,2024年9月全国法定传染病疫情概况,2024,9,全国,疟疾,甲乙类合计,242,0,,,2026-05-28 00:56:43,/Users/zhoujia/code/大数据期末实验/大模型助力大数据分析/呼吸道传染病监测与早期预警分析/data/raw/chinacdc_monthly/t20241022_301872_87dcd72f39d15135.html
中国疾控中心全国法定传染病疫情情况,https://www.chinacdc.cn/jksj/jksj01/202410/t20241022_301872.html,2024年9月全国法定传染病疫情概况,2024,9,全国,人感染H7N9禽流感,甲乙类合计,0,0,,,2026-05-28 00:56:43,/Users/zhoujia/code/大数据期末实验/大模型助力大数据分析/呼吸道传染病监测与早期预警分析/data/raw/chinacdc_monthly/t20241022_301872_87dcd72f39d15135.html
中国疾控中心全国法定传染病疫情情况,https://www.chinacdc.cn/jksj/jksj01/202410/t20241022_301872.html,2024年9月全国法定传染病疫情概况,2024,9,全国,猴痘,甲乙类合计,46,0,,,2026-05-28 00:56:43,/Users/zhoujia/code/大数据期末实验/大模型助力大数据分析/呼吸道传染病监测与早期预警分析/data/raw/chinacdc_monthly/t20241022_301872_87dcd72f39d15135.html
中国疾控中心全国法定传染病疫情情况,https://www.chinacdc.cn/jksj/jksj01/202410/t20241022_301872.html,2024年9月全国法定传染病疫情概况,2024,9,全国,丙类传染病合计,丙类合计,286123,2,,,2026-05-28 00:56:43,/Users/zhoujia/code/大数据期末实验/大模型助力大数据分析/呼吸道传染病监测与早期预警分析/data/raw/chinacdc_monthly/t20241022_301872_87dcd72f39d15135.html
中国疾控中心全国法定传染病疫情情况,https://www.chinacdc.cn/jksj/jksj01/202410/t20241022_301872.html,2024年9月全国法定传染病疫情概况,2024,9,全国,流行性感冒,丙类合计,117403,0,,,2026-05-28 00:56:43,/Users/zhoujia/code/大数据期末实验/大模型助力大数据分析/呼吸道传染病监测与早期预警分析/data/raw/chinacdc_monthly/t20241022_301872_87dcd72f39d15135.html
中国疾控中心全国法定传染病疫情情况,https://www.chinacdc.cn/jksj/jksj01/202410/t20241022_301872.html,2024年9月全国法定传染病疫情概况,2024,9,全国,流行性腮腺炎,丙类合计,9657,0,,,2026-05-28 00:56:43,/Users/zhoujia/code/大数据期末实验/大模型助力大数据分析/呼吸道传染病监测与早期预警分析/data/raw/chinacdc_monthly/t20241022_301872_87dcd72f39d15135.html
中国疾控中心全国法定传染病疫情情况,https://www.chinacdc.cn/jksj/jksj01/202410/t20241022_301872.html,2024年9月全国法定传染病疫情概况,2024,9,全国,风疹,丙类合计,39,0,,,2026-05-28 00:56:43,/Users/zhoujia/code/大数据期末实验/大模型助力大数据分析/呼吸道传染病监测与早期预警分析/data/raw/chinacdc_monthly/t20241022_301872_87dcd72f39d15135.html
中国疾控中心全国法定传染病疫情情况,https://www.chinacdc.cn/jksj/jksj01/202410/t20241022_301872.html,2024年9月全国法定传染病疫情概况,2024,9,全国,急性出血性结膜炎,丙类合计,2156,0,,,2026-05-28 00:56:43,/Users/zhoujia/code/大数据期末实验/大模型助力大数据分析/呼吸道传染病监测与早期预警分析/data/raw/chinacdc_monthly/t20241022_301872_87dcd72f39d15135.html
中国疾控中心全国法定传染病疫情情况,https://www.chinacdc.cn/jksj/jksj01/202410/t20241022_301872.html,2024年9月全国法定传染病疫情概况,2024,9,全国,麻风病,丙类合计,10,0,,,2026-05-28 00:56:43,/Users/zhoujia/code/大数据期末实验/大模型助力大数据分析/呼吸道传染病监测与早期预警分析/data/raw/chinacdc_monthly/t20241022_301872_87dcd72f39d15135.html
中国疾控中心全国法定传染病疫情情况,https://www.chinacdc.cn/jksj/jksj01/202410/t20241022_301872.html,2024年9月全国法定传染病疫情概况,2024,9,全国,流行性和地方性 斑疹伤寒,丙类合计,188,0,,,2026-05-28 00:56:43,/Users/zhoujia/code/大数据期末实验/大模型助力大数据分析/呼吸道传染病监测与早期预警分析/data/raw/chinacdc_monthly/t20241022_301872_87dcd72f39d15135.html
中国疾控中心全国法定传染病疫情情况,https://www.chinacdc.cn/jksj/jksj01/202410/t20241022_301872.html,2024年9月全国法定传染病疫情概况,2024,9,全国,黑热病,丙类合计,33,0,,,2026-05-28 00:56:43,/Users/zhoujia/code/大数据期末实验/大模型助力大数据分析/呼吸道传染病监测与早期预警分析/data/raw/chinacdc_monthly/t20241022_301872_87dcd72f39d15135.html
中国疾控中心全国法定传染病疫情情况,https://www.chinacdc.cn/jksj/jksj01/202410/t20241022_301872.html,2024年9月全国法定传染病疫情概况,2024,9,全国,包虫病,丙类合计,407,2,,,2026-05-28 00:56:43,/Users/zhoujia/code/大数据期末实验/大模型助力大数据分析/呼吸道传染病监测与早期预警分析/data/raw/chinacdc_monthly/t20241022_301872_87dcd72f39d15135.html
中国疾控中心全国法定传染病疫情情况,https://www.chinacdc.cn/jksj/jksj01/202410/t20241022_301872.html,2024年9月全国法定传染病疫情概况,2024,9,全国,丝虫病,丙类合计,0,0,,,2026-05-28 00:56:43,/Users/zhoujia/code/大数据期末实验/大模型助力大数据分析/呼吸道传染病监测与早期预警分析/data/raw/chinacdc_monthly/t20241022_301872_87dcd72f39d15135.html
中国疾控中心全国法定传染病疫情情况,https://www.chinacdc.cn/jksj/jksj01/202410/t20241022_301872.html,2024年9月全国法定传染病疫情概况,2024,9,全国,其他感染性腹泻病,丙类合计,121176,0,,,2026-05-28 00:56:43,/Users/zhoujia/code/大数据期末实验/大模型助力大数据分析/呼吸道传染病监测与早期预警分析/data/raw/chinacdc_monthly/t20241022_301872_87dcd72f39d15135.html
中国疾控中心全国法定传染病疫情情况,https://www.chinacdc.cn/jksj/jksj01/202410/t20241022_301872.html,2024年9月全国法定传染病疫情概况,2024,9,全国,手足口病,丙类合计,35054,0,,,2026-05-28 00:56:43,/Users/zhoujia/code/大数据期末实验/大模型助力大数据分析/呼吸道传染病监测与早期预警分析/data/raw/chinacdc_monthly/t20241022_301872_87dcd72f39d15135.html
中国疾控中心全国法定传染病疫情情况,https://www.chinacdc.cn/jksj/jksj01/202409/t20240919_300082.html,2024年8月全国法定传染病疫情概况,2024,8,全国,甲乙丙类总计,甲乙丙类总计,719686,2366,,,2026-05-28 00:56:43,/Users/zhoujia/code/大数据期末实验/大模型助力大数据分析/呼吸道传染病监测与早期预警分析/data/raw/chinacdc_monthly/t20240919_300082_4a3be7a70b20691a.html
中国疾控中心全国法定传染病疫情情况,https://www.chinacdc.cn/jksj/jksj01/202409/t20240919_300082.html,2024年8月全国法定传染病疫情概况,2024,8,全国,甲乙类传染病合计,甲乙类合计,353682,2365,,,2026-05-28 00:56:43,/Users/zhoujia/code/大数据期末实验/大模型助力大数据分析/呼吸道传染病监测与早期预警分析/data/raw/chinacdc_monthly/t20240919_300082_4a3be7a70b20691a.html
中国疾控中心全国法定传染病疫情情况,https://www.chinacdc.cn/jksj/jksj01/202409/t20240919_300082.html,2024年8月全国法定传染病疫情概况,2024,8,全国,鼠疫,甲乙类合计,2,1,,,2026-05-28 00:56:43,/Users/zhoujia/code/大数据期末实验/大模型助力大数据分析/呼吸道传染病监测与早期预警分析/data/raw/chinacdc_monthly/t20240919_300082_4a3be7a70b20691a.html
中国疾控中心全国法定传染病疫情情况,https://www.chinacdc.cn/jksj/jksj01/202409/t20240919_300082.html,2024年8月全国法定传染病疫情概况,2024,8,全国,霍乱,甲乙类合计,4,0,,,2026-05-28 00:56:43,/Users/zhoujia/code/大数据期末实验/大模型助力大数据分析/呼吸道传染病监测与早期预警分析/data/raw/chinacdc_monthly/t20240919_300082_4a3be7a70b20691a.html
中国疾控中心全国法定传染病疫情情况,https://www.chinacdc.cn/jksj/jksj01/202409/t20240919_300082.html,2024年8月全国法定传染病疫情概况,2024,8,全国,传染性非典型肺炎,甲乙类合计,0,0,,,2026-05-28 00:56:43,/Users/zhoujia/code/大数据期末实验/大模型助力大数据分析/呼吸道传染病监测与早期预警分析/data/raw/chinacdc_monthly/t20240919_300082_4a3be7a70b20691a.html
中国疾控中心全国法定传染病疫情情况,https://www.chinacdc.cn/jksj/jksj01/202409/t20240919_300082.html,2024年8月全国法定传染病疫情概况,2024,8,全国,艾滋病 **,甲乙类合计,4485,1612,,,2026-05-28 00:56:43,/Users/zhoujia/code/大数据期末实验/大模型助力大数据分析/呼吸道传染病监测与早期预警分析/data/raw/chinacdc_monthly/t20240919_300082_4a3be7a70b20691a.html
中国疾控中心全国法定传染病疫情情况,https://www.chinacdc.cn/jksj/jksj01/202409/t20240919_300082.html,2024年8月全国法定传染病疫情概况,2024,8,全国,病毒性肝炎 ***,甲乙类合计,163748,438,,,2026-05-28 00:56:43,/Users/zhoujia/code/大数据期末实验/大模型助力大数据分析/呼吸道传染病监测与早期预警分析/data/raw/chinacdc_monthly/t20240919_300082_4a3be7a70b20691a.html
中国疾控中心全国法定传染病疫情情况,https://www.chinacdc.cn/jksj/jksj01/202409/t20240919_300082.html,2024年8月全国法定传染病疫情概况,2024,8,全国,甲型肝炎,甲乙类合计,1136,0,,,2026-05-28 00:56:43,/Users/zhoujia/code/大数据期末实验/大模型助力大数据分析/呼吸道传染病监测与早期预警分析/data/raw/chinacdc_monthly/t20240919_300082_4a3be7a70b20691a.html
中国疾控中心全国法定传染病疫情情况,https://www.chinacdc.cn/jksj/jksj01/202409/t20240919_300082.html,2024年8月全国法定传染病疫情概况,2024,8,全国,乙型肝炎,甲乙类合计,140045,42,,,2026-05-28 00:56:43,/Users/zhoujia/code/大数据期末实验/大模型助力大数据分析/呼吸道传染病监测与早期预警分析/data/raw/chinacdc_monthly/t20240919_300082_4a3be7a70b20691a.html
中国疾控中心全国法定传染病疫情情况,https://www.chinacdc.cn/jksj/jksj01/202409/t20240919_300082.html,2024年8月全国法定传染病疫情概况,2024,8,全国,丙型肝炎,甲乙类合计,19424,395,,,2026-05-28 00:56:43,/Users/zhoujia/code/大数据期末实验/大模型助力大数据分析/呼吸道传染病监测与早期预警分析/data/raw/chinacdc_monthly/t20240919_300082_4a3be7a70b20691a.html
中国疾控中心全国法定传染病疫情情况,https://www.chinacdc.cn/jksj/jksj01/202409/t20240919_300082.html,2024年8月全国法定传染病疫情概况,2024,8,全国,丁型肝炎,甲乙类合计,24,0,,,2026-05-28 00:56:43,/Users/zhoujia/code/大数据期末实验/大模型助力大数据分析/呼吸道传染病监测与早期预警分析/data/raw/chinacdc_monthly/t20240919_300082_4a3be7a70b20691a.html
中国疾控中心全国法定传染病疫情情况,https://www.chinacdc.cn/jksj/jksj01/202409/t20240919_300082.html,2024年8月全国法定传染病疫情概况,2024,8,全国,戊型肝炎,甲乙类合计,2597,1,,,2026-05-28 00:56:43,/Users/zhoujia/code/大数据期末实验/大模型助力大数据分析/呼吸道传染病监测与早期预警分析/data/raw/chinacdc_monthly/t20240919_300082_4a3be7a70b20691a.html
中国疾控中心全国法定传染病疫情情况,https://www.chinacdc.cn/jksj/jksj01/202409/t20240919_300082.html,2024年8月全国法定传染病疫情概况,2024,8,全国,未分型肝炎,甲乙类合计,522,0,,,2026-05-28 00:56:43,/Users/zhoujia/code/大数据期末实验/大模型助力大数据分析/呼吸道传染病监测与早期预警分析/data/raw/chinacdc_monthly/t20240919_300082_4a3be7a70b20691a.html
中国疾控中心全国法定传染病疫情情况,https://www.chinacdc.cn/jksj/jksj01/202409/t20240919_300082.html,2024年8月全国法定传染病疫情概况,2024,8,全国,脊髓灰质炎,甲乙类合计,0,0,,,2026-05-28 00:56:43,/Users/zhoujia/code/大数据期末实验/大模型助力大数据分析/呼吸道传染病监测与早期预警分析/data/raw/chinacdc_monthly/t20240919_300082_4a3be7a70b20691a.html
中国疾控中心全国法定传染病疫情情况,https://www.chinacdc.cn/jksj/jksj01/202409/t20240919_300082.html,2024年8月全国法定传染病疫情概况,2024,8,全国,人感染高致病性禽流感,甲乙类合计,0,0,,,2026-05-28 00:56:43,/Users/zhoujia/code/大数据期末实验/大模型助力大数据分析/呼吸道传染病监测与早期预警分析/data/raw/chinacdc_monthly/t20240919_300082_4a3be7a70b20691a.html
中国疾控中心全国法定传染病疫情情况,https://www.chinacdc.cn/jksj/jksj01/202409/t20240919_300082.html,2024年8月全国法定传染病疫情概况,2024,8,全国,麻疹,甲乙类合计,111,0,,,2026-05-28 00:56:43,/Users/zhoujia/code/大数据期末实验/大模型助力大数据分析/呼吸道传染病监测与早期预警分析/data/raw/chinacdc_monthly/t20240919_300082_4a3be7a70b20691a.html
中国疾控中心全国法定传染病疫情情况,https://www.chinacdc.cn/jksj/jksj01/202409/t20240919_300082.html,2024年8月全国法定传染病疫情概况,2024,8,全国,流行性出血热,甲乙类合计,202,0,,,2026-05-28 00:56:43,/Users/zhoujia/code/大数据期末实验/大模型助力大数据分析/呼吸道传染病监测与早期预警分析/data/raw/chinacdc_monthly/t20240919_300082_4a3be7a70b20691a.html
中国疾控中心全国法定传染病疫情情况,https://www.chinacdc.cn/jksj/jksj01/202409/t20240919_300082.html,2024年8月全国法定传染病疫情概况,2024,8,全国,狂犬病,甲乙类合计,18,19,,,2026-05-28 00:56:43,/Users/zhoujia/code/大数据期末实验/大模型助力大数据分析/呼吸道传染病监测与早期预警分析/data/raw/chinacdc_monthly/t20240919_300082_4a3be7a70b20691a.html
中国疾控中心全国法定传染病疫情情况,https://www.chinacdc.cn/jksj/jksj01/202409/t20240919_300082.html,2024年8月全国法定传染病疫情概况,2024,8,全国,流行性乙型脑炎,甲乙类合计,16,0,,,2026-05-28 00:56:43,/Users/zhoujia/code/大数据期末实验/大模型助力大数据分析/呼吸道传染病监测与早期预警分析/data/raw/chinacdc_monthly/t20240919_300082_4a3be7a70b20691a.html
中国疾控中心全国法定传染病疫情情况,https://www.chinacdc.cn/jksj/jksj01/202409/t20240919_300082.html,2024年8月全国法定传染病疫情概况,2024,8,全国,登革热,甲乙类合计,1801,0,,,2026-05-28 00:56:43,/Users/zhoujia/code/大数据期末实验/大模型助力大数据分析/呼吸道传染病监测与早期预警分析/data/raw/chinacdc_monthly/t20240919_300082_4a3be7a70b20691a.html
中国疾控中心全国法定传染病疫情情况,https://www.chinacdc.cn/jksj/jksj01/202409/t20240919_300082.html,2024年8月全国法定传染病疫情概况,2024,8,全国,炭疽,甲乙类合计,91,1,,,2026-05-28 00:56:43,/Users/zhoujia/code/大数据期末实验/大模型助力大数据分析/呼吸道传染病监测与早期预警分析/data/raw/chinacdc_monthly/t20240919_300082_4a3be7a70b20691a.html
中国疾控中心全国法定传染病疫情情况,https://www.chinacdc.cn/jksj/jksj01/202409/t20240919_300082.html,2024年8月全国法定传染病疫情概况,2024,8,全国,细菌性和阿米巴性痢疾,甲乙类合计,4374,0,,,2026-05-28 00:56:43,/Users/zhoujia/code/大数据期末实验/大模型助力大数据分析/呼吸道传染病监测与早期预警分析/data/raw/chinacdc_monthly/t20240919_300082_4a3be7a70b20691a.html
中国疾控中心全国法定传染病疫情情况,https://www.chinacdc.cn/jksj/jksj01/202409/t20240919_300082.html,2024年8月全国法定传染病疫情概况,2024,8,全国,肺结核 ****,甲乙类合计,57944,289,,,2026-05-28 00:56:43,/Users/zhoujia/code/大数据期末实验/大模型助力大数据分析/呼吸道传染病监测与早期预警分析/data/raw/chinacdc_monthly/t20240919_300082_4a3be7a70b20691a.html
中国疾控中心全国法定传染病疫情情况,https://www.chinacdc.cn/jksj/jksj01/202409/t20240919_300082.html,2024年8月全国法定传染病疫情概况,2024,8,全国,伤寒和副伤寒,甲乙类合计,550,0,,,2026-05-28 00:56:43,/Users/zhoujia/code/大数据期末实验/大模型助力大数据分析/呼吸道传染病监测与早期预警分析/data/raw/chinacdc_monthly/t20240919_300082_4a3be7a70b20691a.html
中国疾控中心全国法定传染病疫情情况,https://www.chinacdc.cn/jksj/jksj01/202409/t20240919_300082.html,2024年8月全国法定传染病疫情概况,2024,8,全国,流行性脑脊髓膜炎,甲乙类合计,11,0,,,2026-05-28 00:56:43,/Users/zhoujia/code/大数据期末实验/大模型助力大数据分析/呼吸道传染病监测与早期预警分析/data/raw/chinacdc_monthly/t20240919_300082_4a3be7a70b20691a.html
中国疾控中心全国法定传染病疫情情况,https://www.chinacdc.cn/jksj/jksj01/202409/t20240919_300082.html,2024年8月全国法定传染病疫情概况,2024,8,全国,百日咳,甲乙类合计,43216,1,,,2026-05-28 00:56:43,/Users/zhoujia/code/大数据期末实验/大模型助力大数据分析/呼吸道传染病监测与早期预警分析/data/raw/chinacdc_monthly/t20240919_300082_4a3be7a70b20691a.html
中国疾控中心全国法定传染病疫情情况,https://www.chinacdc.cn/jksj/jksj01/202409/t20240919_300082.html,2024年8月全国法定传染病疫情概况,2024,8,全国,白喉,甲乙类合计,0,0,,,2026-05-28 00:56:43,/Users/zhoujia/code/大数据期末实验/大模型助力大数据分析/呼吸道传染病监测与早期预警分析/data/raw/chinacdc_monthly/t20240919_300082_4a3be7a70b20691a.html
中国疾控中心全国法定传染病疫情情况,https://www.chinacdc.cn/jksj/jksj01/202409/t20240919_300082.html,2024年8月全国法定传染病疫情概况,2024,8,全国,新生儿破伤风,甲乙类合计,2,0,,,2026-05-28 00:56:43,/Users/zhoujia/code/大数据期末实验/大模型助力大数据分析/呼吸道传染病监测与早期预警分析/data/raw/chinacdc_monthly/t20240919_300082_4a3be7a70b20691a.html
中国疾控中心全国法定传染病疫情情况,https://www.chinacdc.cn/jksj/jksj01/202409/t20240919_300082.html,2024年8月全国法定传染病疫情概况,2024,8,全国,猩红热,甲乙类合计,2028,0,,,2026-05-28 00:56:43,/Users/zhoujia/code/大数据期末实验/大模型助力大数据分析/呼吸道传染病监测与早期预警分析/data/raw/chinacdc_monthly/t20240919_300082_4a3be7a70b20691a.html
中国疾控中心全国法定传染病疫情情况,https://www.chinacdc.cn/jksj/jksj01/202409/t20240919_300082.html,2024年8月全国法定传染病疫情概况,2024,8,全国,布鲁氏菌病,甲乙类合计,6564,0,,,2026-05-28 00:56:43,/Users/zhoujia/code/大数据期末实验/大模型助力大数据分析/呼吸道传染病监测与早期预警分析/data/raw/chinacdc_monthly/t20240919_300082_4a3be7a70b20691a.html
中国疾控中心全国法定传染病疫情情况,https://www.chinacdc.cn/jksj/jksj01/202409/t20240919_300082.html,2024年8月全国法定传染病疫情概况,2024,8,全国,淋病,甲乙类合计,9377,0,,,2026-05-28 00:56:43,/Users/zhoujia/code/大数据期末实验/大模型助力大数据分析/呼吸道传染病监测与早期预警分析/data/raw/chinacdc_monthly/t20240919_300082_4a3be7a70b20691a.html
中国疾控中心全国法定传染病疫情情况,https://www.chinacdc.cn/jksj/jksj01/202409/t20240919_300082.html,2024年8月全国法定传染病疫情概况,2024,8,全国,梅毒,甲乙类合计,58717,3,,,2026-05-28 00:56:43,/Users/zhoujia/code/大数据期末实验/大模型助力大数据分析/呼吸道传染病监测与早期预警分析/data/raw/chinacdc_monthly/t20240919_300082_4a3be7a70b20691a.html
中国疾控中心全国法定传染病疫情情况,https://www.chinacdc.cn/jksj/jksj01/202409/t20240919_300082.html,2024年8月全国法定传染病疫情概况,2024,8,全国,钩端螺旋体病,甲乙类合计,91,0,,,2026-05-28 00:56:43,/Users/zhoujia/code/大数据期末实验/大模型助力大数据分析/呼吸道传染病监测与早期预警分析/data/raw/chinacdc_monthly/t20240919_300082_4a3be7a70b20691a.html
中国疾控中心全国法定传染病疫情情况,https://www.chinacdc.cn/jksj/jksj01/202409/t20240919_300082.html,2024年8月全国法定传染病疫情概况,2024,8,全国,血吸虫病,甲乙类合计,3,0,,,2026-05-28 00:56:43,/Users/zhoujia/code/大数据期末实验/大模型助力大数据分析/呼吸道传染病监测与早期预警分析/data/raw/chinacdc_monthly/t20240919_300082_4a3be7a70b20691a.html
中国疾控中心全国法定传染病疫情情况,https://www.chinacdc.cn/jksj/jksj01/202409/t20240919_300082.html,2024年8月全国法定传染病疫情概况,2024,8,全国,疟疾 *****,甲乙类合计,279,1,,,2026-05-28 00:56:43,/Users/zhoujia/code/大数据期末实验/大模型助力大数据分析/呼吸道传染病监测与早期预警分析/data/raw/chinacdc_monthly/t20240919_300082_4a3be7a70b20691a.html
中国疾控中心全国法定传染病疫情情况,https://www.chinacdc.cn/jksj/jksj01/202409/t20240919_300082.html,2024年8月全国法定传染病疫情概况,2024,8,全国,人感染H7N9禽流感,甲乙类合计,0,0,,,2026-05-28 00:56:43,/Users/zhoujia/code/大数据期末实验/大模型助力大数据分析/呼吸道传染病监测与早期预警分析/data/raw/chinacdc_monthly/t20240919_300082_4a3be7a70b20691a.html
中国疾控中心全国法定传染病疫情情况,https://www.chinacdc.cn/jksj/jksj01/202409/t20240919_300082.html,2024年8月全国法定传染病疫情概况,2024,8,全国,猴痘 ******,甲乙类合计,48,0,,,2026-05-28 00:56:43,/Users/zhoujia/code/大数据期末实验/大模型助力大数据分析/呼吸道传染病监测与早期预警分析/data/raw/chinacdc_monthly/t20240919_300082_4a3be7a70b20691a.html
中国疾控中心全国法定传染病疫情情况,https://www.chinacdc.cn/jksj/jksj01/202409/t20240919_300082.html,2024年8月全国法定传染病疫情概况,2024,8,全国,丙类传染病合计,丙类合计,366004,1,,,2026-05-28 00:56:43,/Users/zhoujia/code/大数据期末实验/大模型助力大数据分析/呼吸道传染病监测与早期预警分析/data/raw/chinacdc_monthly/t20240919_300082_4a3be7a70b20691a.html
中国疾控中心全国法定传染病疫情情况,https://www.chinacdc.cn/jksj/jksj01/202409/t20240919_300082.html,2024年8月全国法定传染病疫情概况,2024,8,全国,流行性感冒,丙类合计,169642,0,,,2026-05-28 00:56:43,/Users/zhoujia/code/大数据期末实验/大模型助力大数据分析/呼吸道传染病监测与早期预警分析/data/raw/chinacdc_monthly/t20240919_300082_4a3be7a70b20691a.html
中国疾控中心全国法定传染病疫情情况,https://www.chinacdc.cn/jksj/jksj01/202409/t20240919_300082.html,2024年8月全国法定传染病疫情概况,2024,8,全国,流行性腮腺炎,丙类合计,6692,0,,,2026-05-28 00:56:43,/Users/zhoujia/code/大数据期末实验/大模型助力大数据分析/呼吸道传染病监测与早期预警分析/data/raw/chinacdc_monthly/t20240919_300082_4a3be7a70b20691a.html
中国疾控中心全国法定传染病疫情情况,https://www.chinacdc.cn/jksj/jksj01/202409/t20240919_300082.html,2024年8月全国法定传染病疫情概况,2024,8,全国,风疹,丙类合计,70,0,,,2026-05-28 00:56:43,/Users/zhoujia/code/大数据期末实验/大模型助力大数据分析/呼吸道传染病监测与早期预警分析/data/raw/chinacdc_monthly/t20240919_300082_4a3be7a70b20691a.html
中国疾控中心全国法定传染病疫情情况,https://www.chinacdc.cn/jksj/jksj01/202409/t20240919_300082.html,2024年8月全国法定传染病疫情概况,2024,8,全国,急性出血性结膜炎,丙类合计,2179,0,,,2026-05-28 00:56:43,/Users/zhoujia/code/大数据期末实验/大模型助力大数据分析/呼吸道传染病监测与早期预警分析/data/raw/chinacdc_monthly/t20240919_300082_4a3be7a70b20691a.html
中国疾控中心全国法定传染病疫情情况,https://www.chinacdc.cn/jksj/jksj01/202409/t20240919_300082.html,2024年8月全国法定传染病疫情概况,2024,8,全国,麻风病,丙类合计,28,0,,,2026-05-28 00:56:43,/Users/zhoujia/code/大数据期末实验/大模型助力大数据分析/呼吸道传染病监测与早期预警分析/data/raw/chinacdc_monthly/t20240919_300082_4a3be7a70b20691a.html
中国疾控中心全国法定传染病疫情情况,https://www.chinacdc.cn/jksj/jksj01/202409/t20240919_300082.html,2024年8月全国法定传染病疫情概况,2024,8,全国,流行性和地方性 斑疹伤寒,丙类合计,207,0,,,2026-05-28 00:56:43,/Users/zhoujia/code/大数据期末实验/大模型助力大数据分析/呼吸道传染病监测与早期预警分析/data/raw/chinacdc_monthly/t20240919_300082_4a3be7a70b20691a.html
中国疾控中心全国法定传染病疫情情况,https://www.chinacdc.cn/jksj/jksj01/202409/t20240919_300082.html,2024年8月全国法定传染病疫情概况,2024,8,全国,黑热病,丙类合计,34,0,,,2026-05-28 00:56:43,/Users/zhoujia/code/大数据期末实验/大模型助力大数据分析/呼吸道传染病监测与早期预警分析/data/raw/chinacdc_monthly/t20240919_300082_4a3be7a70b20691a.html
中国疾控中心全国法定传染病疫情情况,https://www.chinacdc.cn/jksj/jksj01/202409/t20240919_300082.html,2024年8月全国法定传染病疫情概况,2024,8,全国,包虫病,丙类合计,335,0,,,2026-05-28 00:56:43,/Users/zhoujia/code/大数据期末实验/大模型助力大数据分析/呼吸道传染病监测与早期预警分析/data/raw/chinacdc_monthly/t20240919_300082_4a3be7a70b20691a.html
中国疾控中心全国法定传染病疫情情况,https://www.chinacdc.cn/jksj/jksj01/202409/t20240919_300082.html,2024年8月全国法定传染病疫情概况,2024,8,全国,丝虫病,丙类合计,0,0,,,2026-05-28 00:56:43,/Users/zhoujia/code/大数据期末实验/大模型助力大数据分析/呼吸道传染病监测与早期预警分析/data/raw/chinacdc_monthly/t20240919_300082_4a3be7a70b20691a.html
中国疾控中心全国法定传染病疫情情况,https://www.chinacdc.cn/jksj/jksj01/202409/t20240919_300082.html,2024年8月全国法定传染病疫情概况,2024,8,全国,其他感染性腹泻病,丙类合计,144594,1,,,2026-05-28 00:56:43,/Users/zhoujia/code/大数据期末实验/大模型助力大数据分析/呼吸道传染病监测与早期预警分析/data/raw/chinacdc_monthly/t20240919_300082_4a3be7a70b20691a.html
中国疾控中心全国法定传染病疫情情况,https://www.chinacdc.cn/jksj/jksj01/202409/t20240919_300082.html,2024年8月全国法定传染病疫情概况,2024,8,全国,手足口病,丙类合计,42223,0,,,2026-05-28 00:56:43,/Users/zhoujia/code/大数据期末实验/大模型助力大数据分析/呼吸道传染病监测与早期预警分析/data/raw/chinacdc_monthly/t20240919_300082_4a3be7a70b20691a.html
中国疾控中心全国法定传染病疫情情况,https://www.chinacdc.cn/jksj/jksj01/202409/t20240912_299500.html,2024年7月全国法定传染病疫情概况,2024,7,全国,甲乙丙类总计,甲乙丙类总计,1023231,2431,,,2026-05-28 00:56:43,/Users/zhoujia/code/大数据期末实验/大模型助力大数据分析/呼吸道传染病监测与早期预警分析/data/raw/chinacdc_monthly/t20240912_299500_fbf4b672fc80523d.html
中国疾控中心全国法定传染病疫情情况,https://www.chinacdc.cn/jksj/jksj01/202409/t20240912_299500.html,2024年7月全国法定传染病疫情概况,2024,7,全国,甲乙类传染病合计,甲乙类合计,405800,2426,,,2026-05-28 00:56:43,/Users/zhoujia/code/大数据期末实验/大模型助力大数据分析/呼吸道传染病监测与早期预警分析/data/raw/chinacdc_monthly/t20240912_299500_fbf4b672fc80523d.html
中国疾控中心全国法定传染病疫情情况,https://www.chinacdc.cn/jksj/jksj01/202409/t20240912_299500.html,2024年7月全国法定传染病疫情概况,2024,7,全国,鼠疫,甲乙类合计,0,0,,,2026-05-28 00:56:43,/Users/zhoujia/code/大数据期末实验/大模型助力大数据分析/呼吸道传染病监测与早期预警分析/data/raw/chinacdc_monthly/t20240912_299500_fbf4b672fc80523d.html
中国疾控中心全国法定传染病疫情情况,https://www.chinacdc.cn/jksj/jksj01/202409/t20240912_299500.html,2024年7月全国法定传染病疫情概况,2024,7,全国,霍乱,甲乙类合计,5,0,,,2026-05-28 00:56:43,/Users/zhoujia/code/大数据期末实验/大模型助力大数据分析/呼吸道传染病监测与早期预警分析/data/raw/chinacdc_monthly/t20240912_299500_fbf4b672fc80523d.html
中国疾控中心全国法定传染病疫情情况,https://www.chinacdc.cn/jksj/jksj01/202409/t20240912_299500.html,2024年7月全国法定传染病疫情概况,2024,7,全国,传染性非典型肺炎,甲乙类合计,0,0,,,2026-05-28 00:56:43,/Users/zhoujia/code/大数据期末实验/大模型助力大数据分析/呼吸道传染病监测与早期预警分析/data/raw/chinacdc_monthly/t20240912_299500_fbf4b672fc80523d.html
中国疾控中心全国法定传染病疫情情况,https://www.chinacdc.cn/jksj/jksj01/202409/t20240912_299500.html,2024年7月全国法定传染病疫情概况,2024,7,全国,艾滋病 **,甲乙类合计,4832,1729,,,2026-05-28 00:56:43,/Users/zhoujia/code/大数据期末实验/大模型助力大数据分析/呼吸道传染病监测与早期预警分析/data/raw/chinacdc_monthly/t20240912_299500_fbf4b672fc80523d.html
中国疾控中心全国法定传染病疫情情况,https://www.chinacdc.cn/jksj/jksj01/202409/t20240912_299500.html,2024年7月全国法定传染病疫情概况,2024,7,全国,病毒性肝炎 ***,甲乙类合计,170397,330,,,2026-05-28 00:56:43,/Users/zhoujia/code/大数据期末实验/大模型助力大数据分析/呼吸道传染病监测与早期预警分析/data/raw/chinacdc_monthly/t20240912_299500_fbf4b672fc80523d.html
中国疾控中心全国法定传染病疫情情况,https://www.chinacdc.cn/jksj/jksj01/202409/t20240912_299500.html,2024年7月全国法定传染病疫情概况,2024,7,全国,甲型肝炎,甲乙类合计,1206,0,,,2026-05-28 00:56:43,/Users/zhoujia/code/大数据期末实验/大模型助力大数据分析/呼吸道传染病监测与早期预警分析/data/raw/chinacdc_monthly/t20240912_299500_fbf4b672fc80523d.html
中国疾控中心全国法定传染病疫情情况,https://www.chinacdc.cn/jksj/jksj01/202409/t20240912_299500.html,2024年7月全国法定传染病疫情概况,2024,7,全国,乙型肝炎,甲乙类合计,145530,24,,,2026-05-28 00:56:43,/Users/zhoujia/code/大数据期末实验/大模型助力大数据分析/呼吸道传染病监测与早期预警分析/data/raw/chinacdc_monthly/t20240912_299500_fbf4b672fc80523d.html
中国疾控中心全国法定传染病疫情情况,https://www.chinacdc.cn/jksj/jksj01/202409/t20240912_299500.html,2024年7月全国法定传染病疫情概况,2024,7,全国,丙型肝炎,甲乙类合计,20236,305,,,2026-05-28 00:56:43,/Users/zhoujia/code/大数据期末实验/大模型助力大数据分析/呼吸道传染病监测与早期预警分析/data/raw/chinacdc_monthly/t20240912_299500_fbf4b672fc80523d.html
中国疾控中心全国法定传染病疫情情况,https://www.chinacdc.cn/jksj/jksj01/202409/t20240912_299500.html,2024年7月全国法定传染病疫情概况,2024,7,全国,丁型肝炎,甲乙类合计,23,0,,,2026-05-28 00:56:43,/Users/zhoujia/code/大数据期末实验/大模型助力大数据分析/呼吸道传染病监测与早期预警分析/data/raw/chinacdc_monthly/t20240912_299500_fbf4b672fc80523d.html
中国疾控中心全国法定传染病疫情情况,https://www.chinacdc.cn/jksj/jksj01/202409/t20240912_299500.html,2024年7月全国法定传染病疫情概况,2024,7,全国,戊型肝炎,甲乙类合计,2815,1,,,2026-05-28 00:56:43,/Users/zhoujia/code/大数据期末实验/大模型助力大数据分析/呼吸道传染病监测与早期预警分析/data/raw/chinacdc_monthly/t20240912_299500_fbf4b672fc80523d.html
中国疾控中心全国法定传染病疫情情况,https://www.chinacdc.cn/jksj/jksj01/202409/t20240912_299500.html,2024年7月全国法定传染病疫情概况,2024,7,全国,未分型肝炎,甲乙类合计,587,0,,,2026-05-28 00:56:43,/Users/zhoujia/code/大数据期末实验/大模型助力大数据分析/呼吸道传染病监测与早期预警分析/data/raw/chinacdc_monthly/t20240912_299500_fbf4b672fc80523d.html
中国疾控中心全国法定传染病疫情情况,https://www.chinacdc.cn/jksj/jksj01/202409/t20240912_299500.html,2024年7月全国法定传染病疫情概况,2024,7,全国,脊髓灰质炎,甲乙类合计,0,0,,,2026-05-28 00:56:43,/Users/zhoujia/code/大数据期末实验/大模型助力大数据分析/呼吸道传染病监测与早期预警分析/data/raw/chinacdc_monthly/t20240912_299500_fbf4b672fc80523d.html
中国疾控中心全国法定传染病疫情情况,https://www.chinacdc.cn/jksj/jksj01/202409/t20240912_299500.html,2024年7月全国法定传染病疫情概况,2024,7,全国,人感染高致病性禽流感,甲乙类合计,0,0,,,2026-05-28 00:56:43,/Users/zhoujia/code/大数据期末实验/大模型助力大数据分析/呼吸道传染病监测与早期预警分析/data/raw/chinacdc_monthly/t20240912_299500_fbf4b672fc80523d.html
中国疾控中心全国法定传染病疫情情况,https://www.chinacdc.cn/jksj/jksj01/202409/t20240912_299500.html,2024年7月全国法定传染病疫情概况,2024,7,全国,麻疹,甲乙类合计,171,0,,,2026-05-28 00:56:43,/Users/zhoujia/code/大数据期末实验/大模型助力大数据分析/呼吸道传染病监测与早期预警分析/data/raw/chinacdc_monthly/t20240912_299500_fbf4b672fc80523d.html
中国疾控中心全国法定传染病疫情情况,https://www.chinacdc.cn/jksj/jksj01/202409/t20240912_299500.html,2024年7月全国法定传染病疫情概况,2024,7,全国,流行性出血热,甲乙类合计,313,1,,,2026-05-28 00:56:43,/Users/zhoujia/code/大数据期末实验/大模型助力大数据分析/呼吸道传染病监测与早期预警分析/data/raw/chinacdc_monthly/t20240912_299500_fbf4b672fc80523d.html
中国疾控中心全国法定传染病疫情情况,https://www.chinacdc.cn/jksj/jksj01/202409/t20240912_299500.html,2024年7月全国法定传染病疫情概况,2024,7,全国,狂犬病,甲乙类合计,16,11,,,2026-05-28 00:56:43,/Users/zhoujia/code/大数据期末实验/大模型助力大数据分析/呼吸道传染病监测与早期预警分析/data/raw/chinacdc_monthly/t20240912_299500_fbf4b672fc80523d.html
中国疾控中心全国法定传染病疫情情况,https://www.chinacdc.cn/jksj/jksj01/202409/t20240912_299500.html,2024年7月全国法定传染病疫情概况,2024,7,全国,流行性乙型脑炎,甲乙类合计,10,0,,,2026-05-28 00:56:43,/Users/zhoujia/code/大数据期末实验/大模型助力大数据分析/呼吸道传染病监测与早期预警分析/data/raw/chinacdc_monthly/t20240912_299500_fbf4b672fc80523d.html
中国疾控中心全国法定传染病疫情情况,https://www.chinacdc.cn/jksj/jksj01/202409/t20240912_299500.html,2024年7月全国法定传染病疫情概况,2024,7,全国,登革热,甲乙类合计,554,0,,,2026-05-28 00:56:43,/Users/zhoujia/code/大数据期末实验/大模型助力大数据分析/呼吸道传染病监测与早期预警分析/data/raw/chinacdc_monthly/t20240912_299500_fbf4b672fc80523d.html
中国疾控中心全国法定传染病疫情情况,https://www.chinacdc.cn/jksj/jksj01/202409/t20240912_299500.html,2024年7月全国法定传染病疫情概况,2024,7,全国,炭疽,甲乙类合计,56,0,,,2026-05-28 00:56:43,/Users/zhoujia/code/大数据期末实验/大模型助力大数据分析/呼吸道传染病监测与早期预警分析/data/raw/chinacdc_monthly/t20240912_299500_fbf4b672fc80523d.html
中国疾控中心全国法定传染病疫情情况,https://www.chinacdc.cn/jksj/jksj01/202409/t20240912_299500.html,2024年7月全国法定传染病疫情概况,2024,7,全国,细菌性和阿米巴性痢疾,甲乙类合计,4512,0,,,2026-05-28 00:56:43,/Users/zhoujia/code/大数据期末实验/大模型助力大数据分析/呼吸道传染病监测与早期预警分析/data/raw/chinacdc_monthly/t20240912_299500_fbf4b672fc80523d.html
中国疾控中心全国法定传染病疫情情况,https://www.chinacdc.cn/jksj/jksj01/202409/t20240912_299500.html,2024年7月全国法定传染病疫情概况,2024,7,全国,肺结核 ****,甲乙类合计,62437,346,,,2026-05-28 00:56:43,/Users/zhoujia/code/大数据期末实验/大模型助力大数据分析/呼吸道传染病监测与早期预警分析/data/raw/chinacdc_monthly/t20240912_299500_fbf4b672fc80523d.html
中国疾控中心全国法定传染病疫情情况,https://www.chinacdc.cn/jksj/jksj01/202409/t20240912_299500.html,2024年7月全国法定传染病疫情概况,2024,7,全国,伤寒和副伤寒,甲乙类合计,557,0,,,2026-05-28 00:56:43,/Users/zhoujia/code/大数据期末实验/大模型助力大数据分析/呼吸道传染病监测与早期预警分析/data/raw/chinacdc_monthly/t20240912_299500_fbf4b672fc80523d.html
中国疾控中心全国法定传染病疫情情况,https://www.chinacdc.cn/jksj/jksj01/202409/t20240912_299500.html,2024年7月全国法定传染病疫情概况,2024,7,全国,流行性脑脊髓膜炎,甲乙类合计,9,2,,,2026-05-28 00:56:43,/Users/zhoujia/code/大数据期末实验/大模型助力大数据分析/呼吸道传染病监测与早期预警分析/data/raw/chinacdc_monthly/t20240912_299500_fbf4b672fc80523d.html
中国疾控中心全国法定传染病疫情情况,https://www.chinacdc.cn/jksj/jksj01/202409/t20240912_299500.html,2024年7月全国法定传染病疫情概况,2024,7,全国,百日咳,甲乙类合计,74964,0,,,2026-05-28 00:56:43,/Users/zhoujia/code/大数据期末实验/大模型助力大数据分析/呼吸道传染病监测与早期预警分析/data/raw/chinacdc_monthly/t20240912_299500_fbf4b672fc80523d.html
中国疾控中心全国法定传染病疫情情况,https://www.chinacdc.cn/jksj/jksj01/202409/t20240912_299500.html,2024年7月全国法定传染病疫情概况,2024,7,全国,白喉,甲乙类合计,0,0,,,2026-05-28 00:56:43,/Users/zhoujia/code/大数据期末实验/大模型助力大数据分析/呼吸道传染病监测与早期预警分析/data/raw/chinacdc_monthly/t20240912_299500_fbf4b672fc80523d.html
中国疾控中心全国法定传染病疫情情况,https://www.chinacdc.cn/jksj/jksj01/202409/t20240912_299500.html,2024年7月全国法定传染病疫情概况,2024,7,全国,新生儿破伤风,甲乙类合计,2,0,,,2026-05-28 00:56:43,/Users/zhoujia/code/大数据期末实验/大模型助力大数据分析/呼吸道传染病监测与早期预警分析/data/raw/chinacdc_monthly/t20240912_299500_fbf4b672fc80523d.html
中国疾控中心全国法定传染病疫情情况,https://www.chinacdc.cn/jksj/jksj01/202409/t20240912_299500.html,2024年7月全国法定传染病疫情概况,2024,7,全国,猩红热,甲乙类合计,6309,0,,,2026-05-28 00:56:43,/Users/zhoujia/code/大数据期末实验/大模型助力大数据分析/呼吸道传染病监测与早期预警分析/data/raw/chinacdc_monthly/t20240912_299500_fbf4b672fc80523d.html
中国疾控中心全国法定传染病疫情情况,https://www.chinacdc.cn/jksj/jksj01/202409/t20240912_299500.html,2024年7月全国法定传染病疫情概况,2024,7,全国,布鲁氏菌病,甲乙类合计,8272,0,,,2026-05-28 00:56:43,/Users/zhoujia/code/大数据期末实验/大模型助力大数据分析/呼吸道传染病监测与早期预警分析/data/raw/chinacdc_monthly/t20240912_299500_fbf4b672fc80523d.html
中国疾控中心全国法定传染病疫情情况,https://www.chinacdc.cn/jksj/jksj01/202409/t20240912_299500.html,2024年7月全国法定传染病疫情概况,2024,7,全国,淋病,甲乙类合计,9571,0,,,2026-05-28 00:56:43,/Users/zhoujia/code/大数据期末实验/大模型助力大数据分析/呼吸道传染病监测与早期预警分析/data/raw/chinacdc_monthly/t20240912_299500_fbf4b672fc80523d.html
中国疾控中心全国法定传染病疫情情况,https://www.chinacdc.cn/jksj/jksj01/202409/t20240912_299500.html,2024年7月全国法定传染病疫情概况,2024,7,全国,梅毒,甲乙类合计,62430,5,,,2026-05-28 00:56:43,/Users/zhoujia/code/大数据期末实验/大模型助力大数据分析/呼吸道传染病监测与早期预警分析/data/raw/chinacdc_monthly/t20240912_299500_fbf4b672fc80523d.html
中国疾控中心全国法定传染病疫情情况,https://www.chinacdc.cn/jksj/jksj01/202409/t20240912_299500.html,2024年7月全国法定传染病疫情概况,2024,7,全国,钩端螺旋体病,甲乙类合计,37,0,,,2026-05-28 00:56:43,/Users/zhoujia/code/大数据期末实验/大模型助力大数据分析/呼吸道传染病监测与早期预警分析/data/raw/chinacdc_monthly/t20240912_299500_fbf4b672fc80523d.html
中国疾控中心全国法定传染病疫情情况,https://www.chinacdc.cn/jksj/jksj01/202409/t20240912_299500.html,2024年7月全国法定传染病疫情概况,2024,7,全国,血吸虫病,甲乙类合计,1,0,,,2026-05-28 00:56:43,/Users/zhoujia/code/大数据期末实验/大模型助力大数据分析/呼吸道传染病监测与早期预警分析/data/raw/chinacdc_monthly/t20240912_299500_fbf4b672fc80523d.html
中国疾控中心全国法定传染病疫情情况,https://www.chinacdc.cn/jksj/jksj01/202409/t20240912_299500.html,2024年7月全国法定传染病疫情概况,2024,7,全国,疟疾 *****,甲乙类合计,306,2,,,2026-05-28 00:56:43,/Users/zhoujia/code/大数据期末实验/大模型助力大数据分析/呼吸道传染病监测与早期预警分析/data/raw/chinacdc_monthly/t20240912_299500_fbf4b672fc80523d.html
中国疾控中心全国法定传染病疫情情况,https://www.chinacdc.cn/jksj/jksj01/202409/t20240912_299500.html,2024年7月全国法定传染病疫情概况,2024,7,全国,人感染H7N9禽流感,甲乙类合计,0,0,,,2026-05-28 00:56:43,/Users/zhoujia/code/大数据期末实验/大模型助力大数据分析/呼吸道传染病监测与早期预警分析/data/raw/chinacdc_monthly/t20240912_299500_fbf4b672fc80523d.html
中国疾控中心全国法定传染病疫情情况,https://www.chinacdc.cn/jksj/jksj01/202409/t20240912_299500.html,2024年7月全国法定传染病疫情概况,2024,7,全国,猴痘 ******,甲乙类合计,39,0,,,2026-05-28 00:56:43,/Users/zhoujia/code/大数据期末实验/大模型助力大数据分析/呼吸道传染病监测与早期预警分析/data/raw/chinacdc_monthly/t20240912_299500_fbf4b672fc80523d.html
中国疾控中心全国法定传染病疫情情况,https://www.chinacdc.cn/jksj/jksj01/202409/t20240912_299500.html,2024年7月全国法定传染病疫情概况,2024,7,全国,丙类传染病合计,丙类合计,617431,5,,,2026-05-28 00:56:43,/Users/zhoujia/code/大数据期末实验/大模型助力大数据分析/呼吸道传染病监测与早期预警分析/data/raw/chinacdc_monthly/t20240912_299500_fbf4b672fc80523d.html
中国疾控中心全国法定传染病疫情情况,https://www.chinacdc.cn/jksj/jksj01/202409/t20240912_299500.html,2024年7月全国法定传染病疫情概况,2024,7,全国,流行性感冒,丙类合计,300232,0,,,2026-05-28 00:56:43,/Users/zhoujia/code/大数据期末实验/大模型助力大数据分析/呼吸道传染病监测与早期预警分析/data/raw/chinacdc_monthly/t20240912_299500_fbf4b672fc80523d.html
中国疾控中心全国法定传染病疫情情况,https://www.chinacdc.cn/jksj/jksj01/202409/t20240912_299500.html,2024年7月全国法定传染病疫情概况,2024,7,全国,流行性腮腺炎,丙类合计,8438,0,,,2026-05-28 00:56:43,/Users/zhoujia/code/大数据期末实验/大模型助力大数据分析/呼吸道传染病监测与早期预警分析/data/raw/chinacdc_monthly/t20240912_299500_fbf4b672fc80523d.html
中国疾控中心全国法定传染病疫情情况,https://www.chinacdc.cn/jksj/jksj01/202409/t20240912_299500.html,2024年7月全国法定传染病疫情概况,2024,7,全国,风疹,丙类合计,64,0,,,2026-05-28 00:56:43,/Users/zhoujia/code/大数据期末实验/大模型助力大数据分析/呼吸道传染病监测与早期预警分析/data/raw/chinacdc_monthly/t20240912_299500_fbf4b672fc80523d.html
中国疾控中心全国法定传染病疫情情况,https://www.chinacdc.cn/jksj/jksj01/202409/t20240912_299500.html,2024年7月全国法定传染病疫情概况,2024,7,全国,急性出血性结膜炎,丙类合计,2867,0,,,2026-05-28 00:56:43,/Users/zhoujia/code/大数据期末实验/大模型助力大数据分析/呼吸道传染病监测与早期预警分析/data/raw/chinacdc_monthly/t20240912_299500_fbf4b672fc80523d.html
中国疾控中心全国法定传染病疫情情况,https://www.chinacdc.cn/jksj/jksj01/202409/t20240912_299500.html,2024年7月全国法定传染病疫情概况,2024,7,全国,麻风病,丙类合计,21,0,,,2026-05-28 00:56:43,/Users/zhoujia/code/大数据期末实验/大模型助力大数据分析/呼吸道传染病监测与早期预警分析/data/raw/chinacdc_monthly/t20240912_299500_fbf4b672fc80523d.html
中国疾控中心全国法定传染病疫情情况,https://www.chinacdc.cn/jksj/jksj01/202409/t20240912_299500.html,2024年7月全国法定传染病疫情概况,2024,7,全国,流行性和地方性 斑疹伤寒,丙类合计,179,0,,,2026-05-28 00:56:43,/Users/zhoujia/code/大数据期末实验/大模型助力大数据分析/呼吸道传染病监测与早期预警分析/data/raw/chinacdc_monthly/t20240912_299500_fbf4b672fc80523d.html
中国疾控中心全国法定传染病疫情情况,https://www.chinacdc.cn/jksj/jksj01/202409/t20240912_299500.html,2024年7月全国法定传染病疫情概况,2024,7,全国,黑热病,丙类合计,27,0,,,2026-05-28 00:56:43,/Users/zhoujia/code/大数据期末实验/大模型助力大数据分析/呼吸道传染病监测与早期预警分析/data/raw/chinacdc_monthly/t20240912_299500_fbf4b672fc80523d.html
中国疾控中心全国法定传染病疫情情况,https://www.chinacdc.cn/jksj/jksj01/202409/t20240912_299500.html,2024年7月全国法定传染病疫情概况,2024,7,全国,包虫病,丙类合计,461,5,,,2026-05-28 00:56:43,/Users/zhoujia/code/大数据期末实验/大模型助力大数据分析/呼吸道传染病监测与早期预警分析/data/raw/chinacdc_monthly/t20240912_299500_fbf4b672fc80523d.html
中国疾控中心全国法定传染病疫情情况,https://www.chinacdc.cn/jksj/jksj01/202409/t20240912_299500.html,2024年7月全国法定传染病疫情概况,2024,7,全国,丝虫病,丙类合计,0,0,,,2026-05-28 00:56:43,/Users/zhoujia/code/大数据期末实验/大模型助力大数据分析/呼吸道传染病监测与早期预警分析/data/raw/chinacdc_monthly/t20240912_299500_fbf4b672fc80523d.html
中国疾控中心全国法定传染病疫情情况,https://www.chinacdc.cn/jksj/jksj01/202409/t20240912_299500.html,2024年7月全国法定传染病疫情概况,2024,7,全国,其他感染性腹泻病,丙类合计,134419,0,,,2026-05-28 00:56:43,/Users/zhoujia/code/大数据期末实验/大模型助力大数据分析/呼吸道传染病监测与早期预警分析/data/raw/chinacdc_monthly/t20240912_299500_fbf4b672fc80523d.html
中国疾控中心全国法定传染病疫情情况,https://www.chinacdc.cn/jksj/jksj01/202409/t20240912_299500.html,2024年7月全国法定传染病疫情概况,2024,7,全国,手足口病,丙类合计,170723,0,,,2026-05-28 00:56:43,/Users/zhoujia/code/大数据期末实验/大模型助力大数据分析/呼吸道传染病监测与早期预警分析/data/raw/chinacdc_monthly/t20240912_299500_fbf4b672fc80523d.html
中国疾控中心全国法定传染病疫情情况,https://www.chinacdc.cn/jksj/jksj01/202407/t20240731_287639.html,2024年6月全国法定传染病疫情概况,2024,6,全国,甲乙丙类总计,甲乙丙类总计,1117408,2254,,,2026-05-28 00:56:43,/Users/zhoujia/code/大数据期末实验/大模型助力大数据分析/呼吸道传染病监测与早期预警分析/data/raw/chinacdc_monthly/t20240731_287639_8eec11f2418dc2bb.html
中国疾控中心全国法定传染病疫情情况,https://www.chinacdc.cn/jksj/jksj01/202407/t20240731_287639.html,2024年6月全国法定传染病疫情概况,2024,6,全国,甲乙类传染病合计,甲乙类合计,390682,2253,,,2026-05-28 00:56:43,/Users/zhoujia/code/大数据期末实验/大模型助力大数据分析/呼吸道传染病监测与早期预警分析/data/raw/chinacdc_monthly/t20240731_287639_8eec11f2418dc2bb.html
中国疾控中心全国法定传染病疫情情况,https://www.chinacdc.cn/jksj/jksj01/202407/t20240731_287639.html,2024年6月全国法定传染病疫情概况,2024,6,全国,鼠疫,甲乙类合计,0,0,,,2026-05-28 00:56:43,/Users/zhoujia/code/大数据期末实验/大模型助力大数据分析/呼吸道传染病监测与早期预警分析/data/raw/chinacdc_monthly/t20240731_287639_8eec11f2418dc2bb.html
中国疾控中心全国法定传染病疫情情况,https://www.chinacdc.cn/jksj/jksj01/202407/t20240731_287639.html,2024年6月全国法定传染病疫情概况,2024,6,全国,霍乱,甲乙类合计,0,0,,,2026-05-28 00:56:43,/Users/zhoujia/code/大数据期末实验/大模型助力大数据分析/呼吸道传染病监测与早期预警分析/data/raw/chinacdc_monthly/t20240731_287639_8eec11f2418dc2bb.html
中国疾控中心全国法定传染病疫情情况,https://www.chinacdc.cn/jksj/jksj01/202407/t20240731_287639.html,2024年6月全国法定传染病疫情概况,2024,6,全国,传染性非典型肺炎,甲乙类合计,0,0,,,2026-05-28 00:56:43,/Users/zhoujia/code/大数据期末实验/大模型助力大数据分析/呼吸道传染病监测与早期预警分析/data/raw/chinacdc_monthly/t20240731_287639_8eec11f2418dc2bb.html
中国疾控中心全国法定传染病疫情情况,https://www.chinacdc.cn/jksj/jksj01/202407/t20240731_287639.html,2024年6月全国法定传染病疫情概况,2024,6,全国,艾滋病 **,甲乙类合计,5201,1680,,,2026-05-28 00:56:43,/Users/zhoujia/code/大数据期末实验/大模型助力大数据分析/呼吸道传染病监测与早期预警分析/data/raw/chinacdc_monthly/t20240731_287639_8eec11f2418dc2bb.html
中国疾控中心全国法定传染病疫情情况,https://www.chinacdc.cn/jksj/jksj01/202407/t20240731_287639.html,2024年6月全国法定传染病疫情概况,2024,6,全国,病毒性肝炎 ***,甲乙类合计,152225,265,,,2026-05-28 00:56:43,/Users/zhoujia/code/大数据期末实验/大模型助力大数据分析/呼吸道传染病监测与早期预警分析/data/raw/chinacdc_monthly/t20240731_287639_8eec11f2418dc2bb.html
中国疾控中心全国法定传染病疫情情况,https://www.chinacdc.cn/jksj/jksj01/202407/t20240731_287639.html,2024年6月全国法定传染病疫情概况,2024,6,全国,甲型肝炎,甲乙类合计,1128,0,,,2026-05-28 00:56:43,/Users/zhoujia/code/大数据期末实验/大模型助力大数据分析/呼吸道传染病监测与早期预警分析/data/raw/chinacdc_monthly/t20240731_287639_8eec11f2418dc2bb.html
中国疾控中心全国法定传染病疫情情况,https://www.chinacdc.cn/jksj/jksj01/202407/t20240731_287639.html,2024年6月全国法定传染病疫情概况,2024,6,全国,乙型肝炎,甲乙类合计,129221,24,,,2026-05-28 00:56:43,/Users/zhoujia/code/大数据期末实验/大模型助力大数据分析/呼吸道传染病监测与早期预警分析/data/raw/chinacdc_monthly/t20240731_287639_8eec11f2418dc2bb.html
中国疾控中心全国法定传染病疫情情况,https://www.chinacdc.cn/jksj/jksj01/202407/t20240731_287639.html,2024年6月全国法定传染病疫情概况,2024,6,全国,丙型肝炎,甲乙类合计,18600,239,,,2026-05-28 00:56:43,/Users/zhoujia/code/大数据期末实验/大模型助力大数据分析/呼吸道传染病监测与早期预警分析/data/raw/chinacdc_monthly/t20240731_287639_8eec11f2418dc2bb.html
中国疾控中心全国法定传染病疫情情况,https://www.chinacdc.cn/jksj/jksj01/202407/t20240731_287639.html,2024年6月全国法定传染病疫情概况,2024,6,全国,丁型肝炎,甲乙类合计,16,0,,,2026-05-28 00:56:43,/Users/zhoujia/code/大数据期末实验/大模型助力大数据分析/呼吸道传染病监测与早期预警分析/data/raw/chinacdc_monthly/t20240731_287639_8eec11f2418dc2bb.html
中国疾控中心全国法定传染病疫情情况,https://www.chinacdc.cn/jksj/jksj01/202407/t20240731_287639.html,2024年6月全国法定传染病疫情概况,2024,6,全国,戊型肝炎,甲乙类合计,2738,2,,,2026-05-28 00:56:43,/Users/zhoujia/code/大数据期末实验/大模型助力大数据分析/呼吸道传染病监测与早期预警分析/data/raw/chinacdc_monthly/t20240731_287639_8eec11f2418dc2bb.html
中国疾控中心全国法定传染病疫情情况,https://www.chinacdc.cn/jksj/jksj01/202407/t20240731_287639.html,2024年6月全国法定传染病疫情概况,2024,6,全国,未分型肝炎,甲乙类合计,522,0,,,2026-05-28 00:56:43,/Users/zhoujia/code/大数据期末实验/大模型助力大数据分析/呼吸道传染病监测与早期预警分析/data/raw/chinacdc_monthly/t20240731_287639_8eec11f2418dc2bb.html
中国疾控中心全国法定传染病疫情情况,https://www.chinacdc.cn/jksj/jksj01/202407/t20240731_287639.html,2024年6月全国法定传染病疫情概况,2024,6,全国,脊髓灰质炎,甲乙类合计,0,0,,,2026-05-28 00:56:43,/Users/zhoujia/code/大数据期末实验/大模型助力大数据分析/呼吸道传染病监测与早期预警分析/data/raw/chinacdc_monthly/t20240731_287639_8eec11f2418dc2bb.html
中国疾控中心全国法定传染病疫情情况,https://www.chinacdc.cn/jksj/jksj01/202407/t20240731_287639.html,2024年6月全国法定传染病疫情概况,2024,6,全国,人感染高致病性禽流感,甲乙类合计,0,0,,,2026-05-28 00:56:43,/Users/zhoujia/code/大数据期末实验/大模型助力大数据分析/呼吸道传染病监测与早期预警分析/data/raw/chinacdc_monthly/t20240731_287639_8eec11f2418dc2bb.html
中国疾控中心全国法定传染病疫情情况,https://www.chinacdc.cn/jksj/jksj01/202407/t20240731_287639.html,2024年6月全国法定传染病疫情概况,2024,6,全国,麻疹,甲乙类合计,201,0,,,2026-05-28 00:56:43,/Users/zhoujia/code/大数据期末实验/大模型助力大数据分析/呼吸道传染病监测与早期预警分析/data/raw/chinacdc_monthly/t20240731_287639_8eec11f2418dc2bb.html
中国疾控中心全国法定传染病疫情情况,https://www.chinacdc.cn/jksj/jksj01/202407/t20240731_287639.html,2024年6月全国法定传染病疫情概况,2024,6,全国,流行性出血热,甲乙类合计,433,0,,,2026-05-28 00:56:43,/Users/zhoujia/code/大数据期末实验/大模型助力大数据分析/呼吸道传染病监测与早期预警分析/data/raw/chinacdc_monthly/t20240731_287639_8eec11f2418dc2bb.html
中国疾控中心全国法定传染病疫情情况,https://www.chinacdc.cn/jksj/jksj01/202407/t20240731_287639.html,2024年6月全国法定传染病疫情概况,2024,6,全国,狂犬病,甲乙类合计,13,10,,,2026-05-28 00:56:43,/Users/zhoujia/code/大数据期末实验/大模型助力大数据分析/呼吸道传染病监测与早期预警分析/data/raw/chinacdc_monthly/t20240731_287639_8eec11f2418dc2bb.html
中国疾控中心全国法定传染病疫情情况,https://www.chinacdc.cn/jksj/jksj01/202407/t20240731_287639.html,2024年6月全国法定传染病疫情概况,2024,6,全国,流行性乙型脑炎,甲乙类合计,5,0,,,2026-05-28 00:56:43,/Users/zhoujia/code/大数据期末实验/大模型助力大数据分析/呼吸道传染病监测与早期预警分析/data/raw/chinacdc_monthly/t20240731_287639_8eec11f2418dc2bb.html
中国疾控中心全国法定传染病疫情情况,https://www.chinacdc.cn/jksj/jksj01/202407/t20240731_287639.html,2024年6月全国法定传染病疫情概况,2024,6,全国,登革热,甲乙类合计,130,0,,,2026-05-28 00:56:43,/Users/zhoujia/code/大数据期末实验/大模型助力大数据分析/呼吸道传染病监测与早期预警分析/data/raw/chinacdc_monthly/t20240731_287639_8eec11f2418dc2bb.html
中国疾控中心全国法定传染病疫情情况,https://www.chinacdc.cn/jksj/jksj01/202407/t20240731_287639.html,2024年6月全国法定传染病疫情概况,2024,6,全国,炭疽,甲乙类合计,41,0,,,2026-05-28 00:56:43,/Users/zhoujia/code/大数据期末实验/大模型助力大数据分析/呼吸道传染病监测与早期预警分析/data/raw/chinacdc_monthly/t20240731_287639_8eec11f2418dc2bb.html
中国疾控中心全国法定传染病疫情情况,https://www.chinacdc.cn/jksj/jksj01/202407/t20240731_287639.html,2024年6月全国法定传染病疫情概况,2024,6,全国,细菌性和阿米巴性痢疾,甲乙类合计,4197,0,,,2026-05-28 00:56:43,/Users/zhoujia/code/大数据期末实验/大模型助力大数据分析/呼吸道传染病监测与早期预警分析/data/raw/chinacdc_monthly/t20240731_287639_8eec11f2418dc2bb.html
中国疾控中心全国法定传染病疫情情况,https://www.chinacdc.cn/jksj/jksj01/202407/t20240731_287639.html,2024年6月全国法定传染病疫情概况,2024,6,全国,肺结核 ****,甲乙类合计,58241,291,,,2026-05-28 00:56:43,/Users/zhoujia/code/大数据期末实验/大模型助力大数据分析/呼吸道传染病监测与早期预警分析/data/raw/chinacdc_monthly/t20240731_287639_8eec11f2418dc2bb.html
中国疾控中心全国法定传染病疫情情况,https://www.chinacdc.cn/jksj/jksj01/202407/t20240731_287639.html,2024年6月全国法定传染病疫情概况,2024,6,全国,伤寒和副伤寒,甲乙类合计,532,0,,,2026-05-28 00:56:43,/Users/zhoujia/code/大数据期末实验/大模型助力大数据分析/呼吸道传染病监测与早期预警分析/data/raw/chinacdc_monthly/t20240731_287639_8eec11f2418dc2bb.html
中国疾控中心全国法定传染病疫情情况,https://www.chinacdc.cn/jksj/jksj01/202407/t20240731_287639.html,2024年6月全国法定传染病疫情概况,2024,6,全国,流行性脑脊髓膜炎,甲乙类合计,8,0,,,2026-05-28 00:56:43,/Users/zhoujia/code/大数据期末实验/大模型助力大数据分析/呼吸道传染病监测与早期预警分析/data/raw/chinacdc_monthly/t20240731_287639_8eec11f2418dc2bb.html
中国疾控中心全国法定传染病疫情情况,https://www.chinacdc.cn/jksj/jksj01/202407/t20240731_287639.html,2024年6月全国法定传染病疫情概况,2024,6,全国,百日咳,甲乙类合计,85817,1,,,2026-05-28 00:56:43,/Users/zhoujia/code/大数据期末实验/大模型助力大数据分析/呼吸道传染病监测与早期预警分析/data/raw/chinacdc_monthly/t20240731_287639_8eec11f2418dc2bb.html
中国疾控中心全国法定传染病疫情情况,https://www.chinacdc.cn/jksj/jksj01/202407/t20240731_287639.html,2024年6月全国法定传染病疫情概况,2024,6,全国,白喉,甲乙类合计,0,0,,,2026-05-28 00:56:43,/Users/zhoujia/code/大数据期末实验/大模型助力大数据分析/呼吸道传染病监测与早期预警分析/data/raw/chinacdc_monthly/t20240731_287639_8eec11f2418dc2bb.html
中国疾控中心全国法定传染病疫情情况,https://www.chinacdc.cn/jksj/jksj01/202407/t20240731_287639.html,2024年6月全国法定传染病疫情概况,2024,6,全国,新生儿破伤风,甲乙类合计,2,0,,,2026-05-28 00:56:43,/Users/zhoujia/code/大数据期末实验/大模型助力大数据分析/呼吸道传染病监测与早期预警分析/data/raw/chinacdc_monthly/t20240731_287639_8eec11f2418dc2bb.html
中国疾控中心全国法定传染病疫情情况,https://www.chinacdc.cn/jksj/jksj01/202407/t20240731_287639.html,2024年6月全国法定传染病疫情概况,2024,6,全国,猩红热,甲乙类合计,12397,0,,,2026-05-28 00:56:43,/Users/zhoujia/code/大数据期末实验/大模型助力大数据分析/呼吸道传染病监测与早期预警分析/data/raw/chinacdc_monthly/t20240731_287639_8eec11f2418dc2bb.html
中国疾控中心全国法定传染病疫情情况,https://www.chinacdc.cn/jksj/jksj01/202407/t20240731_287639.html,2024年6月全国法定传染病疫情概况,2024,6,全国,布鲁氏菌病,甲乙类合计,7711,0,,,2026-05-28 00:56:43,/Users/zhoujia/code/大数据期末实验/大模型助力大数据分析/呼吸道传染病监测与早期预警分析/data/raw/chinacdc_monthly/t20240731_287639_8eec11f2418dc2bb.html
中国疾控中心全国法定传染病疫情情况,https://www.chinacdc.cn/jksj/jksj01/202407/t20240731_287639.html,2024年6月全国法定传染病疫情概况,2024,6,全国,淋病,甲乙类合计,8396,0,,,2026-05-28 00:56:43,/Users/zhoujia/code/大数据期末实验/大模型助力大数据分析/呼吸道传染病监测与早期预警分析/data/raw/chinacdc_monthly/t20240731_287639_8eec11f2418dc2bb.html
中国疾控中心全国法定传染病疫情情况,https://www.chinacdc.cn/jksj/jksj01/202407/t20240731_287639.html,2024年6月全国法定传染病疫情概况,2024,6,全国,梅毒,甲乙类合计,54760,5,,,2026-05-28 00:56:43,/Users/zhoujia/code/大数据期末实验/大模型助力大数据分析/呼吸道传染病监测与早期预警分析/data/raw/chinacdc_monthly/t20240731_287639_8eec11f2418dc2bb.html
中国疾控中心全国法定传染病疫情情况,https://www.chinacdc.cn/jksj/jksj01/202407/t20240731_287639.html,2024年6月全国法定传染病疫情概况,2024,6,全国,钩端螺旋体病,甲乙类合计,21,0,,,2026-05-28 00:56:43,/Users/zhoujia/code/大数据期末实验/大模型助力大数据分析/呼吸道传染病监测与早期预警分析/data/raw/chinacdc_monthly/t20240731_287639_8eec11f2418dc2bb.html
中国疾控中心全国法定传染病疫情情况,https://www.chinacdc.cn/jksj/jksj01/202407/t20240731_287639.html,2024年6月全国法定传染病疫情概况,2024,6,全国,血吸虫病,甲乙类合计,1,0,,,2026-05-28 00:56:43,/Users/zhoujia/code/大数据期末实验/大模型助力大数据分析/呼吸道传染病监测与早期预警分析/data/raw/chinacdc_monthly/t20240731_287639_8eec11f2418dc2bb.html
中国疾控中心全国法定传染病疫情情况,https://www.chinacdc.cn/jksj/jksj01/202407/t20240731_287639.html,2024年6月全国法定传染病疫情概况,2024,6,全国,疟疾 *****,甲乙类合计,299,1,,,2026-05-28 00:56:43,/Users/zhoujia/code/大数据期末实验/大模型助力大数据分析/呼吸道传染病监测与早期预警分析/data/raw/chinacdc_monthly/t20240731_287639_8eec11f2418dc2bb.html
中国疾控中心全国法定传染病疫情情况,https://www.chinacdc.cn/jksj/jksj01/202407/t20240731_287639.html,2024年6月全国法定传染病疫情概况,2024,6,全国,人感染H7N9禽流感,甲乙类合计,0,0,,,2026-05-28 00:56:43,/Users/zhoujia/code/大数据期末实验/大模型助力大数据分析/呼吸道传染病监测与早期预警分析/data/raw/chinacdc_monthly/t20240731_287639_8eec11f2418dc2bb.html
中国疾控中心全国法定传染病疫情情况,https://www.chinacdc.cn/jksj/jksj01/202407/t20240731_287639.html,2024年6月全国法定传染病疫情概况,2024,6,全国,猴痘 ******,甲乙类合计,51,0,,,2026-05-28 00:56:43,/Users/zhoujia/code/大数据期末实验/大模型助力大数据分析/呼吸道传染病监测与早期预警分析/data/raw/chinacdc_monthly/t20240731_287639_8eec11f2418dc2bb.html
中国疾控中心全国法定传染病疫情情况,https://www.chinacdc.cn/jksj/jksj01/202407/t20240731_287639.html,2024年6月全国法定传染病疫情概况,2024,6,全国,丙类传染病合计,丙类合计,726726,1,,,2026-05-28 00:56:43,/Users/zhoujia/code/大数据期末实验/大模型助力大数据分析/呼吸道传染病监测与早期预警分析/data/raw/chinacdc_monthly/t20240731_287639_8eec11f2418dc2bb.html
中国疾控中心全国法定传染病疫情情况,https://www.chinacdc.cn/jksj/jksj01/202407/t20240731_287639.html,2024年6月全国法定传染病疫情概况,2024,6,全国,流行性感冒,丙类合计,314709,1,,,2026-05-28 00:56:43,/Users/zhoujia/code/大数据期末实验/大模型助力大数据分析/呼吸道传染病监测与早期预警分析/data/raw/chinacdc_monthly/t20240731_287639_8eec11f2418dc2bb.html
中国疾控中心全国法定传染病疫情情况,https://www.chinacdc.cn/jksj/jksj01/202407/t20240731_287639.html,2024年6月全国法定传染病疫情概况,2024,6,全国,流行性腮腺炎,丙类合计,9939,0,,,2026-05-28 00:56:43,/Users/zhoujia/code/大数据期末实验/大模型助力大数据分析/呼吸道传染病监测与早期预警分析/data/raw/chinacdc_monthly/t20240731_287639_8eec11f2418dc2bb.html
中国疾控中心全国法定传染病疫情情况,https://www.chinacdc.cn/jksj/jksj01/202407/t20240731_287639.html,2024年6月全国法定传染病疫情概况,2024,6,全国,风疹,丙类合计,73,0,,,2026-05-28 00:56:43,/Users/zhoujia/code/大数据期末实验/大模型助力大数据分析/呼吸道传染病监测与早期预警分析/data/raw/chinacdc_monthly/t20240731_287639_8eec11f2418dc2bb.html
中国疾控中心全国法定传染病疫情情况,https://www.chinacdc.cn/jksj/jksj01/202407/t20240731_287639.html,2024年6月全国法定传染病疫情概况,2024,6,全国,急性出血性结膜炎,丙类合计,2971,0,,,2026-05-28 00:56:43,/Users/zhoujia/code/大数据期末实验/大模型助力大数据分析/呼吸道传染病监测与早期预警分析/data/raw/chinacdc_monthly/t20240731_287639_8eec11f2418dc2bb.html
中国疾控中心全国法定传染病疫情情况,https://www.chinacdc.cn/jksj/jksj01/202407/t20240731_287639.html,2024年6月全国法定传染病疫情概况,2024,6,全国,麻风病,丙类合计,26,0,,,2026-05-28 00:56:43,/Users/zhoujia/code/大数据期末实验/大模型助力大数据分析/呼吸道传染病监测与早期预警分析/data/raw/chinacdc_monthly/t20240731_287639_8eec11f2418dc2bb.html
中国疾控中心全国法定传染病疫情情况,https://www.chinacdc.cn/jksj/jksj01/202407/t20240731_287639.html,2024年6月全国法定传染病疫情概况,2024,6,全国,流行性和地方性 斑疹伤寒,丙类合计,131,0,,,2026-05-28 00:56:43,/Users/zhoujia/code/大数据期末实验/大模型助力大数据分析/呼吸道传染病监测与早期预警分析/data/raw/chinacdc_monthly/t20240731_287639_8eec11f2418dc2bb.html
中国疾控中心全国法定传染病疫情情况,https://www.chinacdc.cn/jksj/jksj01/202407/t20240731_287639.html,2024年6月全国法定传染病疫情概况,2024,6,全国,黑热病,丙类合计,24,0,,,2026-05-28 00:56:43,/Users/zhoujia/code/大数据期末实验/大模型助力大数据分析/呼吸道传染病监测与早期预警分析/data/raw/chinacdc_monthly/t20240731_287639_8eec11f2418dc2bb.html
中国疾控中心全国法定传染病疫情情况,https://www.chinacdc.cn/jksj/jksj01/202407/t20240731_287639.html,2024年6月全国法定传染病疫情概况,2024,6,全国,包虫病,丙类合计,302,0,,,2026-05-28 00:56:43,/Users/zhoujia/code/大数据期末实验/大模型助力大数据分析/呼吸道传染病监测与早期预警分析/data/raw/chinacdc_monthly/t20240731_287639_8eec11f2418dc2bb.html
中国疾控中心全国法定传染病疫情情况,https://www.chinacdc.cn/jksj/jksj01/202407/t20240731_287639.html,2024年6月全国法定传染病疫情概况,2024,6,全国,丝虫病,丙类合计,0,0,,,2026-05-28 00:56:43,/Users/zhoujia/code/大数据期末实验/大模型助力大数据分析/呼吸道传染病监测与早期预警分析/data/raw/chinacdc_monthly/t20240731_287639_8eec11f2418dc2bb.html
中国疾控中心全国法定传染病疫情情况,https://www.chinacdc.cn/jksj/jksj01/202407/t20240731_287639.html,2024年6月全国法定传染病疫情概况,2024,6,全国,其他感染性腹泻病,丙类合计,122585,0,,,2026-05-28 00:56:43,/Users/zhoujia/code/大数据期末实验/大模型助力大数据分析/呼吸道传染病监测与早期预警分析/data/raw/chinacdc_monthly/t20240731_287639_8eec11f2418dc2bb.html
中国疾控中心全国法定传染病疫情情况,https://www.chinacdc.cn/jksj/jksj01/202407/t20240731_287639.html,2024年6月全国法定传染病疫情概况,2024,6,全国,手足口病,丙类合计,275966,0,,,2026-05-28 00:56:43,/Users/zhoujia/code/大数据期末实验/大模型助力大数据分析/呼吸道传染病监测与早期预警分析/data/raw/chinacdc_monthly/t20240731_287639_8eec11f2418dc2bb.html
中国疾控中心全国法定传染病疫情情况,https://www.chinacdc.cn/jksj/jksj01/202407/t20240731_287637.html,2024年5月全国法定传染病疫情概况,2024,5,全国,甲乙丙类总计,甲乙丙类总计,1227286,2084,,,2026-05-28 00:56:43,/Users/zhoujia/code/大数据期末实验/大模型助力大数据分析/呼吸道传染病监测与早期预警分析/data/raw/chinacdc_monthly/t20240731_287637_c766527c63a2ec38.html
中国疾控中心全国法定传染病疫情情况,https://www.chinacdc.cn/jksj/jksj01/202407/t20240731_287637.html,2024年5月全国法定传染病疫情概况,2024,5,全国,甲乙类传染病合计,甲乙类合计,424252,2080,,,2026-05-28 00:56:43,/Users/zhoujia/code/大数据期末实验/大模型助力大数据分析/呼吸道传染病监测与早期预警分析/data/raw/chinacdc_monthly/t20240731_287637_c766527c63a2ec38.html
中国疾控中心全国法定传染病疫情情况,https://www.chinacdc.cn/jksj/jksj01/202407/t20240731_287637.html,2024年5月全国法定传染病疫情概况,2024,5,全国,鼠疫,甲乙类合计,0,0,,,2026-05-28 00:56:43,/Users/zhoujia/code/大数据期末实验/大模型助力大数据分析/呼吸道传染病监测与早期预警分析/data/raw/chinacdc_monthly/t20240731_287637_c766527c63a2ec38.html
中国疾控中心全国法定传染病疫情情况,https://www.chinacdc.cn/jksj/jksj01/202407/t20240731_287637.html,2024年5月全国法定传染病疫情概况,2024,5,全国,霍乱,甲乙类合计,0,0,,,2026-05-28 00:56:43,/Users/zhoujia/code/大数据期末实验/大模型助力大数据分析/呼吸道传染病监测与早期预警分析/data/raw/chinacdc_monthly/t20240731_287637_c766527c63a2ec38.html
中国疾控中心全国法定传染病疫情情况,https://www.chinacdc.cn/jksj/jksj01/202407/t20240731_287637.html,2024年5月全国法定传染病疫情概况,2024,5,全国,传染性非典型肺炎,甲乙类合计,0,0,,,2026-05-28 00:56:43,/Users/zhoujia/code/大数据期末实验/大模型助力大数据分析/呼吸道传染病监测与早期预警分析/data/raw/chinacdc_monthly/t20240731_287637_c766527c63a2ec38.html
中国疾控中心全国法定传染病疫情情况,https://www.chinacdc.cn/jksj/jksj01/202407/t20240731_287637.html,2024年5月全国法定传染病疫情概况,2024,5,全国,艾滋病 **,甲乙类合计,4987,1611,,,2026-05-28 00:56:43,/Users/zhoujia/code/大数据期末实验/大模型助力大数据分析/呼吸道传染病监测与早期预警分析/data/raw/chinacdc_monthly/t20240731_287637_c766527c63a2ec38.html
中国疾控中心全国法定传染病疫情情况,https://www.chinacdc.cn/jksj/jksj01/202407/t20240731_287637.html,2024年5月全国法定传染病疫情概况,2024,5,全国,病毒性肝炎 ***,甲乙类合计,165333,195,,,2026-05-28 00:56:43,/Users/zhoujia/code/大数据期末实验/大模型助力大数据分析/呼吸道传染病监测与早期预警分析/data/raw/chinacdc_monthly/t20240731_287637_c766527c63a2ec38.html
中国疾控中心全国法定传染病疫情情况,https://www.chinacdc.cn/jksj/jksj01/202407/t20240731_287637.html,2024年5月全国法定传染病疫情概况,2024,5,全国,甲型肝炎,甲乙类合计,1419,0,,,2026-05-28 00:56:43,/Users/zhoujia/code/大数据期末实验/大模型助力大数据分析/呼吸道传染病监测与早期预警分析/data/raw/chinacdc_monthly/t20240731_287637_c766527c63a2ec38.html
中国疾控中心全国法定传染病疫情情况,https://www.chinacdc.cn/jksj/jksj01/202407/t20240731_287637.html,2024年5月全国法定传染病疫情概况,2024,5,全国,乙型肝炎,甲乙类合计,139523,20,,,2026-05-28 00:56:43,/Users/zhoujia/code/大数据期末实验/大模型助力大数据分析/呼吸道传染病监测与早期预警分析/data/raw/chinacdc_monthly/t20240731_287637_c766527c63a2ec38.html
中国疾控中心全国法定传染病疫情情况,https://www.chinacdc.cn/jksj/jksj01/202407/t20240731_287637.html,2024年5月全国法定传染病疫情概况,2024,5,全国,丙型肝炎,甲乙类合计,20462,174,,,2026-05-28 00:56:43,/Users/zhoujia/code/大数据期末实验/大模型助力大数据分析/呼吸道传染病监测与早期预警分析/data/raw/chinacdc_monthly/t20240731_287637_c766527c63a2ec38.html
中国疾控中心全国法定传染病疫情情况,https://www.chinacdc.cn/jksj/jksj01/202407/t20240731_287637.html,2024年5月全国法定传染病疫情概况,2024,5,全国,丁型肝炎,甲乙类合计,15,0,,,2026-05-28 00:56:43,/Users/zhoujia/code/大数据期末实验/大模型助力大数据分析/呼吸道传染病监测与早期预警分析/data/raw/chinacdc_monthly/t20240731_287637_c766527c63a2ec38.html
中国疾控中心全国法定传染病疫情情况,https://www.chinacdc.cn/jksj/jksj01/202407/t20240731_287637.html,2024年5月全国法定传染病疫情概况,2024,5,全国,戊型肝炎,甲乙类合计,3310,1,,,2026-05-28 00:56:43,/Users/zhoujia/code/大数据期末实验/大模型助力大数据分析/呼吸道传染病监测与早期预警分析/data/raw/chinacdc_monthly/t20240731_287637_c766527c63a2ec38.html
中国疾控中心全国法定传染病疫情情况,https://www.chinacdc.cn/jksj/jksj01/202407/t20240731_287637.html,2024年5月全国法定传染病疫情概况,2024,5,全国,未分型肝炎,甲乙类合计,604,0,,,2026-05-28 00:56:43,/Users/zhoujia/code/大数据期末实验/大模型助力大数据分析/呼吸道传染病监测与早期预警分析/data/raw/chinacdc_monthly/t20240731_287637_c766527c63a2ec38.html
中国疾控中心全国法定传染病疫情情况,https://www.chinacdc.cn/jksj/jksj01/202407/t20240731_287637.html,2024年5月全国法定传染病疫情概况,2024,5,全国,脊髓灰质炎,甲乙类合计,0,0,,,2026-05-28 00:56:43,/Users/zhoujia/code/大数据期末实验/大模型助力大数据分析/呼吸道传染病监测与早期预警分析/data/raw/chinacdc_monthly/t20240731_287637_c766527c63a2ec38.html
中国疾控中心全国法定传染病疫情情况,https://www.chinacdc.cn/jksj/jksj01/202407/t20240731_287637.html,2024年5月全国法定传染病疫情概况,2024,5,全国,人感染高致病性禽流感,甲乙类合计,0,0,,,2026-05-28 00:56:43,/Users/zhoujia/code/大数据期末实验/大模型助力大数据分析/呼吸道传染病监测与早期预警分析/data/raw/chinacdc_monthly/t20240731_287637_c766527c63a2ec38.html
中国疾控中心全国法定传染病疫情情况,https://www.chinacdc.cn/jksj/jksj01/202407/t20240731_287637.html,2024年5月全国法定传染病疫情概况,2024,5,全国,麻疹,甲乙类合计,162,0,,,2026-05-28 00:56:43,/Users/zhoujia/code/大数据期末实验/大模型助力大数据分析/呼吸道传染病监测与早期预警分析/data/raw/chinacdc_monthly/t20240731_287637_c766527c63a2ec38.html
中国疾控中心全国法定传染病疫情情况,https://www.chinacdc.cn/jksj/jksj01/202407/t20240731_287637.html,2024年5月全国法定传染病疫情概况,2024,5,全国,流行性出血热,甲乙类合计,359,2,,,2026-05-28 00:56:43,/Users/zhoujia/code/大数据期末实验/大模型助力大数据分析/呼吸道传染病监测与早期预警分析/data/raw/chinacdc_monthly/t20240731_287637_c766527c63a2ec38.html
中国疾控中心全国法定传染病疫情情况,https://www.chinacdc.cn/jksj/jksj01/202407/t20240731_287637.html,2024年5月全国法定传染病疫情概况,2024,5,全国,狂犬病,甲乙类合计,13,10,,,2026-05-28 00:56:43,/Users/zhoujia/code/大数据期末实验/大模型助力大数据分析/呼吸道传染病监测与早期预警分析/data/raw/chinacdc_monthly/t20240731_287637_c766527c63a2ec38.html
中国疾控中心全国法定传染病疫情情况,https://www.chinacdc.cn/jksj/jksj01/202407/t20240731_287637.html,2024年5月全国法定传染病疫情概况,2024,5,全国,流行性乙型脑炎,甲乙类合计,3,0,,,2026-05-28 00:56:43,/Users/zhoujia/code/大数据期末实验/大模型助力大数据分析/呼吸道传染病监测与早期预警分析/data/raw/chinacdc_monthly/t20240731_287637_c766527c63a2ec38.html
中国疾控中心全国法定传染病疫情情况,https://www.chinacdc.cn/jksj/jksj01/202407/t20240731_287637.html,2024年5月全国法定传染病疫情概况,2024,5,全国,登革热,甲乙类合计,109,0,,,2026-05-28 00:56:43,/Users/zhoujia/code/大数据期末实验/大模型助力大数据分析/呼吸道传染病监测与早期预警分析/data/raw/chinacdc_monthly/t20240731_287637_c766527c63a2ec38.html
中国疾控中心全国法定传染病疫情情况,https://www.chinacdc.cn/jksj/jksj01/202407/t20240731_287637.html,2024年5月全国法定传染病疫情概况,2024,5,全国,炭疽,甲乙类合计,21,1,,,2026-05-28 00:56:43,/Users/zhoujia/code/大数据期末实验/大模型助力大数据分析/呼吸道传染病监测与早期预警分析/data/raw/chinacdc_monthly/t20240731_287637_c766527c63a2ec38.html
中国疾控中心全国法定传染病疫情情况,https://www.chinacdc.cn/jksj/jksj01/202407/t20240731_287637.html,2024年5月全国法定传染病疫情概况,2024,5,全国,细菌性和阿米巴性痢疾,甲乙类合计,3408,0,,,2026-05-28 00:56:43,/Users/zhoujia/code/大数据期末实验/大模型助力大数据分析/呼吸道传染病监测与早期预警分析/data/raw/chinacdc_monthly/t20240731_287637_c766527c63a2ec38.html
中国疾控中心全国法定传染病疫情情况,https://www.chinacdc.cn/jksj/jksj01/202407/t20240731_287637.html,2024年5月全国法定传染病疫情概况,2024,5,全国,肺结核 ****,甲乙类合计,63595,251,,,2026-05-28 00:56:43,/Users/zhoujia/code/大数据期末实验/大模型助力大数据分析/呼吸道传染病监测与早期预警分析/data/raw/chinacdc_monthly/t20240731_287637_c766527c63a2ec38.html
中国疾控中心全国法定传染病疫情情况,https://www.chinacdc.cn/jksj/jksj01/202407/t20240731_287637.html,2024年5月全国法定传染病疫情概况,2024,5,全国,伤寒和副伤寒,甲乙类合计,418,0,,,2026-05-28 00:56:43,/Users/zhoujia/code/大数据期末实验/大模型助力大数据分析/呼吸道传染病监测与早期预警分析/data/raw/chinacdc_monthly/t20240731_287637_c766527c63a2ec38.html
中国疾控中心全国法定传染病疫情情况,https://www.chinacdc.cn/jksj/jksj01/202407/t20240731_287637.html,2024年5月全国法定传染病疫情概况,2024,5,全国,流行性脑脊髓膜炎,甲乙类合计,12,0,,,2026-05-28 00:56:43,/Users/zhoujia/code/大数据期末实验/大模型助力大数据分析/呼吸道传染病监测与早期预警分析/data/raw/chinacdc_monthly/t20240731_287637_c766527c63a2ec38.html
中国疾控中心全国法定传染病疫情情况,https://www.chinacdc.cn/jksj/jksj01/202407/t20240731_287637.html,2024年5月全国法定传染病疫情概况,2024,5,全国,百日咳,甲乙类合计,97669,2,,,2026-05-28 00:56:43,/Users/zhoujia/code/大数据期末实验/大模型助力大数据分析/呼吸道传染病监测与早期预警分析/data/raw/chinacdc_monthly/t20240731_287637_c766527c63a2ec38.html
中国疾控中心全国法定传染病疫情情况,https://www.chinacdc.cn/jksj/jksj01/202407/t20240731_287637.html,2024年5月全国法定传染病疫情概况,2024,5,全国,白喉,甲乙类合计,0,0,,,2026-05-28 00:56:43,/Users/zhoujia/code/大数据期末实验/大模型助力大数据分析/呼吸道传染病监测与早期预警分析/data/raw/chinacdc_monthly/t20240731_287637_c766527c63a2ec38.html
中国疾控中心全国法定传染病疫情情况,https://www.chinacdc.cn/jksj/jksj01/202407/t20240731_287637.html,2024年5月全国法定传染病疫情概况,2024,5,全国,新生儿破伤风,甲乙类合计,2,0,,,2026-05-28 00:56:43,/Users/zhoujia/code/大数据期末实验/大模型助力大数据分析/呼吸道传染病监测与早期预警分析/data/raw/chinacdc_monthly/t20240731_287637_c766527c63a2ec38.html
中国疾控中心全国法定传染病疫情情况,https://www.chinacdc.cn/jksj/jksj01/202407/t20240731_287637.html,2024年5月全国法定传染病疫情概况,2024,5,全国,猩红热,甲乙类合计,10271,0,,,2026-05-28 00:56:43,/Users/zhoujia/code/大数据期末实验/大模型助力大数据分析/呼吸道传染病监测与早期预警分析/data/raw/chinacdc_monthly/t20240731_287637_c766527c63a2ec38.html
中国疾控中心全国法定传染病疫情情况,https://www.chinacdc.cn/jksj/jksj01/202407/t20240731_287637.html,2024年5月全国法定传染病疫情概况,2024,5,全国,布鲁氏菌病,甲乙类合计,8007,1,,,2026-05-28 00:56:43,/Users/zhoujia/code/大数据期末实验/大模型助力大数据分析/呼吸道传染病监测与早期预警分析/data/raw/chinacdc_monthly/t20240731_287637_c766527c63a2ec38.html
中国疾控中心全国法定传染病疫情情况,https://www.chinacdc.cn/jksj/jksj01/202407/t20240731_287637.html,2024年5月全国法定传染病疫情概况,2024,5,全国,淋病,甲乙类合计,8611,0,,,2026-05-28 00:56:43,/Users/zhoujia/code/大数据期末实验/大模型助力大数据分析/呼吸道传染病监测与早期预警分析/data/raw/chinacdc_monthly/t20240731_287637_c766527c63a2ec38.html
中国疾控中心全国法定传染病疫情情况,https://www.chinacdc.cn/jksj/jksj01/202407/t20240731_287637.html,2024年5月全国法定传染病疫情概况,2024,5,全国,梅毒,甲乙类合计,60962,7,,,2026-05-28 00:56:43,/Users/zhoujia/code/大数据期末实验/大模型助力大数据分析/呼吸道传染病监测与早期预警分析/data/raw/chinacdc_monthly/t20240731_287637_c766527c63a2ec38.html
中国疾控中心全国法定传染病疫情情况,https://www.chinacdc.cn/jksj/jksj01/202407/t20240731_287637.html,2024年5月全国法定传染病疫情概况,2024,5,全国,钩端螺旋体病,甲乙类合计,22,0,,,2026-05-28 00:56:43,/Users/zhoujia/code/大数据期末实验/大模型助力大数据分析/呼吸道传染病监测与早期预警分析/data/raw/chinacdc_monthly/t20240731_287637_c766527c63a2ec38.html
中国疾控中心全国法定传染病疫情情况,https://www.chinacdc.cn/jksj/jksj01/202407/t20240731_287637.html,2024年5月全国法定传染病疫情概况,2024,5,全国,血吸虫病,甲乙类合计,3,0,,,2026-05-28 00:56:43,/Users/zhoujia/code/大数据期末实验/大模型助力大数据分析/呼吸道传染病监测与早期预警分析/data/raw/chinacdc_monthly/t20240731_287637_c766527c63a2ec38.html
中国疾控中心全国法定传染病疫情情况,https://www.chinacdc.cn/jksj/jksj01/202407/t20240731_287637.html,2024年5月全国法定传染病疫情概况,2024,5,全国,疟疾 *****,甲乙类合计,236,0,,,2026-05-28 00:56:43,/Users/zhoujia/code/大数据期末实验/大模型助力大数据分析/呼吸道传染病监测与早期预警分析/data/raw/chinacdc_monthly/t20240731_287637_c766527c63a2ec38.html
中国疾控中心全国法定传染病疫情情况,https://www.chinacdc.cn/jksj/jksj01/202407/t20240731_287637.html,2024年5月全国法定传染病疫情概况,2024,5,全国,人感染H7N9禽流感,甲乙类合计,0,0,,,2026-05-28 00:56:43,/Users/zhoujia/code/大数据期末实验/大模型助力大数据分析/呼吸道传染病监测与早期预警分析/data/raw/chinacdc_monthly/t20240731_287637_c766527c63a2ec38.html
中国疾控中心全国法定传染病疫情情况,https://www.chinacdc.cn/jksj/jksj01/202407/t20240731_287637.html,2024年5月全国法定传染病疫情概况,2024,5,全国,猴痘 ******,甲乙类合计,49,0,,,2026-05-28 00:56:43,/Users/zhoujia/code/大数据期末实验/大模型助力大数据分析/呼吸道传染病监测与早期预警分析/data/raw/chinacdc_monthly/t20240731_287637_c766527c63a2ec38.html
中国疾控中心全国法定传染病疫情情况,https://www.chinacdc.cn/jksj/jksj01/202407/t20240731_287637.html,2024年5月全国法定传染病疫情概况,2024,5,全国,丙类传染病合计,丙类合计,803034,4,,,2026-05-28 00:56:43,/Users/zhoujia/code/大数据期末实验/大模型助力大数据分析/呼吸道传染病监测与早期预警分析/data/raw/chinacdc_monthly/t20240731_287637_c766527c63a2ec38.html
中国疾控中心全国法定传染病疫情情况,https://www.chinacdc.cn/jksj/jksj01/202407/t20240731_287637.html,2024年5月全国法定传染病疫情概况,2024,5,全国,流行性感冒,丙类合计,440431,4,,,2026-05-28 00:56:43,/Users/zhoujia/code/大数据期末实验/大模型助力大数据分析/呼吸道传染病监测与早期预警分析/data/raw/chinacdc_monthly/t20240731_287637_c766527c63a2ec38.html
中国疾控中心全国法定传染病疫情情况,https://www.chinacdc.cn/jksj/jksj01/202407/t20240731_287637.html,2024年5月全国法定传染病疫情概况,2024,5,全国,流行性腮腺炎,丙类合计,10197,0,,,2026-05-28 00:56:43,/Users/zhoujia/code/大数据期末实验/大模型助力大数据分析/呼吸道传染病监测与早期预警分析/data/raw/chinacdc_monthly/t20240731_287637_c766527c63a2ec38.html
中国疾控中心全国法定传染病疫情情况,https://www.chinacdc.cn/jksj/jksj01/202407/t20240731_287637.html,2024年5月全国法定传染病疫情概况,2024,5,全国,风疹,丙类合计,82,0,,,2026-05-28 00:56:43,/Users/zhoujia/code/大数据期末实验/大模型助力大数据分析/呼吸道传染病监测与早期预警分析/data/raw/chinacdc_monthly/t20240731_287637_c766527c63a2ec38.html
中国疾控中心全国法定传染病疫情情况,https://www.chinacdc.cn/jksj/jksj01/202407/t20240731_287637.html,2024年5月全国法定传染病疫情概况,2024,5,全国,急性出血性结膜炎,丙类合计,2920,0,,,2026-05-28 00:56:43,/Users/zhoujia/code/大数据期末实验/大模型助力大数据分析/呼吸道传染病监测与早期预警分析/data/raw/chinacdc_monthly/t20240731_287637_c766527c63a2ec38.html
中国疾控中心全国法定传染病疫情情况,https://www.chinacdc.cn/jksj/jksj01/202407/t20240731_287637.html,2024年5月全国法定传染病疫情概况,2024,5,全国,麻风病,丙类合计,31,0,,,2026-05-28 00:56:43,/Users/zhoujia/code/大数据期末实验/大模型助力大数据分析/呼吸道传染病监测与早期预警分析/data/raw/chinacdc_monthly/t20240731_287637_c766527c63a2ec38.html
中国疾控中心全国法定传染病疫情情况,https://www.chinacdc.cn/jksj/jksj01/202407/t20240731_287637.html,2024年5月全国法定传染病疫情概况,2024,5,全国,流行性和地方性 斑疹伤寒,丙类合计,190,0,,,2026-05-28 00:56:43,/Users/zhoujia/code/大数据期末实验/大模型助力大数据分析/呼吸道传染病监测与早期预警分析/data/raw/chinacdc_monthly/t20240731_287637_c766527c63a2ec38.html
中国疾控中心全国法定传染病疫情情况,https://www.chinacdc.cn/jksj/jksj01/202407/t20240731_287637.html,2024年5月全国法定传染病疫情概况,2024,5,全国,黑热病,丙类合计,27,0,,,2026-05-28 00:56:43,/Users/zhoujia/code/大数据期末实验/大模型助力大数据分析/呼吸道传染病监测与早期预警分析/data/raw/chinacdc_monthly/t20240731_287637_c766527c63a2ec38.html
中国疾控中心全国法定传染病疫情情况,https://www.chinacdc.cn/jksj/jksj01/202407/t20240731_287637.html,2024年5月全国法定传染病疫情概况,2024,5,全国,包虫病,丙类合计,380,0,,,2026-05-28 00:56:43,/Users/zhoujia/code/大数据期末实验/大模型助力大数据分析/呼吸道传染病监测与早期预警分析/data/raw/chinacdc_monthly/t20240731_287637_c766527c63a2ec38.html
中国疾控中心全国法定传染病疫情情况,https://www.chinacdc.cn/jksj/jksj01/202407/t20240731_287637.html,2024年5月全国法定传染病疫情概况,2024,5,全国,丝虫病,丙类合计,0,0,,,2026-05-28 00:56:43,/Users/zhoujia/code/大数据期末实验/大模型助力大数据分析/呼吸道传染病监测与早期预警分析/data/raw/chinacdc_monthly/t20240731_287637_c766527c63a2ec38.html
中国疾控中心全国法定传染病疫情情况,https://www.chinacdc.cn/jksj/jksj01/202407/t20240731_287637.html,2024年5月全国法定传染病疫情概况,2024,5,全国,其他感染性腹泻病,丙类合计,122593,0,,,2026-05-28 00:56:43,/Users/zhoujia/code/大数据期末实验/大模型助力大数据分析/呼吸道传染病监测与早期预警分析/data/raw/chinacdc_monthly/t20240731_287637_c766527c63a2ec38.html
中国疾控中心全国法定传染病疫情情况,https://www.chinacdc.cn/jksj/jksj01/202407/t20240731_287637.html,2024年5月全国法定传染病疫情概况,2024,5,全国,手足口病,丙类合计,226183,0,,,2026-05-28 00:56:43,/Users/zhoujia/code/大数据期末实验/大模型助力大数据分析/呼吸道传染病监测与早期预警分析/data/raw/chinacdc_monthly/t20240731_287637_c766527c63a2ec38.html
中国疾控中心全国法定传染病疫情情况,https://www.chinacdc.cn/jksj/jksj01/202407/t20240731_287616.html,2024年4月全国法定传染病疫情概况,2024,4,全国,甲乙丙类总计,甲乙丙类总计,1120260,2290,,,2026-05-28 00:56:43,/Users/zhoujia/code/大数据期末实验/大模型助力大数据分析/呼吸道传染病监测与早期预警分析/data/raw/chinacdc_monthly/t20240731_287616_b1cc64d988cd4314.html
中国疾控中心全国法定传染病疫情情况,https://www.chinacdc.cn/jksj/jksj01/202407/t20240731_287616.html,2024年4月全国法定传染病疫情概况,2024,4,全国,甲乙类传染病合计,甲乙类合计,420216,2290,,,2026-05-28 00:56:43,/Users/zhoujia/code/大数据期末实验/大模型助力大数据分析/呼吸道传染病监测与早期预警分析/data/raw/chinacdc_monthly/t20240731_287616_b1cc64d988cd4314.html
中国疾控中心全国法定传染病疫情情况,https://www.chinacdc.cn/jksj/jksj01/202407/t20240731_287616.html,2024年4月全国法定传染病疫情概况,2024,4,全国,鼠疫,甲乙类合计,0,0,,,2026-05-28 00:56:43,/Users/zhoujia/code/大数据期末实验/大模型助力大数据分析/呼吸道传染病监测与早期预警分析/data/raw/chinacdc_monthly/t20240731_287616_b1cc64d988cd4314.html
中国疾控中心全国法定传染病疫情情况,https://www.chinacdc.cn/jksj/jksj01/202407/t20240731_287616.html,2024年4月全国法定传染病疫情概况,2024,4,全国,霍乱,甲乙类合计,0,0,,,2026-05-28 00:56:43,/Users/zhoujia/code/大数据期末实验/大模型助力大数据分析/呼吸道传染病监测与早期预警分析/data/raw/chinacdc_monthly/t20240731_287616_b1cc64d988cd4314.html
中国疾控中心全国法定传染病疫情情况,https://www.chinacdc.cn/jksj/jksj01/202407/t20240731_287616.html,2024年4月全国法定传染病疫情概况,2024,4,全国,传染性非典型肺炎,甲乙类合计,0,0,,,2026-05-28 00:56:43,/Users/zhoujia/code/大数据期末实验/大模型助力大数据分析/呼吸道传染病监测与早期预警分析/data/raw/chinacdc_monthly/t20240731_287616_b1cc64d988cd4314.html
中国疾控中心全国法定传染病疫情情况,https://www.chinacdc.cn/jksj/jksj01/202407/t20240731_287616.html,2024年4月全国法定传染病疫情概况,2024,4,全国,艾滋病 **,甲乙类合计,5357,1718,,,2026-05-28 00:56:43,/Users/zhoujia/code/大数据期末实验/大模型助力大数据分析/呼吸道传染病监测与早期预警分析/data/raw/chinacdc_monthly/t20240731_287616_b1cc64d988cd4314.html
中国疾控中心全国法定传染病疫情情况,https://www.chinacdc.cn/jksj/jksj01/202407/t20240731_287616.html,2024年4月全国法定传染病疫情概况,2024,4,全国,病毒性肝炎 ***,甲乙类合计,168275,231,,,2026-05-28 00:56:43,/Users/zhoujia/code/大数据期末实验/大模型助力大数据分析/呼吸道传染病监测与早期预警分析/data/raw/chinacdc_monthly/t20240731_287616_b1cc64d988cd4314.html
中国疾控中心全国法定传染病疫情情况,https://www.chinacdc.cn/jksj/jksj01/202407/t20240731_287616.html,2024年4月全国法定传染病疫情概况,2024,4,全国,甲型肝炎,甲乙类合计,1624,0,,,2026-05-28 00:56:43,/Users/zhoujia/code/大数据期末实验/大模型助力大数据分析/呼吸道传染病监测与早期预警分析/data/raw/chinacdc_monthly/t20240731_287616_b1cc64d988cd4314.html
中国疾控中心全国法定传染病疫情情况,https://www.chinacdc.cn/jksj/jksj01/202407/t20240731_287616.html,2024年4月全国法定传染病疫情概况,2024,4,全国,乙型肝炎,甲乙类合计,140564,21,,,2026-05-28 00:56:43,/Users/zhoujia/code/大数据期末实验/大模型助力大数据分析/呼吸道传染病监测与早期预警分析/data/raw/chinacdc_monthly/t20240731_287616_b1cc64d988cd4314.html
中国疾控中心全国法定传染病疫情情况,https://www.chinacdc.cn/jksj/jksj01/202407/t20240731_287616.html,2024年4月全国法定传染病疫情概况,2024,4,全国,丙型肝炎,甲乙类合计,21905,209,,,2026-05-28 00:56:43,/Users/zhoujia/code/大数据期末实验/大模型助力大数据分析/呼吸道传染病监测与早期预警分析/data/raw/chinacdc_monthly/t20240731_287616_b1cc64d988cd4314.html
中国疾控中心全国法定传染病疫情情况,https://www.chinacdc.cn/jksj/jksj01/202407/t20240731_287616.html,2024年4月全国法定传染病疫情概况,2024,4,全国,丁型肝炎,甲乙类合计,17,0,,,2026-05-28 00:56:43,/Users/zhoujia/code/大数据期末实验/大模型助力大数据分析/呼吸道传染病监测与早期预警分析/data/raw/chinacdc_monthly/t20240731_287616_b1cc64d988cd4314.html
中国疾控中心全国法定传染病疫情情况,https://www.chinacdc.cn/jksj/jksj01/202407/t20240731_287616.html,2024年4月全国法定传染病疫情概况,2024,4,全国,戊型肝炎,甲乙类合计,3593,1,,,2026-05-28 00:56:43,/Users/zhoujia/code/大数据期末实验/大模型助力大数据分析/呼吸道传染病监测与早期预警分析/data/raw/chinacdc_monthly/t20240731_287616_b1cc64d988cd4314.html
中国疾控中心全国法定传染病疫情情况,https://www.chinacdc.cn/jksj/jksj01/202407/t20240731_287616.html,2024年4月全国法定传染病疫情概况,2024,4,全国,未分型肝炎,甲乙类合计,572,0,,,2026-05-28 00:56:43,/Users/zhoujia/code/大数据期末实验/大模型助力大数据分析/呼吸道传染病监测与早期预警分析/data/raw/chinacdc_monthly/t20240731_287616_b1cc64d988cd4314.html
中国疾控中心全国法定传染病疫情情况,https://www.chinacdc.cn/jksj/jksj01/202407/t20240731_287616.html,2024年4月全国法定传染病疫情概况,2024,4,全国,脊髓灰质炎,甲乙类合计,0,0,,,2026-05-28 00:56:43,/Users/zhoujia/code/大数据期末实验/大模型助力大数据分析/呼吸道传染病监测与早期预警分析/data/raw/chinacdc_monthly/t20240731_287616_b1cc64d988cd4314.html
中国疾控中心全国法定传染病疫情情况,https://www.chinacdc.cn/jksj/jksj01/202407/t20240731_287616.html,2024年4月全国法定传染病疫情概况,2024,4,全国,人感染高致病性禽流感,甲乙类合计,0,0,,,2026-05-28 00:56:43,/Users/zhoujia/code/大数据期末实验/大模型助力大数据分析/呼吸道传染病监测与早期预警分析/data/raw/chinacdc_monthly/t20240731_287616_b1cc64d988cd4314.html
中国疾控中心全国法定传染病疫情情况,https://www.chinacdc.cn/jksj/jksj01/202407/t20240731_287616.html,2024年4月全国法定传染病疫情概况,2024,4,全国,麻疹,甲乙类合计,148,0,,,2026-05-28 00:56:43,/Users/zhoujia/code/大数据期末实验/大模型助力大数据分析/呼吸道传染病监测与早期预警分析/data/raw/chinacdc_monthly/t20240731_287616_b1cc64d988cd4314.html
中国疾控中心全国法定传染病疫情情况,https://www.chinacdc.cn/jksj/jksj01/202407/t20240731_287616.html,2024年4月全国法定传染病疫情概况,2024,4,全国,流行性出血热,甲乙类合计,300,1,,,2026-05-28 00:56:43,/Users/zhoujia/code/大数据期末实验/大模型助力大数据分析/呼吸道传染病监测与早期预警分析/data/raw/chinacdc_monthly/t20240731_287616_b1cc64d988cd4314.html
中国疾控中心全国法定传染病疫情情况,https://www.chinacdc.cn/jksj/jksj01/202407/t20240731_287616.html,2024年4月全国法定传染病疫情概况,2024,4,全国,狂犬病,甲乙类合计,9,8,,,2026-05-28 00:56:43,/Users/zhoujia/code/大数据期末实验/大模型助力大数据分析/呼吸道传染病监测与早期预警分析/data/raw/chinacdc_monthly/t20240731_287616_b1cc64d988cd4314.html
中国疾控中心全国法定传染病疫情情况,https://www.chinacdc.cn/jksj/jksj01/202407/t20240731_287616.html,2024年4月全国法定传染病疫情概况,2024,4,全国,流行性乙型脑炎,甲乙类合计,1,0,,,2026-05-28 00:56:43,/Users/zhoujia/code/大数据期末实验/大模型助力大数据分析/呼吸道传染病监测与早期预警分析/data/raw/chinacdc_monthly/t20240731_287616_b1cc64d988cd4314.html
中国疾控中心全国法定传染病疫情情况,https://www.chinacdc.cn/jksj/jksj01/202407/t20240731_287616.html,2024年4月全国法定传染病疫情概况,2024,4,全国,登革热,甲乙类合计,58,0,,,2026-05-28 00:56:43,/Users/zhoujia/code/大数据期末实验/大模型助力大数据分析/呼吸道传染病监测与早期预警分析/data/raw/chinacdc_monthly/t20240731_287616_b1cc64d988cd4314.html
中国疾控中心全国法定传染病疫情情况,https://www.chinacdc.cn/jksj/jksj01/202407/t20240731_287616.html,2024年4月全国法定传染病疫情概况,2024,4,全国,炭疽,甲乙类合计,20,0,,,2026-05-28 00:56:43,/Users/zhoujia/code/大数据期末实验/大模型助力大数据分析/呼吸道传染病监测与早期预警分析/data/raw/chinacdc_monthly/t20240731_287616_b1cc64d988cd4314.html
中国疾控中心全国法定传染病疫情情况,https://www.chinacdc.cn/jksj/jksj01/202407/t20240731_287616.html,2024年4月全国法定传染病疫情概况,2024,4,全国,细菌性和阿米巴性痢疾,甲乙类合计,2522,0,,,2026-05-28 00:56:43,/Users/zhoujia/code/大数据期末实验/大模型助力大数据分析/呼吸道传染病监测与早期预警分析/data/raw/chinacdc_monthly/t20240731_287616_b1cc64d988cd4314.html
中国疾控中心全国法定传染病疫情情况,https://www.chinacdc.cn/jksj/jksj01/202407/t20240731_287616.html,2024年4月全国法定传染病疫情概况,2024,4,全国,肺结核 ****,甲乙类合计,68732,319,,,2026-05-28 00:56:43,/Users/zhoujia/code/大数据期末实验/大模型助力大数据分析/呼吸道传染病监测与早期预警分析/data/raw/chinacdc_monthly/t20240731_287616_b1cc64d988cd4314.html
中国疾控中心全国法定传染病疫情情况,https://www.chinacdc.cn/jksj/jksj01/202407/t20240731_287616.html,2024年4月全国法定传染病疫情概况,2024,4,全国,伤寒和副伤寒,甲乙类合计,354,0,,,2026-05-28 00:56:43,/Users/zhoujia/code/大数据期末实验/大模型助力大数据分析/呼吸道传染病监测与早期预警分析/data/raw/chinacdc_monthly/t20240731_287616_b1cc64d988cd4314.html
中国疾控中心全国法定传染病疫情情况,https://www.chinacdc.cn/jksj/jksj01/202407/t20240731_287616.html,2024年4月全国法定传染病疫情概况,2024,4,全国,流行性脑脊髓膜炎,甲乙类合计,15,0,,,2026-05-28 00:56:43,/Users/zhoujia/code/大数据期末实验/大模型助力大数据分析/呼吸道传染病监测与早期预警分析/data/raw/chinacdc_monthly/t20240731_287616_b1cc64d988cd4314.html
中国疾控中心全国法定传染病疫情情况,https://www.chinacdc.cn/jksj/jksj01/202407/t20240731_287616.html,2024年4月全国法定传染病疫情概况,2024,4,全国,百日咳,甲乙类合计,91272,7,,,2026-05-28 00:56:43,/Users/zhoujia/code/大数据期末实验/大模型助力大数据分析/呼吸道传染病监测与早期预警分析/data/raw/chinacdc_monthly/t20240731_287616_b1cc64d988cd4314.html
中国疾控中心全国法定传染病疫情情况,https://www.chinacdc.cn/jksj/jksj01/202407/t20240731_287616.html,2024年4月全国法定传染病疫情概况,2024,4,全国,白喉,甲乙类合计,0,0,,,2026-05-28 00:56:43,/Users/zhoujia/code/大数据期末实验/大模型助力大数据分析/呼吸道传染病监测与早期预警分析/data/raw/chinacdc_monthly/t20240731_287616_b1cc64d988cd4314.html
中国疾控中心全国法定传染病疫情情况,https://www.chinacdc.cn/jksj/jksj01/202407/t20240731_287616.html,2024年4月全国法定传染病疫情概况,2024,4,全国,新生儿破伤风,甲乙类合计,0,0,,,2026-05-28 00:56:43,/Users/zhoujia/code/大数据期末实验/大模型助力大数据分析/呼吸道传染病监测与早期预警分析/data/raw/chinacdc_monthly/t20240731_287616_b1cc64d988cd4314.html
中国疾控中心全国法定传染病疫情情况,https://www.chinacdc.cn/jksj/jksj01/202407/t20240731_287616.html,2024年4月全国法定传染病疫情概况,2024,4,全国,猩红热,甲乙类合计,6125,0,,,2026-05-28 00:56:43,/Users/zhoujia/code/大数据期末实验/大模型助力大数据分析/呼吸道传染病监测与早期预警分析/data/raw/chinacdc_monthly/t20240731_287616_b1cc64d988cd4314.html
中国疾控中心全国法定传染病疫情情况,https://www.chinacdc.cn/jksj/jksj01/202407/t20240731_287616.html,2024年4月全国法定传染病疫情概况,2024,4,全国,布鲁氏菌病,甲乙类合计,7141,1,,,2026-05-28 00:56:43,/Users/zhoujia/code/大数据期末实验/大模型助力大数据分析/呼吸道传染病监测与早期预警分析/data/raw/chinacdc_monthly/t20240731_287616_b1cc64d988cd4314.html
中国疾控中心全国法定传染病疫情情况,https://www.chinacdc.cn/jksj/jksj01/202407/t20240731_287616.html,2024年4月全国法定传染病疫情概况,2024,4,全国,淋病,甲乙类合计,8138,0,,,2026-05-28 00:56:43,/Users/zhoujia/code/大数据期末实验/大模型助力大数据分析/呼吸道传染病监测与早期预警分析/data/raw/chinacdc_monthly/t20240731_287616_b1cc64d988cd4314.html
中国疾控中心全国法定传染病疫情情况,https://www.chinacdc.cn/jksj/jksj01/202407/t20240731_287616.html,2024年4月全国法定传染病疫情概况,2024,4,全国,梅毒,甲乙类合计,61511,4,,,2026-05-28 00:56:43,/Users/zhoujia/code/大数据期末实验/大模型助力大数据分析/呼吸道传染病监测与早期预警分析/data/raw/chinacdc_monthly/t20240731_287616_b1cc64d988cd4314.html
中国疾控中心全国法定传染病疫情情况,https://www.chinacdc.cn/jksj/jksj01/202407/t20240731_287616.html,2024年4月全国法定传染病疫情概况,2024,4,全国,钩端螺旋体病,甲乙类合计,7,0,,,2026-05-28 00:56:43,/Users/zhoujia/code/大数据期末实验/大模型助力大数据分析/呼吸道传染病监测与早期预警分析/data/raw/chinacdc_monthly/t20240731_287616_b1cc64d988cd4314.html
中国疾控中心全国法定传染病疫情情况,https://www.chinacdc.cn/jksj/jksj01/202407/t20240731_287616.html,2024年4月全国法定传染病疫情概况,2024,4,全国,血吸虫病,甲乙类合计,2,0,,,2026-05-28 00:56:43,/Users/zhoujia/code/大数据期末实验/大模型助力大数据分析/呼吸道传染病监测与早期预警分析/data/raw/chinacdc_monthly/t20240731_287616_b1cc64d988cd4314.html
中国疾控中心全国法定传染病疫情情况,https://www.chinacdc.cn/jksj/jksj01/202407/t20240731_287616.html,2024年4月全国法定传染病疫情概况,2024,4,全国,疟疾 *****,甲乙类合计,190,1,,,2026-05-28 00:56:43,/Users/zhoujia/code/大数据期末实验/大模型助力大数据分析/呼吸道传染病监测与早期预警分析/data/raw/chinacdc_monthly/t20240731_287616_b1cc64d988cd4314.html
中国疾控中心全国法定传染病疫情情况,https://www.chinacdc.cn/jksj/jksj01/202407/t20240731_287616.html,2024年4月全国法定传染病疫情概况,2024,4,全国,人感染H7N9禽流感,甲乙类合计,0,0,,,2026-05-28 00:56:43,/Users/zhoujia/code/大数据期末实验/大模型助力大数据分析/呼吸道传染病监测与早期预警分析/data/raw/chinacdc_monthly/t20240731_287616_b1cc64d988cd4314.html
中国疾控中心全国法定传染病疫情情况,https://www.chinacdc.cn/jksj/jksj01/202407/t20240731_287616.html,2024年4月全国法定传染病疫情概况,2024,4,全国,猴痘 ******,甲乙类合计,39,0,,,2026-05-28 00:56:43,/Users/zhoujia/code/大数据期末实验/大模型助力大数据分析/呼吸道传染病监测与早期预警分析/data/raw/chinacdc_monthly/t20240731_287616_b1cc64d988cd4314.html
中国疾控中心全国法定传染病疫情情况,https://www.chinacdc.cn/jksj/jksj01/202407/t20240731_287616.html,2024年4月全国法定传染病疫情概况,2024,4,全国,丙类传染病合计,丙类合计,700044,0,,,2026-05-28 00:56:43,/Users/zhoujia/code/大数据期末实验/大模型助力大数据分析/呼吸道传染病监测与早期预警分析/data/raw/chinacdc_monthly/t20240731_287616_b1cc64d988cd4314.html
中国疾控中心全国法定传染病疫情情况,https://www.chinacdc.cn/jksj/jksj01/202407/t20240731_287616.html,2024年4月全国法定传染病疫情概况,2024,4,全国,流行性感冒,丙类合计,441711,0,,,2026-05-28 00:56:43,/Users/zhoujia/code/大数据期末实验/大模型助力大数据分析/呼吸道传染病监测与早期预警分析/data/raw/chinacdc_monthly/t20240731_287616_b1cc64d988cd4314.html
中国疾控中心全国法定传染病疫情情况,https://www.chinacdc.cn/jksj/jksj01/202407/t20240731_287616.html,2024年4月全国法定传染病疫情概况,2024,4,全国,流行性腮腺炎,丙类合计,9255,0,,,2026-05-28 00:56:43,/Users/zhoujia/code/大数据期末实验/大模型助力大数据分析/呼吸道传染病监测与早期预警分析/data/raw/chinacdc_monthly/t20240731_287616_b1cc64d988cd4314.html
中国疾控中心全国法定传染病疫情情况,https://www.chinacdc.cn/jksj/jksj01/202407/t20240731_287616.html,2024年4月全国法定传染病疫情概况,2024,4,全国,风疹,丙类合计,68,0,,,2026-05-28 00:56:43,/Users/zhoujia/code/大数据期末实验/大模型助力大数据分析/呼吸道传染病监测与早期预警分析/data/raw/chinacdc_monthly/t20240731_287616_b1cc64d988cd4314.html
中国疾控中心全国法定传染病疫情情况,https://www.chinacdc.cn/jksj/jksj01/202407/t20240731_287616.html,2024年4月全国法定传染病疫情概况,2024,4,全国,急性出血性结膜炎,丙类合计,2803,0,,,2026-05-28 00:56:43,/Users/zhoujia/code/大数据期末实验/大模型助力大数据分析/呼吸道传染病监测与早期预警分析/data/raw/chinacdc_monthly/t20240731_287616_b1cc64d988cd4314.html
中国疾控中心全国法定传染病疫情情况,https://www.chinacdc.cn/jksj/jksj01/202407/t20240731_287616.html,2024年4月全国法定传染病疫情概况,2024,4,全国,麻风病,丙类合计,43,0,,,2026-05-28 00:56:43,/Users/zhoujia/code/大数据期末实验/大模型助力大数据分析/呼吸道传染病监测与早期预警分析/data/raw/chinacdc_monthly/t20240731_287616_b1cc64d988cd4314.html
中国疾控中心全国法定传染病疫情情况,https://www.chinacdc.cn/jksj/jksj01/202407/t20240731_287616.html,2024年4月全国法定传染病疫情概况,2024,4,全国,流行性和地方性 斑疹伤寒,丙类合计,153,0,,,2026-05-28 00:56:43,/Users/zhoujia/code/大数据期末实验/大模型助力大数据分析/呼吸道传染病监测与早期预警分析/data/raw/chinacdc_monthly/t20240731_287616_b1cc64d988cd4314.html
中国疾控中心全国法定传染病疫情情况,https://www.chinacdc.cn/jksj/jksj01/202407/t20240731_287616.html,2024年4月全国法定传染病疫情概况,2024,4,全国,黑热病,丙类合计,33,0,,,2026-05-28 00:56:43,/Users/zhoujia/code/大数据期末实验/大模型助力大数据分析/呼吸道传染病监测与早期预警分析/data/raw/chinacdc_monthly/t20240731_287616_b1cc64d988cd4314.html
中国疾控中心全国法定传染病疫情情况,https://www.chinacdc.cn/jksj/jksj01/202407/t20240731_287616.html,2024年4月全国法定传染病疫情概况,2024,4,全国,包虫病,丙类合计,485,0,,,2026-05-28 00:56:43,/Users/zhoujia/code/大数据期末实验/大模型助力大数据分析/呼吸道传染病监测与早期预警分析/data/raw/chinacdc_monthly/t20240731_287616_b1cc64d988cd4314.html
中国疾控中心全国法定传染病疫情情况,https://www.chinacdc.cn/jksj/jksj01/202407/t20240731_287616.html,2024年4月全国法定传染病疫情概况,2024,4,全国,丝虫病,丙类合计,0,0,,,2026-05-28 00:56:43,/Users/zhoujia/code/大数据期末实验/大模型助力大数据分析/呼吸道传染病监测与早期预警分析/data/raw/chinacdc_monthly/t20240731_287616_b1cc64d988cd4314.html
中国疾控中心全国法定传染病疫情情况,https://www.chinacdc.cn/jksj/jksj01/202407/t20240731_287616.html,2024年4月全国法定传染病疫情概况,2024,4,全国,其他感染性腹泻病,丙类合计,143289,0,,,2026-05-28 00:56:43,/Users/zhoujia/code/大数据期末实验/大模型助力大数据分析/呼吸道传染病监测与早期预警分析/data/raw/chinacdc_monthly/t20240731_287616_b1cc64d988cd4314.html
中国疾控中心全国法定传染病疫情情况,https://www.chinacdc.cn/jksj/jksj01/202407/t20240731_287616.html,2024年4月全国法定传染病疫情概况,2024,4,全国,手足口病,丙类合计,102204,0,,,2026-05-28 00:56:43,/Users/zhoujia/code/大数据期末实验/大模型助力大数据分析/呼吸道传染病监测与早期预警分析/data/raw/chinacdc_monthly/t20240731_287616_b1cc64d988cd4314.html
中国疾控中心全国法定传染病疫情情况,https://www.chinacdc.cn/jksj/jksj01/202407/t20240731_287615.html,2024年3月全国法定传染病疫情概况,2024,3,全国,甲乙丙类总计,甲乙丙类总计,1450149,2329,,,2026-05-28 00:56:43,/Users/zhoujia/code/大数据期末实验/大模型助力大数据分析/呼吸道传染病监测与早期预警分析/data/raw/chinacdc_monthly/t20240731_287615_fc60a1dfcd2f722f.html
中国疾控中心全国法定传染病疫情情况,https://www.chinacdc.cn/jksj/jksj01/202407/t20240731_287615.html,2024年3月全国法定传染病疫情概况,2024,3,全国,甲乙类传染病合计,甲乙类合计,368244,2325,,,2026-05-28 00:56:43,/Users/zhoujia/code/大数据期末实验/大模型助力大数据分析/呼吸道传染病监测与早期预警分析/data/raw/chinacdc_monthly/t20240731_287615_fc60a1dfcd2f722f.html
中国疾控中心全国法定传染病疫情情况,https://www.chinacdc.cn/jksj/jksj01/202407/t20240731_287615.html,2024年3月全国法定传染病疫情概况,2024,3,全国,鼠疫,甲乙类合计,0,0,,,2026-05-28 00:56:43,/Users/zhoujia/code/大数据期末实验/大模型助力大数据分析/呼吸道传染病监测与早期预警分析/data/raw/chinacdc_monthly/t20240731_287615_fc60a1dfcd2f722f.html
中国疾控中心全国法定传染病疫情情况,https://www.chinacdc.cn/jksj/jksj01/202407/t20240731_287615.html,2024年3月全国法定传染病疫情概况,2024,3,全国,霍乱,甲乙类合计,0,0,,,2026-05-28 00:56:43,/Users/zhoujia/code/大数据期末实验/大模型助力大数据分析/呼吸道传染病监测与早期预警分析/data/raw/chinacdc_monthly/t20240731_287615_fc60a1dfcd2f722f.html
中国疾控中心全国法定传染病疫情情况,https://www.chinacdc.cn/jksj/jksj01/202407/t20240731_287615.html,2024年3月全国法定传染病疫情概况,2024,3,全国,传染性非典型肺炎,甲乙类合计,0,0,,,2026-05-28 00:56:43,/Users/zhoujia/code/大数据期末实验/大模型助力大数据分析/呼吸道传染病监测与早期预警分析/data/raw/chinacdc_monthly/t20240731_287615_fc60a1dfcd2f722f.html
中国疾控中心全国法定传染病疫情情况,https://www.chinacdc.cn/jksj/jksj01/202407/t20240731_287615.html,2024年3月全国法定传染病疫情概况,2024,3,全国,艾滋病 **,甲乙类合计,5422,1857,,,2026-05-28 00:56:43,/Users/zhoujia/code/大数据期末实验/大模型助力大数据分析/呼吸道传染病监测与早期预警分析/data/raw/chinacdc_monthly/t20240731_287615_fc60a1dfcd2f722f.html
中国疾控中心全国法定传染病疫情情况,https://www.chinacdc.cn/jksj/jksj01/202407/t20240731_287615.html,2024年3月全国法定传染病疫情概况,2024,3,全国,病毒性肝炎 ***,甲乙类合计,181006,160,,,2026-05-28 00:56:43,/Users/zhoujia/code/大数据期末实验/大模型助力大数据分析/呼吸道传染病监测与早期预警分析/data/raw/chinacdc_monthly/t20240731_287615_fc60a1dfcd2f722f.html
中国疾控中心全国法定传染病疫情情况,https://www.chinacdc.cn/jksj/jksj01/202407/t20240731_287615.html,2024年3月全国法定传染病疫情概况,2024,3,全国,甲型肝炎,甲乙类合计,1542,2,,,2026-05-28 00:56:43,/Users/zhoujia/code/大数据期末实验/大模型助力大数据分析/呼吸道传染病监测与早期预警分析/data/raw/chinacdc_monthly/t20240731_287615_fc60a1dfcd2f722f.html
中国疾控中心全国法定传染病疫情情况,https://www.chinacdc.cn/jksj/jksj01/202407/t20240731_287615.html,2024年3月全国法定传染病疫情概况,2024,3,全国,乙型肝炎,甲乙类合计,152967,24,,,2026-05-28 00:56:43,/Users/zhoujia/code/大数据期末实验/大模型助力大数据分析/呼吸道传染病监测与早期预警分析/data/raw/chinacdc_monthly/t20240731_287615_fc60a1dfcd2f722f.html
中国疾控中心全国法定传染病疫情情况,https://www.chinacdc.cn/jksj/jksj01/202407/t20240731_287615.html,2024年3月全国法定传染病疫情概况,2024,3,全国,丙型肝炎,甲乙类合计,22215,133,,,2026-05-28 00:56:43,/Users/zhoujia/code/大数据期末实验/大模型助力大数据分析/呼吸道传染病监测与早期预警分析/data/raw/chinacdc_monthly/t20240731_287615_fc60a1dfcd2f722f.html
中国疾控中心全国法定传染病疫情情况,https://www.chinacdc.cn/jksj/jksj01/202407/t20240731_287615.html,2024年3月全国法定传染病疫情概况,2024,3,全国,丁型肝炎,甲乙类合计,19,0,,,2026-05-28 00:56:43,/Users/zhoujia/code/大数据期末实验/大模型助力大数据分析/呼吸道传染病监测与早期预警分析/data/raw/chinacdc_monthly/t20240731_287615_fc60a1dfcd2f722f.html
中国疾控中心全国法定传染病疫情情况,https://www.chinacdc.cn/jksj/jksj01/202407/t20240731_287615.html,2024年3月全国法定传染病疫情概况,2024,3,全国,戊型肝炎,甲乙类合计,3676,0,,,2026-05-28 00:56:43,/Users/zhoujia/code/大数据期末实验/大模型助力大数据分析/呼吸道传染病监测与早期预警分析/data/raw/chinacdc_monthly/t20240731_287615_fc60a1dfcd2f722f.html
中国疾控中心全国法定传染病疫情情况,https://www.chinacdc.cn/jksj/jksj01/202407/t20240731_287615.html,2024年3月全国法定传染病疫情概况,2024,3,全国,未分型肝炎,甲乙类合计,587,1,,,2026-05-28 00:56:43,/Users/zhoujia/code/大数据期末实验/大模型助力大数据分析/呼吸道传染病监测与早期预警分析/data/raw/chinacdc_monthly/t20240731_287615_fc60a1dfcd2f722f.html
中国疾控中心全国法定传染病疫情情况,https://www.chinacdc.cn/jksj/jksj01/202407/t20240731_287615.html,2024年3月全国法定传染病疫情概况,2024,3,全国,脊髓灰质炎,甲乙类合计,0,0,,,2026-05-28 00:56:43,/Users/zhoujia/code/大数据期末实验/大模型助力大数据分析/呼吸道传染病监测与早期预警分析/data/raw/chinacdc_monthly/t20240731_287615_fc60a1dfcd2f722f.html
中国疾控中心全国法定传染病疫情情况,https://www.chinacdc.cn/jksj/jksj01/202407/t20240731_287615.html,2024年3月全国法定传染病疫情概况,2024,3,全国,人感染高致病性禽流感,甲乙类合计,0,0,,,2026-05-28 00:56:43,/Users/zhoujia/code/大数据期末实验/大模型助力大数据分析/呼吸道传染病监测与早期预警分析/data/raw/chinacdc_monthly/t20240731_287615_fc60a1dfcd2f722f.html
中国疾控中心全国法定传染病疫情情况,https://www.chinacdc.cn/jksj/jksj01/202407/t20240731_287615.html,2024年3月全国法定传染病疫情概况,2024,3,全国,麻疹,甲乙类合计,66,0,,,2026-05-28 00:56:43,/Users/zhoujia/code/大数据期末实验/大模型助力大数据分析/呼吸道传染病监测与早期预警分析/data/raw/chinacdc_monthly/t20240731_287615_fc60a1dfcd2f722f.html
中国疾控中心全国法定传染病疫情情况,https://www.chinacdc.cn/jksj/jksj01/202407/t20240731_287615.html,2024年3月全国法定传染病疫情概况,2024,3,全国,流行性出血热,甲乙类合计,234,0,,,2026-05-28 00:56:43,/Users/zhoujia/code/大数据期末实验/大模型助力大数据分析/呼吸道传染病监测与早期预警分析/data/raw/chinacdc_monthly/t20240731_287615_fc60a1dfcd2f722f.html
中国疾控中心全国法定传染病疫情情况,https://www.chinacdc.cn/jksj/jksj01/202407/t20240731_287615.html,2024年3月全国法定传染病疫情概况,2024,3,全国,狂犬病,甲乙类合计,6,6,,,2026-05-28 00:56:43,/Users/zhoujia/code/大数据期末实验/大模型助力大数据分析/呼吸道传染病监测与早期预警分析/data/raw/chinacdc_monthly/t20240731_287615_fc60a1dfcd2f722f.html
中国疾控中心全国法定传染病疫情情况,https://www.chinacdc.cn/jksj/jksj01/202407/t20240731_287615.html,2024年3月全国法定传染病疫情概况,2024,3,全国,流行性乙型脑炎,甲乙类合计,0,0,,,2026-05-28 00:56:43,/Users/zhoujia/code/大数据期末实验/大模型助力大数据分析/呼吸道传染病监测与早期预警分析/data/raw/chinacdc_monthly/t20240731_287615_fc60a1dfcd2f722f.html
中国疾控中心全国法定传染病疫情情况,https://www.chinacdc.cn/jksj/jksj01/202407/t20240731_287615.html,2024年3月全国法定传染病疫情概况,2024,3,全国,登革热,甲乙类合计,38,0,,,2026-05-28 00:56:43,/Users/zhoujia/code/大数据期末实验/大模型助力大数据分析/呼吸道传染病监测与早期预警分析/data/raw/chinacdc_monthly/t20240731_287615_fc60a1dfcd2f722f.html
中国疾控中心全国法定传染病疫情情况,https://www.chinacdc.cn/jksj/jksj01/202407/t20240731_287615.html,2024年3月全国法定传染病疫情概况,2024,3,全国,炭疽,甲乙类合计,30,0,,,2026-05-28 00:56:43,/Users/zhoujia/code/大数据期末实验/大模型助力大数据分析/呼吸道传染病监测与早期预警分析/data/raw/chinacdc_monthly/t20240731_287615_fc60a1dfcd2f722f.html
中国疾控中心全国法定传染病疫情情况,https://www.chinacdc.cn/jksj/jksj01/202407/t20240731_287615.html,2024年3月全国法定传染病疫情概况,2024,3,全国,细菌性和阿米巴性痢疾,甲乙类合计,2087,0,,,2026-05-28 00:56:43,/Users/zhoujia/code/大数据期末实验/大模型助力大数据分析/呼吸道传染病监测与早期预警分析/data/raw/chinacdc_monthly/t20240731_287615_fc60a1dfcd2f722f.html
中国疾控中心全国法定传染病疫情情况,https://www.chinacdc.cn/jksj/jksj01/202407/t20240731_287615.html,2024年3月全国法定传染病疫情概况,2024,3,全国,肺结核 ****,甲乙类合计,70013,295,,,2026-05-28 00:56:43,/Users/zhoujia/code/大数据期末实验/大模型助力大数据分析/呼吸道传染病监测与早期预警分析/data/raw/chinacdc_monthly/t20240731_287615_fc60a1dfcd2f722f.html
中国疾控中心全国法定传染病疫情情况,https://www.chinacdc.cn/jksj/jksj01/202407/t20240731_287615.html,2024年3月全国法定传染病疫情概况,2024,3,全国,伤寒和副伤寒,甲乙类合计,249,0,,,2026-05-28 00:56:43,/Users/zhoujia/code/大数据期末实验/大模型助力大数据分析/呼吸道传染病监测与早期预警分析/data/raw/chinacdc_monthly/t20240731_287615_fc60a1dfcd2f722f.html
中国疾控中心全国法定传染病疫情情况,https://www.chinacdc.cn/jksj/jksj01/202407/t20240731_287615.html,2024年3月全国法定传染病疫情概况,2024,3,全国,流行性脑脊髓膜炎,甲乙类合计,15,0,,,2026-05-28 00:56:43,/Users/zhoujia/code/大数据期末实验/大模型助力大数据分析/呼吸道传染病监测与早期预警分析/data/raw/chinacdc_monthly/t20240731_287615_fc60a1dfcd2f722f.html
中国疾控中心全国法定传染病疫情情况,https://www.chinacdc.cn/jksj/jksj01/202407/t20240731_287615.html,2024年3月全国法定传染病疫情概况,2024,3,全国,百日咳,甲乙类合计,27078,0,,,2026-05-28 00:56:43,/Users/zhoujia/code/大数据期末实验/大模型助力大数据分析/呼吸道传染病监测与早期预警分析/data/raw/chinacdc_monthly/t20240731_287615_fc60a1dfcd2f722f.html
中国疾控中心全国法定传染病疫情情况,https://www.chinacdc.cn/jksj/jksj01/202407/t20240731_287615.html,2024年3月全国法定传染病疫情概况,2024,3,全国,白喉,甲乙类合计,0,0,,,2026-05-28 00:56:43,/Users/zhoujia/code/大数据期末实验/大模型助力大数据分析/呼吸道传染病监测与早期预警分析/data/raw/chinacdc_monthly/t20240731_287615_fc60a1dfcd2f722f.html
中国疾控中心全国法定传染病疫情情况,https://www.chinacdc.cn/jksj/jksj01/202407/t20240731_287615.html,2024年3月全国法定传染病疫情概况,2024,3,全国,新生儿破伤风,甲乙类合计,0,0,,,2026-05-28 00:56:43,/Users/zhoujia/code/大数据期末实验/大模型助力大数据分析/呼吸道传染病监测与早期预警分析/data/raw/chinacdc_monthly/t20240731_287615_fc60a1dfcd2f722f.html
中国疾控中心全国法定传染病疫情情况,https://www.chinacdc.cn/jksj/jksj01/202407/t20240731_287615.html,2024年3月全国法定传染病疫情概况,2024,3,全国,猩红热,甲乙类合计,3610,0,,,2026-05-28 00:56:43,/Users/zhoujia/code/大数据期末实验/大模型助力大数据分析/呼吸道传染病监测与早期预警分析/data/raw/chinacdc_monthly/t20240731_287615_fc60a1dfcd2f722f.html
中国疾控中心全国法定传染病疫情情况,https://www.chinacdc.cn/jksj/jksj01/202407/t20240731_287615.html,2024年3月全国法定传染病疫情概况,2024,3,全国,布鲁氏菌病,甲乙类合计,6197,0,,,2026-05-28 00:56:43,/Users/zhoujia/code/大数据期末实验/大模型助力大数据分析/呼吸道传染病监测与早期预警分析/data/raw/chinacdc_monthly/t20240731_287615_fc60a1dfcd2f722f.html
中国疾控中心全国法定传染病疫情情况,https://www.chinacdc.cn/jksj/jksj01/202407/t20240731_287615.html,2024年3月全国法定传染病疫情概况,2024,3,全国,淋病,甲乙类合计,7824,0,,,2026-05-28 00:56:43,/Users/zhoujia/code/大数据期末实验/大模型助力大数据分析/呼吸道传染病监测与早期预警分析/data/raw/chinacdc_monthly/t20240731_287615_fc60a1dfcd2f722f.html
中国疾控中心全国法定传染病疫情情况,https://www.chinacdc.cn/jksj/jksj01/202407/t20240731_287615.html,2024年3月全国法定传染病疫情概况,2024,3,全国,梅毒,甲乙类合计,64161,7,,,2026-05-28 00:56:43,/Users/zhoujia/code/大数据期末实验/大模型助力大数据分析/呼吸道传染病监测与早期预警分析/data/raw/chinacdc_monthly/t20240731_287615_fc60a1dfcd2f722f.html
中国疾控中心全国法定传染病疫情情况,https://www.chinacdc.cn/jksj/jksj01/202407/t20240731_287615.html,2024年3月全国法定传染病疫情概况,2024,3,全国,钩端螺旋体病,甲乙类合计,6,0,,,2026-05-28 00:56:43,/Users/zhoujia/code/大数据期末实验/大模型助力大数据分析/呼吸道传染病监测与早期预警分析/data/raw/chinacdc_monthly/t20240731_287615_fc60a1dfcd2f722f.html
中国疾控中心全国法定传染病疫情情况,https://www.chinacdc.cn/jksj/jksj01/202407/t20240731_287615.html,2024年3月全国法定传染病疫情概况,2024,3,全国,血吸虫病,甲乙类合计,1,0,,,2026-05-28 00:56:43,/Users/zhoujia/code/大数据期末实验/大模型助力大数据分析/呼吸道传染病监测与早期预警分析/data/raw/chinacdc_monthly/t20240731_287615_fc60a1dfcd2f722f.html
中国疾控中心全国法定传染病疫情情况,https://www.chinacdc.cn/jksj/jksj01/202407/t20240731_287615.html,2024年3月全国法定传染病疫情概况,2024,3,全国,疟疾 *****,甲乙类合计,150,0,,,2026-05-28 00:56:43,/Users/zhoujia/code/大数据期末实验/大模型助力大数据分析/呼吸道传染病监测与早期预警分析/data/raw/chinacdc_monthly/t20240731_287615_fc60a1dfcd2f722f.html
中国疾控中心全国法定传染病疫情情况,https://www.chinacdc.cn/jksj/jksj01/202407/t20240731_287615.html,2024年3月全国法定传染病疫情概况,2024,3,全国,人感染H7N9禽流感,甲乙类合计,0,0,,,2026-05-28 00:56:43,/Users/zhoujia/code/大数据期末实验/大模型助力大数据分析/呼吸道传染病监测与早期预警分析/data/raw/chinacdc_monthly/t20240731_287615_fc60a1dfcd2f722f.html
中国疾控中心全国法定传染病疫情情况,https://www.chinacdc.cn/jksj/jksj01/202407/t20240731_287615.html,2024年3月全国法定传染病疫情概况,2024,3,全国,猴痘 ******,甲乙类合计,51,0,,,2026-05-28 00:56:43,/Users/zhoujia/code/大数据期末实验/大模型助力大数据分析/呼吸道传染病监测与早期预警分析/data/raw/chinacdc_monthly/t20240731_287615_fc60a1dfcd2f722f.html
中国疾控中心全国法定传染病疫情情况,https://www.chinacdc.cn/jksj/jksj01/202407/t20240731_287615.html,2024年3月全国法定传染病疫情概况,2024,3,全国,丙类传染病合计,丙类合计,1081905,4,,,2026-05-28 00:56:43,/Users/zhoujia/code/大数据期末实验/大模型助力大数据分析/呼吸道传染病监测与早期预警分析/data/raw/chinacdc_monthly/t20240731_287615_fc60a1dfcd2f722f.html
中国疾控中心全国法定传染病疫情情况,https://www.chinacdc.cn/jksj/jksj01/202407/t20240731_287615.html,2024年3月全国法定传染病疫情概况,2024,3,全国,流行性感冒,丙类合计,856355,3,,,2026-05-28 00:56:43,/Users/zhoujia/code/大数据期末实验/大模型助力大数据分析/呼吸道传染病监测与早期预警分析/data/raw/chinacdc_monthly/t20240731_287615_fc60a1dfcd2f722f.html
中国疾控中心全国法定传染病疫情情况,https://www.chinacdc.cn/jksj/jksj01/202407/t20240731_287615.html,2024年3月全国法定传染病疫情概况,2024,3,全国,流行性腮腺炎,丙类合计,6966,0,,,2026-05-28 00:56:43,/Users/zhoujia/code/大数据期末实验/大模型助力大数据分析/呼吸道传染病监测与早期预警分析/data/raw/chinacdc_monthly/t20240731_287615_fc60a1dfcd2f722f.html
中国疾控中心全国法定传染病疫情情况,https://www.chinacdc.cn/jksj/jksj01/202407/t20240731_287615.html,2024年3月全国法定传染病疫情概况,2024,3,全国,风疹,丙类合计,67,0,,,2026-05-28 00:56:43,/Users/zhoujia/code/大数据期末实验/大模型助力大数据分析/呼吸道传染病监测与早期预警分析/data/raw/chinacdc_monthly/t20240731_287615_fc60a1dfcd2f722f.html
中国疾控中心全国法定传染病疫情情况,https://www.chinacdc.cn/jksj/jksj01/202407/t20240731_287615.html,2024年3月全国法定传染病疫情概况,2024,3,全国,急性出血性结膜炎,丙类合计,2676,0,,,2026-05-28 00:56:43,/Users/zhoujia/code/大数据期末实验/大模型助力大数据分析/呼吸道传染病监测与早期预警分析/data/raw/chinacdc_monthly/t20240731_287615_fc60a1dfcd2f722f.html
中国疾控中心全国法定传染病疫情情况,https://www.chinacdc.cn/jksj/jksj01/202407/t20240731_287615.html,2024年3月全国法定传染病疫情概况,2024,3,全国,麻风病,丙类合计,53,0,,,2026-05-28 00:56:43,/Users/zhoujia/code/大数据期末实验/大模型助力大数据分析/呼吸道传染病监测与早期预警分析/data/raw/chinacdc_monthly/t20240731_287615_fc60a1dfcd2f722f.html
中国疾控中心全国法定传染病疫情情况,https://www.chinacdc.cn/jksj/jksj01/202407/t20240731_287615.html,2024年3月全国法定传染病疫情概况,2024,3,全国,流行性和地方性 斑疹伤寒,丙类合计,51,0,,,2026-05-28 00:56:43,/Users/zhoujia/code/大数据期末实验/大模型助力大数据分析/呼吸道传染病监测与早期预警分析/data/raw/chinacdc_monthly/t20240731_287615_fc60a1dfcd2f722f.html
中国疾控中心全国法定传染病疫情情况,https://www.chinacdc.cn/jksj/jksj01/202407/t20240731_287615.html,2024年3月全国法定传染病疫情概况,2024,3,全国,黑热病,丙类合计,16,0,,,2026-05-28 00:56:43,/Users/zhoujia/code/大数据期末实验/大模型助力大数据分析/呼吸道传染病监测与早期预警分析/data/raw/chinacdc_monthly/t20240731_287615_fc60a1dfcd2f722f.html
中国疾控中心全国法定传染病疫情情况,https://www.chinacdc.cn/jksj/jksj01/202407/t20240731_287615.html,2024年3月全国法定传染病疫情概况,2024,3,全国,包虫病,丙类合计,534,0,,,2026-05-28 00:56:43,/Users/zhoujia/code/大数据期末实验/大模型助力大数据分析/呼吸道传染病监测与早期预警分析/data/raw/chinacdc_monthly/t20240731_287615_fc60a1dfcd2f722f.html
中国疾控中心全国法定传染病疫情情况,https://www.chinacdc.cn/jksj/jksj01/202407/t20240731_287615.html,2024年3月全国法定传染病疫情概况,2024,3,全国,丝虫病,丙类合计,0,0,,,2026-05-28 00:56:43,/Users/zhoujia/code/大数据期末实验/大模型助力大数据分析/呼吸道传染病监测与早期预警分析/data/raw/chinacdc_monthly/t20240731_287615_fc60a1dfcd2f722f.html
中国疾控中心全国法定传染病疫情情况,https://www.chinacdc.cn/jksj/jksj01/202407/t20240731_287615.html,2024年3月全国法定传染病疫情概况,2024,3,全国,其他感染性腹泻病,丙类合计,196347,1,,,2026-05-28 00:56:43,/Users/zhoujia/code/大数据期末实验/大模型助力大数据分析/呼吸道传染病监测与早期预警分析/data/raw/chinacdc_monthly/t20240731_287615_fc60a1dfcd2f722f.html
中国疾控中心全国法定传染病疫情情况,https://www.chinacdc.cn/jksj/jksj01/202407/t20240731_287615.html,2024年3月全国法定传染病疫情概况,2024,3,全国,手足口病,丙类合计,18840,0,,,2026-05-28 00:56:43,/Users/zhoujia/code/大数据期末实验/大模型助力大数据分析/呼吸道传染病监测与早期预警分析/data/raw/chinacdc_monthly/t20240731_287615_fc60a1dfcd2f722f.html
中国疾控中心全国法定传染病疫情情况,https://www.chinacdc.cn/jksj/jksj01/202407/t20240726_287155.html,2024年2月全国法定传染病疫情概况,2024,2,全国,甲乙丙类总计,甲乙丙类总计,1594723,1674,,,2026-05-28 00:56:43,/Users/zhoujia/code/大数据期末实验/大模型助力大数据分析/呼吸道传染病监测与早期预警分析/data/raw/chinacdc_monthly/t20240726_287155_2700b808d51ac9bd.html
中国疾控中心全国法定传染病疫情情况,https://www.chinacdc.cn/jksj/jksj01/202407/t20240726_287155.html,2024年2月全国法定传染病疫情概况,2024,2,全国,甲乙类传染病合计,甲乙类合计,275681,1674,,,2026-05-28 00:56:43,/Users/zhoujia/code/大数据期末实验/大模型助力大数据分析/呼吸道传染病监测与早期预警分析/data/raw/chinacdc_monthly/t20240726_287155_2700b808d51ac9bd.html
中国疾控中心全国法定传染病疫情情况,https://www.chinacdc.cn/jksj/jksj01/202407/t20240726_287155.html,2024年2月全国法定传染病疫情概况,2024,2,全国,鼠疫,甲乙类合计,0,0,,,2026-05-28 00:56:43,/Users/zhoujia/code/大数据期末实验/大模型助力大数据分析/呼吸道传染病监测与早期预警分析/data/raw/chinacdc_monthly/t20240726_287155_2700b808d51ac9bd.html
中国疾控中心全国法定传染病疫情情况,https://www.chinacdc.cn/jksj/jksj01/202407/t20240726_287155.html,2024年2月全国法定传染病疫情概况,2024,2,全国,霍乱,甲乙类合计,0,0,,,2026-05-28 00:56:43,/Users/zhoujia/code/大数据期末实验/大模型助力大数据分析/呼吸道传染病监测与早期预警分析/data/raw/chinacdc_monthly/t20240726_287155_2700b808d51ac9bd.html
中国疾控中心全国法定传染病疫情情况,https://www.chinacdc.cn/jksj/jksj01/202407/t20240726_287155.html,2024年2月全国法定传染病疫情概况,2024,2,全国,传染性非典型肺炎,甲乙类合计,0,0,,,2026-05-28 00:56:43,/Users/zhoujia/code/大数据期末实验/大模型助力大数据分析/呼吸道传染病监测与早期预警分析/data/raw/chinacdc_monthly/t20240726_287155_2700b808d51ac9bd.html
中国疾控中心全国法定传染病疫情情况,https://www.chinacdc.cn/jksj/jksj01/202407/t20240726_287155.html,2024年2月全国法定传染病疫情概况,2024,2,全国,艾滋病 **,甲乙类合计,3344,1360,,,2026-05-28 00:56:43,/Users/zhoujia/code/大数据期末实验/大模型助力大数据分析/呼吸道传染病监测与早期预警分析/data/raw/chinacdc_monthly/t20240726_287155_2700b808d51ac9bd.html
中国疾控中心全国法定传染病疫情情况,https://www.chinacdc.cn/jksj/jksj01/202407/t20240726_287155.html,2024年2月全国法定传染病疫情概况,2024,2,全国,病毒性肝炎 ***,甲乙类合计,142012,74,,,2026-05-28 00:56:43,/Users/zhoujia/code/大数据期末实验/大模型助力大数据分析/呼吸道传染病监测与早期预警分析/data/raw/chinacdc_monthly/t20240726_287155_2700b808d51ac9bd.html
中国疾控中心全国法定传染病疫情情况,https://www.chinacdc.cn/jksj/jksj01/202407/t20240726_287155.html,2024年2月全国法定传染病疫情概况,2024,2,全国,甲型肝炎,甲乙类合计,857,0,,,2026-05-28 00:56:43,/Users/zhoujia/code/大数据期末实验/大模型助力大数据分析/呼吸道传染病监测与早期预警分析/data/raw/chinacdc_monthly/t20240726_287155_2700b808d51ac9bd.html
中国疾控中心全国法定传染病疫情情况,https://www.chinacdc.cn/jksj/jksj01/202407/t20240726_287155.html,2024年2月全国法定传染病疫情概况,2024,2,全国,乙型肝炎,甲乙类合计,122780,28,,,2026-05-28 00:56:43,/Users/zhoujia/code/大数据期末实验/大模型助力大数据分析/呼吸道传染病监测与早期预警分析/data/raw/chinacdc_monthly/t20240726_287155_2700b808d51ac9bd.html
中国疾控中心全国法定传染病疫情情况,https://www.chinacdc.cn/jksj/jksj01/202407/t20240726_287155.html,2024年2月全国法定传染病疫情概况,2024,2,全国,丙型肝炎,甲乙类合计,15002,44,,,2026-05-28 00:56:43,/Users/zhoujia/code/大数据期末实验/大模型助力大数据分析/呼吸道传染病监测与早期预警分析/data/raw/chinacdc_monthly/t20240726_287155_2700b808d51ac9bd.html
中国疾控中心全国法定传染病疫情情况,https://www.chinacdc.cn/jksj/jksj01/202407/t20240726_287155.html,2024年2月全国法定传染病疫情概况,2024,2,全国,丁型肝炎,甲乙类合计,13,0,,,2026-05-28 00:56:43,/Users/zhoujia/code/大数据期末实验/大模型助力大数据分析/呼吸道传染病监测与早期预警分析/data/raw/chinacdc_monthly/t20240726_287155_2700b808d51ac9bd.html
中国疾控中心全国法定传染病疫情情况,https://www.chinacdc.cn/jksj/jksj01/202407/t20240726_287155.html,2024年2月全国法定传染病疫情概况,2024,2,全国,戊型肝炎,甲乙类合计,2869,2,,,2026-05-28 00:56:43,/Users/zhoujia/code/大数据期末实验/大模型助力大数据分析/呼吸道传染病监测与早期预警分析/data/raw/chinacdc_monthly/t20240726_287155_2700b808d51ac9bd.html
中国疾控中心全国法定传染病疫情情况,https://www.chinacdc.cn/jksj/jksj01/202407/t20240726_287155.html,2024年2月全国法定传染病疫情概况,2024,2,全国,未分型肝炎,甲乙类合计,491,0,,,2026-05-28 00:56:43,/Users/zhoujia/code/大数据期末实验/大模型助力大数据分析/呼吸道传染病监测与早期预警分析/data/raw/chinacdc_monthly/t20240726_287155_2700b808d51ac9bd.html
中国疾控中心全国法定传染病疫情情况,https://www.chinacdc.cn/jksj/jksj01/202407/t20240726_287155.html,2024年2月全国法定传染病疫情概况,2024,2,全国,脊髓灰质炎,甲乙类合计,0,0,,,2026-05-28 00:56:43,/Users/zhoujia/code/大数据期末实验/大模型助力大数据分析/呼吸道传染病监测与早期预警分析/data/raw/chinacdc_monthly/t20240726_287155_2700b808d51ac9bd.html
中国疾控中心全国法定传染病疫情情况,https://www.chinacdc.cn/jksj/jksj01/202407/t20240726_287155.html,2024年2月全国法定传染病疫情概况,2024,2,全国,人感染高致病性禽流感,甲乙类合计,0,0,,,2026-05-28 00:56:43,/Users/zhoujia/code/大数据期末实验/大模型助力大数据分析/呼吸道传染病监测与早期预警分析/data/raw/chinacdc_monthly/t20240726_287155_2700b808d51ac9bd.html
中国疾控中心全国法定传染病疫情情况,https://www.chinacdc.cn/jksj/jksj01/202407/t20240726_287155.html,2024年2月全国法定传染病疫情概况,2024,2,全国,麻疹,甲乙类合计,31,0,,,2026-05-28 00:56:43,/Users/zhoujia/code/大数据期末实验/大模型助力大数据分析/呼吸道传染病监测与早期预警分析/data/raw/chinacdc_monthly/t20240726_287155_2700b808d51ac9bd.html
中国疾控中心全国法定传染病疫情情况,https://www.chinacdc.cn/jksj/jksj01/202407/t20240726_287155.html,2024年2月全国法定传染病疫情概况,2024,2,全国,流行性出血热,甲乙类合计,247,0,,,2026-05-28 00:56:43,/Users/zhoujia/code/大数据期末实验/大模型助力大数据分析/呼吸道传染病监测与早期预警分析/data/raw/chinacdc_monthly/t20240726_287155_2700b808d51ac9bd.html
中国疾控中心全国法定传染病疫情情况,https://www.chinacdc.cn/jksj/jksj01/202407/t20240726_287155.html,2024年2月全国法定传染病疫情概况,2024,2,全国,狂犬病,甲乙类合计,4,2,,,2026-05-28 00:56:43,/Users/zhoujia/code/大数据期末实验/大模型助力大数据分析/呼吸道传染病监测与早期预警分析/data/raw/chinacdc_monthly/t20240726_287155_2700b808d51ac9bd.html
中国疾控中心全国法定传染病疫情情况,https://www.chinacdc.cn/jksj/jksj01/202407/t20240726_287155.html,2024年2月全国法定传染病疫情概况,2024,2,全国,流行性乙型脑炎,甲乙类合计,0,1,,,2026-05-28 00:56:43,/Users/zhoujia/code/大数据期末实验/大模型助力大数据分析/呼吸道传染病监测与早期预警分析/data/raw/chinacdc_monthly/t20240726_287155_2700b808d51ac9bd.html
中国疾控中心全国法定传染病疫情情况,https://www.chinacdc.cn/jksj/jksj01/202407/t20240726_287155.html,2024年2月全国法定传染病疫情概况,2024,2,全国,登革热,甲乙类合计,42,0,,,2026-05-28 00:56:43,/Users/zhoujia/code/大数据期末实验/大模型助力大数据分析/呼吸道传染病监测与早期预警分析/data/raw/chinacdc_monthly/t20240726_287155_2700b808d51ac9bd.html
中国疾控中心全国法定传染病疫情情况,https://www.chinacdc.cn/jksj/jksj01/202407/t20240726_287155.html,2024年2月全国法定传染病疫情概况,2024,2,全国,炭疽,甲乙类合计,17,0,,,2026-05-28 00:56:43,/Users/zhoujia/code/大数据期末实验/大模型助力大数据分析/呼吸道传染病监测与早期预警分析/data/raw/chinacdc_monthly/t20240726_287155_2700b808d51ac9bd.html
中国疾控中心全国法定传染病疫情情况,https://www.chinacdc.cn/jksj/jksj01/202407/t20240726_287155.html,2024年2月全国法定传染病疫情概况,2024,2,全国,细菌性和阿米巴性痢疾,甲乙类合计,1673,0,,,2026-05-28 00:56:43,/Users/zhoujia/code/大数据期末实验/大模型助力大数据分析/呼吸道传染病监测与早期预警分析/data/raw/chinacdc_monthly/t20240726_287155_2700b808d51ac9bd.html
中国疾控中心全国法定传染病疫情情况,https://www.chinacdc.cn/jksj/jksj01/202407/t20240726_287155.html,2024年2月全国法定传染病疫情概况,2024,2,全国,肺结核 ****,甲乙类合计,51945,224,,,2026-05-28 00:56:43,/Users/zhoujia/code/大数据期末实验/大模型助力大数据分析/呼吸道传染病监测与早期预警分析/data/raw/chinacdc_monthly/t20240726_287155_2700b808d51ac9bd.html
中国疾控中心全国法定传染病疫情情况,https://www.chinacdc.cn/jksj/jksj01/202407/t20240726_287155.html,2024年2月全国法定传染病疫情概况,2024,2,全国,伤寒和副伤寒,甲乙类合计,190,0,,,2026-05-28 00:56:43,/Users/zhoujia/code/大数据期末实验/大模型助力大数据分析/呼吸道传染病监测与早期预警分析/data/raw/chinacdc_monthly/t20240726_287155_2700b808d51ac9bd.html
中国疾控中心全国法定传染病疫情情况,https://www.chinacdc.cn/jksj/jksj01/202407/t20240726_287155.html,2024年2月全国法定传染病疫情概况,2024,2,全国,流行性脑脊髓膜炎,甲乙类合计,11,0,,,2026-05-28 00:56:43,/Users/zhoujia/code/大数据期末实验/大模型助力大数据分析/呼吸道传染病监测与早期预警分析/data/raw/chinacdc_monthly/t20240726_287155_2700b808d51ac9bd.html
中国疾控中心全国法定传染病疫情情况,https://www.chinacdc.cn/jksj/jksj01/202407/t20240726_287155.html,2024年2月全国法定传染病疫情概况,2024,2,全国,百日咳,甲乙类合计,17105,8,,,2026-05-28 00:56:43,/Users/zhoujia/code/大数据期末实验/大模型助力大数据分析/呼吸道传染病监测与早期预警分析/data/raw/chinacdc_monthly/t20240726_287155_2700b808d51ac9bd.html
中国疾控中心全国法定传染病疫情情况,https://www.chinacdc.cn/jksj/jksj01/202407/t20240726_287155.html,2024年2月全国法定传染病疫情概况,2024,2,全国,白喉,甲乙类合计,0,0,,,2026-05-28 00:56:43,/Users/zhoujia/code/大数据期末实验/大模型助力大数据分析/呼吸道传染病监测与早期预警分析/data/raw/chinacdc_monthly/t20240726_287155_2700b808d51ac9bd.html
中国疾控中心全国法定传染病疫情情况,https://www.chinacdc.cn/jksj/jksj01/202407/t20240726_287155.html,2024年2月全国法定传染病疫情概况,2024,2,全国,新生儿破伤风,甲乙类合计,2,0,,,2026-05-28 00:56:43,/Users/zhoujia/code/大数据期末实验/大模型助力大数据分析/呼吸道传染病监测与早期预警分析/data/raw/chinacdc_monthly/t20240726_287155_2700b808d51ac9bd.html
中国疾控中心全国法定传染病疫情情况,https://www.chinacdc.cn/jksj/jksj01/202407/t20240726_287155.html,2024年2月全国法定传染病疫情概况,2024,2,全国,猩红热,甲乙类合计,1783,0,,,2026-05-28 00:56:43,/Users/zhoujia/code/大数据期末实验/大模型助力大数据分析/呼吸道传染病监测与早期预警分析/data/raw/chinacdc_monthly/t20240726_287155_2700b808d51ac9bd.html
中国疾控中心全国法定传染病疫情情况,https://www.chinacdc.cn/jksj/jksj01/202407/t20240726_287155.html,2024年2月全国法定传染病疫情概况,2024,2,全国,布鲁氏菌病,甲乙类合计,3758,0,,,2026-05-28 00:56:43,/Users/zhoujia/code/大数据期末实验/大模型助力大数据分析/呼吸道传染病监测与早期预警分析/data/raw/chinacdc_monthly/t20240726_287155_2700b808d51ac9bd.html
中国疾控中心全国法定传染病疫情情况,https://www.chinacdc.cn/jksj/jksj01/202407/t20240726_287155.html,2024年2月全国法定传染病疫情概况,2024,2,全国,淋病,甲乙类合计,6350,0,,,2026-05-28 00:56:43,/Users/zhoujia/code/大数据期末实验/大模型助力大数据分析/呼吸道传染病监测与早期预警分析/data/raw/chinacdc_monthly/t20240726_287155_2700b808d51ac9bd.html
中国疾控中心全国法定传染病疫情情况,https://www.chinacdc.cn/jksj/jksj01/202407/t20240726_287155.html,2024年2月全国法定传染病疫情概况,2024,2,全国,梅毒,甲乙类合计,46868,3,,,2026-05-28 00:56:43,/Users/zhoujia/code/大数据期末实验/大模型助力大数据分析/呼吸道传染病监测与早期预警分析/data/raw/chinacdc_monthly/t20240726_287155_2700b808d51ac9bd.html
中国疾控中心全国法定传染病疫情情况,https://www.chinacdc.cn/jksj/jksj01/202407/t20240726_287155.html,2024年2月全国法定传染病疫情概况,2024,2,全国,钩端螺旋体病,甲乙类合计,9,0,,,2026-05-28 00:56:43,/Users/zhoujia/code/大数据期末实验/大模型助力大数据分析/呼吸道传染病监测与早期预警分析/data/raw/chinacdc_monthly/t20240726_287155_2700b808d51ac9bd.html
中国疾控中心全国法定传染病疫情情况,https://www.chinacdc.cn/jksj/jksj01/202407/t20240726_287155.html,2024年2月全国法定传染病疫情概况,2024,2,全国,血吸虫病,甲乙类合计,5,0,,,2026-05-28 00:56:43,/Users/zhoujia/code/大数据期末实验/大模型助力大数据分析/呼吸道传染病监测与早期预警分析/data/raw/chinacdc_monthly/t20240726_287155_2700b808d51ac9bd.html
中国疾控中心全国法定传染病疫情情况,https://www.chinacdc.cn/jksj/jksj01/202407/t20240726_287155.html,2024年2月全国法定传染病疫情概况,2024,2,全国,疟疾 *****,甲乙类合计,215,2,,,2026-05-28 00:56:43,/Users/zhoujia/code/大数据期末实验/大模型助力大数据分析/呼吸道传染病监测与早期预警分析/data/raw/chinacdc_monthly/t20240726_287155_2700b808d51ac9bd.html
中国疾控中心全国法定传染病疫情情况,https://www.chinacdc.cn/jksj/jksj01/202407/t20240726_287155.html,2024年2月全国法定传染病疫情概况,2024,2,全国,人感染 H7N9 禽流感,甲乙类合计,0,0,,,2026-05-28 00:56:43,/Users/zhoujia/code/大数据期末实验/大模型助力大数据分析/呼吸道传染病监测与早期预警分析/data/raw/chinacdc_monthly/t20240726_287155_2700b808d51ac9bd.html
中国疾控中心全国法定传染病疫情情况,https://www.chinacdc.cn/jksj/jksj01/202407/t20240726_287155.html,2024年2月全国法定传染病疫情概况,2024,2,全国,猴痘 ******,甲乙类合计,70,0,,,2026-05-28 00:56:43,/Users/zhoujia/code/大数据期末实验/大模型助力大数据分析/呼吸道传染病监测与早期预警分析/data/raw/chinacdc_monthly/t20240726_287155_2700b808d51ac9bd.html
中国疾控中心全国法定传染病疫情情况,https://www.chinacdc.cn/jksj/jksj01/202407/t20240726_287155.html,2024年2月全国法定传染病疫情概况,2024,2,全国,丙类传染病合计,丙类合计,1319042,0,,,2026-05-28 00:56:43,/Users/zhoujia/code/大数据期末实验/大模型助力大数据分析/呼吸道传染病监测与早期预警分析/data/raw/chinacdc_monthly/t20240726_287155_2700b808d51ac9bd.html
中国疾控中心全国法定传染病疫情情况,https://www.chinacdc.cn/jksj/jksj01/202407/t20240726_287155.html,2024年2月全国法定传染病疫情概况,2024,2,全国,流行性感冒,丙类合计,1179029,0,,,2026-05-28 00:56:43,/Users/zhoujia/code/大数据期末实验/大模型助力大数据分析/呼吸道传染病监测与早期预警分析/data/raw/chinacdc_monthly/t20240726_287155_2700b808d51ac9bd.html
中国疾控中心全国法定传染病疫情情况,https://www.chinacdc.cn/jksj/jksj01/202407/t20240726_287155.html,2024年2月全国法定传染病疫情概况,2024,2,全国,流行性腮腺炎,丙类合计,3344,0,,,2026-05-28 00:56:43,/Users/zhoujia/code/大数据期末实验/大模型助力大数据分析/呼吸道传染病监测与早期预警分析/data/raw/chinacdc_monthly/t20240726_287155_2700b808d51ac9bd.html
中国疾控中心全国法定传染病疫情情况,https://www.chinacdc.cn/jksj/jksj01/202407/t20240726_287155.html,2024年2月全国法定传染病疫情概况,2024,2,全国,风疹,丙类合计,33,0,,,2026-05-28 00:56:43,/Users/zhoujia/code/大数据期末实验/大模型助力大数据分析/呼吸道传染病监测与早期预警分析/data/raw/chinacdc_monthly/t20240726_287155_2700b808d51ac9bd.html
中国疾控中心全国法定传染病疫情情况,https://www.chinacdc.cn/jksj/jksj01/202407/t20240726_287155.html,2024年2月全国法定传染病疫情概况,2024,2,全国,急性出血性结膜炎,丙类合计,1856,0,,,2026-05-28 00:56:43,/Users/zhoujia/code/大数据期末实验/大模型助力大数据分析/呼吸道传染病监测与早期预警分析/data/raw/chinacdc_monthly/t20240726_287155_2700b808d51ac9bd.html
中国疾控中心全国法定传染病疫情情况,https://www.chinacdc.cn/jksj/jksj01/202407/t20240726_287155.html,2024年2月全国法定传染病疫情概况,2024,2,全国,麻风病,丙类合计,24,0,,,2026-05-28 00:56:43,/Users/zhoujia/code/大数据期末实验/大模型助力大数据分析/呼吸道传染病监测与早期预警分析/data/raw/chinacdc_monthly/t20240726_287155_2700b808d51ac9bd.html
中国疾控中心全国法定传染病疫情情况,https://www.chinacdc.cn/jksj/jksj01/202407/t20240726_287155.html,2024年2月全国法定传染病疫情概况,2024,2,全国,流行性和地方性 斑疹伤寒,丙类合计,45,0,,,2026-05-28 00:56:43,/Users/zhoujia/code/大数据期末实验/大模型助力大数据分析/呼吸道传染病监测与早期预警分析/data/raw/chinacdc_monthly/t20240726_287155_2700b808d51ac9bd.html
中国疾控中心全国法定传染病疫情情况,https://www.chinacdc.cn/jksj/jksj01/202407/t20240726_287155.html,2024年2月全国法定传染病疫情概况,2024,2,全国,黑热病,丙类合计,18,0,,,2026-05-28 00:56:43,/Users/zhoujia/code/大数据期末实验/大模型助力大数据分析/呼吸道传染病监测与早期预警分析/data/raw/chinacdc_monthly/t20240726_287155_2700b808d51ac9bd.html
中国疾控中心全国法定传染病疫情情况,https://www.chinacdc.cn/jksj/jksj01/202407/t20240726_287155.html,2024年2月全国法定传染病疫情概况,2024,2,全国,包虫病,丙类合计,311,0,,,2026-05-28 00:56:43,/Users/zhoujia/code/大数据期末实验/大模型助力大数据分析/呼吸道传染病监测与早期预警分析/data/raw/chinacdc_monthly/t20240726_287155_2700b808d51ac9bd.html
中国疾控中心全国法定传染病疫情情况,https://www.chinacdc.cn/jksj/jksj01/202407/t20240726_287155.html,2024年2月全国法定传染病疫情概况,2024,2,全国,丝虫病,丙类合计,0,0,,,2026-05-28 00:56:43,/Users/zhoujia/code/大数据期末实验/大模型助力大数据分析/呼吸道传染病监测与早期预警分析/data/raw/chinacdc_monthly/t20240726_287155_2700b808d51ac9bd.html
中国疾控中心全国法定传染病疫情情况,https://www.chinacdc.cn/jksj/jksj01/202407/t20240726_287155.html,2024年2月全国法定传染病疫情概况,2024,2,全国,其他感染性腹泻病,丙类合计,125289,0,,,2026-05-28 00:56:43,/Users/zhoujia/code/大数据期末实验/大模型助力大数据分析/呼吸道传染病监测与早期预警分析/data/raw/chinacdc_monthly/t20240726_287155_2700b808d51ac9bd.html
中国疾控中心全国法定传染病疫情情况,https://www.chinacdc.cn/jksj/jksj01/202407/t20240726_287155.html,2024年2月全国法定传染病疫情概况,2024,2,全国,手足口病,丙类合计,9093,0,,,2026-05-28 00:56:43,/Users/zhoujia/code/大数据期末实验/大模型助力大数据分析/呼吸道传染病监测与早期预警分析/data/raw/chinacdc_monthly/t20240726_287155_2700b808d51ac9bd.html
中国疾控中心全国法定传染病疫情情况,https://www.chinacdc.cn/jksj/jksj01/202407/t20240726_287154.html,2024年1月全国法定传染病疫情概况,2024,1,全国,甲乙丙类总计,甲乙丙类总计,3427657,2198,,,2026-05-28 00:56:43,/Users/zhoujia/code/大数据期末实验/大模型助力大数据分析/呼吸道传染病监测与早期预警分析/data/raw/chinacdc_monthly/t20240726_287154_2b446df8385df402.html
中国疾控中心全国法定传染病疫情情况,https://www.chinacdc.cn/jksj/jksj01/202407/t20240726_287154.html,2024年1月全国法定传染病疫情概况,2024,1,全国,甲乙类传染病合计,甲乙类合计,317479,2195,,,2026-05-28 00:56:43,/Users/zhoujia/code/大数据期末实验/大模型助力大数据分析/呼吸道传染病监测与早期预警分析/data/raw/chinacdc_monthly/t20240726_287154_2b446df8385df402.html
中国疾控中心全国法定传染病疫情情况,https://www.chinacdc.cn/jksj/jksj01/202407/t20240726_287154.html,2024年1月全国法定传染病疫情概况,2024,1,全国,鼠疫,甲乙类合计,0,0,,,2026-05-28 00:56:43,/Users/zhoujia/code/大数据期末实验/大模型助力大数据分析/呼吸道传染病监测与早期预警分析/data/raw/chinacdc_monthly/t20240726_287154_2b446df8385df402.html
中国疾控中心全国法定传染病疫情情况,https://www.chinacdc.cn/jksj/jksj01/202407/t20240726_287154.html,2024年1月全国法定传染病疫情概况,2024,1,全国,霍乱,甲乙类合计,0,0,,,2026-05-28 00:56:43,/Users/zhoujia/code/大数据期末实验/大模型助力大数据分析/呼吸道传染病监测与早期预警分析/data/raw/chinacdc_monthly/t20240726_287154_2b446df8385df402.html
中国疾控中心全国法定传染病疫情情况,https://www.chinacdc.cn/jksj/jksj01/202407/t20240726_287154.html,2024年1月全国法定传染病疫情概况,2024,1,全国,传染性非典型肺炎,甲乙类合计,0,0,,,2026-05-28 00:56:43,/Users/zhoujia/code/大数据期末实验/大模型助力大数据分析/呼吸道传染病监测与早期预警分析/data/raw/chinacdc_monthly/t20240726_287154_2b446df8385df402.html
中国疾控中心全国法定传染病疫情情况,https://www.chinacdc.cn/jksj/jksj01/202407/t20240726_287154.html,2024年1月全国法定传染病疫情概况,2024,1,全国,艾滋病 **,甲乙类合计,3194,1730,,,2026-05-28 00:56:43,/Users/zhoujia/code/大数据期末实验/大模型助力大数据分析/呼吸道传染病监测与早期预警分析/data/raw/chinacdc_monthly/t20240726_287154_2b446df8385df402.html
中国疾控中心全国法定传染病疫情情况,https://www.chinacdc.cn/jksj/jksj01/202407/t20240726_287154.html,2024年1月全国法定传染病疫情概况,2024,1,全国,病毒性肝炎 ***,甲乙类合计,159136,53,,,2026-05-28 00:56:43,/Users/zhoujia/code/大数据期末实验/大模型助力大数据分析/呼吸道传染病监测与早期预警分析/data/raw/chinacdc_monthly/t20240726_287154_2b446df8385df402.html
中国疾控中心全国法定传染病疫情情况,https://www.chinacdc.cn/jksj/jksj01/202407/t20240726_287154.html,2024年1月全国法定传染病疫情概况,2024,1,全国,甲型肝炎,甲乙类合计,1002,0,,,2026-05-28 00:56:43,/Users/zhoujia/code/大数据期末实验/大模型助力大数据分析/呼吸道传染病监测与早期预警分析/data/raw/chinacdc_monthly/t20240726_287154_2b446df8385df402.html
中国疾控中心全国法定传染病疫情情况,https://www.chinacdc.cn/jksj/jksj01/202407/t20240726_287154.html,2024年1月全国法定传染病疫情概况,2024,1,全国,乙型肝炎,甲乙类合计,135873,26,,,2026-05-28 00:56:43,/Users/zhoujia/code/大数据期末实验/大模型助力大数据分析/呼吸道传染病监测与早期预警分析/data/raw/chinacdc_monthly/t20240726_287154_2b446df8385df402.html
中国疾控中心全国法定传染病疫情情况,https://www.chinacdc.cn/jksj/jksj01/202407/t20240726_287154.html,2024年1月全国法定传染病疫情概况,2024,1,全国,丙型肝炎,甲乙类合计,18610,23,,,2026-05-28 00:56:43,/Users/zhoujia/code/大数据期末实验/大模型助力大数据分析/呼吸道传染病监测与早期预警分析/data/raw/chinacdc_monthly/t20240726_287154_2b446df8385df402.html
中国疾控中心全国法定传染病疫情情况,https://www.chinacdc.cn/jksj/jksj01/202407/t20240726_287154.html,2024年1月全国法定传染病疫情概况,2024,1,全国,丁型肝炎,甲乙类合计,25,0,,,2026-05-28 00:56:43,/Users/zhoujia/code/大数据期末实验/大模型助力大数据分析/呼吸道传染病监测与早期预警分析/data/raw/chinacdc_monthly/t20240726_287154_2b446df8385df402.html
中国疾控中心全国法定传染病疫情情况,https://www.chinacdc.cn/jksj/jksj01/202407/t20240726_287154.html,2024年1月全国法定传染病疫情概况,2024,1,全国,戊型肝炎,甲乙类合计,2996,4,,,2026-05-28 00:56:43,/Users/zhoujia/code/大数据期末实验/大模型助力大数据分析/呼吸道传染病监测与早期预警分析/data/raw/chinacdc_monthly/t20240726_287154_2b446df8385df402.html
中国疾控中心全国法定传染病疫情情况,https://www.chinacdc.cn/jksj/jksj01/202407/t20240726_287154.html,2024年1月全国法定传染病疫情概况,2024,1,全国,未分型肝炎,甲乙类合计,630,0,,,2026-05-28 00:56:43,/Users/zhoujia/code/大数据期末实验/大模型助力大数据分析/呼吸道传染病监测与早期预警分析/data/raw/chinacdc_monthly/t20240726_287154_2b446df8385df402.html
中国疾控中心全国法定传染病疫情情况,https://www.chinacdc.cn/jksj/jksj01/202407/t20240726_287154.html,2024年1月全国法定传染病疫情概况,2024,1,全国,脊髓灰质炎,甲乙类合计,0,0,,,2026-05-28 00:56:43,/Users/zhoujia/code/大数据期末实验/大模型助力大数据分析/呼吸道传染病监测与早期预警分析/data/raw/chinacdc_monthly/t20240726_287154_2b446df8385df402.html
中国疾控中心全国法定传染病疫情情况,https://www.chinacdc.cn/jksj/jksj01/202407/t20240726_287154.html,2024年1月全国法定传染病疫情概况,2024,1,全国,人感染高致病性禽流感,甲乙类合计,0,0,,,2026-05-28 00:56:43,/Users/zhoujia/code/大数据期末实验/大模型助力大数据分析/呼吸道传染病监测与早期预警分析/data/raw/chinacdc_monthly/t20240726_287154_2b446df8385df402.html
中国疾控中心全国法定传染病疫情情况,https://www.chinacdc.cn/jksj/jksj01/202407/t20240726_287154.html,2024年1月全国法定传染病疫情概况,2024,1,全国,麻疹,甲乙类合计,51,0,,,2026-05-28 00:56:43,/Users/zhoujia/code/大数据期末实验/大模型助力大数据分析/呼吸道传染病监测与早期预警分析/data/raw/chinacdc_monthly/t20240726_287154_2b446df8385df402.html
中国疾控中心全国法定传染病疫情情况,https://www.chinacdc.cn/jksj/jksj01/202407/t20240726_287154.html,2024年1月全国法定传染病疫情概况,2024,1,全国,流行性出血热,甲乙类合计,511,1,,,2026-05-28 00:56:43,/Users/zhoujia/code/大数据期末实验/大模型助力大数据分析/呼吸道传染病监测与早期预警分析/data/raw/chinacdc_monthly/t20240726_287154_2b446df8385df402.html
中国疾控中心全国法定传染病疫情情况,https://www.chinacdc.cn/jksj/jksj01/202407/t20240726_287154.html,2024年1月全国法定传染病疫情概况,2024,1,全国,狂犬病,甲乙类合计,15,11,,,2026-05-28 00:56:43,/Users/zhoujia/code/大数据期末实验/大模型助力大数据分析/呼吸道传染病监测与早期预警分析/data/raw/chinacdc_monthly/t20240726_287154_2b446df8385df402.html
中国疾控中心全国法定传染病疫情情况,https://www.chinacdc.cn/jksj/jksj01/202407/t20240726_287154.html,2024年1月全国法定传染病疫情概况,2024,1,全国,流行性乙型脑炎,甲乙类合计,3,1,,,2026-05-28 00:56:43,/Users/zhoujia/code/大数据期末实验/大模型助力大数据分析/呼吸道传染病监测与早期预警分析/data/raw/chinacdc_monthly/t20240726_287154_2b446df8385df402.html
中国疾控中心全国法定传染病疫情情况,https://www.chinacdc.cn/jksj/jksj01/202407/t20240726_287154.html,2024年1月全国法定传染病疫情概况,2024,1,全国,登革热,甲乙类合计,27,0,,,2026-05-28 00:56:43,/Users/zhoujia/code/大数据期末实验/大模型助力大数据分析/呼吸道传染病监测与早期预警分析/data/raw/chinacdc_monthly/t20240726_287154_2b446df8385df402.html
中国疾控中心全国法定传染病疫情情况,https://www.chinacdc.cn/jksj/jksj01/202407/t20240726_287154.html,2024年1月全国法定传染病疫情概况,2024,1,全国,炭疽,甲乙类合计,7,0,,,2026-05-28 00:56:43,/Users/zhoujia/code/大数据期末实验/大模型助力大数据分析/呼吸道传染病监测与早期预警分析/data/raw/chinacdc_monthly/t20240726_287154_2b446df8385df402.html
中国疾控中心全国法定传染病疫情情况,https://www.chinacdc.cn/jksj/jksj01/202407/t20240726_287154.html,2024年1月全国法定传染病疫情概况,2024,1,全国,细菌性和阿米巴性痢疾,甲乙类合计,1689,0,,,2026-05-28 00:56:43,/Users/zhoujia/code/大数据期末实验/大模型助力大数据分析/呼吸道传染病监测与早期预警分析/data/raw/chinacdc_monthly/t20240726_287154_2b446df8385df402.html
中国疾控中心全国法定传染病疫情情况,https://www.chinacdc.cn/jksj/jksj01/202407/t20240726_287154.html,2024年1月全国法定传染病疫情概况,2024,1,全国,肺结核 ****,甲乙类合计,60660,383,,,2026-05-28 00:56:43,/Users/zhoujia/code/大数据期末实验/大模型助力大数据分析/呼吸道传染病监测与早期预警分析/data/raw/chinacdc_monthly/t20240726_287154_2b446df8385df402.html
中国疾控中心全国法定传染病疫情情况,https://www.chinacdc.cn/jksj/jksj01/202407/t20240726_287154.html,2024年1月全国法定传染病疫情概况,2024,1,全国,伤寒和副伤寒,甲乙类合计,285,0,,,2026-05-28 00:56:43,/Users/zhoujia/code/大数据期末实验/大模型助力大数据分析/呼吸道传染病监测与早期预警分析/data/raw/chinacdc_monthly/t20240726_287154_2b446df8385df402.html
中国疾控中心全国法定传染病疫情情况,https://www.chinacdc.cn/jksj/jksj01/202407/t20240726_287154.html,2024年1月全国法定传染病疫情概况,2024,1,全国,流行性脑脊髓膜炎,甲乙类合计,17,1,,,2026-05-28 00:56:43,/Users/zhoujia/code/大数据期末实验/大模型助力大数据分析/呼吸道传染病监测与早期预警分析/data/raw/chinacdc_monthly/t20240726_287154_2b446df8385df402.html
中国疾控中心全国法定传染病疫情情况,https://www.chinacdc.cn/jksj/jksj01/202407/t20240726_287154.html,2024年1月全国法定传染病疫情概况,2024,1,全国,百日咳,甲乙类合计,15275,5,,,2026-05-28 00:56:43,/Users/zhoujia/code/大数据期末实验/大模型助力大数据分析/呼吸道传染病监测与早期预警分析/data/raw/chinacdc_monthly/t20240726_287154_2b446df8385df402.html
中国疾控中心全国法定传染病疫情情况,https://www.chinacdc.cn/jksj/jksj01/202407/t20240726_287154.html,2024年1月全国法定传染病疫情概况,2024,1,全国,白喉,甲乙类合计,0,0,,,2026-05-28 00:56:43,/Users/zhoujia/code/大数据期末实验/大模型助力大数据分析/呼吸道传染病监测与早期预警分析/data/raw/chinacdc_monthly/t20240726_287154_2b446df8385df402.html
中国疾控中心全国法定传染病疫情情况,https://www.chinacdc.cn/jksj/jksj01/202407/t20240726_287154.html,2024年1月全国法定传染病疫情概况,2024,1,全国,新生儿破伤风,甲乙类合计,2,0,,,2026-05-28 00:56:43,/Users/zhoujia/code/大数据期末实验/大模型助力大数据分析/呼吸道传染病监测与早期预警分析/data/raw/chinacdc_monthly/t20240726_287154_2b446df8385df402.html
中国疾控中心全国法定传染病疫情情况,https://www.chinacdc.cn/jksj/jksj01/202407/t20240726_287154.html,2024年1月全国法定传染病疫情概况,2024,1,全国,猩红热,甲乙类合计,6255,0,,,2026-05-28 00:56:43,/Users/zhoujia/code/大数据期末实验/大模型助力大数据分析/呼吸道传染病监测与早期预警分析/data/raw/chinacdc_monthly/t20240726_287154_2b446df8385df402.html
中国疾控中心全国法定传染病疫情情况,https://www.chinacdc.cn/jksj/jksj01/202407/t20240726_287154.html,2024年1月全国法定传染病疫情概况,2024,1,全国,布鲁氏菌病,甲乙类合计,4207,0,,,2026-05-28 00:56:43,/Users/zhoujia/code/大数据期末实验/大模型助力大数据分析/呼吸道传染病监测与早期预警分析/data/raw/chinacdc_monthly/t20240726_287154_2b446df8385df402.html
中国疾控中心全国法定传染病疫情情况,https://www.chinacdc.cn/jksj/jksj01/202407/t20240726_287154.html,2024年1月全国法定传染病疫情概况,2024,1,全国,淋病,甲乙类合计,9112,1,,,2026-05-28 00:56:43,/Users/zhoujia/code/大数据期末实验/大模型助力大数据分析/呼吸道传染病监测与早期预警分析/data/raw/chinacdc_monthly/t20240726_287154_2b446df8385df402.html
中国疾控中心全国法定传染病疫情情况,https://www.chinacdc.cn/jksj/jksj01/202407/t20240726_287154.html,2024年1月全国法定传染病疫情概况,2024,1,全国,梅毒,甲乙类合计,56658,6,,,2026-05-28 00:56:43,/Users/zhoujia/code/大数据期末实验/大模型助力大数据分析/呼吸道传染病监测与早期预警分析/data/raw/chinacdc_monthly/t20240726_287154_2b446df8385df402.html
中国疾控中心全国法定传染病疫情情况,https://www.chinacdc.cn/jksj/jksj01/202407/t20240726_287154.html,2024年1月全国法定传染病疫情概况,2024,1,全国,钩端螺旋体病,甲乙类合计,19,0,,,2026-05-28 00:56:43,/Users/zhoujia/code/大数据期末实验/大模型助力大数据分析/呼吸道传染病监测与早期预警分析/data/raw/chinacdc_monthly/t20240726_287154_2b446df8385df402.html
中国疾控中心全国法定传染病疫情情况,https://www.chinacdc.cn/jksj/jksj01/202407/t20240726_287154.html,2024年1月全国法定传染病疫情概况,2024,1,全国,血吸虫病,甲乙类合计,5,0,,,2026-05-28 00:56:43,/Users/zhoujia/code/大数据期末实验/大模型助力大数据分析/呼吸道传染病监测与早期预警分析/data/raw/chinacdc_monthly/t20240726_287154_2b446df8385df402.html
中国疾控中心全国法定传染病疫情情况,https://www.chinacdc.cn/jksj/jksj01/202407/t20240726_287154.html,2024年1月全国法定传染病疫情概况,2024,1,全国,疟疾 *****,甲乙类合计,254,3,,,2026-05-28 00:56:43,/Users/zhoujia/code/大数据期末实验/大模型助力大数据分析/呼吸道传染病监测与早期预警分析/data/raw/chinacdc_monthly/t20240726_287154_2b446df8385df402.html
中国疾控中心全国法定传染病疫情情况,https://www.chinacdc.cn/jksj/jksj01/202407/t20240726_287154.html,2024年1月全国法定传染病疫情概况,2024,1,全国,人感染H7N9禽流感,甲乙类合计,0,0,,,2026-05-28 00:56:43,/Users/zhoujia/code/大数据期末实验/大模型助力大数据分析/呼吸道传染病监测与早期预警分析/data/raw/chinacdc_monthly/t20240726_287154_2b446df8385df402.html
中国疾控中心全国法定传染病疫情情况,https://www.chinacdc.cn/jksj/jksj01/202407/t20240726_287154.html,2024年1月全国法定传染病疫情概况,2024,1,全国,猴痘 ******,甲乙类合计,97,0,,,2026-05-28 00:56:43,/Users/zhoujia/code/大数据期末实验/大模型助力大数据分析/呼吸道传染病监测与早期预警分析/data/raw/chinacdc_monthly/t20240726_287154_2b446df8385df402.html
中国疾控中心全国法定传染病疫情情况,https://www.chinacdc.cn/jksj/jksj01/202407/t20240726_287154.html,2024年1月全国法定传染病疫情概况,2024,1,全国,丙类传染病合计,丙类合计,3110178,3,,,2026-05-28 00:56:43,/Users/zhoujia/code/大数据期末实验/大模型助力大数据分析/呼吸道传染病监测与早期预警分析/data/raw/chinacdc_monthly/t20240726_287154_2b446df8385df402.html
中国疾控中心全国法定传染病疫情情况,https://www.chinacdc.cn/jksj/jksj01/202407/t20240726_287154.html,2024年1月全国法定传染病疫情概况,2024,1,全国,流行性感冒,丙类合计,2988914,3,,,2026-05-28 00:56:43,/Users/zhoujia/code/大数据期末实验/大模型助力大数据分析/呼吸道传染病监测与早期预警分析/data/raw/chinacdc_monthly/t20240726_287154_2b446df8385df402.html
中国疾控中心全国法定传染病疫情情况,https://www.chinacdc.cn/jksj/jksj01/202407/t20240726_287154.html,2024年1月全国法定传染病疫情概况,2024,1,全国,流行性腮腺炎,丙类合计,5272,0,,,2026-05-28 00:56:43,/Users/zhoujia/code/大数据期末实验/大模型助力大数据分析/呼吸道传染病监测与早期预警分析/data/raw/chinacdc_monthly/t20240726_287154_2b446df8385df402.html
中国疾控中心全国法定传染病疫情情况,https://www.chinacdc.cn/jksj/jksj01/202407/t20240726_287154.html,2024年1月全国法定传染病疫情概况,2024,1,全国,风疹,丙类合计,45,0,,,2026-05-28 00:56:43,/Users/zhoujia/code/大数据期末实验/大模型助力大数据分析/呼吸道传染病监测与早期预警分析/data/raw/chinacdc_monthly/t20240726_287154_2b446df8385df402.html
中国疾控中心全国法定传染病疫情情况,https://www.chinacdc.cn/jksj/jksj01/202407/t20240726_287154.html,2024年1月全国法定传染病疫情概况,2024,1,全国,急性出血性结膜炎,丙类合计,3039,0,,,2026-05-28 00:56:43,/Users/zhoujia/code/大数据期末实验/大模型助力大数据分析/呼吸道传染病监测与早期预警分析/data/raw/chinacdc_monthly/t20240726_287154_2b446df8385df402.html
中国疾控中心全国法定传染病疫情情况,https://www.chinacdc.cn/jksj/jksj01/202407/t20240726_287154.html,2024年1月全国法定传染病疫情概况,2024,1,全国,麻风病,丙类合计,24,0,,,2026-05-28 00:56:43,/Users/zhoujia/code/大数据期末实验/大模型助力大数据分析/呼吸道传染病监测与早期预警分析/data/raw/chinacdc_monthly/t20240726_287154_2b446df8385df402.html
中国疾控中心全国法定传染病疫情情况,https://www.chinacdc.cn/jksj/jksj01/202407/t20240726_287154.html,2024年1月全国法定传染病疫情概况,2024,1,全国,流行性和地方性 斑疹伤寒,丙类合计,68,0,,,2026-05-28 00:56:43,/Users/zhoujia/code/大数据期末实验/大模型助力大数据分析/呼吸道传染病监测与早期预警分析/data/raw/chinacdc_monthly/t20240726_287154_2b446df8385df402.html
中国疾控中心全国法定传染病疫情情况,https://www.chinacdc.cn/jksj/jksj01/202407/t20240726_287154.html,2024年1月全国法定传染病疫情概况,2024,1,全国,黑热病,丙类合计,33,0,,,2026-05-28 00:56:43,/Users/zhoujia/code/大数据期末实验/大模型助力大数据分析/呼吸道传染病监测与早期预警分析/data/raw/chinacdc_monthly/t20240726_287154_2b446df8385df402.html
中国疾控中心全国法定传染病疫情情况,https://www.chinacdc.cn/jksj/jksj01/202407/t20240726_287154.html,2024年1月全国法定传染病疫情概况,2024,1,全国,包虫病,丙类合计,438,0,,,2026-05-28 00:56:43,/Users/zhoujia/code/大数据期末实验/大模型助力大数据分析/呼吸道传染病监测与早期预警分析/data/raw/chinacdc_monthly/t20240726_287154_2b446df8385df402.html
中国疾控中心全国法定传染病疫情情况,https://www.chinacdc.cn/jksj/jksj01/202407/t20240726_287154.html,2024年1月全国法定传染病疫情概况,2024,1,全国,丝虫病,丙类合计,0,0,,,2026-05-28 00:56:43,/Users/zhoujia/code/大数据期末实验/大模型助力大数据分析/呼吸道传染病监测与早期预警分析/data/raw/chinacdc_monthly/t20240726_287154_2b446df8385df402.html
中国疾控中心全国法定传染病疫情情况,https://www.chinacdc.cn/jksj/jksj01/202407/t20240726_287154.html,2024年1月全国法定传染病疫情概况,2024,1,全国,其他感染性腹泻病,丙类合计,85963,0,,,2026-05-28 00:56:43,/Users/zhoujia/code/大数据期末实验/大模型助力大数据分析/呼吸道传染病监测与早期预警分析/data/raw/chinacdc_monthly/t20240726_287154_2b446df8385df402.html
中国疾控中心全国法定传染病疫情情况,https://www.chinacdc.cn/jksj/jksj01/202407/t20240726_287154.html,2024年1月全国法定传染病疫情概况,2024,1,全国,手足口病,丙类合计,26382,0,,,2026-05-28 00:56:43,/Users/zhoujia/code/大数据期末实验/大模型助力大数据分析/呼吸道传染病监测与早期预警分析/data/raw/chinacdc_monthly/t20240726_287154_2b446df8385df402.html
