ticker,company_name,industry_group,cik,fiscal_year,rd_expense_usd,rd_expense_musd,sec_fact_tag,form,filed_date,source_url,crawl_time,raw_file
PFE,Pfizer Inc.,Pharmaceuticals,0000078003,2009,7845000000.0,7845.0,ResearchAndDevelopmentExpenseExcludingAcquiredInProcessCost,10-K,2010-02-26,https://data.sec.gov/api/xbrl/companyfacts/CIK0000078003.json,2026-05-27T18:35:39.477974+00:00,data/raw/sec_companyfacts/CIK0000078003_0af9c854dedb9d69.json
PFE,Pfizer Inc.,Pharmaceuticals,0000078003,2010,9413000000.0,9413.0,ResearchAndDevelopmentExpenseExcludingAcquiredInProcessCost,10-K,2011-02-28,https://data.sec.gov/api/xbrl/companyfacts/CIK0000078003.json,2026-05-27T18:35:39.477974+00:00,data/raw/sec_companyfacts/CIK0000078003_0af9c854dedb9d69.json
PFE,Pfizer Inc.,Pharmaceuticals,0000078003,2011,9112000000.0,9112.0,ResearchAndDevelopmentExpenseExcludingAcquiredInProcessCost,10-K,2012-02-28,https://data.sec.gov/api/xbrl/companyfacts/CIK0000078003.json,2026-05-27T18:35:39.477974+00:00,data/raw/sec_companyfacts/CIK0000078003_0af9c854dedb9d69.json
PFE,Pfizer Inc.,Pharmaceuticals,0000078003,2012,7870000000.0,7870.0,ResearchAndDevelopmentExpenseExcludingAcquiredInProcessCost,10-K,2013-02-28,https://data.sec.gov/api/xbrl/companyfacts/CIK0000078003.json,2026-05-27T18:35:39.477974+00:00,data/raw/sec_companyfacts/CIK0000078003_0af9c854dedb9d69.json
PFE,Pfizer Inc.,Pharmaceuticals,0000078003,2013,6678000000.0,6678.0,ResearchAndDevelopmentExpenseExcludingAcquiredInProcessCost,10-K,2014-02-28,https://data.sec.gov/api/xbrl/companyfacts/CIK0000078003.json,2026-05-27T18:35:39.477974+00:00,data/raw/sec_companyfacts/CIK0000078003_0af9c854dedb9d69.json
PFE,Pfizer Inc.,Pharmaceuticals,0000078003,2014,8393000000.0,8393.0,ResearchAndDevelopmentExpenseExcludingAcquiredInProcessCost,10-K,2015-02-27,https://data.sec.gov/api/xbrl/companyfacts/CIK0000078003.json,2026-05-27T18:35:39.477974+00:00,data/raw/sec_companyfacts/CIK0000078003_0af9c854dedb9d69.json
PFE,Pfizer Inc.,Pharmaceuticals,0000078003,2015,7690000000.0,7690.0,ResearchAndDevelopmentExpenseExcludingAcquiredInProcessCost,10-K,2016-02-29,https://data.sec.gov/api/xbrl/companyfacts/CIK0000078003.json,2026-05-27T18:35:39.477974+00:00,data/raw/sec_companyfacts/CIK0000078003_0af9c854dedb9d69.json
PFE,Pfizer Inc.,Pharmaceuticals,0000078003,2016,7872000000.0,7872.0,ResearchAndDevelopmentExpenseExcludingAcquiredInProcessCost,10-K,2017-02-23,https://data.sec.gov/api/xbrl/companyfacts/CIK0000078003.json,2026-05-27T18:35:39.477974+00:00,data/raw/sec_companyfacts/CIK0000078003_0af9c854dedb9d69.json
PFE,Pfizer Inc.,Pharmaceuticals,0000078003,2017,7657000000.0,7657.0,ResearchAndDevelopmentExpenseExcludingAcquiredInProcessCost,10-K,2018-02-22,https://data.sec.gov/api/xbrl/companyfacts/CIK0000078003.json,2026-05-27T18:35:39.477974+00:00,data/raw/sec_companyfacts/CIK0000078003_0af9c854dedb9d69.json
PFE,Pfizer Inc.,Pharmaceuticals,0000078003,2018,8006000000.0,8006.0,ResearchAndDevelopmentExpenseExcludingAcquiredInProcessCost,10-K,2019-02-28,https://data.sec.gov/api/xbrl/companyfacts/CIK0000078003.json,2026-05-27T18:35:39.477974+00:00,data/raw/sec_companyfacts/CIK0000078003_0af9c854dedb9d69.json
PFE,Pfizer Inc.,Pharmaceuticals,0000078003,2019,8650000000.0,8650.0,ResearchAndDevelopmentExpenseExcludingAcquiredInProcessCost,10-K,2020-02-27,https://data.sec.gov/api/xbrl/companyfacts/CIK0000078003.json,2026-05-27T18:35:39.477974+00:00,data/raw/sec_companyfacts/CIK0000078003_0af9c854dedb9d69.json
PFE,Pfizer Inc.,Pharmaceuticals,0000078003,2020,9405000000.0,9405.0,ResearchAndDevelopmentExpenseExcludingAcquiredInProcessCost,10-K,2021-02-25,https://data.sec.gov/api/xbrl/companyfacts/CIK0000078003.json,2026-05-27T18:35:39.477974+00:00,data/raw/sec_companyfacts/CIK0000078003_0af9c854dedb9d69.json
PFE,Pfizer Inc.,Pharmaceuticals,0000078003,2021,13829000000.0,13829.0,ResearchAndDevelopmentExpenseExcludingAcquiredInProcessCost,10-K,2022-02-24,https://data.sec.gov/api/xbrl/companyfacts/CIK0000078003.json,2026-05-27T18:35:39.477974+00:00,data/raw/sec_companyfacts/CIK0000078003_0af9c854dedb9d69.json
PFE,Pfizer Inc.,Pharmaceuticals,0000078003,2022,11428000000.0,11428.0,ResearchAndDevelopmentExpenseExcludingAcquiredInProcessCost,10-K,2023-02-23,https://data.sec.gov/api/xbrl/companyfacts/CIK0000078003.json,2026-05-27T18:35:39.477974+00:00,data/raw/sec_companyfacts/CIK0000078003_0af9c854dedb9d69.json
PFE,Pfizer Inc.,Pharmaceuticals,0000078003,2023,10679000000.0,10679.0,ResearchAndDevelopmentExpenseExcludingAcquiredInProcessCost,10-K,2024-02-22,https://data.sec.gov/api/xbrl/companyfacts/CIK0000078003.json,2026-05-27T18:35:39.477974+00:00,data/raw/sec_companyfacts/CIK0000078003_0af9c854dedb9d69.json
PFE,Pfizer Inc.,Pharmaceuticals,0000078003,2024,10822000000.0,10822.0,ResearchAndDevelopmentExpenseExcludingAcquiredInProcessCost,10-K,2025-02-27,https://data.sec.gov/api/xbrl/companyfacts/CIK0000078003.json,2026-05-27T18:35:39.477974+00:00,data/raw/sec_companyfacts/CIK0000078003_0af9c854dedb9d69.json
PFE,Pfizer Inc.,Pharmaceuticals,0000078003,2025,10437000000.0,10437.0,ResearchAndDevelopmentExpenseExcludingAcquiredInProcessCost,10-K,2026-02-26,https://data.sec.gov/api/xbrl/companyfacts/CIK0000078003.json,2026-05-27T18:35:39.477974+00:00,data/raw/sec_companyfacts/CIK0000078003_0af9c854dedb9d69.json
MRK,"Merck & Co., Inc.",Pharmaceuticals,0000310158,2009,5845000000.0,5845.0,ResearchAndDevelopmentExpense,10-K,2010-03-01,https://data.sec.gov/api/xbrl/companyfacts/CIK0000310158.json,2026-05-27T18:35:39.477974+00:00,data/raw/sec_companyfacts/CIK0000310158_343ccc2ee8d5eba1.json
MRK,"Merck & Co., Inc.",Pharmaceuticals,0000310158,2010,10991000000.0,10991.0,ResearchAndDevelopmentExpense,10-K,2011-02-28,https://data.sec.gov/api/xbrl/companyfacts/CIK0000310158.json,2026-05-27T18:35:39.477974+00:00,data/raw/sec_companyfacts/CIK0000310158_343ccc2ee8d5eba1.json
MRK,"Merck & Co., Inc.",Pharmaceuticals,0000310158,2011,8467000000.0,8467.0,ResearchAndDevelopmentExpense,10-K,2012-02-28,https://data.sec.gov/api/xbrl/companyfacts/CIK0000310158.json,2026-05-27T18:35:39.477974+00:00,data/raw/sec_companyfacts/CIK0000310158_343ccc2ee8d5eba1.json
MRK,"Merck & Co., Inc.",Pharmaceuticals,0000310158,2012,8168000000.0,8168.0,ResearchAndDevelopmentExpense,10-K,2013-02-28,https://data.sec.gov/api/xbrl/companyfacts/CIK0000310158.json,2026-05-27T18:35:39.477974+00:00,data/raw/sec_companyfacts/CIK0000310158_343ccc2ee8d5eba1.json
MRK,"Merck & Co., Inc.",Pharmaceuticals,0000310158,2013,7503000000.0,7503.0,ResearchAndDevelopmentExpense,10-K,2014-02-27,https://data.sec.gov/api/xbrl/companyfacts/CIK0000310158.json,2026-05-27T18:35:39.477974+00:00,data/raw/sec_companyfacts/CIK0000310158_343ccc2ee8d5eba1.json
MRK,"Merck & Co., Inc.",Pharmaceuticals,0000310158,2014,7180000000.0,7180.0,ResearchAndDevelopmentExpense,10-K,2015-02-27,https://data.sec.gov/api/xbrl/companyfacts/CIK0000310158.json,2026-05-27T18:35:39.477974+00:00,data/raw/sec_companyfacts/CIK0000310158_343ccc2ee8d5eba1.json
MRK,"Merck & Co., Inc.",Pharmaceuticals,0000310158,2015,6704000000.0,6704.0,ResearchAndDevelopmentExpense,10-K,2016-02-26,https://data.sec.gov/api/xbrl/companyfacts/CIK0000310158.json,2026-05-27T18:35:39.477974+00:00,data/raw/sec_companyfacts/CIK0000310158_343ccc2ee8d5eba1.json
MRK,"Merck & Co., Inc.",Pharmaceuticals,0000310158,2016,10124000000.0,10124.0,ResearchAndDevelopmentExpense,10-K,2017-02-28,https://data.sec.gov/api/xbrl/companyfacts/CIK0000310158.json,2026-05-27T18:35:39.477974+00:00,data/raw/sec_companyfacts/CIK0000310158_343ccc2ee8d5eba1.json
MRK,"Merck & Co., Inc.",Pharmaceuticals,0000310158,2017,10208000000.0,10208.0,ResearchAndDevelopmentExpense,10-K,2018-02-27,https://data.sec.gov/api/xbrl/companyfacts/CIK0000310158.json,2026-05-27T18:35:39.477974+00:00,data/raw/sec_companyfacts/CIK0000310158_343ccc2ee8d5eba1.json
MRK,"Merck & Co., Inc.",Pharmaceuticals,0000310158,2018,9752000000.0,9752.0,ResearchAndDevelopmentExpense,10-K,2019-02-27,https://data.sec.gov/api/xbrl/companyfacts/CIK0000310158.json,2026-05-27T18:35:39.477974+00:00,data/raw/sec_companyfacts/CIK0000310158_343ccc2ee8d5eba1.json
MRK,"Merck & Co., Inc.",Pharmaceuticals,0000310158,2019,9872000000.0,9872.0,ResearchAndDevelopmentExpense,10-K,2020-02-26,https://data.sec.gov/api/xbrl/companyfacts/CIK0000310158.json,2026-05-27T18:35:39.477974+00:00,data/raw/sec_companyfacts/CIK0000310158_343ccc2ee8d5eba1.json
MRK,"Merck & Co., Inc.",Pharmaceuticals,0000310158,2020,13558000000.0,13558.0,ResearchAndDevelopmentExpense,10-K,2021-02-25,https://data.sec.gov/api/xbrl/companyfacts/CIK0000310158.json,2026-05-27T18:35:39.477974+00:00,data/raw/sec_companyfacts/CIK0000310158_343ccc2ee8d5eba1.json
MRK,"Merck & Co., Inc.",Pharmaceuticals,0000310158,2021,12245000000.0,12245.0,ResearchAndDevelopmentExpense,10-K,2022-02-25,https://data.sec.gov/api/xbrl/companyfacts/CIK0000310158.json,2026-05-27T18:35:39.477974+00:00,data/raw/sec_companyfacts/CIK0000310158_343ccc2ee8d5eba1.json
MRK,"Merck & Co., Inc.",Pharmaceuticals,0000310158,2022,13548000000.0,13548.0,ResearchAndDevelopmentExpense,10-K,2023-02-24,https://data.sec.gov/api/xbrl/companyfacts/CIK0000310158.json,2026-05-27T18:35:39.477974+00:00,data/raw/sec_companyfacts/CIK0000310158_343ccc2ee8d5eba1.json
MRK,"Merck & Co., Inc.",Pharmaceuticals,0000310158,2023,30531000000.0,30531.0,ResearchAndDevelopmentExpense,10-K,2024-02-26,https://data.sec.gov/api/xbrl/companyfacts/CIK0000310158.json,2026-05-27T18:35:39.477974+00:00,data/raw/sec_companyfacts/CIK0000310158_343ccc2ee8d5eba1.json
MRK,"Merck & Co., Inc.",Pharmaceuticals,0000310158,2024,17938000000.0,17938.0,ResearchAndDevelopmentExpense,10-K,2025-02-25,https://data.sec.gov/api/xbrl/companyfacts/CIK0000310158.json,2026-05-27T18:35:39.477974+00:00,data/raw/sec_companyfacts/CIK0000310158_343ccc2ee8d5eba1.json
MRK,"Merck & Co., Inc.",Pharmaceuticals,0000310158,2025,15789000000.0,15789.0,ResearchAndDevelopmentExpense,10-K,2026-02-24,https://data.sec.gov/api/xbrl/companyfacts/CIK0000310158.json,2026-05-27T18:35:39.477974+00:00,data/raw/sec_companyfacts/CIK0000310158_343ccc2ee8d5eba1.json
JNJ,Johnson & Johnson,Pharmaceuticals,0000200406,2023,483000000.0,483.0,ResearchAndDevelopmentExpense,10-K,2024-02-16,https://data.sec.gov/api/xbrl/companyfacts/CIK0000200406.json,2026-05-27T18:35:39.477974+00:00,data/raw/sec_companyfacts/CIK0000200406_76c5b41ceb787a69.json
JNJ,Johnson & Johnson,Pharmaceuticals,0000200406,2024,1841000000.0,1841.0,ResearchAndDevelopmentExpense,10-K,2025-02-13,https://data.sec.gov/api/xbrl/companyfacts/CIK0000200406.json,2026-05-27T18:35:39.477974+00:00,data/raw/sec_companyfacts/CIK0000200406_76c5b41ceb787a69.json
JNJ,Johnson & Johnson,Pharmaceuticals,0000200406,2025,109000000.0,109.0,ResearchAndDevelopmentExpense,10-K,2026-02-11,https://data.sec.gov/api/xbrl/companyfacts/CIK0000200406.json,2026-05-27T18:35:39.477974+00:00,data/raw/sec_companyfacts/CIK0000200406_76c5b41ceb787a69.json
ABBV,AbbVie Inc.,Pharmaceuticals,0001551152,2013,2855000000.0,2855.0,ResearchAndDevelopmentExpenseExcludingAcquiredInProcessCost,10-K,2014-02-21,https://data.sec.gov/api/xbrl/companyfacts/CIK0001551152.json,2026-05-27T18:35:39.477974+00:00,data/raw/sec_companyfacts/CIK0001551152_d09c8e0fc15e1722.json
ABBV,AbbVie Inc.,Pharmaceuticals,0001551152,2014,3297000000.0,3297.0,ResearchAndDevelopmentExpenseExcludingAcquiredInProcessCost,10-K,2015-02-20,https://data.sec.gov/api/xbrl/companyfacts/CIK0001551152.json,2026-05-27T18:35:39.477974+00:00,data/raw/sec_companyfacts/CIK0001551152_d09c8e0fc15e1722.json
ABBV,AbbVie Inc.,Pharmaceuticals,0001551152,2015,4285000000.0,4285.0,ResearchAndDevelopmentExpenseExcludingAcquiredInProcessCost,10-K,2016-02-19,https://data.sec.gov/api/xbrl/companyfacts/CIK0001551152.json,2026-05-27T18:35:39.477974+00:00,data/raw/sec_companyfacts/CIK0001551152_d09c8e0fc15e1722.json
ABBV,AbbVie Inc.,Pharmaceuticals,0001551152,2016,4366000000.0,4366.0,ResearchAndDevelopmentExpenseExcludingAcquiredInProcessCost,10-K,2017-02-17,https://data.sec.gov/api/xbrl/companyfacts/CIK0001551152.json,2026-05-27T18:35:39.477974+00:00,data/raw/sec_companyfacts/CIK0001551152_d09c8e0fc15e1722.json
ABBV,AbbVie Inc.,Pharmaceuticals,0001551152,2017,4982000000.0,4982.0,ResearchAndDevelopmentExpenseExcludingAcquiredInProcessCost,10-K,2018-02-16,https://data.sec.gov/api/xbrl/companyfacts/CIK0001551152.json,2026-05-27T18:35:39.477974+00:00,data/raw/sec_companyfacts/CIK0001551152_d09c8e0fc15e1722.json
ABBV,AbbVie Inc.,Pharmaceuticals,0001551152,2018,10329000000.0,10329.0,ResearchAndDevelopmentExpenseExcludingAcquiredInProcessCost,10-K,2019-02-27,https://data.sec.gov/api/xbrl/companyfacts/CIK0001551152.json,2026-05-27T18:35:39.477974+00:00,data/raw/sec_companyfacts/CIK0001551152_d09c8e0fc15e1722.json
ABBV,AbbVie Inc.,Pharmaceuticals,0001551152,2019,6407000000.0,6407.0,ResearchAndDevelopmentExpenseExcludingAcquiredInProcessCost,10-K,2020-02-21,https://data.sec.gov/api/xbrl/companyfacts/CIK0001551152.json,2026-05-27T18:35:39.477974+00:00,data/raw/sec_companyfacts/CIK0001551152_d09c8e0fc15e1722.json
ABBV,AbbVie Inc.,Pharmaceuticals,0001551152,2020,6557000000.0,6557.0,ResearchAndDevelopmentExpenseExcludingAcquiredInProcessCost,10-K,2021-02-19,https://data.sec.gov/api/xbrl/companyfacts/CIK0001551152.json,2026-05-27T18:35:39.477974+00:00,data/raw/sec_companyfacts/CIK0001551152_d09c8e0fc15e1722.json
ABBV,AbbVie Inc.,Pharmaceuticals,0001551152,2021,7084000000.0,7084.0,ResearchAndDevelopmentExpenseExcludingAcquiredInProcessCost,10-K,2022-02-18,https://data.sec.gov/api/xbrl/companyfacts/CIK0001551152.json,2026-05-27T18:35:39.477974+00:00,data/raw/sec_companyfacts/CIK0001551152_d09c8e0fc15e1722.json
ABBV,AbbVie Inc.,Pharmaceuticals,0001551152,2022,6510000000.0,6510.0,ResearchAndDevelopmentExpenseExcludingAcquiredInProcessCost,10-K,2023-02-17,https://data.sec.gov/api/xbrl/companyfacts/CIK0001551152.json,2026-05-27T18:35:39.477974+00:00,data/raw/sec_companyfacts/CIK0001551152_d09c8e0fc15e1722.json
ABBV,AbbVie Inc.,Pharmaceuticals,0001551152,2023,7675000000.0,7675.0,ResearchAndDevelopmentExpenseExcludingAcquiredInProcessCost,10-K,2024-02-20,https://data.sec.gov/api/xbrl/companyfacts/CIK0001551152.json,2026-05-27T18:35:39.477974+00:00,data/raw/sec_companyfacts/CIK0001551152_d09c8e0fc15e1722.json
ABBV,AbbVie Inc.,Pharmaceuticals,0001551152,2024,12791000000.0,12791.0,ResearchAndDevelopmentExpenseExcludingAcquiredInProcessCost,10-K,2025-02-14,https://data.sec.gov/api/xbrl/companyfacts/CIK0001551152.json,2026-05-27T18:35:39.477974+00:00,data/raw/sec_companyfacts/CIK0001551152_d09c8e0fc15e1722.json
ABBV,AbbVie Inc.,Pharmaceuticals,0001551152,2025,9096000000.0,9096.0,ResearchAndDevelopmentExpenseExcludingAcquiredInProcessCost,10-K,2026-02-20,https://data.sec.gov/api/xbrl/companyfacts/CIK0001551152.json,2026-05-27T18:35:39.477974+00:00,data/raw/sec_companyfacts/CIK0001551152_d09c8e0fc15e1722.json
LLY,Eli Lilly and Company,Pharmaceuticals,0000059478,2009,4326500000.0,4326.5,ResearchAndDevelopmentExpense,10-K,2010-02-22,https://data.sec.gov/api/xbrl/companyfacts/CIK0000059478.json,2026-05-27T18:35:39.477974+00:00,data/raw/sec_companyfacts/CIK0000059478_4a13ca44150fa50c.json
LLY,Eli Lilly and Company,Pharmaceuticals,0000059478,2010,4884200000.0,4884.2,ResearchAndDevelopmentExpense,10-K,2011-02-22,https://data.sec.gov/api/xbrl/companyfacts/CIK0000059478.json,2026-05-27T18:35:39.477974+00:00,data/raw/sec_companyfacts/CIK0000059478_4a13ca44150fa50c.json
LLY,Eli Lilly and Company,Pharmaceuticals,0000059478,2011,5020800000.0,5020.8,ResearchAndDevelopmentExpense,10-K,2012-02-24,https://data.sec.gov/api/xbrl/companyfacts/CIK0000059478.json,2026-05-27T18:35:39.477974+00:00,data/raw/sec_companyfacts/CIK0000059478_4a13ca44150fa50c.json
LLY,Eli Lilly and Company,Pharmaceuticals,0000059478,2012,5278100000.0,5278.1,ResearchAndDevelopmentExpense,10-K,2013-02-21,https://data.sec.gov/api/xbrl/companyfacts/CIK0000059478.json,2026-05-27T18:35:39.477974+00:00,data/raw/sec_companyfacts/CIK0000059478_4a13ca44150fa50c.json
LLY,Eli Lilly and Company,Pharmaceuticals,0000059478,2013,5531300000.0,5531.3,ResearchAndDevelopmentExpense,10-K,2014-02-19,https://data.sec.gov/api/xbrl/companyfacts/CIK0000059478.json,2026-05-27T18:35:39.477974+00:00,data/raw/sec_companyfacts/CIK0000059478_4a13ca44150fa50c.json
LLY,Eli Lilly and Company,Pharmaceuticals,0000059478,2014,4733600000.0,4733.6,ResearchAndDevelopmentExpense,10-K,2015-02-19,https://data.sec.gov/api/xbrl/companyfacts/CIK0000059478.json,2026-05-27T18:35:39.477974+00:00,data/raw/sec_companyfacts/CIK0000059478_4a13ca44150fa50c.json
LLY,Eli Lilly and Company,Pharmaceuticals,0000059478,2015,4796400000.0,4796.4,ResearchAndDevelopmentExpense,10-K,2016-02-19,https://data.sec.gov/api/xbrl/companyfacts/CIK0000059478.json,2026-05-27T18:35:39.477974+00:00,data/raw/sec_companyfacts/CIK0000059478_4a13ca44150fa50c.json
LLY,Eli Lilly and Company,Pharmaceuticals,0000059478,2016,5243900000.0,5243.9,ResearchAndDevelopmentExpense,10-K,2017-02-21,https://data.sec.gov/api/xbrl/companyfacts/CIK0000059478.json,2026-05-27T18:35:39.477974+00:00,data/raw/sec_companyfacts/CIK0000059478_4a13ca44150fa50c.json
LLY,Eli Lilly and Company,Pharmaceuticals,0000059478,2017,5281800000.0,5281.8,ResearchAndDevelopmentExpense,10-K,2018-02-20,https://data.sec.gov/api/xbrl/companyfacts/CIK0000059478.json,2026-05-27T18:35:39.477974+00:00,data/raw/sec_companyfacts/CIK0000059478_4a13ca44150fa50c.json
LLY,Eli Lilly and Company,Pharmaceuticals,0000059478,2018,5307100000.0,5307.1,ResearchAndDevelopmentExpense,10-K,2019-02-19,https://data.sec.gov/api/xbrl/companyfacts/CIK0000059478.json,2026-05-27T18:35:39.477974+00:00,data/raw/sec_companyfacts/CIK0000059478_4a13ca44150fa50c.json
LLY,Eli Lilly and Company,Pharmaceuticals,0000059478,2019,5595000000.0,5595.0,ResearchAndDevelopmentExpense,10-K,2020-02-19,https://data.sec.gov/api/xbrl/companyfacts/CIK0000059478.json,2026-05-27T18:35:39.477974+00:00,data/raw/sec_companyfacts/CIK0000059478_4a13ca44150fa50c.json
LLY,Eli Lilly and Company,Pharmaceuticals,0000059478,2020,6085700000.0,6085.7,ResearchAndDevelopmentExpense,10-K,2021-02-17,https://data.sec.gov/api/xbrl/companyfacts/CIK0000059478.json,2026-05-27T18:35:39.477974+00:00,data/raw/sec_companyfacts/CIK0000059478_4a13ca44150fa50c.json
LLY,Eli Lilly and Company,Pharmaceuticals,0000059478,2021,7025900000.0,7025.9,ResearchAndDevelopmentExpense,10-K,2022-02-23,https://data.sec.gov/api/xbrl/companyfacts/CIK0000059478.json,2026-05-27T18:35:39.477974+00:00,data/raw/sec_companyfacts/CIK0000059478_4a13ca44150fa50c.json
LLY,Eli Lilly and Company,Pharmaceuticals,0000059478,2022,7190800000.0,7190.8,ResearchAndDevelopmentExpense,10-K,2023-02-22,https://data.sec.gov/api/xbrl/companyfacts/CIK0000059478.json,2026-05-27T18:35:39.477974+00:00,data/raw/sec_companyfacts/CIK0000059478_4a13ca44150fa50c.json
BMY,Bristol-Myers Squibb Company,Pharmaceuticals,0000014272,2009,3647000000.0,3647.0,ResearchAndDevelopmentExpense,10-K,2010-02-19,https://data.sec.gov/api/xbrl/companyfacts/CIK0000014272.json,2026-05-27T18:35:39.477974+00:00,data/raw/sec_companyfacts/CIK0000014272_f5c50c0171305a87.json
BMY,Bristol-Myers Squibb Company,Pharmaceuticals,0000014272,2010,3566000000.0,3566.0,ResearchAndDevelopmentExpense,10-K,2011-02-18,https://data.sec.gov/api/xbrl/companyfacts/CIK0000014272.json,2026-05-27T18:35:39.477974+00:00,data/raw/sec_companyfacts/CIK0000014272_f5c50c0171305a87.json
BMY,Bristol-Myers Squibb Company,Pharmaceuticals,0000014272,2011,3839000000.0,3839.0,ResearchAndDevelopmentExpense,10-K,2012-02-17,https://data.sec.gov/api/xbrl/companyfacts/CIK0000014272.json,2026-05-27T18:35:39.477974+00:00,data/raw/sec_companyfacts/CIK0000014272_f5c50c0171305a87.json
BMY,Bristol-Myers Squibb Company,Pharmaceuticals,0000014272,2012,3904000000.0,3904.0,ResearchAndDevelopmentExpense,10-K,2013-02-15,https://data.sec.gov/api/xbrl/companyfacts/CIK0000014272.json,2026-05-27T18:35:39.477974+00:00,data/raw/sec_companyfacts/CIK0000014272_f5c50c0171305a87.json
BMY,Bristol-Myers Squibb Company,Pharmaceuticals,0000014272,2013,3731000000.0,3731.0,ResearchAndDevelopmentExpense,10-K,2014-02-14,https://data.sec.gov/api/xbrl/companyfacts/CIK0000014272.json,2026-05-27T18:35:39.477974+00:00,data/raw/sec_companyfacts/CIK0000014272_f5c50c0171305a87.json
BMY,Bristol-Myers Squibb Company,Pharmaceuticals,0000014272,2014,4534000000.0,4534.0,ResearchAndDevelopmentExpense,10-K,2015-02-13,https://data.sec.gov/api/xbrl/companyfacts/CIK0000014272.json,2026-05-27T18:35:39.477974+00:00,data/raw/sec_companyfacts/CIK0000014272_f5c50c0171305a87.json
BMY,Bristol-Myers Squibb Company,Pharmaceuticals,0000014272,2015,5920000000.0,5920.0,ResearchAndDevelopmentExpense,10-K,2016-02-12,https://data.sec.gov/api/xbrl/companyfacts/CIK0000014272.json,2026-05-27T18:35:39.477974+00:00,data/raw/sec_companyfacts/CIK0000014272_f5c50c0171305a87.json
BMY,Bristol-Myers Squibb Company,Pharmaceuticals,0000014272,2016,4940000000.0,4940.0,ResearchAndDevelopmentExpense,10-K,2017-02-21,https://data.sec.gov/api/xbrl/companyfacts/CIK0000014272.json,2026-05-27T18:35:39.477974+00:00,data/raw/sec_companyfacts/CIK0000014272_f5c50c0171305a87.json
BMY,Bristol-Myers Squibb Company,Pharmaceuticals,0000014272,2017,6411000000.0,6411.0,ResearchAndDevelopmentExpense,10-K,2018-02-13,https://data.sec.gov/api/xbrl/companyfacts/CIK0000014272.json,2026-05-27T18:35:39.477974+00:00,data/raw/sec_companyfacts/CIK0000014272_f5c50c0171305a87.json
BMY,Bristol-Myers Squibb Company,Pharmaceuticals,0000014272,2018,6345000000.0,6345.0,ResearchAndDevelopmentExpense,10-K,2019-02-25,https://data.sec.gov/api/xbrl/companyfacts/CIK0000014272.json,2026-05-27T18:35:39.477974+00:00,data/raw/sec_companyfacts/CIK0000014272_f5c50c0171305a87.json
BMY,Bristol-Myers Squibb Company,Pharmaceuticals,0000014272,2019,6148000000.0,6148.0,ResearchAndDevelopmentExpense,10-K,2020-02-24,https://data.sec.gov/api/xbrl/companyfacts/CIK0000014272.json,2026-05-27T18:35:39.477974+00:00,data/raw/sec_companyfacts/CIK0000014272_f5c50c0171305a87.json
BMY,Bristol-Myers Squibb Company,Pharmaceuticals,0000014272,2020,11143000000.0,11143.0,ResearchAndDevelopmentExpense,10-K,2021-02-10,https://data.sec.gov/api/xbrl/companyfacts/CIK0000014272.json,2026-05-27T18:35:39.477974+00:00,data/raw/sec_companyfacts/CIK0000014272_f5c50c0171305a87.json
BMY,Bristol-Myers Squibb Company,Pharmaceuticals,0000014272,2021,11354000000.0,11354.0,ResearchAndDevelopmentExpense,10-K,2022-02-09,https://data.sec.gov/api/xbrl/companyfacts/CIK0000014272.json,2026-05-27T18:35:39.477974+00:00,data/raw/sec_companyfacts/CIK0000014272_f5c50c0171305a87.json
BMY,Bristol-Myers Squibb Company,Pharmaceuticals,0000014272,2022,9509000000.0,9509.0,ResearchAndDevelopmentExpense,10-K,2023-02-14,https://data.sec.gov/api/xbrl/companyfacts/CIK0000014272.json,2026-05-27T18:35:39.477974+00:00,data/raw/sec_companyfacts/CIK0000014272_f5c50c0171305a87.json
BMY,Bristol-Myers Squibb Company,Pharmaceuticals,0000014272,2023,9299000000.0,9299.0,ResearchAndDevelopmentExpense,10-K,2024-02-13,https://data.sec.gov/api/xbrl/companyfacts/CIK0000014272.json,2026-05-27T18:35:39.477974+00:00,data/raw/sec_companyfacts/CIK0000014272_f5c50c0171305a87.json
BMY,Bristol-Myers Squibb Company,Pharmaceuticals,0000014272,2024,11159000000.0,11159.0,ResearchAndDevelopmentExpense,10-K,2025-02-12,https://data.sec.gov/api/xbrl/companyfacts/CIK0000014272.json,2026-05-27T18:35:39.477974+00:00,data/raw/sec_companyfacts/CIK0000014272_f5c50c0171305a87.json
BMY,Bristol-Myers Squibb Company,Pharmaceuticals,0000014272,2025,9951000000.0,9951.0,ResearchAndDevelopmentExpense,10-K,2026-02-11,https://data.sec.gov/api/xbrl/companyfacts/CIK0000014272.json,2026-05-27T18:35:39.477974+00:00,data/raw/sec_companyfacts/CIK0000014272_f5c50c0171305a87.json
AMGN,Amgen Inc.,Biotechnology,0000318154,2009,2864000000.0,2864.0,ResearchAndDevelopmentExpenseExcludingAcquiredInProcessCost,10-K,2010-03-01,https://data.sec.gov/api/xbrl/companyfacts/CIK0000318154.json,2026-05-27T18:35:39.477974+00:00,data/raw/sec_companyfacts/CIK0000318154_2dadca60b2ea3fcf.json
AMGN,Amgen Inc.,Biotechnology,0000318154,2010,2894000000.0,2894.0,ResearchAndDevelopmentExpenseExcludingAcquiredInProcessCost,10-K,2011-02-25,https://data.sec.gov/api/xbrl/companyfacts/CIK0000318154.json,2026-05-27T18:35:39.477974+00:00,data/raw/sec_companyfacts/CIK0000318154_2dadca60b2ea3fcf.json
AMGN,Amgen Inc.,Biotechnology,0000318154,2011,3167000000.0,3167.0,ResearchAndDevelopmentExpenseExcludingAcquiredInProcessCost,10-K,2012-02-29,https://data.sec.gov/api/xbrl/companyfacts/CIK0000318154.json,2026-05-27T18:35:39.477974+00:00,data/raw/sec_companyfacts/CIK0000318154_2dadca60b2ea3fcf.json
AMGN,Amgen Inc.,Biotechnology,0000318154,2012,3380000000.0,3380.0,ResearchAndDevelopmentExpenseExcludingAcquiredInProcessCost,10-K,2013-02-27,https://data.sec.gov/api/xbrl/companyfacts/CIK0000318154.json,2026-05-27T18:35:39.477974+00:00,data/raw/sec_companyfacts/CIK0000318154_2dadca60b2ea3fcf.json
AMGN,Amgen Inc.,Biotechnology,0000318154,2013,4083000000.0,4083.0,ResearchAndDevelopmentExpenseExcludingAcquiredInProcessCost,10-K,2014-02-24,https://data.sec.gov/api/xbrl/companyfacts/CIK0000318154.json,2026-05-27T18:35:39.477974+00:00,data/raw/sec_companyfacts/CIK0000318154_2dadca60b2ea3fcf.json
AMGN,Amgen Inc.,Biotechnology,0000318154,2014,4297000000.0,4297.0,ResearchAndDevelopmentExpenseExcludingAcquiredInProcessCost,10-K,2015-02-19,https://data.sec.gov/api/xbrl/companyfacts/CIK0000318154.json,2026-05-27T18:35:39.477974+00:00,data/raw/sec_companyfacts/CIK0000318154_2dadca60b2ea3fcf.json
AMGN,Amgen Inc.,Biotechnology,0000318154,2015,4070000000.0,4070.0,ResearchAndDevelopmentExpenseExcludingAcquiredInProcessCost,10-K,2016-02-16,https://data.sec.gov/api/xbrl/companyfacts/CIK0000318154.json,2026-05-27T18:35:39.477974+00:00,data/raw/sec_companyfacts/CIK0000318154_2dadca60b2ea3fcf.json
AMGN,Amgen Inc.,Biotechnology,0000318154,2016,3840000000.0,3840.0,ResearchAndDevelopmentExpenseExcludingAcquiredInProcessCost,10-K,2017-02-14,https://data.sec.gov/api/xbrl/companyfacts/CIK0000318154.json,2026-05-27T18:35:39.477974+00:00,data/raw/sec_companyfacts/CIK0000318154_2dadca60b2ea3fcf.json
AMGN,Amgen Inc.,Biotechnology,0000318154,2017,3562000000.0,3562.0,ResearchAndDevelopmentExpenseExcludingAcquiredInProcessCost,10-K,2018-02-13,https://data.sec.gov/api/xbrl/companyfacts/CIK0000318154.json,2026-05-27T18:35:39.477974+00:00,data/raw/sec_companyfacts/CIK0000318154_2dadca60b2ea3fcf.json
AMGN,Amgen Inc.,Biotechnology,0000318154,2018,3737000000.0,3737.0,ResearchAndDevelopmentExpenseExcludingAcquiredInProcessCost,10-K,2019-02-13,https://data.sec.gov/api/xbrl/companyfacts/CIK0000318154.json,2026-05-27T18:35:39.477974+00:00,data/raw/sec_companyfacts/CIK0000318154_2dadca60b2ea3fcf.json
AMGN,Amgen Inc.,Biotechnology,0000318154,2019,4116000000.0,4116.0,ResearchAndDevelopmentExpenseExcludingAcquiredInProcessCost,10-K,2020-02-12,https://data.sec.gov/api/xbrl/companyfacts/CIK0000318154.json,2026-05-27T18:35:39.477974+00:00,data/raw/sec_companyfacts/CIK0000318154_2dadca60b2ea3fcf.json
AMGN,Amgen Inc.,Biotechnology,0000318154,2020,4207000000.0,4207.0,ResearchAndDevelopmentExpenseExcludingAcquiredInProcessCost,10-K,2021-02-09,https://data.sec.gov/api/xbrl/companyfacts/CIK0000318154.json,2026-05-27T18:35:39.477974+00:00,data/raw/sec_companyfacts/CIK0000318154_2dadca60b2ea3fcf.json
AMGN,Amgen Inc.,Biotechnology,0000318154,2021,4819000000.0,4819.0,ResearchAndDevelopmentExpenseExcludingAcquiredInProcessCost,10-K,2022-02-16,https://data.sec.gov/api/xbrl/companyfacts/CIK0000318154.json,2026-05-27T18:35:39.477974+00:00,data/raw/sec_companyfacts/CIK0000318154_2dadca60b2ea3fcf.json
AMGN,Amgen Inc.,Biotechnology,0000318154,2022,4434000000.0,4434.0,ResearchAndDevelopmentExpenseExcludingAcquiredInProcessCost,10-K,2023-02-09,https://data.sec.gov/api/xbrl/companyfacts/CIK0000318154.json,2026-05-27T18:35:39.477974+00:00,data/raw/sec_companyfacts/CIK0000318154_2dadca60b2ea3fcf.json
AMGN,Amgen Inc.,Biotechnology,0000318154,2023,4784000000.0,4784.0,ResearchAndDevelopmentExpenseExcludingAcquiredInProcessCost,10-K,2024-02-14,https://data.sec.gov/api/xbrl/companyfacts/CIK0000318154.json,2026-05-27T18:35:39.477974+00:00,data/raw/sec_companyfacts/CIK0000318154_2dadca60b2ea3fcf.json
AMGN,Amgen Inc.,Biotechnology,0000318154,2024,5964000000.0,5964.0,ResearchAndDevelopmentExpenseExcludingAcquiredInProcessCost,10-K,2025-02-14,https://data.sec.gov/api/xbrl/companyfacts/CIK0000318154.json,2026-05-27T18:35:39.477974+00:00,data/raw/sec_companyfacts/CIK0000318154_2dadca60b2ea3fcf.json
AMGN,Amgen Inc.,Biotechnology,0000318154,2025,7272000000.0,7272.0,ResearchAndDevelopmentExpenseExcludingAcquiredInProcessCost,10-K,2026-02-13,https://data.sec.gov/api/xbrl/companyfacts/CIK0000318154.json,2026-05-27T18:35:39.477974+00:00,data/raw/sec_companyfacts/CIK0000318154_2dadca60b2ea3fcf.json
GILD,"Gilead Sciences, Inc.",Biotechnology,0000882095,2013,2119756000.0,2119.756,ResearchAndDevelopmentExpense,10-K,2014-02-25,https://data.sec.gov/api/xbrl/companyfacts/CIK0000882095.json,2026-05-27T18:35:39.477974+00:00,data/raw/sec_companyfacts/CIK0000882095_086e4936bb9e2ec7.json
GILD,"Gilead Sciences, Inc.",Biotechnology,0000882095,2014,2854000000.0,2854.0,ResearchAndDevelopmentExpense,10-K,2015-02-25,https://data.sec.gov/api/xbrl/companyfacts/CIK0000882095.json,2026-05-27T18:35:39.477974+00:00,data/raw/sec_companyfacts/CIK0000882095_086e4936bb9e2ec7.json
GILD,"Gilead Sciences, Inc.",Biotechnology,0000882095,2015,3014000000.0,3014.0,ResearchAndDevelopmentExpense,10-K,2016-02-24,https://data.sec.gov/api/xbrl/companyfacts/CIK0000882095.json,2026-05-27T18:35:39.477974+00:00,data/raw/sec_companyfacts/CIK0000882095_086e4936bb9e2ec7.json
GILD,"Gilead Sciences, Inc.",Biotechnology,0000882095,2016,5098000000.0,5098.0,ResearchAndDevelopmentExpense,10-K,2017-02-27,https://data.sec.gov/api/xbrl/companyfacts/CIK0000882095.json,2026-05-27T18:35:39.477974+00:00,data/raw/sec_companyfacts/CIK0000882095_086e4936bb9e2ec7.json
GILD,"Gilead Sciences, Inc.",Biotechnology,0000882095,2017,3734000000.0,3734.0,ResearchAndDevelopmentExpense,10-K,2018-02-27,https://data.sec.gov/api/xbrl/companyfacts/CIK0000882095.json,2026-05-27T18:35:39.477974+00:00,data/raw/sec_companyfacts/CIK0000882095_086e4936bb9e2ec7.json
GILD,"Gilead Sciences, Inc.",Biotechnology,0000882095,2018,5018000000.0,5018.0,ResearchAndDevelopmentExpense,10-K,2019-02-26,https://data.sec.gov/api/xbrl/companyfacts/CIK0000882095.json,2026-05-27T18:35:39.477974+00:00,data/raw/sec_companyfacts/CIK0000882095_086e4936bb9e2ec7.json
GILD,"Gilead Sciences, Inc.",Biotechnology,0000882095,2019,9106000000.0,9106.0,ResearchAndDevelopmentExpense,10-K,2020-02-25,https://data.sec.gov/api/xbrl/companyfacts/CIK0000882095.json,2026-05-27T18:35:39.477974+00:00,data/raw/sec_companyfacts/CIK0000882095_086e4936bb9e2ec7.json
REGN,"Regeneron Pharmaceuticals, Inc.",Biotechnology,0000872589,2010,489252000.0,489.252,ResearchAndDevelopmentExpense,10-K,2011-02-17,https://data.sec.gov/api/xbrl/companyfacts/CIK0000872589.json,2026-05-27T18:35:39.477974+00:00,data/raw/sec_companyfacts/CIK0000872589_8a129a2bb12f6670.json
REGN,"Regeneron Pharmaceuticals, Inc.",Biotechnology,0000872589,2011,529506000.0,529.506,ResearchAndDevelopmentExpense,10-K,2012-02-21,https://data.sec.gov/api/xbrl/companyfacts/CIK0000872589.json,2026-05-27T18:35:39.477974+00:00,data/raw/sec_companyfacts/CIK0000872589_8a129a2bb12f6670.json
REGN,"Regeneron Pharmaceuticals, Inc.",Biotechnology,0000872589,2012,625554000.0,625.554,ResearchAndDevelopmentExpense,10-K,2013-02-15,https://data.sec.gov/api/xbrl/companyfacts/CIK0000872589.json,2026-05-27T18:35:39.477974+00:00,data/raw/sec_companyfacts/CIK0000872589_8a129a2bb12f6670.json
REGN,"Regeneron Pharmaceuticals, Inc.",Biotechnology,0000872589,2013,859947000.0,859.947,ResearchAndDevelopmentExpense,10-K,2014-02-13,https://data.sec.gov/api/xbrl/companyfacts/CIK0000872589.json,2026-05-27T18:35:39.477974+00:00,data/raw/sec_companyfacts/CIK0000872589_8a129a2bb12f6670.json
REGN,"Regeneron Pharmaceuticals, Inc.",Biotechnology,0000872589,2014,1271353000.0,1271.353,ResearchAndDevelopmentExpense,10-K,2015-02-12,https://data.sec.gov/api/xbrl/companyfacts/CIK0000872589.json,2026-05-27T18:35:39.477974+00:00,data/raw/sec_companyfacts/CIK0000872589_8a129a2bb12f6670.json
REGN,"Regeneron Pharmaceuticals, Inc.",Biotechnology,0000872589,2015,1620577000.0,1620.577,ResearchAndDevelopmentExpense,10-K,2016-02-11,https://data.sec.gov/api/xbrl/companyfacts/CIK0000872589.json,2026-05-27T18:35:39.477974+00:00,data/raw/sec_companyfacts/CIK0000872589_8a129a2bb12f6670.json
REGN,"Regeneron Pharmaceuticals, Inc.",Biotechnology,0000872589,2016,2052295000.0,2052.295,ResearchAndDevelopmentExpense,10-K,2017-02-09,https://data.sec.gov/api/xbrl/companyfacts/CIK0000872589.json,2026-05-27T18:35:39.477974+00:00,data/raw/sec_companyfacts/CIK0000872589_8a129a2bb12f6670.json
REGN,"Regeneron Pharmaceuticals, Inc.",Biotechnology,0000872589,2017,2075142000.0,2075.142,ResearchAndDevelopmentExpense,10-K,2018-02-08,https://data.sec.gov/api/xbrl/companyfacts/CIK0000872589.json,2026-05-27T18:35:39.477974+00:00,data/raw/sec_companyfacts/CIK0000872589_8a129a2bb12f6670.json
REGN,"Regeneron Pharmaceuticals, Inc.",Biotechnology,0000872589,2018,2186100000.0,2186.1,ResearchAndDevelopmentExpense,10-K,2019-02-07,https://data.sec.gov/api/xbrl/companyfacts/CIK0000872589.json,2026-05-27T18:35:39.477974+00:00,data/raw/sec_companyfacts/CIK0000872589_8a129a2bb12f6670.json
REGN,"Regeneron Pharmaceuticals, Inc.",Biotechnology,0000872589,2019,3036600000.0,3036.6,ResearchAndDevelopmentExpense,10-K,2020-02-07,https://data.sec.gov/api/xbrl/companyfacts/CIK0000872589.json,2026-05-27T18:35:39.477974+00:00,data/raw/sec_companyfacts/CIK0000872589_8a129a2bb12f6670.json
REGN,"Regeneron Pharmaceuticals, Inc.",Biotechnology,0000872589,2020,2735000000.0,2735.0,ResearchAndDevelopmentExpense,10-K,2021-02-08,https://data.sec.gov/api/xbrl/companyfacts/CIK0000872589.json,2026-05-27T18:35:39.477974+00:00,data/raw/sec_companyfacts/CIK0000872589_8a129a2bb12f6670.json
REGN,"Regeneron Pharmaceuticals, Inc.",Biotechnology,0000872589,2021,2908100000.0,2908.1,ResearchAndDevelopmentExpense,10-K,2022-02-07,https://data.sec.gov/api/xbrl/companyfacts/CIK0000872589.json,2026-05-27T18:35:39.477974+00:00,data/raw/sec_companyfacts/CIK0000872589_8a129a2bb12f6670.json
REGN,"Regeneron Pharmaceuticals, Inc.",Biotechnology,0000872589,2022,3592500000.0,3592.5,ResearchAndDevelopmentExpense,10-K,2023-02-06,https://data.sec.gov/api/xbrl/companyfacts/CIK0000872589.json,2026-05-27T18:35:39.477974+00:00,data/raw/sec_companyfacts/CIK0000872589_8a129a2bb12f6670.json
REGN,"Regeneron Pharmaceuticals, Inc.",Biotechnology,0000872589,2023,4439000000.0,4439.0,ResearchAndDevelopmentExpense,10-K,2024-02-05,https://data.sec.gov/api/xbrl/companyfacts/CIK0000872589.json,2026-05-27T18:35:39.477974+00:00,data/raw/sec_companyfacts/CIK0000872589_8a129a2bb12f6670.json
REGN,"Regeneron Pharmaceuticals, Inc.",Biotechnology,0000872589,2024,5132000000.0,5132.0,ResearchAndDevelopmentExpense,10-K,2025-02-05,https://data.sec.gov/api/xbrl/companyfacts/CIK0000872589.json,2026-05-27T18:35:39.477974+00:00,data/raw/sec_companyfacts/CIK0000872589_8a129a2bb12f6670.json
REGN,"Regeneron Pharmaceuticals, Inc.",Biotechnology,0000872589,2025,5850200000.0,5850.2,ResearchAndDevelopmentExpense,10-K,2026-02-04,https://data.sec.gov/api/xbrl/companyfacts/CIK0000872589.json,2026-05-27T18:35:39.477974+00:00,data/raw/sec_companyfacts/CIK0000872589_8a129a2bb12f6670.json
VRTX,Vertex Pharmaceuticals Incorporated,Biotechnology,0000875320,2010,168888000.0,168.888,ResearchAndDevelopmentExpense,10-K,2011-02-17,https://data.sec.gov/api/xbrl/companyfacts/CIK0000875320.json,2026-05-27T18:35:39.477974+00:00,data/raw/sec_companyfacts/CIK0000875320_28635304b53e593f.json
VRTX,Vertex Pharmaceuticals Incorporated,Biotechnology,0000875320,2011,186438000.0,186.438,ResearchAndDevelopmentExpense,10-K,2012-02-22,https://data.sec.gov/api/xbrl/companyfacts/CIK0000875320.json,2026-05-27T18:35:39.477974+00:00,data/raw/sec_companyfacts/CIK0000875320_28635304b53e593f.json
VRTX,Vertex Pharmaceuticals Incorporated,Biotechnology,0000875320,2012,213109000.0,213.109,ResearchAndDevelopmentExpense,10-K,2013-03-01,https://data.sec.gov/api/xbrl/companyfacts/CIK0000875320.json,2026-05-27T18:35:39.477974+00:00,data/raw/sec_companyfacts/CIK0000875320_28635304b53e593f.json
VRTX,Vertex Pharmaceuticals Incorporated,Biotechnology,0000875320,2013,249609000.0,249.609,ResearchAndDevelopmentExpense,10-K,2014-02-11,https://data.sec.gov/api/xbrl/companyfacts/CIK0000875320.json,2026-05-27T18:35:39.477974+00:00,data/raw/sec_companyfacts/CIK0000875320_28635304b53e593f.json
VRTX,Vertex Pharmaceuticals Incorporated,Biotechnology,0000875320,2014,201463000.0,201.463,ResearchAndDevelopmentExpense,10-K,2015-02-13,https://data.sec.gov/api/xbrl/companyfacts/CIK0000875320.json,2026-05-27T18:35:39.477974+00:00,data/raw/sec_companyfacts/CIK0000875320_28635304b53e593f.json
VRTX,Vertex Pharmaceuticals Incorporated,Biotechnology,0000875320,2015,310181000.0,310.181,ResearchAndDevelopmentExpense,10-K,2016-02-16,https://data.sec.gov/api/xbrl/companyfacts/CIK0000875320.json,2026-05-27T18:35:39.477974+00:00,data/raw/sec_companyfacts/CIK0000875320_28635304b53e593f.json
VRTX,Vertex Pharmaceuticals Incorporated,Biotechnology,0000875320,2016,248452000.0,248.452,ResearchAndDevelopmentExpense,10-K,2017-02-23,https://data.sec.gov/api/xbrl/companyfacts/CIK0000875320.json,2026-05-27T18:35:39.477974+00:00,data/raw/sec_companyfacts/CIK0000875320_28635304b53e593f.json
VRTX,Vertex Pharmaceuticals Incorporated,Biotechnology,0000875320,2017,306664000.0,306.664,ResearchAndDevelopmentExpense,10-K,2018-02-15,https://data.sec.gov/api/xbrl/companyfacts/CIK0000875320.json,2026-05-27T18:35:39.477974+00:00,data/raw/sec_companyfacts/CIK0000875320_28635304b53e593f.json
VRTX,Vertex Pharmaceuticals Incorporated,Biotechnology,0000875320,2018,437881000.0,437.881,ResearchAndDevelopmentExpense,10-K,2019-02-13,https://data.sec.gov/api/xbrl/companyfacts/CIK0000875320.json,2026-05-27T18:35:39.477974+00:00,data/raw/sec_companyfacts/CIK0000875320_28635304b53e593f.json
VRTX,Vertex Pharmaceuticals Incorporated,Biotechnology,0000875320,2019,480011000.0,480.011,ResearchAndDevelopmentExpense,10-K,2020-02-13,https://data.sec.gov/api/xbrl/companyfacts/CIK0000875320.json,2026-05-27T18:35:39.477974+00:00,data/raw/sec_companyfacts/CIK0000875320_28635304b53e593f.json
VRTX,Vertex Pharmaceuticals Incorporated,Biotechnology,0000875320,2020,466584000.0,466.584,ResearchAndDevelopmentExpense,10-K,2021-02-11,https://data.sec.gov/api/xbrl/companyfacts/CIK0000875320.json,2026-05-27T18:35:39.477974+00:00,data/raw/sec_companyfacts/CIK0000875320_28635304b53e593f.json
VRTX,Vertex Pharmaceuticals Incorporated,Biotechnology,0000875320,2021,3051100000.0,3051.1,ResearchAndDevelopmentExpense,10-K,2022-02-09,https://data.sec.gov/api/xbrl/companyfacts/CIK0000875320.json,2026-05-27T18:35:39.477974+00:00,data/raw/sec_companyfacts/CIK0000875320_28635304b53e593f.json
BIIB,Biogen Inc.,Biotechnology,0000875045,2009,1283068000.0,1283.068,ResearchAndDevelopmentExpense,10-K,2010-02-09,https://data.sec.gov/api/xbrl/companyfacts/CIK0000875045.json,2026-05-27T18:35:39.477974+00:00,data/raw/sec_companyfacts/CIK0000875045_64d2db748058531d.json
BIIB,Biogen Inc.,Biotechnology,0000875045,2010,1248604000.0,1248.604,ResearchAndDevelopmentExpense,10-K,2011-02-04,https://data.sec.gov/api/xbrl/companyfacts/CIK0000875045.json,2026-05-27T18:35:39.477974+00:00,data/raw/sec_companyfacts/CIK0000875045_64d2db748058531d.json
BIIB,Biogen Inc.,Biotechnology,0000875045,2011,1219602000.0,1219.602,ResearchAndDevelopmentExpense,10-K,2012-02-03,https://data.sec.gov/api/xbrl/companyfacts/CIK0000875045.json,2026-05-27T18:35:39.477974+00:00,data/raw/sec_companyfacts/CIK0000875045_64d2db748058531d.json
BIIB,Biogen Inc.,Biotechnology,0000875045,2012,1334919000.0,1334.919,ResearchAndDevelopmentExpense,10-K,2013-02-05,https://data.sec.gov/api/xbrl/companyfacts/CIK0000875045.json,2026-05-27T18:35:39.477974+00:00,data/raw/sec_companyfacts/CIK0000875045_64d2db748058531d.json
MRNA,"Moderna, Inc.",Biotechnology,0001682852,2018,454082000.0,454.082,ResearchAndDevelopmentExpense,10-K,2019-03-13,https://data.sec.gov/api/xbrl/companyfacts/CIK0001682852.json,2026-05-27T18:35:39.477974+00:00,data/raw/sec_companyfacts/CIK0001682852_137b19c324f7996e.json
MRNA,"Moderna, Inc.",Biotechnology,0001682852,2019,496309000.0,496.309,ResearchAndDevelopmentExpense,10-K,2020-02-27,https://data.sec.gov/api/xbrl/companyfacts/CIK0001682852.json,2026-05-27T18:35:39.477974+00:00,data/raw/sec_companyfacts/CIK0001682852_137b19c324f7996e.json
MRNA,"Moderna, Inc.",Biotechnology,0001682852,2020,1370339000.0,1370.339,ResearchAndDevelopmentExpense,10-K,2021-02-26,https://data.sec.gov/api/xbrl/companyfacts/CIK0001682852.json,2026-05-27T18:35:39.477974+00:00,data/raw/sec_companyfacts/CIK0001682852_137b19c324f7996e.json
MRNA,"Moderna, Inc.",Biotechnology,0001682852,2021,1991000000.0,1991.0,ResearchAndDevelopmentExpense,10-K,2022-02-25,https://data.sec.gov/api/xbrl/companyfacts/CIK0001682852.json,2026-05-27T18:35:39.477974+00:00,data/raw/sec_companyfacts/CIK0001682852_137b19c324f7996e.json
MRNA,"Moderna, Inc.",Biotechnology,0001682852,2022,3295000000.0,3295.0,ResearchAndDevelopmentExpense,10-K,2023-02-24,https://data.sec.gov/api/xbrl/companyfacts/CIK0001682852.json,2026-05-27T18:35:39.477974+00:00,data/raw/sec_companyfacts/CIK0001682852_137b19c324f7996e.json
MRNA,"Moderna, Inc.",Biotechnology,0001682852,2023,4845000000.0,4845.0,ResearchAndDevelopmentExpense,10-K,2024-02-23,https://data.sec.gov/api/xbrl/companyfacts/CIK0001682852.json,2026-05-27T18:35:39.477974+00:00,data/raw/sec_companyfacts/CIK0001682852_137b19c324f7996e.json
MRNA,"Moderna, Inc.",Biotechnology,0001682852,2024,4543000000.0,4543.0,ResearchAndDevelopmentExpense,10-K,2025-02-21,https://data.sec.gov/api/xbrl/companyfacts/CIK0001682852.json,2026-05-27T18:35:39.477974+00:00,data/raw/sec_companyfacts/CIK0001682852_137b19c324f7996e.json
MRNA,"Moderna, Inc.",Biotechnology,0001682852,2025,3132000000.0,3132.0,ResearchAndDevelopmentExpense,10-K,2026-02-20,https://data.sec.gov/api/xbrl/companyfacts/CIK0001682852.json,2026-05-27T18:35:39.477974+00:00,data/raw/sec_companyfacts/CIK0001682852_137b19c324f7996e.json
ALNY,"Alnylam Pharmaceuticals, Inc.",Biotechnology,0001178670,2010,106384000.0,106.384,ResearchAndDevelopmentExpense,10-K,2011-02-18,https://data.sec.gov/api/xbrl/companyfacts/CIK0001178670.json,2026-05-27T18:35:39.477974+00:00,data/raw/sec_companyfacts/CIK0001178670_69e85cadbacd1bb3.json
ALNY,"Alnylam Pharmaceuticals, Inc.",Biotechnology,0001178670,2011,99295000.0,99.295,ResearchAndDevelopmentExpense,10-K,2012-02-13,https://data.sec.gov/api/xbrl/companyfacts/CIK0001178670.json,2026-05-27T18:35:39.477974+00:00,data/raw/sec_companyfacts/CIK0001178670_69e85cadbacd1bb3.json
ALNY,"Alnylam Pharmaceuticals, Inc.",Biotechnology,0001178670,2012,86569000.0,86.569,ResearchAndDevelopmentExpense,10-K,2013-02-19,https://data.sec.gov/api/xbrl/companyfacts/CIK0001178670.json,2026-05-27T18:35:39.477974+00:00,data/raw/sec_companyfacts/CIK0001178670_69e85cadbacd1bb3.json
ALNY,"Alnylam Pharmaceuticals, Inc.",Biotechnology,0001178670,2013,112957000.0,112.957,ResearchAndDevelopmentExpense,10-K,2014-02-20,https://data.sec.gov/api/xbrl/companyfacts/CIK0001178670.json,2026-05-27T18:35:39.477974+00:00,data/raw/sec_companyfacts/CIK0001178670_69e85cadbacd1bb3.json
ALNY,"Alnylam Pharmaceuticals, Inc.",Biotechnology,0001178670,2014,190249000.0,190.249,ResearchAndDevelopmentExpense,10-K,2015-02-13,https://data.sec.gov/api/xbrl/companyfacts/CIK0001178670.json,2026-05-27T18:35:39.477974+00:00,data/raw/sec_companyfacts/CIK0001178670_69e85cadbacd1bb3.json
ALNY,"Alnylam Pharmaceuticals, Inc.",Biotechnology,0001178670,2015,276495000.0,276.495,ResearchAndDevelopmentExpense,10-K,2016-02-12,https://data.sec.gov/api/xbrl/companyfacts/CIK0001178670.json,2026-05-27T18:35:39.477974+00:00,data/raw/sec_companyfacts/CIK0001178670_69e85cadbacd1bb3.json
ALNY,"Alnylam Pharmaceuticals, Inc.",Biotechnology,0001178670,2016,382392000.0,382.392,ResearchAndDevelopmentExpense,10-K,2017-02-15,https://data.sec.gov/api/xbrl/companyfacts/CIK0001178670.json,2026-05-27T18:35:39.477974+00:00,data/raw/sec_companyfacts/CIK0001178670_69e85cadbacd1bb3.json
ALNY,"Alnylam Pharmaceuticals, Inc.",Biotechnology,0001178670,2017,390635000.0,390.635,ResearchAndDevelopmentExpense,10-K,2018-02-15,https://data.sec.gov/api/xbrl/companyfacts/CIK0001178670.json,2026-05-27T18:35:39.477974+00:00,data/raw/sec_companyfacts/CIK0001178670_69e85cadbacd1bb3.json
ALNY,"Alnylam Pharmaceuticals, Inc.",Biotechnology,0001178670,2018,505420000.0,505.42,ResearchAndDevelopmentExpense,10-K,2019-02-14,https://data.sec.gov/api/xbrl/companyfacts/CIK0001178670.json,2026-05-27T18:35:39.477974+00:00,data/raw/sec_companyfacts/CIK0001178670_69e85cadbacd1bb3.json
ALNY,"Alnylam Pharmaceuticals, Inc.",Biotechnology,0001178670,2019,655114000.0,655.114,ResearchAndDevelopmentExpense,10-K,2020-02-13,https://data.sec.gov/api/xbrl/companyfacts/CIK0001178670.json,2026-05-27T18:35:39.477974+00:00,data/raw/sec_companyfacts/CIK0001178670_69e85cadbacd1bb3.json
ALNY,"Alnylam Pharmaceuticals, Inc.",Biotechnology,0001178670,2020,654819000.0,654.819,ResearchAndDevelopmentExpense,10-K,2021-02-11,https://data.sec.gov/api/xbrl/companyfacts/CIK0001178670.json,2026-05-27T18:35:39.477974+00:00,data/raw/sec_companyfacts/CIK0001178670_69e85cadbacd1bb3.json
ALNY,"Alnylam Pharmaceuticals, Inc.",Biotechnology,0001178670,2021,792156000.0,792.156,ResearchAndDevelopmentExpense,10-K,2022-02-10,https://data.sec.gov/api/xbrl/companyfacts/CIK0001178670.json,2026-05-27T18:35:39.477974+00:00,data/raw/sec_companyfacts/CIK0001178670_69e85cadbacd1bb3.json
ALNY,"Alnylam Pharmaceuticals, Inc.",Biotechnology,0001178670,2022,883015000.0,883.015,ResearchAndDevelopmentExpense,10-K,2023-02-23,https://data.sec.gov/api/xbrl/companyfacts/CIK0001178670.json,2026-05-27T18:35:39.477974+00:00,data/raw/sec_companyfacts/CIK0001178670_69e85cadbacd1bb3.json
ALNY,"Alnylam Pharmaceuticals, Inc.",Biotechnology,0001178670,2023,1004415000.0,1004.415,ResearchAndDevelopmentExpense,10-K,2024-02-15,https://data.sec.gov/api/xbrl/companyfacts/CIK0001178670.json,2026-05-27T18:35:39.477974+00:00,data/raw/sec_companyfacts/CIK0001178670_69e85cadbacd1bb3.json
ALNY,"Alnylam Pharmaceuticals, Inc.",Biotechnology,0001178670,2024,1126232000.0,1126.232,ResearchAndDevelopmentExpense,10-K,2025-02-13,https://data.sec.gov/api/xbrl/companyfacts/CIK0001178670.json,2026-05-27T18:35:39.477974+00:00,data/raw/sec_companyfacts/CIK0001178670_69e85cadbacd1bb3.json
ALNY,"Alnylam Pharmaceuticals, Inc.",Biotechnology,0001178670,2025,1319775000.0,1319.775,ResearchAndDevelopmentExpense,10-K,2026-02-12,https://data.sec.gov/api/xbrl/companyfacts/CIK0001178670.json,2026-05-27T18:35:39.477974+00:00,data/raw/sec_companyfacts/CIK0001178670_69e85cadbacd1bb3.json
INCY,Incyte Corporation,Biotechnology,0000879169,2011,178707000.0,178.707,ResearchAndDevelopmentExpense,10-K,2012-02-22,https://data.sec.gov/api/xbrl/companyfacts/CIK0000879169.json,2026-05-27T18:35:39.477974+00:00,data/raw/sec_companyfacts/CIK0000879169_86a52bcb02e26ab0.json
INCY,Incyte Corporation,Biotechnology,0000879169,2012,210391000.0,210.391,ResearchAndDevelopmentExpense,10-K,2013-02-21,https://data.sec.gov/api/xbrl/companyfacts/CIK0000879169.json,2026-05-27T18:35:39.477974+00:00,data/raw/sec_companyfacts/CIK0000879169_86a52bcb02e26ab0.json
INCY,Incyte Corporation,Biotechnology,0000879169,2013,260436000.0,260.436,ResearchAndDevelopmentExpense,10-K,2014-02-21,https://data.sec.gov/api/xbrl/companyfacts/CIK0000879169.json,2026-05-27T18:35:39.477974+00:00,data/raw/sec_companyfacts/CIK0000879169_86a52bcb02e26ab0.json
INCY,Incyte Corporation,Biotechnology,0000879169,2014,347523000.0,347.523,ResearchAndDevelopmentExpense,10-K,2015-02-17,https://data.sec.gov/api/xbrl/companyfacts/CIK0000879169.json,2026-05-27T18:35:39.477974+00:00,data/raw/sec_companyfacts/CIK0000879169_86a52bcb02e26ab0.json
INCY,Incyte Corporation,Biotechnology,0000879169,2015,479514000.0,479.514,ResearchAndDevelopmentExpense,10-K,2016-02-12,https://data.sec.gov/api/xbrl/companyfacts/CIK0000879169.json,2026-05-27T18:35:39.477974+00:00,data/raw/sec_companyfacts/CIK0000879169_86a52bcb02e26ab0.json
INCY,Incyte Corporation,Biotechnology,0000879169,2016,581861000.0,581.861,ResearchAndDevelopmentExpense,10-K,2017-02-14,https://data.sec.gov/api/xbrl/companyfacts/CIK0000879169.json,2026-05-27T18:35:39.477974+00:00,data/raw/sec_companyfacts/CIK0000879169_86a52bcb02e26ab0.json
INCY,Incyte Corporation,Biotechnology,0000879169,2017,1326361000.0,1326.361,ResearchAndDevelopmentExpense,10-K,2018-02-15,https://data.sec.gov/api/xbrl/companyfacts/CIK0000879169.json,2026-05-27T18:35:39.477974+00:00,data/raw/sec_companyfacts/CIK0000879169_86a52bcb02e26ab0.json
INCY,Incyte Corporation,Biotechnology,0000879169,2018,1197957000.0,1197.957,ResearchAndDevelopmentExpense,10-K,2019-02-14,https://data.sec.gov/api/xbrl/companyfacts/CIK0000879169.json,2026-05-27T18:35:39.477974+00:00,data/raw/sec_companyfacts/CIK0000879169_86a52bcb02e26ab0.json
INCY,Incyte Corporation,Biotechnology,0000879169,2019,1154111000.0,1154.111,ResearchAndDevelopmentExpense,10-K,2020-02-13,https://data.sec.gov/api/xbrl/companyfacts/CIK0000879169.json,2026-05-27T18:35:39.477974+00:00,data/raw/sec_companyfacts/CIK0000879169_86a52bcb02e26ab0.json
INCY,Incyte Corporation,Biotechnology,0000879169,2020,2215942000.0,2215.942,ResearchAndDevelopmentExpense,10-K,2021-02-09,https://data.sec.gov/api/xbrl/companyfacts/CIK0000879169.json,2026-05-27T18:35:39.477974+00:00,data/raw/sec_companyfacts/CIK0000879169_86a52bcb02e26ab0.json
INCY,Incyte Corporation,Biotechnology,0000879169,2021,1458179000.0,1458.179,ResearchAndDevelopmentExpense,10-K,2022-02-08,https://data.sec.gov/api/xbrl/companyfacts/CIK0000879169.json,2026-05-27T18:35:39.477974+00:00,data/raw/sec_companyfacts/CIK0000879169_86a52bcb02e26ab0.json
INCY,Incyte Corporation,Biotechnology,0000879169,2022,1585936000.0,1585.936,ResearchAndDevelopmentExpense,10-K,2023-02-07,https://data.sec.gov/api/xbrl/companyfacts/CIK0000879169.json,2026-05-27T18:35:39.477974+00:00,data/raw/sec_companyfacts/CIK0000879169_86a52bcb02e26ab0.json
INCY,Incyte Corporation,Biotechnology,0000879169,2023,1627594000.0,1627.594,ResearchAndDevelopmentExpense,10-K,2024-02-13,https://data.sec.gov/api/xbrl/companyfacts/CIK0000879169.json,2026-05-27T18:35:39.477974+00:00,data/raw/sec_companyfacts/CIK0000879169_86a52bcb02e26ab0.json
INCY,Incyte Corporation,Biotechnology,0000879169,2024,2606848000.0,2606.848,ResearchAndDevelopmentExpense,10-K,2025-02-10,https://data.sec.gov/api/xbrl/companyfacts/CIK0000879169.json,2026-05-27T18:35:39.477974+00:00,data/raw/sec_companyfacts/CIK0000879169_86a52bcb02e26ab0.json
INCY,Incyte Corporation,Biotechnology,0000879169,2025,2050152000.0,2050.152,ResearchAndDevelopmentExpense,10-K,2026-02-10,https://data.sec.gov/api/xbrl/companyfacts/CIK0000879169.json,2026-05-27T18:35:39.477974+00:00,data/raw/sec_companyfacts/CIK0000879169_86a52bcb02e26ab0.json
NBIX,"Neurocrine Biosciences, Inc.",Biotechnology,0000914475,2011,30951000.0,30.951,ResearchAndDevelopmentExpense,10-K,2012-02-09,https://data.sec.gov/api/xbrl/companyfacts/CIK0000914475.json,2026-05-27T18:35:39.477974+00:00,data/raw/sec_companyfacts/CIK0000914475_e3f448973bd6a23c.json
NBIX,"Neurocrine Biosciences, Inc.",Biotechnology,0000914475,2012,37163000.0,37.163,ResearchAndDevelopmentExpense,10-K,2013-02-08,https://data.sec.gov/api/xbrl/companyfacts/CIK0000914475.json,2026-05-27T18:35:39.477974+00:00,data/raw/sec_companyfacts/CIK0000914475_e3f448973bd6a23c.json
NBIX,"Neurocrine Biosciences, Inc.",Biotechnology,0000914475,2013,39248000.0,39.248,ResearchAndDevelopmentExpense,10-K,2014-02-11,https://data.sec.gov/api/xbrl/companyfacts/CIK0000914475.json,2026-05-27T18:35:39.477974+00:00,data/raw/sec_companyfacts/CIK0000914475_e3f448973bd6a23c.json
NBIX,"Neurocrine Biosciences, Inc.",Biotechnology,0000914475,2014,46425000.0,46.425,ResearchAndDevelopmentExpense,10-K,2015-02-09,https://data.sec.gov/api/xbrl/companyfacts/CIK0000914475.json,2026-05-27T18:35:39.477974+00:00,data/raw/sec_companyfacts/CIK0000914475_e3f448973bd6a23c.json
NBIX,"Neurocrine Biosciences, Inc.",Biotechnology,0000914475,2015,81491000.0,81.491,ResearchAndDevelopmentExpense,10-K,2016-02-11,https://data.sec.gov/api/xbrl/companyfacts/CIK0000914475.json,2026-05-27T18:35:39.477974+00:00,data/raw/sec_companyfacts/CIK0000914475_e3f448973bd6a23c.json
NBIX,"Neurocrine Biosciences, Inc.",Biotechnology,0000914475,2016,94291000.0,94.291,ResearchAndDevelopmentExpense,10-K,2017-02-14,https://data.sec.gov/api/xbrl/companyfacts/CIK0000914475.json,2026-05-27T18:35:39.477974+00:00,data/raw/sec_companyfacts/CIK0000914475_e3f448973bd6a23c.json
NBIX,"Neurocrine Biosciences, Inc.",Biotechnology,0000914475,2017,121827000.0,121.827,ResearchAndDevelopmentExpense,10-K,2018-02-13,https://data.sec.gov/api/xbrl/companyfacts/CIK0000914475.json,2026-05-27T18:35:39.477974+00:00,data/raw/sec_companyfacts/CIK0000914475_e3f448973bd6a23c.json
NBIX,"Neurocrine Biosciences, Inc.",Biotechnology,0000914475,2018,160524000.0,160.524,ResearchAndDevelopmentExpense,10-K,2019-02-08,https://data.sec.gov/api/xbrl/companyfacts/CIK0000914475.json,2026-05-27T18:35:39.477974+00:00,data/raw/sec_companyfacts/CIK0000914475_e3f448973bd6a23c.json
TECH,Bio-Techne Corporation,Life Sciences Tools,0000842023,2011,25985000.0,25.985,ResearchAndDevelopmentExpenseExcludingAcquiredInProcessCost,10-K,2011-08-29,https://data.sec.gov/api/xbrl/companyfacts/CIK0000842023.json,2026-05-27T18:35:39.477974+00:00,data/raw/sec_companyfacts/CIK0000842023_b1dbc0ebc608c692.json
TECH,Bio-Techne Corporation,Life Sciences Tools,0000842023,2012,27912000.0,27.912,ResearchAndDevelopmentExpenseExcludingAcquiredInProcessCost,10-K,2012-08-29,https://data.sec.gov/api/xbrl/companyfacts/CIK0000842023.json,2026-05-27T18:35:39.477974+00:00,data/raw/sec_companyfacts/CIK0000842023_b1dbc0ebc608c692.json
TECH,Bio-Techne Corporation,Life Sciences Tools,0000842023,2013,29257000.0,29.257,ResearchAndDevelopmentExpenseExcludingAcquiredInProcessCost,10-K,2013-08-29,https://data.sec.gov/api/xbrl/companyfacts/CIK0000842023.json,2026-05-27T18:35:39.477974+00:00,data/raw/sec_companyfacts/CIK0000842023_b1dbc0ebc608c692.json
TECH,Bio-Techne Corporation,Life Sciences Tools,0000842023,2014,30945000.0,30.945,ResearchAndDevelopmentExpenseExcludingAcquiredInProcessCost,10-K,2014-08-29,https://data.sec.gov/api/xbrl/companyfacts/CIK0000842023.json,2026-05-27T18:35:39.477974+00:00,data/raw/sec_companyfacts/CIK0000842023_b1dbc0ebc608c692.json
TECH,Bio-Techne Corporation,Life Sciences Tools,0000842023,2015,40853000.0,40.853,ResearchAndDevelopmentExpenseExcludingAcquiredInProcessCost,10-K,2015-08-31,https://data.sec.gov/api/xbrl/companyfacts/CIK0000842023.json,2026-05-27T18:35:39.477974+00:00,data/raw/sec_companyfacts/CIK0000842023_b1dbc0ebc608c692.json
TECH,Bio-Techne Corporation,Life Sciences Tools,0000842023,2016,45187000.0,45.187,ResearchAndDevelopmentExpenseExcludingAcquiredInProcessCost,10-K,2016-08-29,https://data.sec.gov/api/xbrl/companyfacts/CIK0000842023.json,2026-05-27T18:35:39.477974+00:00,data/raw/sec_companyfacts/CIK0000842023_b1dbc0ebc608c692.json
TECH,Bio-Techne Corporation,Life Sciences Tools,0000842023,2017,53514000.0,53.514,ResearchAndDevelopmentExpenseExcludingAcquiredInProcessCost,10-K,2017-09-07,https://data.sec.gov/api/xbrl/companyfacts/CIK0000842023.json,2026-05-27T18:35:39.477974+00:00,data/raw/sec_companyfacts/CIK0000842023_b1dbc0ebc608c692.json
TECH,Bio-Techne Corporation,Life Sciences Tools,0000842023,2018,55329000.0,55.329,ResearchAndDevelopmentExpenseExcludingAcquiredInProcessCost,10-K,2018-08-27,https://data.sec.gov/api/xbrl/companyfacts/CIK0000842023.json,2026-05-27T18:35:39.477974+00:00,data/raw/sec_companyfacts/CIK0000842023_b1dbc0ebc608c692.json
TECH,Bio-Techne Corporation,Life Sciences Tools,0000842023,2019,62413000.0,62.413,ResearchAndDevelopmentExpenseExcludingAcquiredInProcessCost,10-K,2019-08-28,https://data.sec.gov/api/xbrl/companyfacts/CIK0000842023.json,2026-05-27T18:35:39.477974+00:00,data/raw/sec_companyfacts/CIK0000842023_b1dbc0ebc608c692.json
TECH,Bio-Techne Corporation,Life Sciences Tools,0000842023,2020,65192000.0,65.192,ResearchAndDevelopmentExpenseExcludingAcquiredInProcessCost,10-K,2020-08-26,https://data.sec.gov/api/xbrl/companyfacts/CIK0000842023.json,2026-05-27T18:35:39.477974+00:00,data/raw/sec_companyfacts/CIK0000842023_b1dbc0ebc608c692.json
TECH,Bio-Techne Corporation,Life Sciences Tools,0000842023,2021,70603000.0,70.603,ResearchAndDevelopmentExpenseExcludingAcquiredInProcessCost,10-K,2021-08-25,https://data.sec.gov/api/xbrl/companyfacts/CIK0000842023.json,2026-05-27T18:35:39.477974+00:00,data/raw/sec_companyfacts/CIK0000842023_b1dbc0ebc608c692.json
TECH,Bio-Techne Corporation,Life Sciences Tools,0000842023,2022,87140000.0,87.14,ResearchAndDevelopmentExpenseExcludingAcquiredInProcessCost,10-K,2022-08-24,https://data.sec.gov/api/xbrl/companyfacts/CIK0000842023.json,2026-05-27T18:35:39.477974+00:00,data/raw/sec_companyfacts/CIK0000842023_b1dbc0ebc608c692.json
TECH,Bio-Techne Corporation,Life Sciences Tools,0000842023,2023,92493000.0,92.493,ResearchAndDevelopmentExpenseExcludingAcquiredInProcessCost,10-K,2023-08-23,https://data.sec.gov/api/xbrl/companyfacts/CIK0000842023.json,2026-05-27T18:35:39.477974+00:00,data/raw/sec_companyfacts/CIK0000842023_b1dbc0ebc608c692.json
TECH,Bio-Techne Corporation,Life Sciences Tools,0000842023,2024,96664000.0,96.664,ResearchAndDevelopmentExpenseExcludingAcquiredInProcessCost,10-K,2024-08-22,https://data.sec.gov/api/xbrl/companyfacts/CIK0000842023.json,2026-05-27T18:35:39.477974+00:00,data/raw/sec_companyfacts/CIK0000842023_b1dbc0ebc608c692.json
TECH,Bio-Techne Corporation,Life Sciences Tools,0000842023,2025,99496000.0,99.496,ResearchAndDevelopmentExpenseExcludingAcquiredInProcessCost,10-K,2025-08-22,https://data.sec.gov/api/xbrl/companyfacts/CIK0000842023.json,2026-05-27T18:35:39.477974+00:00,data/raw/sec_companyfacts/CIK0000842023_b1dbc0ebc608c692.json
EXEL,"Exelixis, Inc.",Biotechnology,0000939767,2011,156836000.0,156.836,ResearchAndDevelopmentExpense,10-K,2012-02-22,https://data.sec.gov/api/xbrl/companyfacts/CIK0000939767.json,2026-05-27T18:35:39.477974+00:00,data/raw/sec_companyfacts/CIK0000939767_e2922771a4788626.json
EXEL,"Exelixis, Inc.",Biotechnology,0000939767,2012,128878000.0,128.878,ResearchAndDevelopmentExpense,10-K,2013-02-21,https://data.sec.gov/api/xbrl/companyfacts/CIK0000939767.json,2026-05-27T18:35:39.477974+00:00,data/raw/sec_companyfacts/CIK0000939767_e2922771a4788626.json
EXEL,"Exelixis, Inc.",Biotechnology,0000939767,2013,178763000.0,178.763,ResearchAndDevelopmentExpense,10-K,2014-02-20,https://data.sec.gov/api/xbrl/companyfacts/CIK0000939767.json,2026-05-27T18:35:39.477974+00:00,data/raw/sec_companyfacts/CIK0000939767_e2922771a4788626.json
EXEL,"Exelixis, Inc.",Biotechnology,0000939767,2014,189101000.0,189.101,ResearchAndDevelopmentExpense,10-K,2015-03-02,https://data.sec.gov/api/xbrl/companyfacts/CIK0000939767.json,2026-05-27T18:35:39.477974+00:00,data/raw/sec_companyfacts/CIK0000939767_e2922771a4788626.json
EXEL,"Exelixis, Inc.",Biotechnology,0000939767,2015,96351000.0,96.351,ResearchAndDevelopmentExpense,10-K,2016-02-29,https://data.sec.gov/api/xbrl/companyfacts/CIK0000939767.json,2026-05-27T18:35:39.477974+00:00,data/raw/sec_companyfacts/CIK0000939767_e2922771a4788626.json
EXEL,"Exelixis, Inc.",Biotechnology,0000939767,2016,95967000.0,95.967,ResearchAndDevelopmentExpense,10-K,2017-02-27,https://data.sec.gov/api/xbrl/companyfacts/CIK0000939767.json,2026-05-27T18:35:39.477974+00:00,data/raw/sec_companyfacts/CIK0000939767_e2922771a4788626.json
EXEL,"Exelixis, Inc.",Biotechnology,0000939767,2017,112171000.0,112.171,ResearchAndDevelopmentExpense,10-K,2018-02-26,https://data.sec.gov/api/xbrl/companyfacts/CIK0000939767.json,2026-05-27T18:35:39.477974+00:00,data/raw/sec_companyfacts/CIK0000939767_e2922771a4788626.json
EXEL,"Exelixis, Inc.",Biotechnology,0000939767,2018,182257000.0,182.257,ResearchAndDevelopmentExpense,10-K,2019-02-22,https://data.sec.gov/api/xbrl/companyfacts/CIK0000939767.json,2026-05-27T18:35:39.477974+00:00,data/raw/sec_companyfacts/CIK0000939767_e2922771a4788626.json
EXEL,"Exelixis, Inc.",Biotechnology,0000939767,2019,336964000.0,336.964,ResearchAndDevelopmentExpense,10-K,2020-02-25,https://data.sec.gov/api/xbrl/companyfacts/CIK0000939767.json,2026-05-27T18:35:39.477974+00:00,data/raw/sec_companyfacts/CIK0000939767_e2922771a4788626.json
EXEL,"Exelixis, Inc.",Biotechnology,0000939767,2020,547851000.0,547.851,ResearchAndDevelopmentExpense,10-K,2021-02-11,https://data.sec.gov/api/xbrl/companyfacts/CIK0000939767.json,2026-05-27T18:35:39.477974+00:00,data/raw/sec_companyfacts/CIK0000939767_e2922771a4788626.json
EXEL,"Exelixis, Inc.",Biotechnology,0000939767,2021,693716000.0,693.716,ResearchAndDevelopmentExpense,10-K,2022-02-18,https://data.sec.gov/api/xbrl/companyfacts/CIK0000939767.json,2026-05-27T18:35:39.477974+00:00,data/raw/sec_companyfacts/CIK0000939767_e2922771a4788626.json
EXEL,"Exelixis, Inc.",Biotechnology,0000939767,2022,891813000.0,891.813,ResearchAndDevelopmentExpense,10-K,2023-02-07,https://data.sec.gov/api/xbrl/companyfacts/CIK0000939767.json,2026-05-27T18:35:39.477974+00:00,data/raw/sec_companyfacts/CIK0000939767_e2922771a4788626.json
EXEL,"Exelixis, Inc.",Biotechnology,0000939767,2023,1044071000.0,1044.071,ResearchAndDevelopmentExpense,10-K,2024-02-06,https://data.sec.gov/api/xbrl/companyfacts/CIK0000939767.json,2026-05-27T18:35:39.477974+00:00,data/raw/sec_companyfacts/CIK0000939767_e2922771a4788626.json
EXEL,"Exelixis, Inc.",Biotechnology,0000939767,2024,910408000.0,910.408,ResearchAndDevelopmentExpense,10-K,2025-02-11,https://data.sec.gov/api/xbrl/companyfacts/CIK0000939767.json,2026-05-27T18:35:39.477974+00:00,data/raw/sec_companyfacts/CIK0000939767_e2922771a4788626.json
EXEL,"Exelixis, Inc.",Biotechnology,0000939767,2025,825001000.0,825.001,ResearchAndDevelopmentExpense,10-K,2026-02-10,https://data.sec.gov/api/xbrl/companyfacts/CIK0000939767.json,2026-05-27T18:35:39.477974+00:00,data/raw/sec_companyfacts/CIK0000939767_e2922771a4788626.json
HALO,"Halozyme Therapeutics, Inc.",Biotechnology,0001159036,2011,57563470.0,57.56347,ResearchAndDevelopmentExpense,10-K,2012-03-12,https://data.sec.gov/api/xbrl/companyfacts/CIK0001159036.json,2026-05-27T18:35:39.477974+00:00,data/raw/sec_companyfacts/CIK0001159036_159bee7b7e45a0b7.json
HALO,"Halozyme Therapeutics, Inc.",Biotechnology,0001159036,2012,70044073.0,70.044073,ResearchAndDevelopmentExpense,10-K,2013-03-01,https://data.sec.gov/api/xbrl/companyfacts/CIK0001159036.json,2026-05-27T18:35:39.477974+00:00,data/raw/sec_companyfacts/CIK0001159036_159bee7b7e45a0b7.json
HALO,"Halozyme Therapeutics, Inc.",Biotechnology,0001159036,2013,96639575.0,96.639575,ResearchAndDevelopmentExpense,10-K,2014-02-28,https://data.sec.gov/api/xbrl/companyfacts/CIK0001159036.json,2026-05-27T18:35:39.477974+00:00,data/raw/sec_companyfacts/CIK0001159036_159bee7b7e45a0b7.json
HALO,"Halozyme Therapeutics, Inc.",Biotechnology,0001159036,2014,79696000.0,79.696,ResearchAndDevelopmentExpense,10-K,2015-03-02,https://data.sec.gov/api/xbrl/companyfacts/CIK0001159036.json,2026-05-27T18:35:39.477974+00:00,data/raw/sec_companyfacts/CIK0001159036_159bee7b7e45a0b7.json
HALO,"Halozyme Therapeutics, Inc.",Biotechnology,0001159036,2015,93236000.0,93.236,ResearchAndDevelopmentExpense,10-K,2016-02-29,https://data.sec.gov/api/xbrl/companyfacts/CIK0001159036.json,2026-05-27T18:35:39.477974+00:00,data/raw/sec_companyfacts/CIK0001159036_159bee7b7e45a0b7.json
HALO,"Halozyme Therapeutics, Inc.",Biotechnology,0001159036,2016,150842000.0,150.842,ResearchAndDevelopmentExpense,10-K,2017-02-28,https://data.sec.gov/api/xbrl/companyfacts/CIK0001159036.json,2026-05-27T18:35:39.477974+00:00,data/raw/sec_companyfacts/CIK0001159036_159bee7b7e45a0b7.json
HALO,"Halozyme Therapeutics, Inc.",Biotechnology,0001159036,2017,150643000.0,150.643,ResearchAndDevelopmentExpense,10-K,2018-02-20,https://data.sec.gov/api/xbrl/companyfacts/CIK0001159036.json,2026-05-27T18:35:39.477974+00:00,data/raw/sec_companyfacts/CIK0001159036_159bee7b7e45a0b7.json
HALO,"Halozyme Therapeutics, Inc.",Biotechnology,0001159036,2018,150252000.0,150.252,ResearchAndDevelopmentExpense,10-K,2019-02-21,https://data.sec.gov/api/xbrl/companyfacts/CIK0001159036.json,2026-05-27T18:35:39.477974+00:00,data/raw/sec_companyfacts/CIK0001159036_159bee7b7e45a0b7.json
HALO,"Halozyme Therapeutics, Inc.",Biotechnology,0001159036,2019,140804000.0,140.804,ResearchAndDevelopmentExpense,10-K,2020-02-24,https://data.sec.gov/api/xbrl/companyfacts/CIK0001159036.json,2026-05-27T18:35:39.477974+00:00,data/raw/sec_companyfacts/CIK0001159036_159bee7b7e45a0b7.json
HALO,"Halozyme Therapeutics, Inc.",Biotechnology,0001159036,2020,34236000.0,34.236,ResearchAndDevelopmentExpense,10-K,2021-02-23,https://data.sec.gov/api/xbrl/companyfacts/CIK0001159036.json,2026-05-27T18:35:39.477974+00:00,data/raw/sec_companyfacts/CIK0001159036_159bee7b7e45a0b7.json
HALO,"Halozyme Therapeutics, Inc.",Biotechnology,0001159036,2021,35672000.0,35.672,ResearchAndDevelopmentExpense,10-K,2022-02-22,https://data.sec.gov/api/xbrl/companyfacts/CIK0001159036.json,2026-05-27T18:35:39.477974+00:00,data/raw/sec_companyfacts/CIK0001159036_159bee7b7e45a0b7.json
HALO,"Halozyme Therapeutics, Inc.",Biotechnology,0001159036,2022,66607000.0,66.607,ResearchAndDevelopmentExpense,10-K,2023-02-21,https://data.sec.gov/api/xbrl/companyfacts/CIK0001159036.json,2026-05-27T18:35:39.477974+00:00,data/raw/sec_companyfacts/CIK0001159036_159bee7b7e45a0b7.json
HALO,"Halozyme Therapeutics, Inc.",Biotechnology,0001159036,2023,76363000.0,76.363,ResearchAndDevelopmentExpense,10-K,2024-02-20,https://data.sec.gov/api/xbrl/companyfacts/CIK0001159036.json,2026-05-27T18:35:39.477974+00:00,data/raw/sec_companyfacts/CIK0001159036_159bee7b7e45a0b7.json
HALO,"Halozyme Therapeutics, Inc.",Biotechnology,0001159036,2024,79048000.0,79.048,ResearchAndDevelopmentExpense,10-K,2025-02-18,https://data.sec.gov/api/xbrl/companyfacts/CIK0001159036.json,2026-05-27T18:35:39.477974+00:00,data/raw/sec_companyfacts/CIK0001159036_159bee7b7e45a0b7.json
UTHR,United Therapeutics Corporation,Biotechnology,0001082554,2010,166761000.0,166.761,ResearchAndDevelopmentExpense,10-K,2011-02-24,https://data.sec.gov/api/xbrl/companyfacts/CIK0001082554.json,2026-05-27T18:35:39.477974+00:00,data/raw/sec_companyfacts/CIK0001082554_4bae29245dd15329.json
UTHR,United Therapeutics Corporation,Biotechnology,0001082554,2011,180015000.0,180.015,ResearchAndDevelopmentExpense,10-K,2012-02-28,https://data.sec.gov/api/xbrl/companyfacts/CIK0001082554.json,2026-05-27T18:35:39.477974+00:00,data/raw/sec_companyfacts/CIK0001082554_4bae29245dd15329.json
UTHR,United Therapeutics Corporation,Biotechnology,0001082554,2012,173387000.0,173.387,ResearchAndDevelopmentExpense,10-K,2013-02-26,https://data.sec.gov/api/xbrl/companyfacts/CIK0001082554.json,2026-05-27T18:35:39.477974+00:00,data/raw/sec_companyfacts/CIK0001082554_4bae29245dd15329.json
UTHR,United Therapeutics Corporation,Biotechnology,0001082554,2013,299348000.0,299.348,ResearchAndDevelopmentExpense,10-K,2014-02-25,https://data.sec.gov/api/xbrl/companyfacts/CIK0001082554.json,2026-05-27T18:35:39.477974+00:00,data/raw/sec_companyfacts/CIK0001082554_4bae29245dd15329.json
UTHR,United Therapeutics Corporation,Biotechnology,0001082554,2014,242549000.0,242.549,ResearchAndDevelopmentExpense,10-K,2015-02-24,https://data.sec.gov/api/xbrl/companyfacts/CIK0001082554.json,2026-05-27T18:35:39.477974+00:00,data/raw/sec_companyfacts/CIK0001082554_4bae29245dd15329.json
UTHR,United Therapeutics Corporation,Biotechnology,0001082554,2015,245098000.0,245.098,ResearchAndDevelopmentExpense,10-K,2016-02-25,https://data.sec.gov/api/xbrl/companyfacts/CIK0001082554.json,2026-05-27T18:35:39.477974+00:00,data/raw/sec_companyfacts/CIK0001082554_4bae29245dd15329.json
UTHR,United Therapeutics Corporation,Biotechnology,0001082554,2016,147600000.0,147.6,ResearchAndDevelopmentExpense,10-K,2017-02-22,https://data.sec.gov/api/xbrl/companyfacts/CIK0001082554.json,2026-05-27T18:35:39.477974+00:00,data/raw/sec_companyfacts/CIK0001082554_4bae29245dd15329.json
UTHR,United Therapeutics Corporation,Biotechnology,0001082554,2017,264600000.0,264.6,ResearchAndDevelopmentExpense,10-K,2018-02-21,https://data.sec.gov/api/xbrl/companyfacts/CIK0001082554.json,2026-05-27T18:35:39.477974+00:00,data/raw/sec_companyfacts/CIK0001082554_4bae29245dd15329.json
UTHR,United Therapeutics Corporation,Biotechnology,0001082554,2018,357900000.0,357.9,ResearchAndDevelopmentExpense,10-K,2019-02-27,https://data.sec.gov/api/xbrl/companyfacts/CIK0001082554.json,2026-05-27T18:35:39.477974+00:00,data/raw/sec_companyfacts/CIK0001082554_4bae29245dd15329.json
UTHR,United Therapeutics Corporation,Biotechnology,0001082554,2019,1182600000.0,1182.6,ResearchAndDevelopmentExpense,10-K,2020-02-26,https://data.sec.gov/api/xbrl/companyfacts/CIK0001082554.json,2026-05-27T18:35:39.477974+00:00,data/raw/sec_companyfacts/CIK0001082554_4bae29245dd15329.json
UTHR,United Therapeutics Corporation,Biotechnology,0001082554,2020,357700000.0,357.7,ResearchAndDevelopmentExpense,10-K,2021-02-24,https://data.sec.gov/api/xbrl/companyfacts/CIK0001082554.json,2026-05-27T18:35:39.477974+00:00,data/raw/sec_companyfacts/CIK0001082554_4bae29245dd15329.json
UTHR,United Therapeutics Corporation,Biotechnology,0001082554,2021,540100000.0,540.1,ResearchAndDevelopmentExpense,10-K,2022-02-24,https://data.sec.gov/api/xbrl/companyfacts/CIK0001082554.json,2026-05-27T18:35:39.477974+00:00,data/raw/sec_companyfacts/CIK0001082554_4bae29245dd15329.json
UTHR,United Therapeutics Corporation,Biotechnology,0001082554,2022,322900000.0,322.9,ResearchAndDevelopmentExpense,10-K,2023-02-22,https://data.sec.gov/api/xbrl/companyfacts/CIK0001082554.json,2026-05-27T18:35:39.477974+00:00,data/raw/sec_companyfacts/CIK0001082554_4bae29245dd15329.json
UTHR,United Therapeutics Corporation,Biotechnology,0001082554,2023,408000000.0,408.0,ResearchAndDevelopmentExpense,10-K,2024-02-21,https://data.sec.gov/api/xbrl/companyfacts/CIK0001082554.json,2026-05-27T18:35:39.477974+00:00,data/raw/sec_companyfacts/CIK0001082554_4bae29245dd15329.json
UTHR,United Therapeutics Corporation,Biotechnology,0001082554,2024,481000000.0,481.0,ResearchAndDevelopmentExpense,10-K,2025-02-26,https://data.sec.gov/api/xbrl/companyfacts/CIK0001082554.json,2026-05-27T18:35:39.477974+00:00,data/raw/sec_companyfacts/CIK0001082554_4bae29245dd15329.json
UTHR,United Therapeutics Corporation,Biotechnology,0001082554,2025,550000000.0,550.0,ResearchAndDevelopmentExpense,10-K,2026-02-25,https://data.sec.gov/api/xbrl/companyfacts/CIK0001082554.json,2026-05-27T18:35:39.477974+00:00,data/raw/sec_companyfacts/CIK0001082554_4bae29245dd15329.json
SRPT,"Sarepta Therapeutics, Inc.",Biotechnology,0000873303,2011,66862000.0,66.862,ResearchAndDevelopmentExpense,10-K,2012-03-13,https://data.sec.gov/api/xbrl/companyfacts/CIK0000873303.json,2026-05-27T18:35:39.477974+00:00,data/raw/sec_companyfacts/CIK0000873303_92e1117aa072ad7f.json
SRPT,"Sarepta Therapeutics, Inc.",Biotechnology,0000873303,2012,12834000.0,12.834,ResearchAndDevelopmentExpense,10-K,2013-03-15,https://data.sec.gov/api/xbrl/companyfacts/CIK0000873303.json,2026-05-27T18:35:39.477974+00:00,data/raw/sec_companyfacts/CIK0000873303_92e1117aa072ad7f.json
SRPT,"Sarepta Therapeutics, Inc.",Biotechnology,0000873303,2013,25076000.0,25.076,ResearchAndDevelopmentExpense,10-K,2014-03-03,https://data.sec.gov/api/xbrl/companyfacts/CIK0000873303.json,2026-05-27T18:35:39.477974+00:00,data/raw/sec_companyfacts/CIK0000873303_92e1117aa072ad7f.json
SRPT,"Sarepta Therapeutics, Inc.",Biotechnology,0000873303,2014,30832000.0,30.832,ResearchAndDevelopmentExpense,10-K,2015-02-26,https://data.sec.gov/api/xbrl/companyfacts/CIK0000873303.json,2026-05-27T18:35:39.477974+00:00,data/raw/sec_companyfacts/CIK0000873303_92e1117aa072ad7f.json
SRPT,"Sarepta Therapeutics, Inc.",Biotechnology,0000873303,2015,41376000.0,41.376,ResearchAndDevelopmentExpense,10-K,2016-02-25,https://data.sec.gov/api/xbrl/companyfacts/CIK0000873303.json,2026-05-27T18:35:39.477974+00:00,data/raw/sec_companyfacts/CIK0000873303_92e1117aa072ad7f.json
SRPT,"Sarepta Therapeutics, Inc.",Biotechnology,0000873303,2016,70749000.0,70.749,ResearchAndDevelopmentExpense,10-K,2017-02-28,https://data.sec.gov/api/xbrl/companyfacts/CIK0000873303.json,2026-05-27T18:35:39.477974+00:00,data/raw/sec_companyfacts/CIK0000873303_92e1117aa072ad7f.json
SRPT,"Sarepta Therapeutics, Inc.",Biotechnology,0000873303,2017,44441000.0,44.441,ResearchAndDevelopmentExpense,10-K,2018-03-01,https://data.sec.gov/api/xbrl/companyfacts/CIK0000873303.json,2026-05-27T18:35:39.477974+00:00,data/raw/sec_companyfacts/CIK0000873303_92e1117aa072ad7f.json
SRPT,"Sarepta Therapeutics, Inc.",Biotechnology,0000873303,2018,146207000.0,146.207,ResearchAndDevelopmentExpense,10-K,2019-02-28,https://data.sec.gov/api/xbrl/companyfacts/CIK0000873303.json,2026-05-27T18:35:39.477974+00:00,data/raw/sec_companyfacts/CIK0000873303_92e1117aa072ad7f.json
SRPT,"Sarepta Therapeutics, Inc.",Biotechnology,0000873303,2019,223141000.0,223.141,ResearchAndDevelopmentExpense,10-K,2020-02-26,https://data.sec.gov/api/xbrl/companyfacts/CIK0000873303.json,2026-05-27T18:35:39.477974+00:00,data/raw/sec_companyfacts/CIK0000873303_92e1117aa072ad7f.json
SRPT,"Sarepta Therapeutics, Inc.",Biotechnology,0000873303,2020,207239000.0,207.239,ResearchAndDevelopmentExpense,10-K,2021-03-01,https://data.sec.gov/api/xbrl/companyfacts/CIK0000873303.json,2026-05-27T18:35:39.477974+00:00,data/raw/sec_companyfacts/CIK0000873303_92e1117aa072ad7f.json
IONS,"Ionis Pharmaceuticals, Inc.",Biotechnology,0000874015,2010,145160000.0,145.16,ResearchAndDevelopmentExpense,10-K,2011-03-01,https://data.sec.gov/api/xbrl/companyfacts/CIK0000874015.json,2026-05-27T18:35:39.477974+00:00,data/raw/sec_companyfacts/CIK0000874015_688c6231f64f9569.json
IONS,"Ionis Pharmaceuticals, Inc.",Biotechnology,0000874015,2011,157397000.0,157.397,ResearchAndDevelopmentExpense,10-K,2012-02-29,https://data.sec.gov/api/xbrl/companyfacts/CIK0000874015.json,2026-05-27T18:35:39.477974+00:00,data/raw/sec_companyfacts/CIK0000874015_688c6231f64f9569.json
IONS,"Ionis Pharmaceuticals, Inc.",Biotechnology,0000874015,2012,158458000.0,158.458,ResearchAndDevelopmentExpense,10-K,2013-02-28,https://data.sec.gov/api/xbrl/companyfacts/CIK0000874015.json,2026-05-27T18:35:39.477974+00:00,data/raw/sec_companyfacts/CIK0000874015_688c6231f64f9569.json
IONS,"Ionis Pharmaceuticals, Inc.",Biotechnology,0000874015,2013,173700000.0,173.7,ResearchAndDevelopmentExpense,10-K,2014-03-03,https://data.sec.gov/api/xbrl/companyfacts/CIK0000874015.json,2026-05-27T18:35:39.477974+00:00,data/raw/sec_companyfacts/CIK0000874015_688c6231f64f9569.json
IONS,"Ionis Pharmaceuticals, Inc.",Biotechnology,0000874015,2014,238900000.0,238.9,ResearchAndDevelopmentExpense,10-K,2015-03-02,https://data.sec.gov/api/xbrl/companyfacts/CIK0000874015.json,2026-05-27T18:35:39.477974+00:00,data/raw/sec_companyfacts/CIK0000874015_688c6231f64f9569.json
IONS,"Ionis Pharmaceuticals, Inc.",Biotechnology,0000874015,2015,319500000.0,319.5,ResearchAndDevelopmentExpense,10-K,2016-02-26,https://data.sec.gov/api/xbrl/companyfacts/CIK0000874015.json,2026-05-27T18:35:39.477974+00:00,data/raw/sec_companyfacts/CIK0000874015_688c6231f64f9569.json
IONS,"Ionis Pharmaceuticals, Inc.",Biotechnology,0000874015,2016,340400000.0,340.4,ResearchAndDevelopmentExpense,10-K,2017-03-01,https://data.sec.gov/api/xbrl/companyfacts/CIK0000874015.json,2026-05-27T18:35:39.477974+00:00,data/raw/sec_companyfacts/CIK0000874015_688c6231f64f9569.json
IONS,"Ionis Pharmaceuticals, Inc.",Biotechnology,0000874015,2017,372500000.0,372.5,ResearchAndDevelopmentExpense,10-K,2018-02-28,https://data.sec.gov/api/xbrl/companyfacts/CIK0000874015.json,2026-05-27T18:35:39.477974+00:00,data/raw/sec_companyfacts/CIK0000874015_688c6231f64f9569.json
IONS,"Ionis Pharmaceuticals, Inc.",Biotechnology,0000874015,2018,411900000.0,411.9,ResearchAndDevelopmentExpense,10-K,2019-03-01,https://data.sec.gov/api/xbrl/companyfacts/CIK0000874015.json,2026-05-27T18:35:39.477974+00:00,data/raw/sec_companyfacts/CIK0000874015_688c6231f64f9569.json
IONS,"Ionis Pharmaceuticals, Inc.",Biotechnology,0000874015,2019,461500000.0,461.5,ResearchAndDevelopmentExpense,10-K,2020-03-02,https://data.sec.gov/api/xbrl/companyfacts/CIK0000874015.json,2026-05-27T18:35:39.477974+00:00,data/raw/sec_companyfacts/CIK0000874015_688c6231f64f9569.json
IONS,"Ionis Pharmaceuticals, Inc.",Biotechnology,0000874015,2020,531000000.0,531.0,ResearchAndDevelopmentExpense,10-K,2021-02-24,https://data.sec.gov/api/xbrl/companyfacts/CIK0000874015.json,2026-05-27T18:35:39.477974+00:00,data/raw/sec_companyfacts/CIK0000874015_688c6231f64f9569.json
IONS,"Ionis Pharmaceuticals, Inc.",Biotechnology,0000874015,2021,638200000.0,638.2,ResearchAndDevelopmentExpense,10-K,2022-02-25,https://data.sec.gov/api/xbrl/companyfacts/CIK0000874015.json,2026-05-27T18:35:39.477974+00:00,data/raw/sec_companyfacts/CIK0000874015_688c6231f64f9569.json
IONS,"Ionis Pharmaceuticals, Inc.",Biotechnology,0000874015,2025,915619000.0,915.619,ResearchAndDevelopmentExpense,10-K,2026-02-26,https://data.sec.gov/api/xbrl/companyfacts/CIK0000874015.json,2026-05-27T18:35:39.477974+00:00,data/raw/sec_companyfacts/CIK0000874015_688c6231f64f9569.json
RARE,Ultragenyx Pharmaceutical Inc.,Biotechnology,0001515673,2014,45967000.0,45.967,ResearchAndDevelopmentExpense,10-K,2015-03-27,https://data.sec.gov/api/xbrl/companyfacts/CIK0001515673.json,2026-05-27T18:35:39.477974+00:00,data/raw/sec_companyfacts/CIK0001515673_3094a18d6dfb601b.json
RARE,Ultragenyx Pharmaceutical Inc.,Biotechnology,0001515673,2015,114737000.0,114.737,ResearchAndDevelopmentExpense,10-K,2016-02-26,https://data.sec.gov/api/xbrl/companyfacts/CIK0001515673.json,2026-05-27T18:35:39.477974+00:00,data/raw/sec_companyfacts/CIK0001515673_3094a18d6dfb601b.json
RARE,Ultragenyx Pharmaceutical Inc.,Biotechnology,0001515673,2016,183204000.0,183.204,ResearchAndDevelopmentExpense,10-K,2017-02-17,https://data.sec.gov/api/xbrl/companyfacts/CIK0001515673.json,2026-05-27T18:35:39.477974+00:00,data/raw/sec_companyfacts/CIK0001515673_3094a18d6dfb601b.json
RARE,Ultragenyx Pharmaceutical Inc.,Biotechnology,0001515673,2017,231644000.0,231.644,ResearchAndDevelopmentExpense,10-K,2018-02-21,https://data.sec.gov/api/xbrl/companyfacts/CIK0001515673.json,2026-05-27T18:35:39.477974+00:00,data/raw/sec_companyfacts/CIK0001515673_3094a18d6dfb601b.json
RARE,Ultragenyx Pharmaceutical Inc.,Biotechnology,0001515673,2018,293998000.0,293.998,ResearchAndDevelopmentExpense,10-K,2019-02-20,https://data.sec.gov/api/xbrl/companyfacts/CIK0001515673.json,2026-05-27T18:35:39.477974+00:00,data/raw/sec_companyfacts/CIK0001515673_3094a18d6dfb601b.json
RARE,Ultragenyx Pharmaceutical Inc.,Biotechnology,0001515673,2019,357355000.0,357.355,ResearchAndDevelopmentExpense,10-K,2020-02-14,https://data.sec.gov/api/xbrl/companyfacts/CIK0001515673.json,2026-05-27T18:35:39.477974+00:00,data/raw/sec_companyfacts/CIK0001515673_3094a18d6dfb601b.json
RARE,Ultragenyx Pharmaceutical Inc.,Biotechnology,0001515673,2020,412084000.0,412.084,ResearchAndDevelopmentExpense,10-K,2021-02-12,https://data.sec.gov/api/xbrl/companyfacts/CIK0001515673.json,2026-05-27T18:35:39.477974+00:00,data/raw/sec_companyfacts/CIK0001515673_3094a18d6dfb601b.json
RARE,Ultragenyx Pharmaceutical Inc.,Biotechnology,0001515673,2021,497153000.0,497.153,ResearchAndDevelopmentExpense,10-K,2022-02-15,https://data.sec.gov/api/xbrl/companyfacts/CIK0001515673.json,2026-05-27T18:35:39.477974+00:00,data/raw/sec_companyfacts/CIK0001515673_3094a18d6dfb601b.json
RARE,Ultragenyx Pharmaceutical Inc.,Biotechnology,0001515673,2022,705789000.0,705.789,ResearchAndDevelopmentExpense,10-K,2023-02-17,https://data.sec.gov/api/xbrl/companyfacts/CIK0001515673.json,2026-05-27T18:35:39.477974+00:00,data/raw/sec_companyfacts/CIK0001515673_3094a18d6dfb601b.json
RARE,Ultragenyx Pharmaceutical Inc.,Biotechnology,0001515673,2023,648449000.0,648.449,ResearchAndDevelopmentExpense,10-K,2024-02-21,https://data.sec.gov/api/xbrl/companyfacts/CIK0001515673.json,2026-05-27T18:35:39.477974+00:00,data/raw/sec_companyfacts/CIK0001515673_3094a18d6dfb601b.json
RARE,Ultragenyx Pharmaceutical Inc.,Biotechnology,0001515673,2024,697865000.0,697.865,ResearchAndDevelopmentExpense,10-K,2025-02-19,https://data.sec.gov/api/xbrl/companyfacts/CIK0001515673.json,2026-05-27T18:35:39.477974+00:00,data/raw/sec_companyfacts/CIK0001515673_3094a18d6dfb601b.json
RARE,Ultragenyx Pharmaceutical Inc.,Biotechnology,0001515673,2025,750000000.0,750.0,ResearchAndDevelopmentExpense,10-K,2026-02-18,https://data.sec.gov/api/xbrl/companyfacts/CIK0001515673.json,2026-05-27T18:35:39.477974+00:00,data/raw/sec_companyfacts/CIK0001515673_3094a18d6dfb601b.json
ARWR,"Arrowhead Pharmaceuticals, Inc.",Biotechnology,0000879407,2011,3277760.0,3.27776,ResearchAndDevelopmentExpense,10-K,2011-12-20,https://data.sec.gov/api/xbrl/companyfacts/CIK0000879407.json,2026-05-27T18:35:39.477974+00:00,data/raw/sec_companyfacts/CIK0000879407_dfe9965b79f03dab.json
ARWR,"Arrowhead Pharmaceuticals, Inc.",Biotechnology,0000879407,2012,5391463.0,5.391463,ResearchAndDevelopmentExpense,10-K,2012-12-28,https://data.sec.gov/api/xbrl/companyfacts/CIK0000879407.json,2026-05-27T18:35:39.477974+00:00,data/raw/sec_companyfacts/CIK0000879407_dfe9965b79f03dab.json
ARWR,"Arrowhead Pharmaceuticals, Inc.",Biotechnology,0000879407,2013,8705627.0,8.705627,ResearchAndDevelopmentExpense,10-K,2013-12-18,https://data.sec.gov/api/xbrl/companyfacts/CIK0000879407.json,2026-05-27T18:35:39.477974+00:00,data/raw/sec_companyfacts/CIK0000879407_dfe9965b79f03dab.json
ARWR,"Arrowhead Pharmaceuticals, Inc.",Biotechnology,0000879407,2014,23138050.0,23.13805,ResearchAndDevelopmentExpense,10-K,2014-11-25,https://data.sec.gov/api/xbrl/companyfacts/CIK0000879407.json,2026-05-27T18:35:39.477974+00:00,data/raw/sec_companyfacts/CIK0000879407_dfe9965b79f03dab.json
ARWR,"Arrowhead Pharmaceuticals, Inc.",Biotechnology,0000879407,2015,47267361.0,47.267361,ResearchAndDevelopmentExpense,10-K,2015-12-14,https://data.sec.gov/api/xbrl/companyfacts/CIK0000879407.json,2026-05-27T18:35:39.477974+00:00,data/raw/sec_companyfacts/CIK0000879407_dfe9965b79f03dab.json
ARWR,"Arrowhead Pharmaceuticals, Inc.",Biotechnology,0000879407,2025,607159000.0,607.159,ResearchAndDevelopmentExpense,10-K,2025-11-25,https://data.sec.gov/api/xbrl/companyfacts/CIK0000879407.json,2026-05-27T18:35:39.477974+00:00,data/raw/sec_companyfacts/CIK0000879407_dfe9965b79f03dab.json
BEAM,Beam Therapeutics Inc.,Biotechnology,0001745999,2020,103179000.0,103.179,ResearchAndDevelopmentExpense,10-K,2021-03-15,https://data.sec.gov/api/xbrl/companyfacts/CIK0001745999.json,2026-05-27T18:35:39.477974+00:00,data/raw/sec_companyfacts/CIK0001745999_c0cb77e3e5170e03.json
BEAM,Beam Therapeutics Inc.,Biotechnology,0001745999,2021,387087000.0,387.087,ResearchAndDevelopmentExpense,10-K,2022-02-28,https://data.sec.gov/api/xbrl/companyfacts/CIK0001745999.json,2026-05-27T18:35:39.477974+00:00,data/raw/sec_companyfacts/CIK0001745999_c0cb77e3e5170e03.json
BEAM,Beam Therapeutics Inc.,Biotechnology,0001745999,2022,311594000.0,311.594,ResearchAndDevelopmentExpense,10-K,2023-02-28,https://data.sec.gov/api/xbrl/companyfacts/CIK0001745999.json,2026-05-27T18:35:39.477974+00:00,data/raw/sec_companyfacts/CIK0001745999_c0cb77e3e5170e03.json
BEAM,Beam Therapeutics Inc.,Biotechnology,0001745999,2023,437381000.0,437.381,ResearchAndDevelopmentExpense,10-K,2024-02-27,https://data.sec.gov/api/xbrl/companyfacts/CIK0001745999.json,2026-05-27T18:35:39.477974+00:00,data/raw/sec_companyfacts/CIK0001745999_c0cb77e3e5170e03.json
BEAM,Beam Therapeutics Inc.,Biotechnology,0001745999,2024,367561000.0,367.561,ResearchAndDevelopmentExpense,10-K,2025-02-25,https://data.sec.gov/api/xbrl/companyfacts/CIK0001745999.json,2026-05-27T18:35:39.477974+00:00,data/raw/sec_companyfacts/CIK0001745999_c0cb77e3e5170e03.json
BEAM,Beam Therapeutics Inc.,Biotechnology,0001745999,2025,409618000.0,409.618,ResearchAndDevelopmentExpense,10-K,2026-02-24,https://data.sec.gov/api/xbrl/companyfacts/CIK0001745999.json,2026-05-27T18:35:39.477974+00:00,data/raw/sec_companyfacts/CIK0001745999_c0cb77e3e5170e03.json
CRSP,CRISPR Therapeutics AG,Biotechnology,0001674416,2016,42238000.0,42.238,ResearchAndDevelopmentExpense,10-K,2017-03-10,https://data.sec.gov/api/xbrl/companyfacts/CIK0001674416.json,2026-05-27T18:35:39.477974+00:00,data/raw/sec_companyfacts/CIK0001674416_719b2e98d8ea2c25.json
CRSP,CRISPR Therapeutics AG,Biotechnology,0001674416,2017,69800000.0,69.8,ResearchAndDevelopmentExpense,10-K,2018-03-08,https://data.sec.gov/api/xbrl/companyfacts/CIK0001674416.json,2026-05-27T18:35:39.477974+00:00,data/raw/sec_companyfacts/CIK0001674416_719b2e98d8ea2c25.json
CRSP,CRISPR Therapeutics AG,Biotechnology,0001674416,2018,113773000.0,113.773,ResearchAndDevelopmentExpense,10-K,2019-02-25,https://data.sec.gov/api/xbrl/companyfacts/CIK0001674416.json,2026-05-27T18:35:39.477974+00:00,data/raw/sec_companyfacts/CIK0001674416_719b2e98d8ea2c25.json
CRSP,CRISPR Therapeutics AG,Biotechnology,0001674416,2019,179362000.0,179.362,ResearchAndDevelopmentExpense,10-K,2020-02-12,https://data.sec.gov/api/xbrl/companyfacts/CIK0001674416.json,2026-05-27T18:35:39.477974+00:00,data/raw/sec_companyfacts/CIK0001674416_719b2e98d8ea2c25.json
CRSP,CRISPR Therapeutics AG,Biotechnology,0001674416,2020,266946000.0,266.946,ResearchAndDevelopmentExpense,10-K,2021-02-16,https://data.sec.gov/api/xbrl/companyfacts/CIK0001674416.json,2026-05-27T18:35:39.477974+00:00,data/raw/sec_companyfacts/CIK0001674416_719b2e98d8ea2c25.json
CRSP,CRISPR Therapeutics AG,Biotechnology,0001674416,2021,438633000.0,438.633,ResearchAndDevelopmentExpense,10-K,2022-02-15,https://data.sec.gov/api/xbrl/companyfacts/CIK0001674416.json,2026-05-27T18:35:39.477974+00:00,data/raw/sec_companyfacts/CIK0001674416_719b2e98d8ea2c25.json
CRSP,CRISPR Therapeutics AG,Biotechnology,0001674416,2022,461645000.0,461.645,ResearchAndDevelopmentExpense,10-K,2023-02-21,https://data.sec.gov/api/xbrl/companyfacts/CIK0001674416.json,2026-05-27T18:35:39.477974+00:00,data/raw/sec_companyfacts/CIK0001674416_719b2e98d8ea2c25.json
CRSP,CRISPR Therapeutics AG,Biotechnology,0001674416,2023,387332000.0,387.332,ResearchAndDevelopmentExpense,10-K,2024-02-21,https://data.sec.gov/api/xbrl/companyfacts/CIK0001674416.json,2026-05-27T18:35:39.477974+00:00,data/raw/sec_companyfacts/CIK0001674416_719b2e98d8ea2c25.json
CRSP,CRISPR Therapeutics AG,Biotechnology,0001674416,2024,320653000.0,320.653,ResearchAndDevelopmentExpense,10-K,2025-02-11,https://data.sec.gov/api/xbrl/companyfacts/CIK0001674416.json,2026-05-27T18:35:39.477974+00:00,data/raw/sec_companyfacts/CIK0001674416_719b2e98d8ea2c25.json
CRSP,CRISPR Therapeutics AG,Biotechnology,0001674416,2025,284806000.0,284.806,ResearchAndDevelopmentExpense,10-K,2026-02-12,https://data.sec.gov/api/xbrl/companyfacts/CIK0001674416.json,2026-05-27T18:35:39.477974+00:00,data/raw/sec_companyfacts/CIK0001674416_719b2e98d8ea2c25.json
EDIT,"Editas Medicine, Inc.",Biotechnology,0001650664,2016,56979000.0,56.979,ResearchAndDevelopmentExpense,10-K,2017-03-03,https://data.sec.gov/api/xbrl/companyfacts/CIK0001650664.json,2026-05-27T18:35:39.477974+00:00,data/raw/sec_companyfacts/CIK0001650664_a5c8198b29dfa877.json
EDIT,"Editas Medicine, Inc.",Biotechnology,0001650664,2017,83159000.0,83.159,ResearchAndDevelopmentExpense,10-K,2018-03-08,https://data.sec.gov/api/xbrl/companyfacts/CIK0001650664.json,2026-05-27T18:35:39.477974+00:00,data/raw/sec_companyfacts/CIK0001650664_a5c8198b29dfa877.json
EDIT,"Editas Medicine, Inc.",Biotechnology,0001650664,2018,90654000.0,90.654,ResearchAndDevelopmentExpense,10-K,2019-03-01,https://data.sec.gov/api/xbrl/companyfacts/CIK0001650664.json,2026-05-27T18:35:39.477974+00:00,data/raw/sec_companyfacts/CIK0001650664_a5c8198b29dfa877.json
EDIT,"Editas Medicine, Inc.",Biotechnology,0001650664,2019,96898000.0,96.898,ResearchAndDevelopmentExpense,10-K,2020-02-26,https://data.sec.gov/api/xbrl/companyfacts/CIK0001650664.json,2026-05-27T18:35:39.477974+00:00,data/raw/sec_companyfacts/CIK0001650664_a5c8198b29dfa877.json
EDIT,"Editas Medicine, Inc.",Biotechnology,0001650664,2020,157996000.0,157.996,ResearchAndDevelopmentExpense,10-K,2021-02-26,https://data.sec.gov/api/xbrl/companyfacts/CIK0001650664.json,2026-05-27T18:35:39.477974+00:00,data/raw/sec_companyfacts/CIK0001650664_a5c8198b29dfa877.json
EDIT,"Editas Medicine, Inc.",Biotechnology,0001650664,2021,142507000.0,142.507,ResearchAndDevelopmentExpense,10-K,2022-02-24,https://data.sec.gov/api/xbrl/companyfacts/CIK0001650664.json,2026-05-27T18:35:39.477974+00:00,data/raw/sec_companyfacts/CIK0001650664_a5c8198b29dfa877.json
EDIT,"Editas Medicine, Inc.",Biotechnology,0001650664,2022,174958000.0,174.958,ResearchAndDevelopmentExpense,10-K,2023-02-22,https://data.sec.gov/api/xbrl/companyfacts/CIK0001650664.json,2026-05-27T18:35:39.477974+00:00,data/raw/sec_companyfacts/CIK0001650664_a5c8198b29dfa877.json
EDIT,"Editas Medicine, Inc.",Biotechnology,0001650664,2023,177651000.0,177.651,ResearchAndDevelopmentExpense,10-K,2024-02-28,https://data.sec.gov/api/xbrl/companyfacts/CIK0001650664.json,2026-05-27T18:35:39.477974+00:00,data/raw/sec_companyfacts/CIK0001650664_a5c8198b29dfa877.json
EDIT,"Editas Medicine, Inc.",Biotechnology,0001650664,2024,199247000.0,199.247,ResearchAndDevelopmentExpense,10-K,2025-03-05,https://data.sec.gov/api/xbrl/companyfacts/CIK0001650664.json,2026-05-27T18:35:39.477974+00:00,data/raw/sec_companyfacts/CIK0001650664_a5c8198b29dfa877.json
EDIT,"Editas Medicine, Inc.",Biotechnology,0001650664,2025,89953000.0,89.953,ResearchAndDevelopmentExpense,10-K,2026-03-09,https://data.sec.gov/api/xbrl/companyfacts/CIK0001650664.json,2026-05-27T18:35:39.477974+00:00,data/raw/sec_companyfacts/CIK0001650664_a5c8198b29dfa877.json
NTLA,"Intellia Therapeutics, Inc.",Biotechnology,0001652130,2016,11331000.0,11.331,ResearchAndDevelopmentExpense,10-K,2017-03-14,https://data.sec.gov/api/xbrl/companyfacts/CIK0001652130.json,2026-05-27T18:35:39.477974+00:00,data/raw/sec_companyfacts/CIK0001652130_90c72081e21d9f31.json
NTLA,"Intellia Therapeutics, Inc.",Biotechnology,0001652130,2017,21170000.0,21.17,ResearchAndDevelopmentExpense,10-K,2018-03-14,https://data.sec.gov/api/xbrl/companyfacts/CIK0001652130.json,2026-05-27T18:35:39.477974+00:00,data/raw/sec_companyfacts/CIK0001652130_90c72081e21d9f31.json
NTLA,"Intellia Therapeutics, Inc.",Biotechnology,0001652130,2018,19918000.0,19.918,ResearchAndDevelopmentExpense,10-K,2019-02-27,https://data.sec.gov/api/xbrl/companyfacts/CIK0001652130.json,2026-05-27T18:35:39.477974+00:00,data/raw/sec_companyfacts/CIK0001652130_90c72081e21d9f31.json
NTLA,"Intellia Therapeutics, Inc.",Biotechnology,0001652130,2019,31731000.0,31.731,ResearchAndDevelopmentExpense,10-K,2020-02-27,https://data.sec.gov/api/xbrl/companyfacts/CIK0001652130.json,2026-05-27T18:35:39.477974+00:00,data/raw/sec_companyfacts/CIK0001652130_90c72081e21d9f31.json
NTLA,"Intellia Therapeutics, Inc.",Biotechnology,0001652130,2020,38231000.0,38.231,ResearchAndDevelopmentExpense,10-K,2021-02-26,https://data.sec.gov/api/xbrl/companyfacts/CIK0001652130.json,2026-05-27T18:35:39.477974+00:00,data/raw/sec_companyfacts/CIK0001652130_90c72081e21d9f31.json
NTLA,"Intellia Therapeutics, Inc.",Biotechnology,0001652130,2021,229807000.0,229.807,ResearchAndDevelopmentExpense,10-K,2022-02-24,https://data.sec.gov/api/xbrl/companyfacts/CIK0001652130.json,2026-05-27T18:35:39.477974+00:00,data/raw/sec_companyfacts/CIK0001652130_90c72081e21d9f31.json
NTLA,"Intellia Therapeutics, Inc.",Biotechnology,0001652130,2022,419979000.0,419.979,ResearchAndDevelopmentExpense,10-K,2023-02-23,https://data.sec.gov/api/xbrl/companyfacts/CIK0001652130.json,2026-05-27T18:35:39.477974+00:00,data/raw/sec_companyfacts/CIK0001652130_90c72081e21d9f31.json
NTLA,"Intellia Therapeutics, Inc.",Biotechnology,0001652130,2023,435069000.0,435.069,ResearchAndDevelopmentExpense,10-K,2024-02-22,https://data.sec.gov/api/xbrl/companyfacts/CIK0001652130.json,2026-05-27T18:35:39.477974+00:00,data/raw/sec_companyfacts/CIK0001652130_90c72081e21d9f31.json
NTLA,"Intellia Therapeutics, Inc.",Biotechnology,0001652130,2024,466311000.0,466.311,ResearchAndDevelopmentExpense,10-K,2025-02-27,https://data.sec.gov/api/xbrl/companyfacts/CIK0001652130.json,2026-05-27T18:35:39.477974+00:00,data/raw/sec_companyfacts/CIK0001652130_90c72081e21d9f31.json
NTLA,"Intellia Therapeutics, Inc.",Biotechnology,0001652130,2025,388861000.0,388.861,ResearchAndDevelopmentExpense,10-K,2026-02-26,https://data.sec.gov/api/xbrl/companyfacts/CIK0001652130.json,2026-05-27T18:35:39.477974+00:00,data/raw/sec_companyfacts/CIK0001652130_90c72081e21d9f31.json
FATE,"Fate Therapeutics, Inc.",Biotechnology,0001434316,2013,12007000.0,12.007,ResearchAndDevelopmentExpense,10-K,2014-03-17,https://data.sec.gov/api/xbrl/companyfacts/CIK0001434316.json,2026-05-27T18:35:39.477974+00:00,data/raw/sec_companyfacts/CIK0001434316_db2c8993c56c95a9.json
FATE,"Fate Therapeutics, Inc.",Biotechnology,0001434316,2014,16435000.0,16.435,ResearchAndDevelopmentExpense,10-K,2015-03-12,https://data.sec.gov/api/xbrl/companyfacts/CIK0001434316.json,2026-05-27T18:35:39.477974+00:00,data/raw/sec_companyfacts/CIK0001434316_db2c8993c56c95a9.json
FATE,"Fate Therapeutics, Inc.",Biotechnology,0001434316,2015,19861000.0,19.861,ResearchAndDevelopmentExpense,10-K,2016-03-03,https://data.sec.gov/api/xbrl/companyfacts/CIK0001434316.json,2026-05-27T18:35:39.477974+00:00,data/raw/sec_companyfacts/CIK0001434316_db2c8993c56c95a9.json
FATE,"Fate Therapeutics, Inc.",Biotechnology,0001434316,2016,26452000.0,26.452,ResearchAndDevelopmentExpense,10-K,2017-03-16,https://data.sec.gov/api/xbrl/companyfacts/CIK0001434316.json,2026-05-27T18:35:39.477974+00:00,data/raw/sec_companyfacts/CIK0001434316_db2c8993c56c95a9.json
FATE,"Fate Therapeutics, Inc.",Biotechnology,0001434316,2017,34358000.0,34.358,ResearchAndDevelopmentExpense,10-K,2018-03-05,https://data.sec.gov/api/xbrl/companyfacts/CIK0001434316.json,2026-05-27T18:35:39.477974+00:00,data/raw/sec_companyfacts/CIK0001434316_db2c8993c56c95a9.json
FATE,"Fate Therapeutics, Inc.",Biotechnology,0001434316,2018,56024000.0,56.024,ResearchAndDevelopmentExpense,10-K,2019-03-05,https://data.sec.gov/api/xbrl/companyfacts/CIK0001434316.json,2026-05-27T18:35:39.477974+00:00,data/raw/sec_companyfacts/CIK0001434316_db2c8993c56c95a9.json
FATE,"Fate Therapeutics, Inc.",Biotechnology,0001434316,2019,87770000.0,87.77,ResearchAndDevelopmentExpense,10-K,2020-03-02,https://data.sec.gov/api/xbrl/companyfacts/CIK0001434316.json,2026-05-27T18:35:39.477974+00:00,data/raw/sec_companyfacts/CIK0001434316_db2c8993c56c95a9.json
FATE,"Fate Therapeutics, Inc.",Biotechnology,0001434316,2020,125623000.0,125.623,ResearchAndDevelopmentExpense,10-K,2021-02-24,https://data.sec.gov/api/xbrl/companyfacts/CIK0001434316.json,2026-05-27T18:35:39.477974+00:00,data/raw/sec_companyfacts/CIK0001434316_db2c8993c56c95a9.json
FATE,"Fate Therapeutics, Inc.",Biotechnology,0001434316,2021,215519000.0,215.519,ResearchAndDevelopmentExpense,10-K,2022-02-28,https://data.sec.gov/api/xbrl/companyfacts/CIK0001434316.json,2026-05-27T18:35:39.477974+00:00,data/raw/sec_companyfacts/CIK0001434316_db2c8993c56c95a9.json
FATE,"Fate Therapeutics, Inc.",Biotechnology,0001434316,2022,320454000.0,320.454,ResearchAndDevelopmentExpense,10-K,2023-02-28,https://data.sec.gov/api/xbrl/companyfacts/CIK0001434316.json,2026-05-27T18:35:39.477974+00:00,data/raw/sec_companyfacts/CIK0001434316_db2c8993c56c95a9.json
FATE,"Fate Therapeutics, Inc.",Biotechnology,0001434316,2023,172596000.0,172.596,ResearchAndDevelopmentExpense,10-K,2024-02-26,https://data.sec.gov/api/xbrl/companyfacts/CIK0001434316.json,2026-05-27T18:35:39.477974+00:00,data/raw/sec_companyfacts/CIK0001434316_db2c8993c56c95a9.json
FATE,"Fate Therapeutics, Inc.",Biotechnology,0001434316,2024,135001000.0,135.001,ResearchAndDevelopmentExpense,10-K,2025-03-05,https://data.sec.gov/api/xbrl/companyfacts/CIK0001434316.json,2026-05-27T18:35:39.477974+00:00,data/raw/sec_companyfacts/CIK0001434316_db2c8993c56c95a9.json
FATE,"Fate Therapeutics, Inc.",Biotechnology,0001434316,2025,107829000.0,107.829,ResearchAndDevelopmentExpense,10-K,2026-02-26,https://data.sec.gov/api/xbrl/companyfacts/CIK0001434316.json,2026-05-27T18:35:39.477974+00:00,data/raw/sec_companyfacts/CIK0001434316_db2c8993c56c95a9.json
ABT,Abbott Laboratories,Medical Devices,0000001800,2019,2440000000.0,2440.0,ResearchAndDevelopmentExpense,10-K,2020-02-21,https://data.sec.gov/api/xbrl/companyfacts/CIK0000001800.json,2026-05-27T18:35:39.477974+00:00,data/raw/sec_companyfacts/CIK0000001800_6bdabd060537624b.json
ABT,Abbott Laboratories,Medical Devices,0000001800,2020,2420000000.0,2420.0,ResearchAndDevelopmentExpense,10-K,2021-02-19,https://data.sec.gov/api/xbrl/companyfacts/CIK0000001800.json,2026-05-27T18:35:39.477974+00:00,data/raw/sec_companyfacts/CIK0000001800_6bdabd060537624b.json
ABT,Abbott Laboratories,Medical Devices,0000001800,2021,2742000000.0,2742.0,ResearchAndDevelopmentExpense,10-K,2022-02-18,https://data.sec.gov/api/xbrl/companyfacts/CIK0000001800.json,2026-05-27T18:35:39.477974+00:00,data/raw/sec_companyfacts/CIK0000001800_6bdabd060537624b.json
ABT,Abbott Laboratories,Medical Devices,0000001800,2022,2888000000.0,2888.0,ResearchAndDevelopmentExpense,10-K,2023-02-17,https://data.sec.gov/api/xbrl/companyfacts/CIK0000001800.json,2026-05-27T18:35:39.477974+00:00,data/raw/sec_companyfacts/CIK0000001800_6bdabd060537624b.json
ABT,Abbott Laboratories,Medical Devices,0000001800,2023,2741000000.0,2741.0,ResearchAndDevelopmentExpense,10-K,2024-02-16,https://data.sec.gov/api/xbrl/companyfacts/CIK0000001800.json,2026-05-27T18:35:39.477974+00:00,data/raw/sec_companyfacts/CIK0000001800_6bdabd060537624b.json
ABT,Abbott Laboratories,Medical Devices,0000001800,2024,2844000000.0,2844.0,ResearchAndDevelopmentExpense,10-K,2025-02-21,https://data.sec.gov/api/xbrl/companyfacts/CIK0000001800.json,2026-05-27T18:35:39.477974+00:00,data/raw/sec_companyfacts/CIK0000001800_6bdabd060537624b.json
ABT,Abbott Laboratories,Medical Devices,0000001800,2025,2942000000.0,2942.0,ResearchAndDevelopmentExpense,10-K,2026-02-20,https://data.sec.gov/api/xbrl/companyfacts/CIK0000001800.json,2026-05-27T18:35:39.477974+00:00,data/raw/sec_companyfacts/CIK0000001800_6bdabd060537624b.json
TMO,Thermo Fisher Scientific Inc.,Life Sciences Tools,0000097745,2012,376400000.0,376.4,ResearchAndDevelopmentExpense,10-K,2013-02-27,https://data.sec.gov/api/xbrl/companyfacts/CIK0000097745.json,2026-05-27T18:35:39.477974+00:00,data/raw/sec_companyfacts/CIK0000097745_7e89d0846b25abca.json
TMO,Thermo Fisher Scientific Inc.,Life Sciences Tools,0000097745,2013,395500000.0,395.5,ResearchAndDevelopmentExpense,10-K,2014-02-27,https://data.sec.gov/api/xbrl/companyfacts/CIK0000097745.json,2026-05-27T18:35:39.477974+00:00,data/raw/sec_companyfacts/CIK0000097745_7e89d0846b25abca.json
TMO,Thermo Fisher Scientific Inc.,Life Sciences Tools,0000097745,2014,691100000.0,691.1,ResearchAndDevelopmentExpense,10-K,2015-02-26,https://data.sec.gov/api/xbrl/companyfacts/CIK0000097745.json,2026-05-27T18:35:39.477974+00:00,data/raw/sec_companyfacts/CIK0000097745_7e89d0846b25abca.json
TMO,Thermo Fisher Scientific Inc.,Life Sciences Tools,0000097745,2015,692300000.0,692.3,ResearchAndDevelopmentExpense,10-K,2016-02-25,https://data.sec.gov/api/xbrl/companyfacts/CIK0000097745.json,2026-05-27T18:35:39.477974+00:00,data/raw/sec_companyfacts/CIK0000097745_7e89d0846b25abca.json
TMO,Thermo Fisher Scientific Inc.,Life Sciences Tools,0000097745,2016,754800000.0,754.8,ResearchAndDevelopmentExpense,10-K,2017-02-28,https://data.sec.gov/api/xbrl/companyfacts/CIK0000097745.json,2026-05-27T18:35:39.477974+00:00,data/raw/sec_companyfacts/CIK0000097745_7e89d0846b25abca.json
TMO,Thermo Fisher Scientific Inc.,Life Sciences Tools,0000097745,2017,888000000.0,888.0,ResearchAndDevelopmentExpense,10-K,2018-02-28,https://data.sec.gov/api/xbrl/companyfacts/CIK0000097745.json,2026-05-27T18:35:39.477974+00:00,data/raw/sec_companyfacts/CIK0000097745_7e89d0846b25abca.json
TMO,Thermo Fisher Scientific Inc.,Life Sciences Tools,0000097745,2018,967000000.0,967.0,ResearchAndDevelopmentExpense,10-K,2019-02-27,https://data.sec.gov/api/xbrl/companyfacts/CIK0000097745.json,2026-05-27T18:35:39.477974+00:00,data/raw/sec_companyfacts/CIK0000097745_7e89d0846b25abca.json
TMO,Thermo Fisher Scientific Inc.,Life Sciences Tools,0000097745,2019,1003000000.0,1003.0,ResearchAndDevelopmentExpense,10-K,2020-02-26,https://data.sec.gov/api/xbrl/companyfacts/CIK0000097745.json,2026-05-27T18:35:39.477974+00:00,data/raw/sec_companyfacts/CIK0000097745_7e89d0846b25abca.json
TMO,Thermo Fisher Scientific Inc.,Life Sciences Tools,0000097745,2020,1181000000.0,1181.0,ResearchAndDevelopmentExpense,10-K,2021-02-25,https://data.sec.gov/api/xbrl/companyfacts/CIK0000097745.json,2026-05-27T18:35:39.477974+00:00,data/raw/sec_companyfacts/CIK0000097745_7e89d0846b25abca.json
TMO,Thermo Fisher Scientific Inc.,Life Sciences Tools,0000097745,2021,1406000000.0,1406.0,ResearchAndDevelopmentExpense,10-K,2022-02-24,https://data.sec.gov/api/xbrl/companyfacts/CIK0000097745.json,2026-05-27T18:35:39.477974+00:00,data/raw/sec_companyfacts/CIK0000097745_7e89d0846b25abca.json
TMO,Thermo Fisher Scientific Inc.,Life Sciences Tools,0000097745,2022,1471000000.0,1471.0,ResearchAndDevelopmentExpense,10-K,2023-02-23,https://data.sec.gov/api/xbrl/companyfacts/CIK0000097745.json,2026-05-27T18:35:39.477974+00:00,data/raw/sec_companyfacts/CIK0000097745_7e89d0846b25abca.json
TMO,Thermo Fisher Scientific Inc.,Life Sciences Tools,0000097745,2023,1337000000.0,1337.0,ResearchAndDevelopmentExpense,10-K,2024-02-22,https://data.sec.gov/api/xbrl/companyfacts/CIK0000097745.json,2026-05-27T18:35:39.477974+00:00,data/raw/sec_companyfacts/CIK0000097745_7e89d0846b25abca.json
TMO,Thermo Fisher Scientific Inc.,Life Sciences Tools,0000097745,2024,1390000000.0,1390.0,ResearchAndDevelopmentExpense,10-K,2025-02-20,https://data.sec.gov/api/xbrl/companyfacts/CIK0000097745.json,2026-05-27T18:35:39.477974+00:00,data/raw/sec_companyfacts/CIK0000097745_7e89d0846b25abca.json
TMO,Thermo Fisher Scientific Inc.,Life Sciences Tools,0000097745,2025,1397000000.0,1397.0,ResearchAndDevelopmentExpense,10-K,2026-02-26,https://data.sec.gov/api/xbrl/companyfacts/CIK0000097745.json,2026-05-27T18:35:39.477974+00:00,data/raw/sec_companyfacts/CIK0000097745_7e89d0846b25abca.json
DHR,Danaher Corporation,Life Sciences Tools,0000313616,2009,632651000.0,632.651,ResearchAndDevelopmentExpense,10-K,2010-02-24,https://data.sec.gov/api/xbrl/companyfacts/CIK0000313616.json,2026-05-27T18:35:39.477974+00:00,data/raw/sec_companyfacts/CIK0000313616_5099f4484057e9a6.json
DHR,Danaher Corporation,Life Sciences Tools,0000313616,2010,809481000.0,809.481,ResearchAndDevelopmentExpense,10-K,2011-02-24,https://data.sec.gov/api/xbrl/companyfacts/CIK0000313616.json,2026-05-27T18:35:39.477974+00:00,data/raw/sec_companyfacts/CIK0000313616_5099f4484057e9a6.json
DHR,Danaher Corporation,Life Sciences Tools,0000313616,2011,1018526000.0,1018.526,ResearchAndDevelopmentExpense,10-K,2012-02-24,https://data.sec.gov/api/xbrl/companyfacts/CIK0000313616.json,2026-05-27T18:35:39.477974+00:00,data/raw/sec_companyfacts/CIK0000313616_5099f4484057e9a6.json
DHR,Danaher Corporation,Life Sciences Tools,0000313616,2012,1137900000.0,1137.9,ResearchAndDevelopmentExpense,10-K,2013-02-22,https://data.sec.gov/api/xbrl/companyfacts/CIK0000313616.json,2026-05-27T18:35:39.477974+00:00,data/raw/sec_companyfacts/CIK0000313616_5099f4484057e9a6.json
DHR,Danaher Corporation,Life Sciences Tools,0000313616,2013,1249900000.0,1249.9,ResearchAndDevelopmentExpense,10-K,2014-02-21,https://data.sec.gov/api/xbrl/companyfacts/CIK0000313616.json,2026-05-27T18:35:39.477974+00:00,data/raw/sec_companyfacts/CIK0000313616_5099f4484057e9a6.json
DHR,Danaher Corporation,Life Sciences Tools,0000313616,2014,1314200000.0,1314.2,ResearchAndDevelopmentExpense,10-K,2015-02-25,https://data.sec.gov/api/xbrl/companyfacts/CIK0000313616.json,2026-05-27T18:35:39.477974+00:00,data/raw/sec_companyfacts/CIK0000313616_5099f4484057e9a6.json
DHR,Danaher Corporation,Life Sciences Tools,0000313616,2015,1239100000.0,1239.1,ResearchAndDevelopmentExpense,10-K,2016-02-24,https://data.sec.gov/api/xbrl/companyfacts/CIK0000313616.json,2026-05-27T18:35:39.477974+00:00,data/raw/sec_companyfacts/CIK0000313616_5099f4484057e9a6.json
DHR,Danaher Corporation,Life Sciences Tools,0000313616,2016,975100000.0,975.1,ResearchAndDevelopmentExpense,10-K,2017-02-22,https://data.sec.gov/api/xbrl/companyfacts/CIK0000313616.json,2026-05-27T18:35:39.477974+00:00,data/raw/sec_companyfacts/CIK0000313616_5099f4484057e9a6.json
DHR,Danaher Corporation,Life Sciences Tools,0000313616,2017,1128800000.0,1128.8,ResearchAndDevelopmentExpense,10-K,2018-02-21,https://data.sec.gov/api/xbrl/companyfacts/CIK0000313616.json,2026-05-27T18:35:39.477974+00:00,data/raw/sec_companyfacts/CIK0000313616_5099f4484057e9a6.json
DHR,Danaher Corporation,Life Sciences Tools,0000313616,2018,1231200000.0,1231.2,ResearchAndDevelopmentExpense,10-K,2019-02-21,https://data.sec.gov/api/xbrl/companyfacts/CIK0000313616.json,2026-05-27T18:35:39.477974+00:00,data/raw/sec_companyfacts/CIK0000313616_5099f4484057e9a6.json
DHR,Danaher Corporation,Life Sciences Tools,0000313616,2019,1126000000.0,1126.0,ResearchAndDevelopmentExpense,10-K,2020-02-21,https://data.sec.gov/api/xbrl/companyfacts/CIK0000313616.json,2026-05-27T18:35:39.477974+00:00,data/raw/sec_companyfacts/CIK0000313616_5099f4484057e9a6.json
DHR,Danaher Corporation,Life Sciences Tools,0000313616,2020,1348000000.0,1348.0,ResearchAndDevelopmentExpense,10-K,2021-02-25,https://data.sec.gov/api/xbrl/companyfacts/CIK0000313616.json,2026-05-27T18:35:39.477974+00:00,data/raw/sec_companyfacts/CIK0000313616_5099f4484057e9a6.json
DHR,Danaher Corporation,Life Sciences Tools,0000313616,2021,1742000000.0,1742.0,ResearchAndDevelopmentExpense,10-K,2022-02-23,https://data.sec.gov/api/xbrl/companyfacts/CIK0000313616.json,2026-05-27T18:35:39.477974+00:00,data/raw/sec_companyfacts/CIK0000313616_5099f4484057e9a6.json
DHR,Danaher Corporation,Life Sciences Tools,0000313616,2022,1745000000.0,1745.0,ResearchAndDevelopmentExpense,10-K,2023-02-22,https://data.sec.gov/api/xbrl/companyfacts/CIK0000313616.json,2026-05-27T18:35:39.477974+00:00,data/raw/sec_companyfacts/CIK0000313616_5099f4484057e9a6.json
DHR,Danaher Corporation,Life Sciences Tools,0000313616,2023,1503000000.0,1503.0,ResearchAndDevelopmentExpense,10-K,2024-02-21,https://data.sec.gov/api/xbrl/companyfacts/CIK0000313616.json,2026-05-27T18:35:39.477974+00:00,data/raw/sec_companyfacts/CIK0000313616_5099f4484057e9a6.json
DHR,Danaher Corporation,Life Sciences Tools,0000313616,2024,1584000000.0,1584.0,ResearchAndDevelopmentExpense,10-K,2025-02-20,https://data.sec.gov/api/xbrl/companyfacts/CIK0000313616.json,2026-05-27T18:35:39.477974+00:00,data/raw/sec_companyfacts/CIK0000313616_5099f4484057e9a6.json
DHR,Danaher Corporation,Life Sciences Tools,0000313616,2025,1598000000.0,1598.0,ResearchAndDevelopmentExpense,10-K,2026-02-24,https://data.sec.gov/api/xbrl/companyfacts/CIK0000313616.json,2026-05-27T18:35:39.477974+00:00,data/raw/sec_companyfacts/CIK0000313616_5099f4484057e9a6.json
ISRG,"Intuitive Surgical, Inc.",Medical Devices,0001035267,2009,95102000.0,95.102,ResearchAndDevelopmentExpense,10-K,2010-01-29,https://data.sec.gov/api/xbrl/companyfacts/CIK0001035267.json,2026-05-27T18:35:39.477974+00:00,data/raw/sec_companyfacts/CIK0001035267_b4c50685c253b116.json
ISRG,"Intuitive Surgical, Inc.",Medical Devices,0001035267,2010,116000000.0,116.0,ResearchAndDevelopmentExpense,10-K,2011-02-01,https://data.sec.gov/api/xbrl/companyfacts/CIK0001035267.json,2026-05-27T18:35:39.477974+00:00,data/raw/sec_companyfacts/CIK0001035267_b4c50685c253b116.json
ISRG,"Intuitive Surgical, Inc.",Medical Devices,0001035267,2011,140200000.0,140.2,ResearchAndDevelopmentExpense,10-K,2012-02-06,https://data.sec.gov/api/xbrl/companyfacts/CIK0001035267.json,2026-05-27T18:35:39.477974+00:00,data/raw/sec_companyfacts/CIK0001035267_b4c50685c253b116.json
ISRG,"Intuitive Surgical, Inc.",Medical Devices,0001035267,2012,170000000.0,170.0,ResearchAndDevelopmentExpense,10-K,2013-02-04,https://data.sec.gov/api/xbrl/companyfacts/CIK0001035267.json,2026-05-27T18:35:39.477974+00:00,data/raw/sec_companyfacts/CIK0001035267_b4c50685c253b116.json
ISRG,"Intuitive Surgical, Inc.",Medical Devices,0001035267,2013,167700000.0,167.7,ResearchAndDevelopmentExpense,10-K,2014-02-03,https://data.sec.gov/api/xbrl/companyfacts/CIK0001035267.json,2026-05-27T18:35:39.477974+00:00,data/raw/sec_companyfacts/CIK0001035267_b4c50685c253b116.json
ISRG,"Intuitive Surgical, Inc.",Medical Devices,0001035267,2014,178000000.0,178.0,ResearchAndDevelopmentExpense,10-K,2015-02-06,https://data.sec.gov/api/xbrl/companyfacts/CIK0001035267.json,2026-05-27T18:35:39.477974+00:00,data/raw/sec_companyfacts/CIK0001035267_b4c50685c253b116.json
ISRG,"Intuitive Surgical, Inc.",Medical Devices,0001035267,2015,197400000.0,197.4,ResearchAndDevelopmentExpense,10-K,2016-02-02,https://data.sec.gov/api/xbrl/companyfacts/CIK0001035267.json,2026-05-27T18:35:39.477974+00:00,data/raw/sec_companyfacts/CIK0001035267_b4c50685c253b116.json
ISRG,"Intuitive Surgical, Inc.",Medical Devices,0001035267,2016,239600000.0,239.6,ResearchAndDevelopmentExpense,10-K,2017-02-06,https://data.sec.gov/api/xbrl/companyfacts/CIK0001035267.json,2026-05-27T18:35:39.477974+00:00,data/raw/sec_companyfacts/CIK0001035267_b4c50685c253b116.json
ISRG,"Intuitive Surgical, Inc.",Medical Devices,0001035267,2017,328600000.0,328.6,ResearchAndDevelopmentExpense,10-K,2018-02-02,https://data.sec.gov/api/xbrl/companyfacts/CIK0001035267.json,2026-05-27T18:35:39.477974+00:00,data/raw/sec_companyfacts/CIK0001035267_b4c50685c253b116.json
ISRG,"Intuitive Surgical, Inc.",Medical Devices,0001035267,2018,418100000.0,418.1,ResearchAndDevelopmentExpense,10-K,2019-02-04,https://data.sec.gov/api/xbrl/companyfacts/CIK0001035267.json,2026-05-27T18:35:39.477974+00:00,data/raw/sec_companyfacts/CIK0001035267_b4c50685c253b116.json
ISRG,"Intuitive Surgical, Inc.",Medical Devices,0001035267,2019,557300000.0,557.3,ResearchAndDevelopmentExpense,10-K,2020-02-07,https://data.sec.gov/api/xbrl/companyfacts/CIK0001035267.json,2026-05-27T18:35:39.477974+00:00,data/raw/sec_companyfacts/CIK0001035267_b4c50685c253b116.json
ISRG,"Intuitive Surgical, Inc.",Medical Devices,0001035267,2020,595100000.0,595.1,ResearchAndDevelopmentExpense,10-K,2021-02-10,https://data.sec.gov/api/xbrl/companyfacts/CIK0001035267.json,2026-05-27T18:35:39.477974+00:00,data/raw/sec_companyfacts/CIK0001035267_b4c50685c253b116.json
ISRG,"Intuitive Surgical, Inc.",Medical Devices,0001035267,2021,671000000.0,671.0,ResearchAndDevelopmentExpense,10-K,2022-02-03,https://data.sec.gov/api/xbrl/companyfacts/CIK0001035267.json,2026-05-27T18:35:39.477974+00:00,data/raw/sec_companyfacts/CIK0001035267_b4c50685c253b116.json
ISRG,"Intuitive Surgical, Inc.",Medical Devices,0001035267,2022,879000000.0,879.0,ResearchAndDevelopmentExpense,10-K,2023-02-10,https://data.sec.gov/api/xbrl/companyfacts/CIK0001035267.json,2026-05-27T18:35:39.477974+00:00,data/raw/sec_companyfacts/CIK0001035267_b4c50685c253b116.json
ISRG,"Intuitive Surgical, Inc.",Medical Devices,0001035267,2023,998800000.0,998.8,ResearchAndDevelopmentExpense,10-K,2024-01-31,https://data.sec.gov/api/xbrl/companyfacts/CIK0001035267.json,2026-05-27T18:35:39.477974+00:00,data/raw/sec_companyfacts/CIK0001035267_b4c50685c253b116.json
ISRG,"Intuitive Surgical, Inc.",Medical Devices,0001035267,2024,1145300000.0,1145.3,ResearchAndDevelopmentExpense,10-K,2025-01-31,https://data.sec.gov/api/xbrl/companyfacts/CIK0001035267.json,2026-05-27T18:35:39.477974+00:00,data/raw/sec_companyfacts/CIK0001035267_b4c50685c253b116.json
ISRG,"Intuitive Surgical, Inc.",Medical Devices,0001035267,2025,1311800000.0,1311.8,ResearchAndDevelopmentExpense,10-K,2026-02-03,https://data.sec.gov/api/xbrl/companyfacts/CIK0001035267.json,2026-05-27T18:35:39.477974+00:00,data/raw/sec_companyfacts/CIK0001035267_b4c50685c253b116.json
SYK,Stryker Corporation,Medical Devices,0000310764,2009,336200000.0,336.2,ResearchAndDevelopmentExpense,10-K,2010-02-26,https://data.sec.gov/api/xbrl/companyfacts/CIK0000310764.json,2026-05-27T18:35:39.477974+00:00,data/raw/sec_companyfacts/CIK0000310764_fa8868e00bebb8af.json
SYK,Stryker Corporation,Medical Devices,0000310764,2010,393900000.0,393.9,ResearchAndDevelopmentExpense,10-K,2011-02-18,https://data.sec.gov/api/xbrl/companyfacts/CIK0000310764.json,2026-05-27T18:35:39.477974+00:00,data/raw/sec_companyfacts/CIK0000310764_fa8868e00bebb8af.json
SYK,Stryker Corporation,Medical Devices,0000310764,2011,462000000.0,462.0,ResearchAndDevelopmentExpense,10-K,2012-02-13,https://data.sec.gov/api/xbrl/companyfacts/CIK0000310764.json,2026-05-27T18:35:39.477974+00:00,data/raw/sec_companyfacts/CIK0000310764_fa8868e00bebb8af.json
SYK,Stryker Corporation,Medical Devices,0000310764,2012,471000000.0,471.0,ResearchAndDevelopmentExpense,10-K,2013-02-27,https://data.sec.gov/api/xbrl/companyfacts/CIK0000310764.json,2026-05-27T18:35:39.477974+00:00,data/raw/sec_companyfacts/CIK0000310764_fa8868e00bebb8af.json
SYK,Stryker Corporation,Medical Devices,0000310764,2013,536000000.0,536.0,ResearchAndDevelopmentExpense,10-K,2014-02-13,https://data.sec.gov/api/xbrl/companyfacts/CIK0000310764.json,2026-05-27T18:35:39.477974+00:00,data/raw/sec_companyfacts/CIK0000310764_fa8868e00bebb8af.json
SYK,Stryker Corporation,Medical Devices,0000310764,2014,614000000.0,614.0,ResearchAndDevelopmentExpense,10-K,2015-02-12,https://data.sec.gov/api/xbrl/companyfacts/CIK0000310764.json,2026-05-27T18:35:39.477974+00:00,data/raw/sec_companyfacts/CIK0000310764_fa8868e00bebb8af.json
SYK,Stryker Corporation,Medical Devices,0000310764,2015,625000000.0,625.0,ResearchAndDevelopmentExpense,10-K,2016-02-11,https://data.sec.gov/api/xbrl/companyfacts/CIK0000310764.json,2026-05-27T18:35:39.477974+00:00,data/raw/sec_companyfacts/CIK0000310764_fa8868e00bebb8af.json
SYK,Stryker Corporation,Medical Devices,0000310764,2016,715000000.0,715.0,ResearchAndDevelopmentExpense,10-K,2017-02-09,https://data.sec.gov/api/xbrl/companyfacts/CIK0000310764.json,2026-05-27T18:35:39.477974+00:00,data/raw/sec_companyfacts/CIK0000310764_fa8868e00bebb8af.json
SYK,Stryker Corporation,Medical Devices,0000310764,2017,787000000.0,787.0,ResearchAndDevelopmentExpense,10-K,2018-02-08,https://data.sec.gov/api/xbrl/companyfacts/CIK0000310764.json,2026-05-27T18:35:39.477974+00:00,data/raw/sec_companyfacts/CIK0000310764_fa8868e00bebb8af.json
SYK,Stryker Corporation,Medical Devices,0000310764,2018,862000000.0,862.0,ResearchAndDevelopmentExpense,10-K,2019-02-07,https://data.sec.gov/api/xbrl/companyfacts/CIK0000310764.json,2026-05-27T18:35:39.477974+00:00,data/raw/sec_companyfacts/CIK0000310764_fa8868e00bebb8af.json
SYK,Stryker Corporation,Medical Devices,0000310764,2019,971000000.0,971.0,ResearchAndDevelopmentExpense,10-K,2020-02-06,https://data.sec.gov/api/xbrl/companyfacts/CIK0000310764.json,2026-05-27T18:35:39.477974+00:00,data/raw/sec_companyfacts/CIK0000310764_fa8868e00bebb8af.json
SYK,Stryker Corporation,Medical Devices,0000310764,2020,984000000.0,984.0,ResearchAndDevelopmentExpense,10-K,2021-02-11,https://data.sec.gov/api/xbrl/companyfacts/CIK0000310764.json,2026-05-27T18:35:39.477974+00:00,data/raw/sec_companyfacts/CIK0000310764_fa8868e00bebb8af.json
SYK,Stryker Corporation,Medical Devices,0000310764,2021,1235000000.0,1235.0,ResearchAndDevelopmentExpense,10-K,2022-02-11,https://data.sec.gov/api/xbrl/companyfacts/CIK0000310764.json,2026-05-27T18:35:39.477974+00:00,data/raw/sec_companyfacts/CIK0000310764_fa8868e00bebb8af.json
SYK,Stryker Corporation,Medical Devices,0000310764,2022,1454000000.0,1454.0,ResearchAndDevelopmentExpense,10-K,2023-02-10,https://data.sec.gov/api/xbrl/companyfacts/CIK0000310764.json,2026-05-27T18:35:39.477974+00:00,data/raw/sec_companyfacts/CIK0000310764_fa8868e00bebb8af.json
SYK,Stryker Corporation,Medical Devices,0000310764,2023,1388000000.0,1388.0,ResearchAndDevelopmentExpense,10-K,2024-02-14,https://data.sec.gov/api/xbrl/companyfacts/CIK0000310764.json,2026-05-27T18:35:39.477974+00:00,data/raw/sec_companyfacts/CIK0000310764_fa8868e00bebb8af.json
SYK,Stryker Corporation,Medical Devices,0000310764,2024,1466000000.0,1466.0,ResearchAndDevelopmentExpense,10-K,2025-02-12,https://data.sec.gov/api/xbrl/companyfacts/CIK0000310764.json,2026-05-27T18:35:39.477974+00:00,data/raw/sec_companyfacts/CIK0000310764_fa8868e00bebb8af.json
SYK,Stryker Corporation,Medical Devices,0000310764,2025,1623000000.0,1623.0,ResearchAndDevelopmentExpense,10-K,2026-02-11,https://data.sec.gov/api/xbrl/companyfacts/CIK0000310764.json,2026-05-27T18:35:39.477974+00:00,data/raw/sec_companyfacts/CIK0000310764_fa8868e00bebb8af.json
BSX,Boston Scientific Corporation,Medical Devices,0000885725,2009,1035000000.0,1035.0,ResearchAndDevelopmentExpenseExcludingAcquiredInProcessCost,10-K,2010-02-26,https://data.sec.gov/api/xbrl/companyfacts/CIK0000885725.json,2026-05-27T18:35:39.477974+00:00,data/raw/sec_companyfacts/CIK0000885725_81b33b39c6970865.json
BSX,Boston Scientific Corporation,Medical Devices,0000885725,2010,939000000.0,939.0,ResearchAndDevelopmentExpenseExcludingAcquiredInProcessCost,10-K,2011-02-17,https://data.sec.gov/api/xbrl/companyfacts/CIK0000885725.json,2026-05-27T18:35:39.477974+00:00,data/raw/sec_companyfacts/CIK0000885725_81b33b39c6970865.json
BSX,Boston Scientific Corporation,Medical Devices,0000885725,2011,895000000.0,895.0,ResearchAndDevelopmentExpenseExcludingAcquiredInProcessCost,10-K,2012-02-17,https://data.sec.gov/api/xbrl/companyfacts/CIK0000885725.json,2026-05-27T18:35:39.477974+00:00,data/raw/sec_companyfacts/CIK0000885725_81b33b39c6970865.json
BSX,Boston Scientific Corporation,Medical Devices,0000885725,2012,886000000.0,886.0,ResearchAndDevelopmentExpenseExcludingAcquiredInProcessCost,10-K,2013-02-22,https://data.sec.gov/api/xbrl/companyfacts/CIK0000885725.json,2026-05-27T18:35:39.477974+00:00,data/raw/sec_companyfacts/CIK0000885725_81b33b39c6970865.json
BSX,Boston Scientific Corporation,Medical Devices,0000885725,2013,861000000.0,861.0,ResearchAndDevelopmentExpenseExcludingAcquiredInProcessCost,10-K,2014-02-26,https://data.sec.gov/api/xbrl/companyfacts/CIK0000885725.json,2026-05-27T18:35:39.477974+00:00,data/raw/sec_companyfacts/CIK0000885725_81b33b39c6970865.json
BSX,Boston Scientific Corporation,Medical Devices,0000885725,2014,817000000.0,817.0,ResearchAndDevelopmentExpenseExcludingAcquiredInProcessCost,10-K,2015-02-25,https://data.sec.gov/api/xbrl/companyfacts/CIK0000885725.json,2026-05-27T18:35:39.477974+00:00,data/raw/sec_companyfacts/CIK0000885725_81b33b39c6970865.json
BSX,Boston Scientific Corporation,Medical Devices,0000885725,2015,876000000.0,876.0,ResearchAndDevelopmentExpenseExcludingAcquiredInProcessCost,10-K,2016-02-24,https://data.sec.gov/api/xbrl/companyfacts/CIK0000885725.json,2026-05-27T18:35:39.477974+00:00,data/raw/sec_companyfacts/CIK0000885725_81b33b39c6970865.json
BSX,Boston Scientific Corporation,Medical Devices,0000885725,2016,920000000.0,920.0,ResearchAndDevelopmentExpenseExcludingAcquiredInProcessCost,10-K,2017-02-23,https://data.sec.gov/api/xbrl/companyfacts/CIK0000885725.json,2026-05-27T18:35:39.477974+00:00,data/raw/sec_companyfacts/CIK0000885725_81b33b39c6970865.json
BSX,Boston Scientific Corporation,Medical Devices,0000885725,2017,997000000.0,997.0,ResearchAndDevelopmentExpenseExcludingAcquiredInProcessCost,10-K,2018-02-20,https://data.sec.gov/api/xbrl/companyfacts/CIK0000885725.json,2026-05-27T18:35:39.477974+00:00,data/raw/sec_companyfacts/CIK0000885725_81b33b39c6970865.json
BSX,Boston Scientific Corporation,Medical Devices,0000885725,2018,1113000000.0,1113.0,ResearchAndDevelopmentExpenseExcludingAcquiredInProcessCost,10-K,2019-02-19,https://data.sec.gov/api/xbrl/companyfacts/CIK0000885725.json,2026-05-27T18:35:39.477974+00:00,data/raw/sec_companyfacts/CIK0000885725_81b33b39c6970865.json
BSX,Boston Scientific Corporation,Medical Devices,0000885725,2019,1174000000.0,1174.0,ResearchAndDevelopmentExpenseExcludingAcquiredInProcessCost,10-K,2020-02-25,https://data.sec.gov/api/xbrl/companyfacts/CIK0000885725.json,2026-05-27T18:35:39.477974+00:00,data/raw/sec_companyfacts/CIK0000885725_81b33b39c6970865.json
BSX,Boston Scientific Corporation,Medical Devices,0000885725,2020,1143000000.0,1143.0,ResearchAndDevelopmentExpenseExcludingAcquiredInProcessCost,10-K,2021-02-23,https://data.sec.gov/api/xbrl/companyfacts/CIK0000885725.json,2026-05-27T18:35:39.477974+00:00,data/raw/sec_companyfacts/CIK0000885725_81b33b39c6970865.json
BSX,Boston Scientific Corporation,Medical Devices,0000885725,2021,1204000000.0,1204.0,ResearchAndDevelopmentExpenseExcludingAcquiredInProcessCost,10-K,2022-02-23,https://data.sec.gov/api/xbrl/companyfacts/CIK0000885725.json,2026-05-27T18:35:39.477974+00:00,data/raw/sec_companyfacts/CIK0000885725_81b33b39c6970865.json
BSX,Boston Scientific Corporation,Medical Devices,0000885725,2022,1323000000.0,1323.0,ResearchAndDevelopmentExpenseExcludingAcquiredInProcessCost,10-K,2023-02-23,https://data.sec.gov/api/xbrl/companyfacts/CIK0000885725.json,2026-05-27T18:35:39.477974+00:00,data/raw/sec_companyfacts/CIK0000885725_81b33b39c6970865.json
BSX,Boston Scientific Corporation,Medical Devices,0000885725,2023,1414000000.0,1414.0,ResearchAndDevelopmentExpenseExcludingAcquiredInProcessCost,10-K,2024-02-20,https://data.sec.gov/api/xbrl/companyfacts/CIK0000885725.json,2026-05-27T18:35:39.477974+00:00,data/raw/sec_companyfacts/CIK0000885725_81b33b39c6970865.json
BSX,Boston Scientific Corporation,Medical Devices,0000885725,2024,1615000000.0,1615.0,ResearchAndDevelopmentExpenseExcludingAcquiredInProcessCost,10-K,2025-02-18,https://data.sec.gov/api/xbrl/companyfacts/CIK0000885725.json,2026-05-27T18:35:39.477974+00:00,data/raw/sec_companyfacts/CIK0000885725_81b33b39c6970865.json
BSX,Boston Scientific Corporation,Medical Devices,0000885725,2025,2052000000.0,2052.0,ResearchAndDevelopmentExpenseExcludingAcquiredInProcessCost,10-K,2026-02-17,https://data.sec.gov/api/xbrl/companyfacts/CIK0000885725.json,2026-05-27T18:35:39.477974+00:00,data/raw/sec_companyfacts/CIK0000885725_81b33b39c6970865.json
MDT,Medtronic plc,Medical Devices,0001613103,2015,1640000000.0,1640.0,ResearchAndDevelopmentExpenseExcludingAcquiredInProcessCost,10-K,2015-06-23,https://data.sec.gov/api/xbrl/companyfacts/CIK0001613103.json,2026-05-27T18:35:39.477974+00:00,data/raw/sec_companyfacts/CIK0001613103_32a3b0c2adb7a677.json
MDT,Medtronic plc,Medical Devices,0001613103,2016,2224000000.0,2224.0,ResearchAndDevelopmentExpenseExcludingAcquiredInProcessCost,10-K,2016-06-28,https://data.sec.gov/api/xbrl/companyfacts/CIK0001613103.json,2026-05-27T18:35:39.477974+00:00,data/raw/sec_companyfacts/CIK0001613103_32a3b0c2adb7a677.json
MDT,Medtronic plc,Medical Devices,0001613103,2017,2193000000.0,2193.0,ResearchAndDevelopmentExpenseExcludingAcquiredInProcessCost,10-K,2017-06-27,https://data.sec.gov/api/xbrl/companyfacts/CIK0001613103.json,2026-05-27T18:35:39.477974+00:00,data/raw/sec_companyfacts/CIK0001613103_32a3b0c2adb7a677.json
MDT,Medtronic plc,Medical Devices,0001613103,2018,2253000000.0,2253.0,ResearchAndDevelopmentExpenseExcludingAcquiredInProcessCost,10-K,2018-06-22,https://data.sec.gov/api/xbrl/companyfacts/CIK0001613103.json,2026-05-27T18:35:39.477974+00:00,data/raw/sec_companyfacts/CIK0001613103_32a3b0c2adb7a677.json
MDT,Medtronic plc,Medical Devices,0001613103,2019,2330000000.0,2330.0,ResearchAndDevelopmentExpenseExcludingAcquiredInProcessCost,10-K,2019-06-21,https://data.sec.gov/api/xbrl/companyfacts/CIK0001613103.json,2026-05-27T18:35:39.477974+00:00,data/raw/sec_companyfacts/CIK0001613103_32a3b0c2adb7a677.json
MDT,Medtronic plc,Medical Devices,0001613103,2020,2331000000.0,2331.0,ResearchAndDevelopmentExpenseExcludingAcquiredInProcessCost,10-K,2020-06-19,https://data.sec.gov/api/xbrl/companyfacts/CIK0001613103.json,2026-05-27T18:35:39.477974+00:00,data/raw/sec_companyfacts/CIK0001613103_32a3b0c2adb7a677.json
MDT,Medtronic plc,Medical Devices,0001613103,2021,2493000000.0,2493.0,ResearchAndDevelopmentExpenseExcludingAcquiredInProcessCost,10-K,2021-06-25,https://data.sec.gov/api/xbrl/companyfacts/CIK0001613103.json,2026-05-27T18:35:39.477974+00:00,data/raw/sec_companyfacts/CIK0001613103_32a3b0c2adb7a677.json
MDT,Medtronic plc,Medical Devices,0001613103,2022,2746000000.0,2746.0,ResearchAndDevelopmentExpenseExcludingAcquiredInProcessCost,10-K,2022-06-23,https://data.sec.gov/api/xbrl/companyfacts/CIK0001613103.json,2026-05-27T18:35:39.477974+00:00,data/raw/sec_companyfacts/CIK0001613103_32a3b0c2adb7a677.json
MDT,Medtronic plc,Medical Devices,0001613103,2023,2696000000.0,2696.0,ResearchAndDevelopmentExpenseExcludingAcquiredInProcessCost,10-K,2023-06-22,https://data.sec.gov/api/xbrl/companyfacts/CIK0001613103.json,2026-05-27T18:35:39.477974+00:00,data/raw/sec_companyfacts/CIK0001613103_32a3b0c2adb7a677.json
MDT,Medtronic plc,Medical Devices,0001613103,2024,2735000000.0,2735.0,ResearchAndDevelopmentExpenseExcludingAcquiredInProcessCost,10-K,2024-06-20,https://data.sec.gov/api/xbrl/companyfacts/CIK0001613103.json,2026-05-27T18:35:39.477974+00:00,data/raw/sec_companyfacts/CIK0001613103_32a3b0c2adb7a677.json
MDT,Medtronic plc,Medical Devices,0001613103,2025,2732000000.0,2732.0,ResearchAndDevelopmentExpenseExcludingAcquiredInProcessCost,10-K,2025-06-20,https://data.sec.gov/api/xbrl/companyfacts/CIK0001613103.json,2026-05-27T18:35:39.477974+00:00,data/raw/sec_companyfacts/CIK0001613103_32a3b0c2adb7a677.json
BDX,"Becton, Dickinson and Company",Medical Devices,0000010795,2011,476496000.0,476.496,ResearchAndDevelopmentExpense,10-K,2011-11-23,https://data.sec.gov/api/xbrl/companyfacts/CIK0000010795.json,2026-05-27T18:35:39.477974+00:00,data/raw/sec_companyfacts/CIK0000010795_d55802d619faf182.json
BDX,"Becton, Dickinson and Company",Medical Devices,0000010795,2012,471755000.0,471.755,ResearchAndDevelopmentExpense,10-K,2012-11-21,https://data.sec.gov/api/xbrl/companyfacts/CIK0000010795.json,2026-05-27T18:35:39.477974+00:00,data/raw/sec_companyfacts/CIK0000010795_d55802d619faf182.json
BDX,"Becton, Dickinson and Company",Medical Devices,0000010795,2013,494000000.0,494.0,ResearchAndDevelopmentExpense,10-K,2013-11-27,https://data.sec.gov/api/xbrl/companyfacts/CIK0000010795.json,2026-05-27T18:35:39.477974+00:00,data/raw/sec_companyfacts/CIK0000010795_d55802d619faf182.json
BDX,"Becton, Dickinson and Company",Medical Devices,0000010795,2014,550000000.0,550.0,ResearchAndDevelopmentExpense,10-K,2014-11-26,https://data.sec.gov/api/xbrl/companyfacts/CIK0000010795.json,2026-05-27T18:35:39.477974+00:00,data/raw/sec_companyfacts/CIK0000010795_d55802d619faf182.json
BDX,"Becton, Dickinson and Company",Medical Devices,0000010795,2015,632000000.0,632.0,ResearchAndDevelopmentExpense,10-K,2015-11-25,https://data.sec.gov/api/xbrl/companyfacts/CIK0000010795.json,2026-05-27T18:35:39.477974+00:00,data/raw/sec_companyfacts/CIK0000010795_d55802d619faf182.json
BDX,"Becton, Dickinson and Company",Medical Devices,0000010795,2016,828000000.0,828.0,ResearchAndDevelopmentExpense,10-K,2016-11-23,https://data.sec.gov/api/xbrl/companyfacts/CIK0000010795.json,2026-05-27T18:35:39.477974+00:00,data/raw/sec_companyfacts/CIK0000010795_d55802d619faf182.json
BDX,"Becton, Dickinson and Company",Medical Devices,0000010795,2017,774000000.0,774.0,ResearchAndDevelopmentExpense,10-K,2017-11-22,https://data.sec.gov/api/xbrl/companyfacts/CIK0000010795.json,2026-05-27T18:35:39.477974+00:00,data/raw/sec_companyfacts/CIK0000010795_d55802d619faf182.json
BDX,"Becton, Dickinson and Company",Medical Devices,0000010795,2018,1006000000.0,1006.0,ResearchAndDevelopmentExpense,10-K,2018-11-21,https://data.sec.gov/api/xbrl/companyfacts/CIK0000010795.json,2026-05-27T18:35:39.477974+00:00,data/raw/sec_companyfacts/CIK0000010795_d55802d619faf182.json
BDX,"Becton, Dickinson and Company",Medical Devices,0000010795,2019,1062000000.0,1062.0,ResearchAndDevelopmentExpense,10-K,2019-11-27,https://data.sec.gov/api/xbrl/companyfacts/CIK0000010795.json,2026-05-27T18:35:39.477974+00:00,data/raw/sec_companyfacts/CIK0000010795_d55802d619faf182.json
BDX,"Becton, Dickinson and Company",Medical Devices,0000010795,2020,1096000000.0,1096.0,ResearchAndDevelopmentExpense,10-K,2020-11-25,https://data.sec.gov/api/xbrl/companyfacts/CIK0000010795.json,2026-05-27T18:35:39.477974+00:00,data/raw/sec_companyfacts/CIK0000010795_d55802d619faf182.json
BDX,"Becton, Dickinson and Company",Medical Devices,0000010795,2021,1339000000.0,1339.0,ResearchAndDevelopmentExpense,10-K,2021-11-24,https://data.sec.gov/api/xbrl/companyfacts/CIK0000010795.json,2026-05-27T18:35:39.477974+00:00,data/raw/sec_companyfacts/CIK0000010795_d55802d619faf182.json
BDX,"Becton, Dickinson and Company",Medical Devices,0000010795,2022,1256000000.0,1256.0,ResearchAndDevelopmentExpense,10-K,2022-11-22,https://data.sec.gov/api/xbrl/companyfacts/CIK0000010795.json,2026-05-27T18:35:39.477974+00:00,data/raw/sec_companyfacts/CIK0000010795_d55802d619faf182.json
BDX,"Becton, Dickinson and Company",Medical Devices,0000010795,2023,1237000000.0,1237.0,ResearchAndDevelopmentExpense,10-K,2023-11-21,https://data.sec.gov/api/xbrl/companyfacts/CIK0000010795.json,2026-05-27T18:35:39.477974+00:00,data/raw/sec_companyfacts/CIK0000010795_d55802d619faf182.json
BDX,"Becton, Dickinson and Company",Medical Devices,0000010795,2024,1190000000.0,1190.0,ResearchAndDevelopmentExpense,10-K,2024-11-27,https://data.sec.gov/api/xbrl/companyfacts/CIK0000010795.json,2026-05-27T18:35:39.477974+00:00,data/raw/sec_companyfacts/CIK0000010795_d55802d619faf182.json
BDX,"Becton, Dickinson and Company",Medical Devices,0000010795,2025,1265000000.0,1265.0,ResearchAndDevelopmentExpense,10-K,2025-11-25,https://data.sec.gov/api/xbrl/companyfacts/CIK0000010795.json,2026-05-27T18:35:39.477974+00:00,data/raw/sec_companyfacts/CIK0000010795_d55802d619faf182.json
EW,Edwards Lifesciences Corporation,Medical Devices,0001099800,2010,204400000.0,204.4,ResearchAndDevelopmentExpense,10-K,2011-02-28,https://data.sec.gov/api/xbrl/companyfacts/CIK0001099800.json,2026-05-27T18:35:39.477974+00:00,data/raw/sec_companyfacts/CIK0001099800_37293260d60cfed7.json
EW,Edwards Lifesciences Corporation,Medical Devices,0001099800,2011,246300000.0,246.3,ResearchAndDevelopmentExpense,10-K,2012-02-27,https://data.sec.gov/api/xbrl/companyfacts/CIK0001099800.json,2026-05-27T18:35:39.477974+00:00,data/raw/sec_companyfacts/CIK0001099800_37293260d60cfed7.json
EW,Edwards Lifesciences Corporation,Medical Devices,0001099800,2012,291300000.0,291.3,ResearchAndDevelopmentExpense,10-K,2013-02-28,https://data.sec.gov/api/xbrl/companyfacts/CIK0001099800.json,2026-05-27T18:35:39.477974+00:00,data/raw/sec_companyfacts/CIK0001099800_37293260d60cfed7.json
EW,Edwards Lifesciences Corporation,Medical Devices,0001099800,2013,323000000.0,323.0,ResearchAndDevelopmentExpense,10-K,2014-02-28,https://data.sec.gov/api/xbrl/companyfacts/CIK0001099800.json,2026-05-27T18:35:39.477974+00:00,data/raw/sec_companyfacts/CIK0001099800_37293260d60cfed7.json
EW,Edwards Lifesciences Corporation,Medical Devices,0001099800,2014,346500000.0,346.5,ResearchAndDevelopmentExpense,10-K,2015-02-20,https://data.sec.gov/api/xbrl/companyfacts/CIK0001099800.json,2026-05-27T18:35:39.477974+00:00,data/raw/sec_companyfacts/CIK0001099800_37293260d60cfed7.json
EW,Edwards Lifesciences Corporation,Medical Devices,0001099800,2015,383100000.0,383.1,ResearchAndDevelopmentExpense,10-K,2016-02-19,https://data.sec.gov/api/xbrl/companyfacts/CIK0001099800.json,2026-05-27T18:35:39.477974+00:00,data/raw/sec_companyfacts/CIK0001099800_37293260d60cfed7.json
EW,Edwards Lifesciences Corporation,Medical Devices,0001099800,2016,443300000.0,443.3,ResearchAndDevelopmentExpense,10-K,2017-02-17,https://data.sec.gov/api/xbrl/companyfacts/CIK0001099800.json,2026-05-27T18:35:39.477974+00:00,data/raw/sec_companyfacts/CIK0001099800_37293260d60cfed7.json
EW,Edwards Lifesciences Corporation,Medical Devices,0001099800,2017,552600000.0,552.6,ResearchAndDevelopmentExpense,10-K,2018-02-16,https://data.sec.gov/api/xbrl/companyfacts/CIK0001099800.json,2026-05-27T18:35:39.477974+00:00,data/raw/sec_companyfacts/CIK0001099800_37293260d60cfed7.json
EW,Edwards Lifesciences Corporation,Medical Devices,0001099800,2018,622200000.0,622.2,ResearchAndDevelopmentExpense,10-K,2019-02-15,https://data.sec.gov/api/xbrl/companyfacts/CIK0001099800.json,2026-05-27T18:35:39.477974+00:00,data/raw/sec_companyfacts/CIK0001099800_37293260d60cfed7.json
EW,Edwards Lifesciences Corporation,Medical Devices,0001099800,2019,752700000.0,752.7,ResearchAndDevelopmentExpense,10-K,2020-02-14,https://data.sec.gov/api/xbrl/companyfacts/CIK0001099800.json,2026-05-27T18:35:39.477974+00:00,data/raw/sec_companyfacts/CIK0001099800_37293260d60cfed7.json
EW,Edwards Lifesciences Corporation,Medical Devices,0001099800,2020,760700000.0,760.7,ResearchAndDevelopmentExpense,10-K,2021-02-12,https://data.sec.gov/api/xbrl/companyfacts/CIK0001099800.json,2026-05-27T18:35:39.477974+00:00,data/raw/sec_companyfacts/CIK0001099800_37293260d60cfed7.json
EW,Edwards Lifesciences Corporation,Medical Devices,0001099800,2021,903100000.0,903.1,ResearchAndDevelopmentExpense,10-K,2022-02-14,https://data.sec.gov/api/xbrl/companyfacts/CIK0001099800.json,2026-05-27T18:35:39.477974+00:00,data/raw/sec_companyfacts/CIK0001099800_37293260d60cfed7.json
EW,Edwards Lifesciences Corporation,Medical Devices,0001099800,2022,945200000.0,945.2,ResearchAndDevelopmentExpense,10-K,2023-02-13,https://data.sec.gov/api/xbrl/companyfacts/CIK0001099800.json,2026-05-27T18:35:39.477974+00:00,data/raw/sec_companyfacts/CIK0001099800_37293260d60cfed7.json
EW,Edwards Lifesciences Corporation,Medical Devices,0001099800,2023,1071800000.0,1071.8,ResearchAndDevelopmentExpense,10-K,2024-02-12,https://data.sec.gov/api/xbrl/companyfacts/CIK0001099800.json,2026-05-27T18:35:39.477974+00:00,data/raw/sec_companyfacts/CIK0001099800_37293260d60cfed7.json
EW,Edwards Lifesciences Corporation,Medical Devices,0001099800,2024,1053000000.0,1053.0,ResearchAndDevelopmentExpense,10-K,2025-02-28,https://data.sec.gov/api/xbrl/companyfacts/CIK0001099800.json,2026-05-27T18:35:39.477974+00:00,data/raw/sec_companyfacts/CIK0001099800_37293260d60cfed7.json
EW,Edwards Lifesciences Corporation,Medical Devices,0001099800,2025,1079200000.0,1079.2,ResearchAndDevelopmentExpense,10-K,2026-02-25,https://data.sec.gov/api/xbrl/companyfacts/CIK0001099800.json,2026-05-27T18:35:39.477974+00:00,data/raw/sec_companyfacts/CIK0001099800_37293260d60cfed7.json
IDXX,"IDEXX Laboratories, Inc.",Diagnostics,0000874716,2010,68597000.0,68.597,ResearchAndDevelopmentExpense,10-K,2011-02-22,https://data.sec.gov/api/xbrl/companyfacts/CIK0000874716.json,2026-05-27T18:35:39.477974+00:00,data/raw/sec_companyfacts/CIK0000874716_a9ee81741b957b2b.json
IDXX,"IDEXX Laboratories, Inc.",Diagnostics,0000874716,2011,76042000.0,76.042,ResearchAndDevelopmentExpense,10-K,2012-02-17,https://data.sec.gov/api/xbrl/companyfacts/CIK0000874716.json,2026-05-27T18:35:39.477974+00:00,data/raw/sec_companyfacts/CIK0000874716_a9ee81741b957b2b.json
IDXX,"IDEXX Laboratories, Inc.",Diagnostics,0000874716,2012,82014000.0,82.014,ResearchAndDevelopmentExpense,10-K,2013-02-19,https://data.sec.gov/api/xbrl/companyfacts/CIK0000874716.json,2026-05-27T18:35:39.477974+00:00,data/raw/sec_companyfacts/CIK0000874716_a9ee81741b957b2b.json
IDXX,"IDEXX Laboratories, Inc.",Diagnostics,0000874716,2013,88003000.0,88.003,ResearchAndDevelopmentExpense,10-K,2014-02-18,https://data.sec.gov/api/xbrl/companyfacts/CIK0000874716.json,2026-05-27T18:35:39.477974+00:00,data/raw/sec_companyfacts/CIK0000874716_a9ee81741b957b2b.json
IDXX,"IDEXX Laboratories, Inc.",Diagnostics,0000874716,2014,98263000.0,98.263,ResearchAndDevelopmentExpense,10-K,2015-02-17,https://data.sec.gov/api/xbrl/companyfacts/CIK0000874716.json,2026-05-27T18:35:39.477974+00:00,data/raw/sec_companyfacts/CIK0000874716_a9ee81741b957b2b.json
IDXX,"IDEXX Laboratories, Inc.",Diagnostics,0000874716,2015,99681000.0,99.681,ResearchAndDevelopmentExpense,10-K,2016-02-17,https://data.sec.gov/api/xbrl/companyfacts/CIK0000874716.json,2026-05-27T18:35:39.477974+00:00,data/raw/sec_companyfacts/CIK0000874716_a9ee81741b957b2b.json
IDXX,"IDEXX Laboratories, Inc.",Diagnostics,0000874716,2016,101122000.0,101.122,ResearchAndDevelopmentExpense,10-K,2017-02-17,https://data.sec.gov/api/xbrl/companyfacts/CIK0000874716.json,2026-05-27T18:35:39.477974+00:00,data/raw/sec_companyfacts/CIK0000874716_a9ee81741b957b2b.json
IDXX,"IDEXX Laboratories, Inc.",Diagnostics,0000874716,2017,109182000.0,109.182,ResearchAndDevelopmentExpense,10-K,2018-02-16,https://data.sec.gov/api/xbrl/companyfacts/CIK0000874716.json,2026-05-27T18:35:39.477974+00:00,data/raw/sec_companyfacts/CIK0000874716_a9ee81741b957b2b.json
IDXX,"IDEXX Laboratories, Inc.",Diagnostics,0000874716,2018,117863000.0,117.863,ResearchAndDevelopmentExpense,10-K,2019-02-15,https://data.sec.gov/api/xbrl/companyfacts/CIK0000874716.json,2026-05-27T18:35:39.477974+00:00,data/raw/sec_companyfacts/CIK0000874716_a9ee81741b957b2b.json
IDXX,"IDEXX Laboratories, Inc.",Diagnostics,0000874716,2019,133193000.0,133.193,ResearchAndDevelopmentExpense,10-K,2020-02-14,https://data.sec.gov/api/xbrl/companyfacts/CIK0000874716.json,2026-05-27T18:35:39.477974+00:00,data/raw/sec_companyfacts/CIK0000874716_a9ee81741b957b2b.json
IDXX,"IDEXX Laboratories, Inc.",Diagnostics,0000874716,2020,141249000.0,141.249,ResearchAndDevelopmentExpense,10-K,2021-02-12,https://data.sec.gov/api/xbrl/companyfacts/CIK0000874716.json,2026-05-27T18:35:39.477974+00:00,data/raw/sec_companyfacts/CIK0000874716_a9ee81741b957b2b.json
IDXX,"IDEXX Laboratories, Inc.",Diagnostics,0000874716,2021,161009000.0,161.009,ResearchAndDevelopmentExpense,10-K,2022-02-16,https://data.sec.gov/api/xbrl/companyfacts/CIK0000874716.json,2026-05-27T18:35:39.477974+00:00,data/raw/sec_companyfacts/CIK0000874716_a9ee81741b957b2b.json
IDXX,"IDEXX Laboratories, Inc.",Diagnostics,0000874716,2022,254820000.0,254.82,ResearchAndDevelopmentExpense,10-K,2023-02-16,https://data.sec.gov/api/xbrl/companyfacts/CIK0000874716.json,2026-05-27T18:35:39.477974+00:00,data/raw/sec_companyfacts/CIK0000874716_a9ee81741b957b2b.json
IDXX,"IDEXX Laboratories, Inc.",Diagnostics,0000874716,2023,190951000.0,190.951,ResearchAndDevelopmentExpense,10-K,2024-02-22,https://data.sec.gov/api/xbrl/companyfacts/CIK0000874716.json,2026-05-27T18:35:39.477974+00:00,data/raw/sec_companyfacts/CIK0000874716_a9ee81741b957b2b.json
IDXX,"IDEXX Laboratories, Inc.",Diagnostics,0000874716,2024,219792000.0,219.792,ResearchAndDevelopmentExpense,10-K,2025-02-21,https://data.sec.gov/api/xbrl/companyfacts/CIK0000874716.json,2026-05-27T18:35:39.477974+00:00,data/raw/sec_companyfacts/CIK0000874716_a9ee81741b957b2b.json
IDXX,"IDEXX Laboratories, Inc.",Diagnostics,0000874716,2025,251207000.0,251.207,ResearchAndDevelopmentExpense,10-K,2026-02-20,https://data.sec.gov/api/xbrl/companyfacts/CIK0000874716.json,2026-05-27T18:35:39.477974+00:00,data/raw/sec_companyfacts/CIK0000874716_a9ee81741b957b2b.json
DXCM,"DexCom, Inc.",Medical Devices,0001093557,2011,30747000.0,30.747,ResearchAndDevelopmentExpense,10-K,2012-02-23,https://data.sec.gov/api/xbrl/companyfacts/CIK0001093557.json,2026-05-27T18:35:39.477974+00:00,data/raw/sec_companyfacts/CIK0001093557_44f9f536532bc4f4.json
DXCM,"DexCom, Inc.",Medical Devices,0001093557,2012,39500000.0,39.5,ResearchAndDevelopmentExpense,10-K,2013-02-21,https://data.sec.gov/api/xbrl/companyfacts/CIK0001093557.json,2026-05-27T18:35:39.477974+00:00,data/raw/sec_companyfacts/CIK0001093557_44f9f536532bc4f4.json
DXCM,"DexCom, Inc.",Medical Devices,0001093557,2013,44800000.0,44.8,ResearchAndDevelopmentExpense,10-K,2014-02-20,https://data.sec.gov/api/xbrl/companyfacts/CIK0001093557.json,2026-05-27T18:35:39.477974+00:00,data/raw/sec_companyfacts/CIK0001093557_44f9f536532bc4f4.json
DXCM,"DexCom, Inc.",Medical Devices,0001093557,2014,69400000.0,69.4,ResearchAndDevelopmentExpense,10-K,2015-02-25,https://data.sec.gov/api/xbrl/companyfacts/CIK0001093557.json,2026-05-27T18:35:39.477974+00:00,data/raw/sec_companyfacts/CIK0001093557_44f9f536532bc4f4.json
DXCM,"DexCom, Inc.",Medical Devices,0001093557,2015,137500000.0,137.5,ResearchAndDevelopmentExpense,10-K,2016-02-23,https://data.sec.gov/api/xbrl/companyfacts/CIK0001093557.json,2026-05-27T18:35:39.477974+00:00,data/raw/sec_companyfacts/CIK0001093557_44f9f536532bc4f4.json
DXCM,"DexCom, Inc.",Medical Devices,0001093557,2016,156100000.0,156.1,ResearchAndDevelopmentExpense,10-K,2017-02-28,https://data.sec.gov/api/xbrl/companyfacts/CIK0001093557.json,2026-05-27T18:35:39.477974+00:00,data/raw/sec_companyfacts/CIK0001093557_44f9f536532bc4f4.json
DXCM,"DexCom, Inc.",Medical Devices,0001093557,2017,185400000.0,185.4,ResearchAndDevelopmentExpense,10-K,2018-02-27,https://data.sec.gov/api/xbrl/companyfacts/CIK0001093557.json,2026-05-27T18:35:39.477974+00:00,data/raw/sec_companyfacts/CIK0001093557_44f9f536532bc4f4.json
DXCM,"DexCom, Inc.",Medical Devices,0001093557,2018,199700000.0,199.7,ResearchAndDevelopmentExpense,10-K,2019-02-21,https://data.sec.gov/api/xbrl/companyfacts/CIK0001093557.json,2026-05-27T18:35:39.477974+00:00,data/raw/sec_companyfacts/CIK0001093557_44f9f536532bc4f4.json
DXCM,"DexCom, Inc.",Medical Devices,0001093557,2019,273500000.0,273.5,ResearchAndDevelopmentExpense,10-K,2020-02-13,https://data.sec.gov/api/xbrl/companyfacts/CIK0001093557.json,2026-05-27T18:35:39.477974+00:00,data/raw/sec_companyfacts/CIK0001093557_44f9f536532bc4f4.json
DXCM,"DexCom, Inc.",Medical Devices,0001093557,2020,359900000.0,359.9,ResearchAndDevelopmentExpense,10-K,2021-02-11,https://data.sec.gov/api/xbrl/companyfacts/CIK0001093557.json,2026-05-27T18:35:39.477974+00:00,data/raw/sec_companyfacts/CIK0001093557_44f9f536532bc4f4.json
DXCM,"DexCom, Inc.",Medical Devices,0001093557,2021,517100000.0,517.1,ResearchAndDevelopmentExpense,10-K,2022-02-14,https://data.sec.gov/api/xbrl/companyfacts/CIK0001093557.json,2026-05-27T18:35:39.477974+00:00,data/raw/sec_companyfacts/CIK0001093557_44f9f536532bc4f4.json
DXCM,"DexCom, Inc.",Medical Devices,0001093557,2022,484200000.0,484.2,ResearchAndDevelopmentExpense,10-K,2023-02-09,https://data.sec.gov/api/xbrl/companyfacts/CIK0001093557.json,2026-05-27T18:35:39.477974+00:00,data/raw/sec_companyfacts/CIK0001093557_44f9f536532bc4f4.json
DXCM,"DexCom, Inc.",Medical Devices,0001093557,2023,505800000.0,505.8,ResearchAndDevelopmentExpense,10-K,2024-02-08,https://data.sec.gov/api/xbrl/companyfacts/CIK0001093557.json,2026-05-27T18:35:39.477974+00:00,data/raw/sec_companyfacts/CIK0001093557_44f9f536532bc4f4.json
DXCM,"DexCom, Inc.",Medical Devices,0001093557,2024,552400000.0,552.4,ResearchAndDevelopmentExpense,10-K,2025-02-18,https://data.sec.gov/api/xbrl/companyfacts/CIK0001093557.json,2026-05-27T18:35:39.477974+00:00,data/raw/sec_companyfacts/CIK0001093557_44f9f536532bc4f4.json
DXCM,"DexCom, Inc.",Medical Devices,0001093557,2025,599100000.0,599.1,ResearchAndDevelopmentExpense,10-K,2026-02-12,https://data.sec.gov/api/xbrl/companyfacts/CIK0001093557.json,2026-05-27T18:35:39.477974+00:00,data/raw/sec_companyfacts/CIK0001093557_44f9f536532bc4f4.json
RMD,ResMed Inc.,Medical Devices,0000943819,2011,92007000.0,92.007,ResearchAndDevelopmentExpense,10-K,2011-08-17,https://data.sec.gov/api/xbrl/companyfacts/CIK0000943819.json,2026-05-27T18:35:39.477974+00:00,data/raw/sec_companyfacts/CIK0000943819_712273a3487491a3.json
RMD,ResMed Inc.,Medical Devices,0000943819,2012,109733000.0,109.733,ResearchAndDevelopmentExpense,10-K,2012-08-14,https://data.sec.gov/api/xbrl/companyfacts/CIK0000943819.json,2026-05-27T18:35:39.477974+00:00,data/raw/sec_companyfacts/CIK0000943819_712273a3487491a3.json
RMD,ResMed Inc.,Medical Devices,0000943819,2013,120124000.0,120.124,ResearchAndDevelopmentExpense,10-K,2013-08-13,https://data.sec.gov/api/xbrl/companyfacts/CIK0000943819.json,2026-05-27T18:35:39.477974+00:00,data/raw/sec_companyfacts/CIK0000943819_712273a3487491a3.json
RMD,ResMed Inc.,Medical Devices,0000943819,2014,118226000.0,118.226,ResearchAndDevelopmentExpense,10-K,2014-08-08,https://data.sec.gov/api/xbrl/companyfacts/CIK0000943819.json,2026-05-27T18:35:39.477974+00:00,data/raw/sec_companyfacts/CIK0000943819_712273a3487491a3.json
RMD,ResMed Inc.,Medical Devices,0000943819,2015,114865000.0,114.865,ResearchAndDevelopmentExpense,10-K,2015-08-07,https://data.sec.gov/api/xbrl/companyfacts/CIK0000943819.json,2026-05-27T18:35:39.477974+00:00,data/raw/sec_companyfacts/CIK0000943819_712273a3487491a3.json
RMD,ResMed Inc.,Medical Devices,0000943819,2016,118651000.0,118.651,ResearchAndDevelopmentExpense,10-K,2016-08-05,https://data.sec.gov/api/xbrl/companyfacts/CIK0000943819.json,2026-05-27T18:35:39.477974+00:00,data/raw/sec_companyfacts/CIK0000943819_712273a3487491a3.json
RMD,ResMed Inc.,Medical Devices,0000943819,2017,144467000.0,144.467,ResearchAndDevelopmentExpense,10-K,2017-08-04,https://data.sec.gov/api/xbrl/companyfacts/CIK0000943819.json,2026-05-27T18:35:39.477974+00:00,data/raw/sec_companyfacts/CIK0000943819_712273a3487491a3.json
RMD,ResMed Inc.,Medical Devices,0000943819,2018,155149000.0,155.149,ResearchAndDevelopmentExpense,10-K,2018-08-17,https://data.sec.gov/api/xbrl/companyfacts/CIK0000943819.json,2026-05-27T18:35:39.477974+00:00,data/raw/sec_companyfacts/CIK0000943819_712273a3487491a3.json
RMD,ResMed Inc.,Medical Devices,0000943819,2019,180651000.0,180.651,ResearchAndDevelopmentExpense,10-K,2019-08-08,https://data.sec.gov/api/xbrl/companyfacts/CIK0000943819.json,2026-05-27T18:35:39.477974+00:00,data/raw/sec_companyfacts/CIK0000943819_712273a3487491a3.json
RMD,ResMed Inc.,Medical Devices,0000943819,2020,201946000.0,201.946,ResearchAndDevelopmentExpense,10-K,2020-08-13,https://data.sec.gov/api/xbrl/companyfacts/CIK0000943819.json,2026-05-27T18:35:39.477974+00:00,data/raw/sec_companyfacts/CIK0000943819_712273a3487491a3.json
RMD,ResMed Inc.,Medical Devices,0000943819,2021,225284000.0,225.284,ResearchAndDevelopmentExpense,10-K,2021-08-17,https://data.sec.gov/api/xbrl/companyfacts/CIK0000943819.json,2026-05-27T18:35:39.477974+00:00,data/raw/sec_companyfacts/CIK0000943819_712273a3487491a3.json
RMD,ResMed Inc.,Medical Devices,0000943819,2022,253575000.0,253.575,ResearchAndDevelopmentExpense,10-K,2022-08-12,https://data.sec.gov/api/xbrl/companyfacts/CIK0000943819.json,2026-05-27T18:35:39.477974+00:00,data/raw/sec_companyfacts/CIK0000943819_712273a3487491a3.json
RMD,ResMed Inc.,Medical Devices,0000943819,2023,287642000.0,287.642,ResearchAndDevelopmentExpense,10-K,2023-08-11,https://data.sec.gov/api/xbrl/companyfacts/CIK0000943819.json,2026-05-27T18:35:39.477974+00:00,data/raw/sec_companyfacts/CIK0000943819_712273a3487491a3.json
RMD,ResMed Inc.,Medical Devices,0000943819,2024,307525000.0,307.525,ResearchAndDevelopmentExpense,10-K,2024-08-09,https://data.sec.gov/api/xbrl/companyfacts/CIK0000943819.json,2026-05-27T18:35:39.477974+00:00,data/raw/sec_companyfacts/CIK0000943819_712273a3487491a3.json
RMD,ResMed Inc.,Medical Devices,0000943819,2025,331284000.0,331.284,ResearchAndDevelopmentExpense,10-K,2025-08-08,https://data.sec.gov/api/xbrl/companyfacts/CIK0000943819.json,2026-05-27T18:35:39.477974+00:00,data/raw/sec_companyfacts/CIK0000943819_712273a3487491a3.json
ZBH,"Zimmer Biomet Holdings, Inc.",Medical Devices,0001136869,2012,225600000.0,225.6,ResearchAndDevelopmentExpense,10-K,2013-02-27,https://data.sec.gov/api/xbrl/companyfacts/CIK0001136869.json,2026-05-27T18:35:39.477974+00:00,data/raw/sec_companyfacts/CIK0001136869_92b21f3fb1e3d9a0.json
PODD,Insulet Corporation,Medical Devices,0001145197,2011,21863000.0,21.863,ResearchAndDevelopmentExpense,10-K,2012-02-28,https://data.sec.gov/api/xbrl/companyfacts/CIK0001145197.json,2026-05-27T18:35:39.477974+00:00,data/raw/sec_companyfacts/CIK0001145197_5ef7d6ffb5b20b39.json
PODD,Insulet Corporation,Medical Devices,0001145197,2012,24359000.0,24.359,ResearchAndDevelopmentExpense,10-K,2013-02-28,https://data.sec.gov/api/xbrl/companyfacts/CIK0001145197.json,2026-05-27T18:35:39.477974+00:00,data/raw/sec_companyfacts/CIK0001145197_5ef7d6ffb5b20b39.json
PODD,Insulet Corporation,Medical Devices,0001145197,2013,21765000.0,21.765,ResearchAndDevelopmentExpense,10-K,2014-02-28,https://data.sec.gov/api/xbrl/companyfacts/CIK0001145197.json,2026-05-27T18:35:39.477974+00:00,data/raw/sec_companyfacts/CIK0001145197_5ef7d6ffb5b20b39.json
PODD,Insulet Corporation,Medical Devices,0001145197,2014,27900000.0,27.9,ResearchAndDevelopmentExpense,10-K,2015-02-26,https://data.sec.gov/api/xbrl/companyfacts/CIK0001145197.json,2026-05-27T18:35:39.477974+00:00,data/raw/sec_companyfacts/CIK0001145197_5ef7d6ffb5b20b39.json
PODD,Insulet Corporation,Medical Devices,0001145197,2015,43208000.0,43.208,ResearchAndDevelopmentExpense,10-K,2016-02-29,https://data.sec.gov/api/xbrl/companyfacts/CIK0001145197.json,2026-05-27T18:35:39.477974+00:00,data/raw/sec_companyfacts/CIK0001145197_5ef7d6ffb5b20b39.json
PODD,Insulet Corporation,Medical Devices,0001145197,2016,55710000.0,55.71,ResearchAndDevelopmentExpense,10-K,2017-02-28,https://data.sec.gov/api/xbrl/companyfacts/CIK0001145197.json,2026-05-27T18:35:39.477974+00:00,data/raw/sec_companyfacts/CIK0001145197_5ef7d6ffb5b20b39.json
PODD,Insulet Corporation,Medical Devices,0001145197,2017,74452000.0,74.452,ResearchAndDevelopmentExpense,10-K,2018-02-22,https://data.sec.gov/api/xbrl/companyfacts/CIK0001145197.json,2026-05-27T18:35:39.477974+00:00,data/raw/sec_companyfacts/CIK0001145197_5ef7d6ffb5b20b39.json
PODD,Insulet Corporation,Medical Devices,0001145197,2018,88606000.0,88.606,ResearchAndDevelopmentExpense,10-K,2019-02-26,https://data.sec.gov/api/xbrl/companyfacts/CIK0001145197.json,2026-05-27T18:35:39.477974+00:00,data/raw/sec_companyfacts/CIK0001145197_5ef7d6ffb5b20b39.json
PODD,Insulet Corporation,Medical Devices,0001145197,2019,129700000.0,129.7,ResearchAndDevelopmentExpense,10-K,2020-02-26,https://data.sec.gov/api/xbrl/companyfacts/CIK0001145197.json,2026-05-27T18:35:39.477974+00:00,data/raw/sec_companyfacts/CIK0001145197_5ef7d6ffb5b20b39.json
PODD,Insulet Corporation,Medical Devices,0001145197,2020,146800000.0,146.8,ResearchAndDevelopmentExpense,10-K,2021-02-24,https://data.sec.gov/api/xbrl/companyfacts/CIK0001145197.json,2026-05-27T18:35:39.477974+00:00,data/raw/sec_companyfacts/CIK0001145197_5ef7d6ffb5b20b39.json
PODD,Insulet Corporation,Medical Devices,0001145197,2021,160100000.0,160.1,ResearchAndDevelopmentExpense,10-K,2022-02-24,https://data.sec.gov/api/xbrl/companyfacts/CIK0001145197.json,2026-05-27T18:35:39.477974+00:00,data/raw/sec_companyfacts/CIK0001145197_5ef7d6ffb5b20b39.json
PODD,Insulet Corporation,Medical Devices,0001145197,2022,180200000.0,180.2,ResearchAndDevelopmentExpense,10-K,2023-02-24,https://data.sec.gov/api/xbrl/companyfacts/CIK0001145197.json,2026-05-27T18:35:39.477974+00:00,data/raw/sec_companyfacts/CIK0001145197_5ef7d6ffb5b20b39.json
PODD,Insulet Corporation,Medical Devices,0001145197,2023,205000000.0,205.0,ResearchAndDevelopmentExpense,10-K,2024-02-23,https://data.sec.gov/api/xbrl/companyfacts/CIK0001145197.json,2026-05-27T18:35:39.477974+00:00,data/raw/sec_companyfacts/CIK0001145197_5ef7d6ffb5b20b39.json
PODD,Insulet Corporation,Medical Devices,0001145197,2024,219600000.0,219.6,ResearchAndDevelopmentExpense,10-K,2025-02-21,https://data.sec.gov/api/xbrl/companyfacts/CIK0001145197.json,2026-05-27T18:35:39.477974+00:00,data/raw/sec_companyfacts/CIK0001145197_5ef7d6ffb5b20b39.json
PODD,Insulet Corporation,Medical Devices,0001145197,2025,301100000.0,301.1,ResearchAndDevelopmentExpense,10-K,2026-02-18,https://data.sec.gov/api/xbrl/companyfacts/CIK0001145197.json,2026-05-27T18:35:39.477974+00:00,data/raw/sec_companyfacts/CIK0001145197_5ef7d6ffb5b20b39.json
