region,city,report_year,report_week,year_week,cluster_id,risk_level,risk_score,avg_temperature,avg_humidity,precipitation_total,wind_speed,influenza_ili_percent_north,influenza_ili_percent_south,influenza_outbreak_count,resp_outpatient_ili_influenza_positive_rate,resp_outpatient_ili_covid_positive_rate,resp_outpatient_ili_rsv_positive_rate,resp_outpatient_ili_mycoplasma_positive_rate,resp_hospital_sari_influenza_positive_rate,resp_hospital_sari_covid_positive_rate
上海,上海,2024,1,2024-W01,1,中风险,8.4,5.0871,81.3957,3.4,3.2614,7.1,9.7,,,,,,,
上海,上海,2024,2,2024-W02,1,中风险,7.5,7.2157,77.1357,0.28,3.0557,6.3,8.7,,,,,,,
上海,上海,2024,3,2024-W03,1,中风险,6.85,6.8814,85.2314,24.78,4.7843,6,7.7,,,,,,,
上海,上海,2024,4,2024-W04,1,中风险,6.1,0.9914,65.2143,0.03,4.2071,5.2,7,,,,,,,
上海,上海,2024,5,2024-W05,1,中风险,5.7,6.68,89.2629,75.98,4.1586,5,6.4,,,,,,,
上海,上海,2024,6,2024-W06,1,中风险,6.8,4.1114,77.4543,4.27,3.9343,5.7,7.9,,,,,,,
上海,上海,2024,7,2024-W07,1,中风险,6.65,10.2771,80.3171,5.17,3.6943,5.7,7.6,,,,,,,
上海,上海,2024,8,2024-W08,1,中风险,5,5.3886,87.7257,76.28,5.7314,4.3,5.7,,,,,,,
上海,上海,2024,9,2024-W09,1,中风险,4.1,5.5214,81.0086,48.23,3.6529,4.3,5,3,,,,,,
上海,上海,2024,10,2024-W10,1,中风险,10.5333,8.3414,81.3914,23.38,4.0129,4.1,5.5,22,,,,,,
上海,上海,2024,11,2024-W11,1,中风险,10.8333,10.9129,84.4943,5.79,3.3729,4.1,5.4,23,,,,,,
上海,上海,2024,12,2024-W12,1,中风险,6.3,12.9929,78.8271,9.64,3.67,3.9,5,10,,,,,,
上海,上海,2024,13,2024-W13,1,中风险,6.8333,14.6486,82.9657,41.5,4.2229,3.8,4.7,12,,,,,,
上海,上海,2024,14,2024-W14,1,中风险,4.5,15.1686,82.5014,33.5,3.8729,3.8,4.7,5,,,,,,
上海,上海,2024,15,2024-W15,1,中风险,3.9667,15.8057,86.7357,60.81,3.5957,3.6,4.3,4,,,,,,
上海,上海,2024,16,2024-W16,1,中风险,4.3667,17.0429,83.7286,66.01,4,3.5,4.6,5,,,,,,
上海,上海,2024,17,2024-W17,1,中风险,5.4333,18.0529,82.3457,21.25,3.2614,3.6,4.7,8,,,,,,
上海,上海,2024,18,2024-W18,1,中风险,4.4,17.4471,81.4543,36,4.05,3.8,5,,,,,,,
上海,上海,2024,19,2024-W19,1,中风险,4.5,19.8186,77.71,34.2,3.47,3.6,4.9,5,,,,,,
上海,上海,2024,20,2024-W20,1,中风险,7.3667,20.1071,73.8757,0.81,3.92,4,5.1,13,,,,,,
上海,上海,2024,21,2024-W21,1,中风险,6.9,22.88,85.0729,2.1,3.5243,3.9,4.8,12,,,,,,
上海,上海,2024,22,2024-W22,1,中风险,5.9667,21.3914,77.1,56.97,4.0329,3.8,5.1,9,,,,,,
上海,上海,2024,23,2024-W23,1,中风险,3.6,22.7014,77.9471,9.2,3.05,3.9,4.9,2,,,,,,
上海,上海,2024,24,2024-W24,1,中风险,4.3667,25.2343,80.8643,13.66,2.9643,4,5.1,4,,,,,,
上海,上海,2024,25,2024-W25,1,中风险,6.0333,26.04,85.5929,114.36,3.96,3.9,5.2,9,,,,,,
上海,上海,2024,26,2024-W26,1,中风险,4.3,25.4886,89.6071,219.32,3.3071,3.8,5.1,4,,,,,,
上海,上海,2024,27,2024-W27,1,中风险,4.6333,30.0586,81.2014,14.32,3.0414,3.8,5.1,5,,,,,,
上海,上海,2024,28,2024-W28,1,中风险,4.5,29.0671,86.1143,83.75,3.0186,4.1,4.9,,,,,,,
上海,上海,2024,29,2024-W29,1,中风险,4.25,30.6329,81.09,6.26,2.83,3.8,4.7,,,,,,,
上海,上海,2024,30,2024-W30,1,中风险,4.2,29.8471,84.3686,12.34,7.34,3.9,4.5,,,,,,,
上海,上海,2024,31,2024-W31,1,中风险,4,31.6857,78.2714,1.05,3.0229,3.8,4.2,,,,,,,
上海,上海,2024,32,2024-W32,1,中风险,3.7,31.4686,79.0071,2.86,2.3,3.5,3.9,,,,,,,
上海,上海,2024,33,2024-W33,1,中风险,3.6,30.3443,80.1886,20.34,2.8543,3.6,3.6,,,,,,,
上海,上海,2024,34,2024-W34,1,中风险,3.4,30.8357,78.51,14.46,3.1543,3.6,3.2,,,,,,,
上海,上海,2024,35,2024-W35,1,中风险,3.25,30.6443,74.4657,6.78,3.05,3.4,3.1,,,,,,,
上海,上海,2024,36,2024-W36,1,中风险,3.3,30.2629,76.0671,6.45,3.7157,3.4,3.2,,,,,,,
上海,上海,2024,37,2024-W37,1,中风险,4.9667,29.5286,81.6129,87.11,4.7629,3.4,3.5,8,,,,,,
上海,上海,2024,38,2024-W38,1,中风险,3.1,27.4486,86.5771,138.93,5.8057,3.6,3.7,2,,,,,,
上海,上海,2024,39,2024-W39,1,中风险,3.6333,24.6843,82.09,17.16,3.4357,3.2,3.7,4,,,,,,
上海,上海,2024,40,2024-W40,1,中风险,3.85,21.9286,78.1257,42.33,5.6643,3.6,4.1,,,,,,,
上海,上海,2024,41,2024-W41,1,中风险,2.5,20.1414,77.73,14.67,3.4529,3.2,3.3,1,,,,,,
上海,上海,2024,42,2024-W42,1,中风险,5.7,22.1314,85.4586,24.72,3.9343,3.4,,8,,,,,,
上海,上海,2024,43,2024-W43,1,中风险,5.15,19.5171,84.9429,43.23,4.3557,3.3,,7,,,,,,
上海,上海,2024,44,2024-W44,1,中风险,4.3,18.2114,84.7014,173.86,5.51,3.5,3.4,6,,,,,,
上海,上海,2024,45,2024-W45,1,中风险,4.4,16.1229,81.2471,4.87,4.4971,3.6,3.6,6,,,,,,
上海,上海,2024,46,2024-W46,1,中风险,8.4,18.3186,87.9229,32.6,3.6257,3.8,,13,,,,,,
上海,上海,2024,47,2024-W47,1,中风险,12.05,12.4057,78.21,0.22,4.1386,4.1,,20,,,,,,
上海,上海,2024,48,2024-W48,1,中风险,12.9667,9.3729,72.35,9.65,4.3671,4.4,3.5,31,,,,,,
上海,上海,2024,49,2024-W49,1,中风险,16.0667,9.5486,80.0043,1.24,3.6757,4.6,3.6,40,,,,,,
上海,上海,2024,50,2024-W50,1,中风险,41.1333,6.13,78.2443,15.75,4.4243,5.4,4,114,,,,,,
上海,上海,2024,51,2024-W51,1,中风险,81.25,4.3186,76.3157,0,3.9457,6.5,,156,,,,,,
上海,上海,2024,52,2024-W52,1,中风险,89.1,4.84,76.8743,0.02,3.3329,7.2,,171,,,,,,
上海,上海,2025,1,2025-W01,1,中风险,53.2333,5.92,80.75,0.01,2.82,7.5,7.2,145,,,,,,
上海,上海,2025,2,2025-W02,1,中风险,43.7,2.8114,69.6871,0,3.8114,6.2,6.9,118,,,,,,
上海,上海,2025,3,2025-W03,1,中风险,10.5333,5.1329,66.82,0,2.5114,5.1,6.5,20,,,,,,
上海,上海,2025,4,2025-W04,1,中风险,4.1667,8.13,85.0129,4.57,3.6643,4.2,5.3,3,,,,,,
上海,上海,2025,5,2025-W05,1,中风险,6.45,4.9114,74.3686,19.7,4.41,5.5,7.4,,,,,,,
上海,上海,2025,6,2025-W06,1,中风险,3.4667,1.9429,63.91,0.01,4.1971,3.9,5.5,1,,,,,,
上海,上海,2025,7,2025-W07,1,中风险,3.0333,6.5014,79.9714,8.52,3.3314,3.4,4.7,1,,,,,,
上海,上海,2025,8,2025-W08,1,中风险,6.4667,5.6157,75.3286,8.18,4.03,3.1,4.3,12,,,,,,
上海,上海,2025,9,2025-W09,1,中风险,16.4333,11.3743,78.2443,2.76,2.7857,3.1,4.2,42,,,,,,
上海,上海,2025,10,2025-W10,1,中风险,10.0333,7.7257,78.4986,20.73,4.6,3.2,3.9,23,,,,,,
上海,上海,2025,11,2025-W11,1,中风险,6.7333,10.8557,84.39,45.49,4.5971,3.2,4,13,,,,,,
上海,上海,2025,12,2025-W12,1,中风险,3.8,11.5929,63.42,0.38,3.7229,3.3,4.1,4,,,,,,
上海,上海,2025,13,2025-W13,1,中风险,4.1667,14.7771,67.7886,13.57,4.0043,3.4,4.1,5,,,,,,
上海,上海,2025,14,2025-W14,1,中风险,3.4333,12.8686,68.9029,0.33,3.3571,3.4,3.9,3,,,,,,
上海,上海,2025,15,2025-W15,1,中风险,3.55,18.4029,68.3429,23.72,4.7629,3.2,3.9,,,,,,,
上海,上海,2025,16,2025-W16,1,中风险,3.7,19.61,69.0257,0.18,4.2871,3.3,4.1,,,,,,,
上海,上海,2025,17,2025-W17,1,中风险,3.6,18.4743,71.1714,13.59,3.9757,3.3,3.9,,,,,,,
上海,上海,2025,18,2025-W18,1,中风险,3.8,20.6857,64.7929,0.28,4.4771,3.4,4.2,,,,,,,
上海,上海,2025,19,2025-W19,1,中风险,3.6,20.1857,75.3143,73.49,5.0586,3.1,4.1,,,,,,,
上海,上海,2025,20,2025-W20,1,中风险,2.9333,23.4386,71.2229,16.44,3.6571,3.1,4.7,1,,,,,,
上海,上海,2025,21,2025-W21,1,中风险,5.3,23.6057,78.8143,79.37,4.0286,3.2,4.7,8,,,,,,
上海,上海,2025,22,2025-W22,1,中风险,3.9667,21.4071,77.1457,28.86,3.7457,3.1,4.8,4,,,,,,
上海,上海,2025,23,2025-W23,1,中风险,3.2,24.6271,76.8429,84.87,3.3029,3.1,4.5,2,,,,,,
上海,上海,2025,24,2025-W24,1,中风险,3.0667,24.5671,87.7443,107.97,3.6486,2.9,4.3,2,,,,,,
上海,上海,2025,25,2025-W25,2,低风险,3.9444,26.8757,83.2029,86.3,3.72,2.9,4.3,1,1.5,15.4,2.9,0.1,0.7,6.7
上海,上海,2025,26,2025-W26,2,低风险,3.9778,26.9257,83.9857,41.57,2.6571,3,4.3,2,1.6,14,3,0.2,0.8,6.9
上海,上海,2025,27,2025-W27,2,低风险,3.6889,29.8586,81.9686,0.32,4.0643,2.9,4.2,2,1.8,11.9,3.3,0.3,0.5,6.3
上海,上海,2025,28,2025-W28,2,低风险,3.7778,28.4829,85.0843,50.97,5.5514,2.7,4,1,1.8,13.4,3.3,0.2,0.8,6.8
上海,上海,2025,29,2025-W29,2,低风险,4.1625,29.47,81.8129,44.97,3.9557,2.6,3.8,,2.4,14,4.3,0.5,0.6,5.1
上海,上海,2025,30,2025-W30,2,低风险,3.8625,28.7114,85.7143,41.22,6.2457,2.6,3.6,,2.2,13.5,3.4,0.6,0.7,4.3
上海,上海,2025,31,2025-W31,2,低风险,3.9625,28.8386,85.1043,271.44,5.1957,2.6,3.5,,2.3,13.6,3.8,0.6,0.9,4.4
上海,上海,2025,32,2025-W32,2,低风险,3.4875,30.7514,81.0929,9.34,3.16,2.5,3.5,,1.5,10.8,3.9,0.4,0.9,4.4
上海,上海,2025,33,2025-W33,2,低风险,3.5111,29.6271,81.8871,8.47,3.8514,2.5,3.4,2,1.5,11.9,3.6,0.6,0.5,5.6
上海,上海,2025,34,2025-W34,2,低风险,3.3375,30.5486,80.3757,1.75,2.2443,2.5,3.2,,1.9,10.5,3.2,0.5,0.6,4.3
上海,上海,2025,35,2025-W35,2,低风险,3.1875,30.0871,78.3614,17.01,2.6371,2.5,3.1,,2.4,8.5,3.7,0.4,0.6,4.3
上海,上海,2025,36,2025-W36,2,低风险,2.8444,29.8386,79.6243,78.76,1.7671,2.7,3.4,1,3.3,6.8,3.5,0.4,0.8,3.7
上海,上海,2025,37,2025-W37,2,低风险,3.3875,28.2314,82.4129,21.05,2.5243,2.8,3.6,,3.6,6.8,5.6,0.4,1,3.3
上海,上海,2025,38,2025-W38,1,中风险,4.2889,27.4843,80.1757,25.75,3.59,2.9,3.8,13,3.5,5.3,5.9,0.3,1.1,2.8
上海,上海,2025,39,2025-W39,1,中风险,4.5667,27.7743,84.53,15.31,2.7314,2.9,3.8,16,4.1,3.6,7.6,0.2,1,1.9
上海,上海,2025,40,2025-W40,1,中风险,3.8,26.5171,82.5129,26.95,2.8043,3.3,4.4,11,3,3.2,5.7,0.3,1.2,2.1
上海,上海,2025,41,2025-W41,1,中风险,2.9111,26.9,81.6857,0.13,2.69,2.8,4.1,4,3.5,2.3,6.7,0.3,1.1,1.4
上海,上海,2025,42,2025-W42,1,中风险,8.4625,24.2129,81.8014,50.06,4.2829,2.7,,49,5.8,1.8,5.6,0.5,1.3,1
上海,上海,2025,43,2025-W43,1,中风险,21.2875,17.3871,72.7043,0.3,6.4443,3.6,,144,10.5,1.5,7,0.4,2.4,0.9
上海,上海,2025,44,2025-W44,1,中风险,43.0889,17.1571,76.22,8.22,3.8257,5.1,4.6,347,17.5,1.4,6.6,0.4,4.2,1
上海,上海,2025,45,2025-W45,0,高风险,75.6222,17.1743,82.1157,13.01,4.0571,6.1,5.5,621,29.8,1.1,6.1,0.5,9.8,0.7
上海,上海,2025,46,2025-W46,0,高风险,127.3125,15.7886,77.4843,3.43,4.0986,7,,955,38.1,0.5,5,0.3,11.4,1.2
上海,上海,2025,47,2025-W47,0,高风险,163.8,9.7,64.92,1.65,3.9657,8.6,,1234,44.8,0.6,4.3,0.6,16.4,1.1
上海,上海,2025,48,2025-W48,0,高风险,203.2,10.4043,58.9129,0,3.1271,9.1,,1541,51.1,0.6,3.5,0.3,19,1
上海,上海,2025,49,2025-W49,0,高风险,146.6111,9.6071,69.57,0.01,3.4714,7.9,11.1,1219,54.2,0.3,4,0.2,22.1,0.7
上海,上海,2025,50,2025-W50,0,高风险,82.9111,9.8371,74.8571,0.79,4.3757,6.3,9.7,651,50.2,0.5,4.9,0.2,22.5,0.9
上海,上海,2025,51,2025-W51,0,高风险,34.2625,9.7671,73.5543,0.83,3.4214,4.9,,201,41.9,0.7,6.1,0.4,18.6,0.5
上海,上海,2025,52,2025-W52,1,中风险,17.9875,7.1586,73.61,6.68,3.62,4.2,,82,33.7,0.7,7.2,0.3,14.5,1.3
上海,上海,2026,1,2026-W01,1,中风险,10.6444,5.52,71.2886,4.41,4.3786,4.1,5.4,37,27.4,1.1,8.8,0.2,10.6,1.2
上海,上海,2026,2,2026-W02,1,中风险,7.7889,3.9771,68.4243,0.8,3.9386,3.7,4.8,19,23.3,1.1,9.8,0.3,7.1,1
上海,上海,2026,3,2026-W03,1,中风险,7.3222,9.4114,75.7243,0.09,3.2714,3.5,4.7,18,21.3,0.9,9.3,0.3,6.9,1
上海,上海,2026,4,2026-W04,1,中风险,5.9333,3.6229,71.1371,3.14,4.7814,3.4,4.3,8,18.8,1.5,8.3,0.2,7.7,1.2
上海,上海,2026,5,2026-W05,1,中风险,5.2222,5.6229,78.6,27.87,4.4986,3.3,4,4,17.1,2.3,7.9,0.2,6.4,1.8
上海,上海,2026,6,2026-W06,1,中风险,4.6375,5.4543,71.6714,15.03,4.2429,3,3.3,,13,2.2,8.6,0.2,5.1,1.7
上海,上海,2026,7,2026-W07,1,中风险,3.8222,8.7357,77.6371,3.95,2.7714,2.9,3.6,1,11,1.7,8,0.2,4.9,1.1
上海,上海,2026,8,2026-W08,1,中风险,4.425,9.1357,67.0557,13.83,3.8214,4.9,4.8,,10.5,1.3,8,0,4.4,1.5
上海,上海,2026,9,2026-W09,1,中风险,3.95,10.19,85.2057,69.98,4.28,3,3,,11,2.3,6.6,0.2,4.1,1.4
上海,上海,2026,10,2026-W10,1,中风险,3.6125,8.78,78.7529,5.96,4.4414,2.8,2.8,,9.4,2.6,6.8,0.2,3.3,1
上海,上海,2026,11,2026-W11,1,中风险,4.0556,9.3657,73.9471,0.11,3.6429,3,3,6,11.3,2.3,5.8,0.2,3.6,1.3
上海,上海,2026,12,2026-W12,1,中风险,7.3556,10.8371,81.5014,20.04,3.3657,3.5,3.3,32,13.3,2.7,4.4,0.2,5.7,1.1
上海,上海,2026,13,2026-W13,1,中风险,11.1667,13.6843,80.3843,7.96,3.1229,3.6,3.5,64,15.5,2.4,3.9,0.1,6.2,1.3
上海,上海,2026,14,2026-W14,1,中风险,10.1778,16.2929,80.09,34.98,4.0129,3.6,3.6,56,16.3,2,4,0.2,5,0.9
上海,上海,2026,15,2026-W15,1,中风险,6.2333,17.1471,76.3843,15.8,5.0186,3.6,3.7,23,15.3,1.8,2.6,0.3,5.5,0.3
上海,上海,2026,16,2026-W16,1,中风险,5.3778,17.2957,80.6214,6.69,3.2914,3.5,3.7,18,13.4,1.3,2.6,0.2,4.9,0.8
上海,上海,2026,17,2026-W17,1,中风险,5.8,16.6529,76.1814,32.13,3.6671,3.7,3.9,20,14.8,1.3,2.3,0.2,5.3,0.7
上海,上海,2026,18,2026-W18,1,中风险,5.7222,16.8371,77.2514,35.68,4.1243,3.3,4.1,22,13.3,1.5,1.7,0.1,4.9,0.6
上海,上海,2026,19,2026-W19,1,中风险,3.9111,19.0029,70.8171,0.37,2.9643,3.6,4.1,7,12.2,1.4,2,0.1,4.2,0.6
上海,上海,2026,20,2026-W20,1,中风险,5.0333,22.3883,82.16,3.92,3.4017,3.4,4.2,18,11.9,1.7,1.2,0.2,4,0.7
云南,昆明,2024,1,2024-W01,1,中风险,8.4,8.2743,74.0771,0,2.5214,7.1,9.7,,,,,,,
云南,昆明,2024,2,2024-W02,1,中风险,7.5,9.0814,66.7071,0,1.9571,6.3,8.7,,,,,,,
云南,昆明,2024,3,2024-W03,1,中风险,6.85,9.4829,78.2571,13.04,2.6457,6,7.7,,,,,,,
云南,昆明,2024,4,2024-W04,1,中风险,6.1,6.3029,86.2429,10.8,2.5129,5.2,7,,,,,,,
云南,昆明,2024,5,2024-W05,1,中风险,5.7,8.2686,71.6786,3.2,3.3457,5,6.4,,,,,,,
云南,昆明,2024,6,2024-W06,1,中风险,6.8,8.5729,71.2257,0.18,3.1371,5.7,7.9,,,,,,,
云南,昆明,2024,7,2024-W07,1,中风险,6.65,10.9143,65.2371,0,3.33,5.7,7.6,,,,,,,
云南,昆明,2024,8,2024-W08,1,中风险,5,12.35,62.8386,0.16,4.03,4.3,5.7,,,,,,,
云南,昆明,2024,9,2024-W09,1,中风险,4.1,13.3157,61.3629,0.03,3.9143,4.3,5,3,,,,,,
云南,昆明,2024,10,2024-W10,1,中风险,10.5333,13.4457,51.8129,0,3.7614,4.1,5.5,22,,,,,,
云南,昆明,2024,11,2024-W11,1,中风险,10.8333,13.7886,55.1743,0,3.2943,4.1,5.4,23,,,,,,
云南,昆明,2024,12,2024-W12,1,中风险,6.3,14.7829,64.42,1.54,3.83,3.9,5,10,,,,,,
云南,昆明,2024,13,2024-W13,1,中风险,6.8333,16.2186,59.6214,3.18,3.2486,3.8,4.7,12,,,,,,
云南,昆明,2024,14,2024-W14,1,中风险,4.5,17.8986,55.11,0.03,4.47,3.8,4.7,5,,,,,,
云南,昆明,2024,15,2024-W15,1,中风险,3.9667,18.8543,52.8243,0.15,3.4829,3.6,4.3,4,,,,,,
云南,昆明,2024,16,2024-W16,1,中风险,4.3667,18.1871,59.3343,3.41,3.5386,3.5,4.6,5,,,,,,
云南,昆明,2024,17,2024-W17,1,中风险,5.4333,19.02,52.3157,0.22,3.9257,3.6,4.7,8,,,,,,
云南,昆明,2024,18,2024-W18,1,中风险,4.4,19.1043,52.4486,2.84,3.78,3.8,5,,,,,,,
云南,昆明,2024,19,2024-W19,1,中风险,4.5,18.3229,67.4314,15.01,2.5271,3.6,4.9,5,,,,,,
云南,昆明,2024,20,2024-W20,1,中风险,7.3667,20.2443,66.9329,10.75,2.74,4,5.1,13,,,,,,
云南,昆明,2024,21,2024-W21,1,中风险,6.9,19.6743,67.4829,18.49,2.2143,3.9,4.8,12,,,,,,
云南,昆明,2024,22,2024-W22,1,中风险,5.9667,21.1771,71.88,20.63,3.0357,3.8,5.1,9,,,,,,
云南,昆明,2024,23,2024-W23,1,中风险,3.6,21.3543,73.1471,92.55,2.36,3.9,4.9,2,,,,,,
云南,昆明,2024,24,2024-W24,1,中风险,4.3667,21.3171,77.1043,68.33,2.4843,4,5.1,4,,,,,,
云南,昆明,2024,25,2024-W25,1,中风险,6.0333,22.03,74.6143,26.01,2.89,3.9,5.2,9,,,,,,
云南,昆明,2024,26,2024-W26,1,中风险,4.3,20.19,79.4929,30.97,3.1357,3.8,5.1,4,,,,,,
云南,昆明,2024,27,2024-W27,1,中风险,4.6333,20.6257,77.1057,20.42,3.2586,3.8,5.1,5,,,,,,
云南,昆明,2024,28,2024-W28,1,中风险,4.5,21.9414,74.0471,5,3.0443,4.1,4.9,,,,,,,
云南,昆明,2024,29,2024-W29,1,中风险,4.25,22.0186,74.6129,26.15,2.6771,3.8,4.7,,,,,,,
云南,昆明,2024,30,2024-W30,1,中风险,4.2,22.9857,72.2943,59.11,1.5614,3.9,4.5,,,,,,,
云南,昆明,2024,31,2024-W31,1,中风险,4,20.6114,78.9543,68.03,1.95,3.8,4.2,,,,,,,
云南,昆明,2024,32,2024-W32,1,中风险,3.7,21.0129,76.0543,18.36,2.26,3.5,3.9,,,,,,,
云南,昆明,2024,33,2024-W33,1,中风险,3.6,21.14,71.6929,33.1,1.9014,3.6,3.6,,,,,,,
云南,昆明,2024,34,2024-W34,1,中风险,3.4,21.1686,75.1329,17.1,1.3386,3.6,3.2,,,,,,,
云南,昆明,2024,35,2024-W35,1,中风险,3.25,21.7129,74.2743,30.64,1.5643,3.4,3.1,,,,,,,
云南,昆明,2024,36,2024-W36,1,中风险,3.3,20.0657,77.6514,50.81,2.0157,3.4,3.2,,,,,,,
云南,昆明,2024,37,2024-W37,1,中风险,4.9667,19.2457,79.6457,27.45,2.2643,3.4,3.5,8,,,,,,
云南,昆明,2024,38,2024-W38,1,中风险,3.1,19.4786,77.2529,38.85,2.53,3.6,3.7,2,,,,,,
云南,昆明,2024,39,2024-W39,1,中风险,3.6333,19.7043,76.6057,5.11,2.1114,3.2,3.7,4,,,,,,
云南,昆明,2024,40,2024-W40,1,中风险,3.85,16.6086,78.2729,14.86,2.79,3.6,4.1,,,,,,,
云南,昆明,2024,41,2024-W41,1,中风险,2.5,16.81,83.5171,32.83,2.3686,3.2,3.3,1,,,,,,
云南,昆明,2024,42,2024-W42,1,中风险,5.7,16.8714,78.16,31.26,1.9414,3.4,,8,,,,,,
云南,昆明,2024,43,2024-W43,1,中风险,5.15,16.3686,77.6514,4.45,2.0771,3.3,,7,,,,,,
云南,昆明,2024,44,2024-W44,1,中风险,4.3,15.5629,78.2229,7.7,1.9429,3.5,3.4,6,,,,,,
云南,昆明,2024,45,2024-W45,1,中风险,4.4,13.1271,82.1714,35.17,1.8729,3.6,3.6,6,,,,,,
云南,昆明,2024,46,2024-W46,1,中风险,8.4,13.6929,71.63,0,1.9643,3.8,,13,,,,,,
云南,昆明,2024,47,2024-W47,1,中风险,12.05,12.1743,81.5571,15.58,2.12,4.1,,20,,,,,,
云南,昆明,2024,48,2024-W48,1,中风险,12.9667,8.8686,83.8657,15.53,2.3543,4.4,3.5,31,,,,,,
云南,昆明,2024,49,2024-W49,1,中风险,16.0667,10.4857,77.9671,0.07,2.4486,4.6,3.6,40,,,,,,
云南,昆明,2024,50,2024-W50,1,中风险,41.1333,9.6357,79.6429,0.13,2.8529,5.4,4,114,,,,,,
云南,昆明,2024,51,2024-W51,1,中风险,81.25,8.8614,80.7971,0.25,2.4157,6.5,,156,,,,,,
云南,昆明,2024,52,2024-W52,1,中风险,89.1,8.9286,78.84,0.38,2.3857,7.2,,171,,,,,,
云南,昆明,2025,1,2025-W01,1,中风险,53.2333,9.3014,76.6171,0,2.1886,7.5,7.2,145,,,,,,
云南,昆明,2025,2,2025-W02,1,中风险,43.7,6.9371,81.7386,4.19,2.53,6.2,6.9,118,,,,,,
云南,昆明,2025,3,2025-W03,1,中风险,10.5333,7.6729,78.1043,0.01,2.3957,5.1,6.5,20,,,,,,
云南,昆明,2025,4,2025-W04,1,中风险,4.1667,8.3743,72.7257,0.53,3.0729,4.2,5.3,3,,,,,,
云南,昆明,2025,5,2025-W05,1,中风险,6.45,6.4357,78.8186,4.49,2.9686,5.5,7.4,,,,,,,
云南,昆明,2025,6,2025-W06,1,中风险,3.4667,7.9557,79.2014,0.11,2.9586,3.9,5.5,1,,,,,,
云南,昆明,2025,7,2025-W07,1,中风险,3.0333,10.95,68.4571,2.02,3.5671,3.4,4.7,1,,,,,,
云南,昆明,2025,8,2025-W08,1,中风险,6.4667,11.4829,66.1286,1.74,3.0414,3.1,4.3,12,,,,,,
云南,昆明,2025,9,2025-W09,1,中风险,16.4333,11.9757,62.3729,7.93,3.9129,3.1,4.2,42,,,,,,
云南,昆明,2025,10,2025-W10,1,中风险,10.0333,11.7429,68.1871,2.34,3.55,3.2,3.9,23,,,,,,
云南,昆明,2025,11,2025-W11,1,中风险,6.7333,13.5814,60.9014,0.6,3.5686,3.2,4,13,,,,,,
云南,昆明,2025,12,2025-W12,1,中风险,3.8,9.9686,78.9,8.42,2.9129,3.3,4.1,4,,,,,,
云南,昆明,2025,13,2025-W13,1,中风险,4.1667,15.5157,57.5557,0.25,3.5314,3.4,4.1,5,,,,,,
云南,昆明,2025,14,2025-W14,1,中风险,3.4333,15.9071,66.4014,0.15,3.0686,3.4,3.9,3,,,,,,
云南,昆明,2025,15,2025-W15,1,中风险,3.55,16.1543,61.7086,2.83,3.0829,3.2,3.9,,,,,,,
云南,昆明,2025,16,2025-W16,1,中风险,3.7,17.4571,66.6214,1.21,3.0986,3.3,4.1,,,,,,,
云南,昆明,2025,17,2025-W17,1,中风险,3.6,19.3643,59.1214,1.38,3.5514,3.3,3.9,,,,,,,
云南,昆明,2025,18,2025-W18,1,中风险,3.8,17.48,67.1743,20.47,2.6057,3.4,4.2,,,,,,,
云南,昆明,2025,19,2025-W19,1,中风险,3.6,19.56,62.1957,19.73,3.0414,3.1,4.1,,,,,,,
云南,昆明,2025,20,2025-W20,1,中风险,2.9333,19.9543,71.2129,22.76,2.4543,3.1,4.7,1,,,,,,
云南,昆明,2025,21,2025-W21,1,中风险,5.3,19.0486,71.6014,47.74,2.9529,3.2,4.7,8,,,,,,
云南,昆明,2025,22,2025-W22,1,中风险,3.9667,18.5957,80.9014,46.01,3.2586,3.1,4.8,4,,,,,,
云南,昆明,2025,23,2025-W23,1,中风险,3.2,20.5329,73.5914,33.27,2.3429,3.1,4.5,2,,,,,,
云南,昆明,2025,24,2025-W24,1,中风险,3.0667,20.4671,69.3271,69.01,2.2043,2.9,4.3,2,,,,,,
云南,昆明,2025,25,2025-W25,2,低风险,3.9444,20.5757,78.2014,61.31,2.38,2.9,4.3,1,1.5,15.4,2.9,0.1,0.7,6.7
云南,昆明,2025,26,2025-W26,2,低风险,3.9778,19.8514,80.8471,67.98,2.2086,3,4.3,2,1.6,14,3,0.2,0.8,6.9
云南,昆明,2025,27,2025-W27,2,低风险,3.6889,20.0414,79.3743,36.34,2.2114,2.9,4.2,2,1.8,11.9,3.3,0.3,0.5,6.3
云南,昆明,2025,28,2025-W28,2,低风险,3.7778,20.4586,77.8514,23.5,2.3786,2.7,4,1,1.8,13.4,3.3,0.2,0.8,6.8
云南,昆明,2025,29,2025-W29,2,低风险,4.1625,21.5871,76.81,58.05,1.5714,2.6,3.8,,2.4,14,4.3,0.5,0.6,5.1
云南,昆明,2025,30,2025-W30,2,低风险,3.8625,20.5757,78.9786,74.28,2.6771,2.6,3.6,,2.2,13.5,3.4,0.6,0.7,4.3
云南,昆明,2025,31,2025-W31,2,低风险,3.9625,22.1057,72.4329,37.74,1.5443,2.6,3.5,,2.3,13.6,3.8,0.6,0.9,4.4
云南,昆明,2025,32,2025-W32,2,低风险,3.4875,21.7657,77.6343,45.03,1.9571,2.5,3.5,,1.5,10.8,3.9,0.4,0.9,4.4
云南,昆明,2025,33,2025-W33,2,低风险,3.5111,20.1943,79.44,36.45,1.84,2.5,3.4,2,1.5,11.9,3.6,0.6,0.5,5.6
云南,昆明,2025,34,2025-W34,2,低风险,3.3375,19.27,80.3729,90.63,2.3629,2.5,3.2,,1.9,10.5,3.2,0.5,0.6,4.3
云南,昆明,2025,35,2025-W35,2,低风险,3.1875,19.37,77.92,38.75,2.2757,2.5,3.1,,2.4,8.5,3.7,0.4,0.6,4.3
云南,昆明,2025,36,2025-W36,2,低风险,2.8444,20.3114,78.9857,13.3,1.8429,2.7,3.4,1,3.3,6.8,3.5,0.4,0.8,3.7
云南,昆明,2025,37,2025-W37,2,低风险,3.3875,19.7014,82.84,39.05,1.9286,2.8,3.6,,3.6,6.8,5.6,0.4,1,3.3
云南,昆明,2025,38,2025-W38,1,中风险,4.2889,19.5829,79.3357,8.19,1.9786,2.9,3.8,13,3.5,5.3,5.9,0.3,1.1,2.8
云南,昆明,2025,39,2025-W39,1,中风险,4.5667,17.8314,81.4657,49.89,2.5729,2.9,3.8,16,4.1,3.6,7.6,0.2,1,1.9
云南,昆明,2025,40,2025-W40,1,中风险,3.8,17.9443,84.8386,42.4,2.8986,3.3,4.4,11,3,3.2,5.7,0.3,1.2,2.1
云南,昆明,2025,41,2025-W41,1,中风险,2.9111,17.92,83.2614,34.36,2.54,2.8,4.1,4,3.5,2.3,6.7,0.3,1.1,1.4
云南,昆明,2025,42,2025-W42,1,中风险,8.4625,17.0729,83.6971,29.6,1.8071,2.7,,49,5.8,1.8,5.6,0.5,1.3,1
云南,昆明,2025,43,2025-W43,1,中风险,21.2875,14.4171,79.97,10.56,2.36,3.6,,144,10.5,1.5,7,0.4,2.4,0.9
云南,昆明,2025,44,2025-W44,1,中风险,43.0889,15.5757,83.4771,28.34,2.6629,5.1,4.6,347,17.5,1.4,6.6,0.4,4.2,1
云南,昆明,2025,45,2025-W45,0,高风险,75.6222,14.2443,86.5343,52.83,2.0829,6.1,5.5,621,29.8,1.1,6.1,0.5,9.8,0.7
云南,昆明,2025,46,2025-W46,0,高风险,127.3125,13.1943,78.79,3.64,1.8171,7,,955,38.1,0.5,5,0.3,11.4,1.2
云南,昆明,2025,47,2025-W47,0,高风险,163.8,8.3971,81.5829,7.17,2.4714,8.6,,1234,44.8,0.6,4.3,0.6,16.4,1.1
云南,昆明,2025,48,2025-W48,0,高风险,203.2,7.4571,64.3157,0.24,1.9557,9.1,,1541,51.1,0.6,3.5,0.3,19,1
云南,昆明,2025,49,2025-W49,0,高风险,146.6111,9.4,78.6043,0.46,2.13,7.9,11.1,1219,54.2,0.3,4,0.2,22.1,0.7
云南,昆明,2025,50,2025-W50,0,高风险,82.9111,8.5443,79.1414,0,2.1043,6.3,9.7,651,50.2,0.5,4.9,0.2,22.5,0.9
云南,昆明,2025,51,2025-W51,0,高风险,34.2625,8.1471,81.2914,5.75,2.0071,4.9,,201,41.9,0.7,6.1,0.4,18.6,0.5
云南,昆明,2025,52,2025-W52,1,中风险,17.9875,7.7214,82.3,0,2.38,4.2,,82,33.7,0.7,7.2,0.3,14.5,1.3
云南,昆明,2026,1,2026-W01,1,中风险,10.6444,7.5957,79.8143,1.16,2.63,4.1,5.4,37,27.4,1.1,8.8,0.2,10.6,1.2
云南,昆明,2026,2,2026-W02,1,中风险,7.7889,5.9814,83.0614,0.4,2.4929,3.7,4.8,19,23.3,1.1,9.8,0.3,7.1,1
云南,昆明,2026,3,2026-W03,1,中风险,7.3222,8.2357,73.2829,0.06,2.2129,3.5,4.7,18,21.3,0.9,9.3,0.3,6.9,1
云南,昆明,2026,4,2026-W04,1,中风险,5.9333,8.0829,70.3471,0,2.7014,3.4,4.3,8,18.8,1.5,8.3,0.2,7.7,1.2
云南,昆明,2026,5,2026-W05,1,中风险,5.2222,8.7514,69.7014,0,2.5229,3.3,4,4,17.1,2.3,7.9,0.2,6.4,1.8
云南,昆明,2026,6,2026-W06,1,中风险,4.6375,9.1157,69.5443,0.69,2.79,3,3.3,,13,2.2,8.6,0.2,5.1,1.7
云南,昆明,2026,7,2026-W07,1,中风险,3.8222,10.0543,64.8629,1,3.0286,2.9,3.6,1,11,1.7,8,0.2,4.9,1.1
云南,昆明,2026,8,2026-W08,1,中风险,4.425,11.7343,62.0886,0,2.7429,4.9,4.8,,10.5,1.3,8,0,4.4,1.5
云南,昆明,2026,9,2026-W09,1,中风险,3.95,11.1286,66.5886,0.22,3.2671,3,3,,11,2.3,6.6,0.2,4.1,1.4
云南,昆明,2026,10,2026-W10,1,中风险,3.6125,13.3071,70.9,2.32,2.5714,2.8,2.8,,9.4,2.6,6.8,0.2,3.3,1
云南,昆明,2026,11,2026-W11,1,中风险,4.0556,11.4086,80.9014,13.85,2.8,3,3,6,11.3,2.3,5.8,0.2,3.6,1.3
云南,昆明,2026,12,2026-W12,1,中风险,7.3556,12.8714,71.7571,2.95,3.4986,3.5,3.3,32,13.3,2.7,4.4,0.2,5.7,1.1
云南,昆明,2026,13,2026-W13,1,中风险,11.1667,14.6371,66.5043,13.66,3.6143,3.6,3.5,64,15.5,2.4,3.9,0.1,6.2,1.3
云南,昆明,2026,14,2026-W14,1,中风险,10.1778,16.2771,67.4114,1.59,3.9114,3.6,3.6,56,16.3,2,4,0.2,5,0.9
云南,昆明,2026,15,2026-W15,1,中风险,6.2333,15.8757,63.3986,0.15,4.1086,3.6,3.7,23,15.3,1.8,2.6,0.3,5.5,0.3
云南,昆明,2026,16,2026-W16,1,中风险,5.3778,17.3471,60.5171,0.14,2.9186,3.5,3.7,18,13.4,1.3,2.6,0.2,4.9,0.8
云南,昆明,2026,17,2026-W17,1,中风险,5.8,17.7686,66.9729,35.42,3.0757,3.7,3.9,20,14.8,1.3,2.3,0.2,5.3,0.7
云南,昆明,2026,18,2026-W18,1,中风险,5.7222,14.41,80.3657,54.31,2.3329,3.3,4.1,22,13.3,1.5,1.7,0.1,4.9,0.6
云南,昆明,2026,19,2026-W19,1,中风险,3.9111,15.5357,79.2786,23.28,1.2586,3.6,4.1,7,12.2,1.4,2,0.1,4.2,0.6
云南,昆明,2026,20,2026-W20,1,中风险,5.0333,18.0183,72.89,31.92,1.43,3.4,4.2,18,11.9,1.7,1.2,0.2,4,0.7
内蒙古,呼和浩特,2024,1,2024-W01,1,中风险,8.4,-13.2514,74.9886,0,2.4671,7.1,9.7,,,,,,,
内蒙古,呼和浩特,2024,2,2024-W02,1,中风险,7.5,-10.03,76.5157,0.96,2.3257,6.3,8.7,,,,,,,
内蒙古,呼和浩特,2024,3,2024-W03,1,中风险,6.85,-10.9257,81.0243,6.33,2.6614,6,7.7,,,,,,,
内蒙古,呼和浩特,2024,4,2024-W04,1,中风险,6.1,-16.3843,66.19,0,2.81,5.2,7,,,,,,,
内蒙古,呼和浩特,2024,5,2024-W05,1,中风险,5.7,-10.9071,73.8414,2.44,2.12,5,6.4,,,,,,,
内蒙古,呼和浩特,2024,6,2024-W06,1,中风险,6.8,-10.9757,75.7343,1.57,2.2429,5.7,7.9,,,,,,,
内蒙古,呼和浩特,2024,7,2024-W07,1,中风险,6.65,-5.72,69.9671,0.08,3.3843,5.7,7.6,,,,,,,
内蒙古,呼和浩特,2024,8,2024-W08,1,中风险,5,-11.0714,53.1743,4.41,3.2571,4.3,5.7,,,,,,,
内蒙古,呼和浩特,2024,9,2024-W09,1,中风险,4.1,-9.6186,64.4043,6.12,3.28,4.3,5,3,,,,,,
内蒙古,呼和浩特,2024,10,2024-W10,1,中风险,10.5333,-4.8543,55.3,1.72,2.87,4.1,5.5,22,,,,,,
内蒙古,呼和浩特,2024,11,2024-W11,1,中风险,10.8333,0.2357,45.8586,0.19,3.5414,4.1,5.4,23,,,,,,
内蒙古,呼和浩特,2024,12,2024-W12,1,中风险,6.3,1.0843,50.1114,4.79,3.0943,3.9,5,10,,,,,,
内蒙古,呼和浩特,2024,13,2024-W13,1,中风险,6.8333,4.5929,40.8329,0.16,4.4186,3.8,4.7,12,,,,,,
内蒙古,呼和浩特,2024,14,2024-W14,1,中风险,4.5,8.0986,40.1186,0.86,3.2186,3.8,4.7,5,,,,,,
内蒙古,呼和浩特,2024,15,2024-W15,1,中风险,3.9667,10.9857,45.06,6.79,3.6371,3.6,4.3,4,,,,,,
内蒙古,呼和浩特,2024,16,2024-W16,1,中风险,4.3667,8.5829,42.9643,19.27,3.6414,3.5,4.6,5,,,,,,
内蒙古,呼和浩特,2024,17,2024-W17,1,中风险,5.4333,10.1329,47.3571,23.58,3.7643,3.6,4.7,8,,,,,,
内蒙古,呼和浩特,2024,18,2024-W18,1,中风险,4.4,10.1443,48.0771,1.73,2.5657,3.8,5,,,,,,,
内蒙古,呼和浩特,2024,19,2024-W19,1,中风险,4.5,13.1214,36.9371,5.89,4.0071,3.6,4.9,5,,,,,,
内蒙古,呼和浩特,2024,20,2024-W20,1,中风险,7.3667,16.5343,31.3257,0,3.6486,4,5.1,13,,,,,,
内蒙古,呼和浩特,2024,21,2024-W21,1,中风险,6.9,18.46,51.3014,6.95,3.4186,3.9,4.8,12,,,,,,
内蒙古,呼和浩特,2024,22,2024-W22,1,中风险,5.9667,16.5357,43.9614,10.19,2.7957,3.8,5.1,9,,,,,,
内蒙古,呼和浩特,2024,23,2024-W23,1,中风险,3.6,16.52,60.8857,38.56,2.5014,3.9,4.9,2,,,,,,
内蒙古,呼和浩特,2024,24,2024-W24,1,中风险,4.3667,20.4086,39.9171,1.32,2.5414,4,5.1,4,,,,,,
内蒙古,呼和浩特,2024,25,2024-W25,1,中风险,6.0333,18.1729,56.8614,17.03,3.3457,3.9,5.2,9,,,,,,
内蒙古,呼和浩特,2024,26,2024-W26,1,中风险,4.3,19.9329,54.56,14.34,2.6,3.8,5.1,4,,,,,,
内蒙古,呼和浩特,2024,27,2024-W27,1,中风险,4.6333,19.53,60.8729,9.67,1.8671,3.8,5.1,5,,,,,,
内蒙古,呼和浩特,2024,28,2024-W28,1,中风险,4.5,22.5271,58.0714,9.41,1.6343,4.1,4.9,,,,,,,
内蒙古,呼和浩特,2024,29,2024-W29,1,中风险,4.25,22.9671,54.93,20.86,2.9714,3.8,4.7,,,,,,,
内蒙古,呼和浩特,2024,30,2024-W30,1,中风险,4.2,24.4514,48.0457,27.82,2.0986,3.9,4.5,,,,,,,
内蒙古,呼和浩特,2024,31,2024-W31,1,中风险,4,20.5086,70.7343,66.78,1.7286,3.8,4.2,,,,,,,
内蒙古,呼和浩特,2024,32,2024-W32,1,中风险,3.7,20.2414,67.6871,49.33,3.1743,3.5,3.9,,,,,,,
内蒙古,呼和浩特,2024,33,2024-W33,1,中风险,3.6,18.6786,72.1257,19.15,1.8043,3.6,3.6,,,,,,,
内蒙古,呼和浩特,2024,34,2024-W34,1,中风险,3.4,18.7386,71.0386,37.06,1.7529,3.6,3.2,,,,,,,
内蒙古,呼和浩特,2024,35,2024-W35,1,中风险,3.25,17.7543,70.3443,18.86,2.6929,3.4,3.1,,,,,,,
内蒙古,呼和浩特,2024,36,2024-W36,1,中风险,3.3,15.5614,81.42,74.7,2.7629,3.4,3.2,,,,,,,
内蒙古,呼和浩特,2024,37,2024-W37,1,中风险,4.9667,13.3014,79.7743,27.99,2.71,3.4,3.5,8,,,,,,
内蒙古,呼和浩特,2024,38,2024-W38,1,中风险,3.1,12.5143,84.5171,55.81,2.5586,3.6,3.7,2,,,,,,
内蒙古,呼和浩特,2024,39,2024-W39,1,中风险,3.6333,11.81,80.3729,30.79,3.2257,3.2,3.7,4,,,,,,
内蒙古,呼和浩特,2024,40,2024-W40,1,中风险,3.85,5.4157,76.11,1.96,2.8,3.6,4.1,,,,,,,
内蒙古,呼和浩特,2024,41,2024-W41,1,中风险,2.5,6.73,74,4.32,2.2857,3.2,3.3,1,,,,,,
内蒙古,呼和浩特,2024,42,2024-W42,1,中风险,5.7,4.9029,81.2686,23.33,3.2271,3.4,,8,,,,,,
内蒙古,呼和浩特,2024,43,2024-W43,1,中风险,5.15,2.4629,82.5129,14.35,2.27,3.3,,7,,,,,,
内蒙古,呼和浩特,2024,44,2024-W44,1,中风险,4.3,3.4714,82.3771,4.38,2.2929,3.5,3.4,6,,,,,,
内蒙古,呼和浩特,2024,45,2024-W45,1,中风险,4.4,1.4886,82.2743,0.03,1.9571,3.6,3.6,6,,,,,,
内蒙古,呼和浩特,2024,46,2024-W46,1,中风险,8.4,0.2071,73.3114,1.37,1.8629,3.8,,13,,,,,,
内蒙古,呼和浩特,2024,47,2024-W47,1,中风险,12.05,-2.2343,82.1443,3.71,2.3486,4.1,,20,,,,,,
内蒙古,呼和浩特,2024,48,2024-W48,1,中风险,12.9667,-8.73,76.7443,1.15,5.3614,4.4,3.5,31,,,,,,
内蒙古,呼和浩特,2024,49,2024-W49,1,中风险,16.0667,-10.9171,77.9929,0.16,2.5171,4.6,3.6,40,,,,,,
内蒙古,呼和浩特,2024,50,2024-W50,1,中风险,41.1333,-10.5414,80.52,0.34,2.5157,5.4,4,114,,,,,,
内蒙古,呼和浩特,2024,51,2024-W51,1,中风险,81.25,-12.1586,78.9414,0.29,2.9314,6.5,,156,,,,,,
内蒙古,呼和浩特,2024,52,2024-W52,1,中风险,89.1,-14.0929,80.4629,0,3.1157,7.2,,171,,,,,,
内蒙古,呼和浩特,2025,1,2025-W01,1,中风险,53.2333,-12.5671,80.8586,0.05,2.8443,7.5,7.2,145,,,,,,
内蒙古,呼和浩特,2025,2,2025-W02,1,中风险,43.7,-13.7886,83.1014,0.71,3.4314,6.2,6.9,118,,,,,,
内蒙古,呼和浩特,2025,3,2025-W03,1,中风险,10.5333,-12.4929,78.8529,0.01,2.7614,5.1,6.5,20,,,,,,
内蒙古,呼和浩特,2025,4,2025-W04,1,中风险,4.1667,-7.4014,75.6629,2.68,2.0586,4.2,5.3,3,,,,,,
内蒙古,呼和浩特,2025,5,2025-W05,1,中风险,6.45,-13.0657,80.1871,0.03,2.8086,5.5,7.4,,,,,,,
内蒙古,呼和浩特,2025,6,2025-W06,1,中风险,3.4667,-18.0529,72.6843,0.22,4.2886,3.9,5.5,1,,,,,,
内蒙古,呼和浩特,2025,7,2025-W07,1,中风险,3.0333,-10.1971,71.6557,0,2.9086,3.4,4.7,1,,,,,,
内蒙古,呼和浩特,2025,8,2025-W08,1,中风险,6.4667,-11.24,66.3029,0.13,2.9071,3.1,4.3,12,,,,,,
内蒙古,呼和浩特,2025,9,2025-W09,1,中风险,16.4333,-3.9257,58.46,0.01,2.84,3.1,4.2,42,,,,,,
内蒙古,呼和浩特,2025,10,2025-W10,1,中风险,10.0333,-3.1957,73.6043,1.95,2.8871,3.2,3.9,23,,,,,,
内蒙古,呼和浩特,2025,11,2025-W11,1,中风险,6.7333,-1.5571,63.3,4.61,3.6086,3.2,4,13,,,,,,
内蒙古,呼和浩特,2025,12,2025-W12,1,中风险,3.8,0.7629,51.0686,0.12,4.7829,3.3,4.1,4,,,,,,
内蒙古,呼和浩特,2025,13,2025-W13,1,中风险,4.1667,-2.1657,55.3557,3.86,4.7614,3.4,4.1,5,,,,,,
内蒙古,呼和浩特,2025,14,2025-W14,1,中风险,3.4333,2.3714,47.2486,0,3.8471,3.4,3.9,3,,,,,,
内蒙古,呼和浩特,2025,15,2025-W15,1,中风险,3.55,2.1829,58.98,4.09,5.6871,3.2,3.9,,,,,,,
内蒙古,呼和浩特,2025,16,2025-W16,1,中风险,3.7,8.0557,61.8957,8.72,4.0843,3.3,4.1,,,,,,,
内蒙古,呼和浩特,2025,17,2025-W17,1,中风险,3.6,7.2143,42.8614,8.79,4.5929,3.3,3.9,,,,,,,
内蒙古,呼和浩特,2025,18,2025-W18,1,中风险,3.8,7.1343,45.5157,7.25,3.9171,3.4,4.2,,,,,,,
内蒙古,呼和浩特,2025,19,2025-W19,1,中风险,3.6,8.0329,61.3057,24.31,3.7143,3.1,4.1,,,,,,,
内蒙古,呼和浩特,2025,20,2025-W20,1,中风险,2.9333,12.6529,51.0714,0.46,4.58,3.1,4.7,1,,,,,,
内蒙古,呼和浩特,2025,21,2025-W21,1,中风险,5.3,13.87,55.0314,70.12,3.78,3.2,4.7,8,,,,,,
内蒙古,呼和浩特,2025,22,2025-W22,1,中风险,3.9667,14.4314,63.8914,28.44,2.94,3.1,4.8,4,,,,,,
内蒙古,呼和浩特,2025,23,2025-W23,1,中风险,3.2,15.6671,47.3686,0.06,3.16,3.1,4.5,2,,,,,,
内蒙古,呼和浩特,2025,24,2025-W24,1,中风险,3.0667,16.5571,57.1857,14.77,3.28,2.9,4.3,2,,,,,,
内蒙古,呼和浩特,2025,25,2025-W25,2,低风险,3.9444,19.14,48.9371,3.09,2.6114,2.9,4.3,1,1.5,15.4,2.9,0.1,0.7,6.7
内蒙古,呼和浩特,2025,26,2025-W26,2,低风险,3.9778,20.2871,60.1471,4.29,1.7543,3,4.3,2,1.6,14,3,0.2,0.8,6.9
内蒙古,呼和浩特,2025,27,2025-W27,2,低风险,3.6889,20.1271,63.8329,39.56,2.51,2.9,4.2,2,1.8,11.9,3.3,0.3,0.5,6.3
内蒙古,呼和浩特,2025,28,2025-W28,2,低风险,3.7778,20.2586,79.82,69.99,2.3943,2.7,4,1,1.8,13.4,3.3,0.2,0.8,6.8
内蒙古,呼和浩特,2025,29,2025-W29,2,低风险,4.1625,21.3671,68.1943,19.29,2.4343,2.6,3.8,,2.4,14,4.3,0.5,0.6,5.1
内蒙古,呼和浩特,2025,30,2025-W30,2,低风险,3.8625,20.4857,79.9429,195.62,1.9029,2.6,3.6,,2.2,13.5,3.4,0.6,0.7,4.3
内蒙古,呼和浩特,2025,31,2025-W31,2,低风险,3.9625,19.8729,78.6771,23.36,1.6943,2.6,3.5,,2.3,13.6,3.8,0.6,0.9,4.4
内蒙古,呼和浩特,2025,32,2025-W32,2,低风险,3.4875,20.3286,71.99,33.43,1.8143,2.5,3.5,,1.5,10.8,3.9,0.4,0.9,4.4
内蒙古,呼和浩特,2025,33,2025-W33,2,低风险,3.5111,18.1486,80.0371,48.93,2.2571,2.5,3.4,2,1.5,11.9,3.6,0.6,0.5,5.6
内蒙古,呼和浩特,2025,34,2025-W34,2,低风险,3.3375,17.8743,79.7171,44.77,1.9243,2.5,3.2,,1.9,10.5,3.2,0.5,0.6,4.3
内蒙古,呼和浩特,2025,35,2025-W35,2,低风险,3.1875,15.9057,79.3614,48.53,1.9643,2.5,3.1,,2.4,8.5,3.7,0.4,0.6,4.3
内蒙古,呼和浩特,2025,36,2025-W36,2,低风险,2.8444,14.5757,75.7457,37.65,2.2271,2.7,3.4,1,3.3,6.8,3.5,0.4,0.8,3.7
内蒙古,呼和浩特,2025,37,2025-W37,1,中风险,3.3875,14.4229,77.88,11.21,2.4557,2.8,3.6,,3.6,6.8,5.6,0.4,1,3.3
内蒙古,呼和浩特,2025,38,2025-W38,1,中风险,4.2889,10.3843,69.1843,11.38,2.0486,2.9,3.8,13,3.5,5.3,5.9,0.3,1.1,2.8
内蒙古,呼和浩特,2025,39,2025-W39,1,中风险,4.5667,11.1829,74.7057,2.8,2.0586,2.9,3.8,16,4.1,3.6,7.6,0.2,1,1.9
内蒙古,呼和浩特,2025,40,2025-W40,1,中风险,3.8,11.1657,76.0886,3,1.6114,3.3,4.4,11,3,3.2,5.7,0.3,1.2,2.1
内蒙古,呼和浩特,2025,41,2025-W41,1,中风险,2.9111,7.4071,77.3186,31.14,1.91,2.8,4.1,4,3.5,2.3,6.7,0.3,1.1,1.4
内蒙古,呼和浩特,2025,42,2025-W42,1,中风险,8.4625,2.3843,81.8371,14.48,2.7786,2.7,,49,5.8,1.8,5.6,0.5,1.3,1
内蒙古,呼和浩特,2025,43,2025-W43,1,中风险,21.2875,-0.7286,72.47,7.46,1.9986,3.6,,144,10.5,1.5,7,0.4,2.4,0.9
内蒙古,呼和浩特,2025,44,2025-W44,1,中风险,43.0889,0.6929,70.3571,0,2.2829,5.1,4.6,347,17.5,1.4,6.6,0.4,4.2,1
内蒙古,呼和浩特,2025,45,2025-W45,0,高风险,75.6222,1.1414,80.8743,9.61,2.6486,6.1,5.5,621,29.8,1.1,6.1,0.5,9.8,0.7
内蒙古,呼和浩特,2025,46,2025-W46,0,高风险,127.3125,-3.3514,72.52,0.25,3.0514,7,,955,38.1,0.5,5,0.3,11.4,1.2
内蒙古,呼和浩特,2025,47,2025-W47,0,高风险,163.8,-6.7271,67.3929,0.08,3.43,8.6,,1234,44.8,0.6,4.3,0.6,16.4,1.1
内蒙古,呼和浩特,2025,48,2025-W48,0,高风险,203.2,-8.3186,78.5543,0.66,3.4043,9.1,,1541,51.1,0.6,3.5,0.3,19,1
内蒙古,呼和浩特,2025,49,2025-W49,0,高风险,146.6111,-12.02,71.1657,0.39,3.2214,7.9,11.1,1219,54.2,0.3,4,0.2,22.1,0.7
内蒙古,呼和浩特,2025,50,2025-W50,0,高风险,82.9111,-10.0471,85.86,4.46,2.5957,6.3,9.7,651,50.2,0.5,4.9,0.2,22.5,0.9
内蒙古,呼和浩特,2025,51,2025-W51,0,高风险,34.2625,-10.52,82.32,0.21,2.7586,4.9,,201,41.9,0.7,6.1,0.4,18.6,0.5
内蒙古,呼和浩特,2025,52,2025-W52,1,中风险,17.9875,-12.1443,84.2486,0,2.8471,4.2,,82,33.7,0.7,7.2,0.3,14.5,1.3
内蒙古,呼和浩特,2026,1,2026-W01,1,中风险,10.6444,-12.5557,66.3129,0,2.9586,4.1,5.4,37,27.4,1.1,8.8,0.2,10.6,1.2
内蒙古,呼和浩特,2026,2,2026-W02,1,中风险,7.7889,-14.5643,81.0543,0.34,3.9057,3.7,4.8,19,23.3,1.1,9.8,0.3,7.1,1
内蒙古,呼和浩特,2026,3,2026-W03,1,中风险,7.3222,-12.0471,79.6243,0.29,3.7086,3.5,4.7,18,21.3,0.9,9.3,0.3,6.9,1
内蒙古,呼和浩特,2026,4,2026-W04,1,中风险,5.9333,-16.5643,69.1871,0.22,2.7943,3.4,4.3,8,18.8,1.5,8.3,0.2,7.7,1.2
内蒙古,呼和浩特,2026,5,2026-W05,1,中风险,5.2222,-9.8971,71.6471,0.2,2.5771,3.3,4,4,17.1,2.3,7.9,0.2,6.4,1.8
内蒙古,呼和浩特,2026,6,2026-W06,1,中风险,4.6375,-11.4586,69.27,0.11,3.31,3,3.3,,13,2.2,8.6,0.2,5.1,1.7
内蒙古,呼和浩特,2026,7,2026-W07,1,中风险,3.8222,-7.8286,64.47,0,3.5229,2.9,3.6,1,11,1.7,8,0.2,4.9,1.1
内蒙古,呼和浩特,2026,8,2026-W08,1,中风险,4.425,-6.6614,57.21,0.26,3.6543,4.9,4.8,,10.5,1.3,8,0,4.4,1.5
内蒙古,呼和浩特,2026,9,2026-W09,1,中风险,3.95,-2.7743,71.8457,0.75,2.4757,3,3,,11,2.3,6.6,0.2,4.1,1.4
内蒙古,呼和浩特,2026,10,2026-W10,1,中风险,3.6125,-4.8257,66.3257,0.5,3.0843,2.8,2.8,,9.4,2.6,6.8,0.2,3.3,1
内蒙古,呼和浩特,2026,11,2026-W11,1,中风险,4.0556,-0.6229,52.5357,0.81,2.9371,3,3,6,11.3,2.3,5.8,0.2,3.6,1.3
内蒙古,呼和浩特,2026,12,2026-W12,1,中风险,7.3556,-0.6771,48.1586,0,3.4614,3.5,3.3,32,13.3,2.7,4.4,0.2,5.7,1.1
内蒙古,呼和浩特,2026,13,2026-W13,1,中风险,11.1667,4.2429,51.0043,0.62,2.9371,3.6,3.5,64,15.5,2.4,3.9,0.1,6.2,1.3
内蒙古,呼和浩特,2026,14,2026-W14,1,中风险,10.1778,2.6571,53.8086,3.25,4.0586,3.6,3.6,56,16.3,2,4,0.2,5,0.9
内蒙古,呼和浩特,2026,15,2026-W15,1,中风险,6.2333,6.4186,52.6486,0.68,4.15,3.6,3.7,23,15.3,1.8,2.6,0.3,5.5,0.3
内蒙古,呼和浩特,2026,16,2026-W16,1,中风险,5.3778,8.2557,55.9714,8.41,3.7729,3.5,3.7,18,13.4,1.3,2.6,0.2,4.9,0.8
内蒙古,呼和浩特,2026,17,2026-W17,1,中风险,5.8,8.8214,35.1014,0.03,3.0214,3.7,3.9,20,14.8,1.3,2.3,0.2,5.3,0.7
内蒙古,呼和浩特,2026,18,2026-W18,1,中风险,5.7222,7.8943,41.8071,2.29,3.4343,3.3,4.1,22,13.3,1.5,1.7,0.1,4.9,0.6
内蒙古,呼和浩特,2026,19,2026-W19,1,中风险,3.9111,12.1557,33.9729,1.25,3.02,3.6,4.1,7,12.2,1.4,2,0.1,4.2,0.6
内蒙古,呼和浩特,2026,20,2026-W20,1,中风险,5.0333,17.6233,51.95,48.62,2.2117,3.4,4.2,18,11.9,1.7,1.2,0.2,4,0.7
北京,北京,2024,1,2024-W01,1,中风险,8.4,-4.1286,59.9371,0,2.47,7.1,9.7,,,,,,,
北京,北京,2024,2,2024-W02,1,中风险,7.5,-2.9086,59.16,0.16,1.8,6.3,8.7,,,,,,,
北京,北京,2024,3,2024-W03,1,中风险,6.85,-5.0614,59.9786,1.38,2.0029,6,7.7,,,,,,,
北京,北京,2024,4,2024-W04,1,中风险,6.1,-5.5986,44.7857,0,3.6557,5.2,7,,,,,,,
北京,北京,2024,5,2024-W05,1,中风险,5.7,-5.3186,60.7229,0.24,1.3971,5,6.4,,,,,,,
北京,北京,2024,6,2024-W06,1,中风险,6.8,-1.7614,51.4057,0.45,2.3986,5.7,7.9,,,,,,,
北京,北京,2024,7,2024-W07,1,中风险,6.65,2.5871,61.3771,0.44,1.94,5.7,7.6,,,,,,,
北京,北京,2024,8,2024-W08,1,中风险,5,-2.2157,42.1271,6.81,2.2743,4.3,5.7,,,,,,,
北京,北京,2024,9,2024-W09,1,中风险,4.1,-0.6371,48.2071,0.08,2.6814,4.3,5,3,,,,,,
北京,北京,2024,10,2024-W10,1,中风险,10.5333,2.1871,51.0143,1.9,2.0686,4.1,5.5,22,,,,,,
北京,北京,2024,11,2024-W11,1,中风险,10.8333,7.99,41.3786,0.32,2.7557,4.1,5.4,23,,,,,,
北京,北京,2024,12,2024-W12,1,中风险,6.3,7.5857,44.7014,3.88,2.5929,3.9,5,10,,,,,,
北京,北京,2024,13,2024-W13,1,中风险,6.8333,10.1514,48.9957,1.95,2.5657,3.8,4.7,12,,,,,,
北京,北京,2024,14,2024-W14,1,中风险,4.5,13.0314,45.4743,1.78,2.2429,3.8,4.7,5,,,,,,
北京,北京,2024,15,2024-W15,1,中风险,3.9667,15.03,59.3771,5.48,2.6086,3.6,4.3,4,,,,,,
北京,北京,2024,16,2024-W16,1,中风险,4.3667,16.7543,40,0.46,2.9957,3.5,4.6,5,,,,,,
北京,北京,2024,17,2024-W17,1,中风险,5.4333,16.3843,59.8157,25.78,2.65,3.6,4.7,8,,,,,,
北京,北京,2024,18,2024-W18,1,中风险,4.4,16.9014,47.0186,8.1,2.1529,3.8,5,,,,,,,
北京,北京,2024,19,2024-W19,1,中风险,4.5,20.8129,39.4686,4.25,2.7629,3.6,4.9,5,,,,,,
北京,北京,2024,20,2024-W20,1,中风险,7.3667,22.4643,38.6514,2.46,2.7529,4,5.1,13,,,,,,
北京,北京,2024,21,2024-W21,1,中风险,6.9,20.16,56.1671,24.69,2.3257,3.9,4.8,12,,,,,,
北京,北京,2024,22,2024-W22,1,中风险,5.9667,24.2271,39.2586,12.06,2.1714,3.8,5.1,9,,,,,,
北京,北京,2024,23,2024-W23,1,中风险,3.6,24.3871,52.0086,32.36,1.8471,3.9,4.9,2,,,,,,
北京,北京,2024,24,2024-W24,1,中风险,4.3667,28.0229,43.1471,12.07,1.8357,4,5.1,4,,,,,,
北京,北京,2024,25,2024-W25,1,中风险,6.0333,26.6743,50.3114,7.32,2.3043,3.9,5.2,9,,,,,,
北京,北京,2024,26,2024-W26,1,中风险,4.3,28.1371,45.2957,7.77,1.9971,3.8,5.1,4,,,,,,
北京,北京,2024,27,2024-W27,1,中风险,4.6333,25.59,61.99,18.47,1.7786,3.8,5.1,5,,,,,,
北京,北京,2024,28,2024-W28,1,中风险,4.5,26.7771,64.42,48.11,1.4529,4.1,4.9,,,,,,,
北京,北京,2024,29,2024-W29,1,中风险,4.25,28.3,61.3714,41.25,2.0243,3.8,4.7,,,,,,,
北京,北京,2024,30,2024-W30,1,中风险,4.2,28.9857,76.0871,54.38,1.6643,3.9,4.5,,,,,,,
北京,北京,2024,31,2024-W31,1,中风险,4,28.1329,80.8557,129.85,1.59,3.8,4.2,,,,,,,
北京,北京,2024,32,2024-W32,1,中风险,3.7,26.4486,76.4714,76.03,1.59,3.5,3.9,,,,,,,
北京,北京,2024,33,2024-W33,1,中风险,3.6,25.0043,82.6943,51.36,1.3957,3.6,3.6,,,,,,,
北京,北京,2024,34,2024-W34,1,中风险,3.4,25.4829,83.1343,47.61,1.1629,3.6,3.2,,,,,,,
北京,北京,2024,35,2024-W35,1,中风险,3.25,23.4486,76.5171,99.65,1.8743,3.4,3.1,,,,,,,
北京,北京,2024,36,2024-W36,1,中风险,3.3,21.2057,78.4271,43.29,1.5486,3.4,3.2,,,,,,,
北京,北京,2024,37,2024-W37,1,中风险,4.9667,20.31,74.2357,15.99,1.4943,3.4,3.5,8,,,,,,
北京,北京,2024,38,2024-W38,1,中风险,3.1,18.8971,78.09,17.74,1.7571,3.6,3.7,2,,,,,,
北京,北京,2024,39,2024-W39,1,中风险,3.6333,17.6071,80.4014,11.03,1.6929,3.2,3.7,4,,,,,,
北京,北京,2024,40,2024-W40,1,中风险,3.85,12.6971,70.2771,11.17,1.96,3.6,4.1,,,,,,,
北京,北京,2024,41,2024-W41,1,中风险,2.5,13.6157,70.52,0.7,1.45,3.2,3.3,1,,,,,,
北京,北京,2024,42,2024-W42,1,中风险,5.7,10.63,74.18,7.47,1.72,3.4,,8,,,,,,
北京,北京,2024,43,2024-W43,1,中风险,5.15,9.8886,72.6371,1.04,1.6614,3.3,,7,,,,,,
北京,北京,2024,44,2024-W44,1,中风险,4.3,11.0086,74.3543,0.11,1.7257,3.5,3.4,6,,,,,,
北京,北京,2024,45,2024-W45,1,中风险,4.4,7.1686,70.9743,0.12,1.68,3.6,3.6,6,,,,,,
北京,北京,2024,46,2024-W46,1,中风险,8.4,7.9143,70.9929,12.39,1.7671,3.8,,13,,,,,,
北京,北京,2024,47,2024-W47,1,中风险,12.05,3.2229,74.2929,0.44,1.7143,4.1,,20,,,,,,
北京,北京,2024,48,2024-W48,1,中风险,12.9667,0.85,55.7386,4.76,3.8929,4.4,3.5,31,,,,,,
北京,北京,2024,49,2024-W49,1,中风险,16.0667,-1.6771,53.5971,0,2.7243,4.6,3.6,40,,,,,,
北京,北京,2024,50,2024-W50,1,中风险,41.1333,-2.0443,60.2829,0.45,2.3843,5.4,4,114,,,,,,
北京,北京,2024,51,2024-W51,1,中风险,81.25,-3.4186,56.3043,0,3.0314,6.5,,156,,,,,,
北京,北京,2024,52,2024-W52,1,中风险,89.1,-4.3329,55.29,0,2.8686,7.2,,171,,,,,,
北京,北京,2025,1,2025-W01,1,中风险,53.2333,-2.98,57.1314,0,2.6657,7.5,7.2,145,,,,,,
北京,北京,2025,2,2025-W02,1,中风险,43.7,-5.0114,52.81,0.05,3.1314,6.2,6.9,118,,,,,,
北京,北京,2025,3,2025-W03,1,中风险,10.5333,-2.2886,51.5071,0.03,3.0771,5.1,6.5,20,,,,,,
北京,北京,2025,4,2025-W04,1,中风险,4.1667,-1.0171,63.4986,1.56,2.0714,4.2,5.3,3,,,,,,
北京,北京,2025,5,2025-W05,1,中风险,6.45,-6.44,61.1529,0,2.7686,5.5,7.4,,,,,,,
北京,北京,2025,6,2025-W06,1,中风险,3.4667,-7.9029,41.6943,0,4.2943,3.9,5.5,1,,,,,,
北京,北京,2025,7,2025-W07,1,中风险,3.0333,-0.2914,50.8529,0,2.67,3.4,4.7,1,,,,,,
北京,北京,2025,8,2025-W08,1,中风险,6.4667,-2.2714,42.83,0,2.46,3.1,4.3,12,,,,,,
北京,北京,2025,9,2025-W09,1,中风险,16.4333,3.0771,53.3286,0.96,2.2914,3.1,4.2,42,,,,,,
北京,北京,2025,10,2025-W10,1,中风险,10.0333,3.2086,58.1614,0,1.7829,3.2,3.9,23,,,,,,
北京,北京,2025,11,2025-W11,1,中风险,6.7333,4.8586,59.9843,3.54,2.2986,3.2,4,13,,,,,,
北京,北京,2025,12,2025-W12,1,中风险,3.8,10.0814,37.9043,0.03,4.3814,3.3,4.1,4,,,,,,
北京,北京,2025,13,2025-W13,1,中风险,4.1667,7.0457,38.7957,0.36,3.3629,3.4,4.1,5,,,,,,
北京,北京,2025,14,2025-W14,1,中风险,3.4333,10.95,34.9514,0,3.2457,3.4,3.9,3,,,,,,
北京,北京,2025,15,2025-W15,1,中风险,3.55,12.6743,37.9957,1.23,4.3886,3.2,3.9,,,,,,,
北京,北京,2025,16,2025-W16,1,中风险,3.7,16.18,47.3471,15.85,3.13,3.3,4.1,,,,,,,
北京,北京,2025,17,2025-W17,1,中风险,3.6,15.9786,36.4443,1.71,3.1186,3.3,3.9,,,,,,,
北京,北京,2025,18,2025-W18,1,中风险,3.8,16.6871,34.04,4.17,2.9343,3.4,4.2,,,,,,,
北京,北京,2025,19,2025-W19,1,中风险,3.6,16.0757,58.5871,60.17,2.7757,3.1,4.1,,,,,,,
北京,北京,2025,20,2025-W20,1,中风险,2.9333,20.0171,52.4429,9.86,2.9714,3.1,4.7,1,,,,,,
北京,北京,2025,21,2025-W21,1,中风险,5.3,20.9557,55.0057,18.68,2.1714,3.2,4.7,8,,,,,,
北京,北京,2025,22,2025-W22,1,中风险,3.9667,23.0671,53.8943,5.56,1.9814,3.1,4.8,4,,,,,,
北京,北京,2025,23,2025-W23,1,中风险,3.2,24.8414,37.9129,1.08,2.5186,3.1,4.5,2,,,,,,
北京,北京,2025,24,2025-W24,1,中风险,3.0667,24.9229,50.38,50.06,2.7186,2.9,4.3,2,,,,,,
北京,北京,2025,25,2025-W25,2,低风险,3.9444,26.2471,51.7886,10.36,2.1471,2.9,4.3,1,1.5,15.4,2.9,0.1,0.7,6.7
北京,北京,2025,26,2025-W26,2,低风险,3.9778,27.47,58.0986,12.98,1.4543,3,4.3,2,1.6,14,3,0.2,0.8,6.9
北京,北京,2025,27,2025-W27,2,低风险,3.6889,28.3943,69.0543,30.43,2.0357,2.9,4.2,2,1.8,11.9,3.3,0.3,0.5,6.3
北京,北京,2025,28,2025-W28,2,低风险,3.7778,28.2343,67.7243,39.43,1.6129,2.7,4,1,1.8,13.4,3.3,0.2,0.8,6.8
北京,北京,2025,29,2025-W29,2,低风险,4.1625,27.0143,67.4243,63.06,1.6557,2.6,3.8,,2.4,14,4.3,0.5,0.6,5.1
北京,北京,2025,30,2025-W30,2,低风险,3.8625,26.6843,82.4886,112.36,1.94,2.6,3.6,,2.2,13.5,3.4,0.6,0.7,4.3
北京,北京,2025,31,2025-W31,2,低风险,3.9625,26.0429,81.4943,81.57,1.4143,2.6,3.5,,2.3,13.6,3.8,0.6,0.9,4.4
北京,北京,2025,32,2025-W32,2,低风险,3.4875,26.2614,79.2843,62.13,1.7871,2.5,3.5,,1.5,10.8,3.9,0.4,0.9,4.4
北京,北京,2025,33,2025-W33,2,低风险,3.5111,24.4629,84.7386,60.23,1.4786,2.5,3.4,2,1.5,11.9,3.6,0.6,0.5,5.6
北京,北京,2025,34,2025-W34,2,低风险,3.3375,24.5843,82.58,91.63,1.7671,2.5,3.2,,1.9,10.5,3.2,0.5,0.6,4.3
北京,北京,2025,35,2025-W35,2,低风险,3.1875,23.6414,81.9014,84.73,1.6157,2.5,3.1,,2.4,8.5,3.7,0.4,0.6,4.3
北京,北京,2025,36,2025-W36,2,低风险,2.8444,22.6943,77.6229,7.16,1.5371,2.7,3.4,1,3.3,6.8,3.5,0.4,0.8,3.7
北京,北京,2025,37,2025-W37,2,低风险,3.3875,21.4957,79.1414,27.96,1.5671,2.8,3.6,,3.6,6.8,5.6,0.4,1,3.3
北京,北京,2025,38,2025-W38,1,中风险,4.2889,17.6529,71.6586,4.29,1.6457,2.9,3.8,13,3.5,5.3,5.9,0.3,1.1,2.8
北京,北京,2025,39,2025-W39,1,中风险,4.5667,18.0814,73.79,1.38,1.4043,2.9,3.8,16,4.1,3.6,7.6,0.2,1,1.9
北京,北京,2025,40,2025-W40,1,中风险,3.8,18.8186,72.0171,6.93,1.3857,3.3,4.4,11,3,3.2,5.7,0.3,1.2,2.1
北京,北京,2025,41,2025-W41,1,中风险,2.9111,12.0743,80.1214,107.71,1.4986,2.8,4.1,4,3.5,2.3,6.7,0.3,1.1,1.4
北京,北京,2025,42,2025-W42,1,中风险,8.4625,9.7414,78.7186,6.03,1.7371,2.7,,49,5.8,1.8,5.6,0.5,1.3,1
北京,北京,2025,43,2025-W43,1,中风险,21.2875,5.7929,72.6671,0.94,1.6843,3.6,,144,10.5,1.5,7,0.4,2.4,0.9
北京,北京,2025,44,2025-W44,1,中风险,43.0889,6.7329,74.4514,1.78,1.7743,5.1,4.6,347,17.5,1.4,6.6,0.4,4.2,1
北京,北京,2025,45,2025-W45,0,高风险,75.6222,7.2,77.7543,8.55,1.6386,6.1,5.5,621,29.8,1.1,6.1,0.5,9.8,0.7
北京,北京,2025,46,2025-W46,0,高风险,127.3125,5.5514,66.71,0,2.4114,7,,955,38.1,0.5,5,0.3,11.4,1.2
北京,北京,2025,47,2025-W47,0,高风险,163.8,2.3629,63.0529,0,3.1614,8.6,,1234,44.8,0.6,4.3,0.6,16.4,1.1
北京,北京,2025,48,2025-W48,0,高风险,203.2,0.9243,63.0857,0,2.7071,9.1,,1541,51.1,0.6,3.5,0.3,19,1
北京,北京,2025,49,2025-W49,0,高风险,146.6111,-2.7229,59.0157,0,2.7243,7.9,11.1,1219,54.2,0.3,4,0.2,22.1,0.7
北京,北京,2025,50,2025-W50,0,高风险,82.9111,-3.0557,70.1771,3.46,1.9957,6.3,9.7,651,50.2,0.5,4.9,0.2,22.5,0.9
北京,北京,2025,51,2025-W51,0,高风险,34.2625,-2.7157,69.9629,0,2.3071,4.9,,201,41.9,0.7,6.1,0.4,18.6,0.5
北京,北京,2025,52,2025-W52,1,中风险,17.9875,-4.37,68.6643,1.8,2.0771,4.2,,82,33.7,0.7,7.2,0.3,14.5,1.3
北京,北京,2026,1,2026-W01,1,中风险,10.6444,-5.4786,63.4171,0,2.5086,4.1,5.4,37,27.4,1.1,8.8,0.2,10.6,1.2
北京,北京,2026,2,2026-W02,1,中风险,7.7889,-4.4629,60.39,0,3.5271,3.7,4.8,19,23.3,1.1,9.8,0.3,7.1,1
北京,北京,2026,3,2026-W03,1,中风险,7.3222,-5.2571,71.04,0.22,1.9843,3.5,4.7,18,21.3,0.9,9.3,0.3,6.9,1
北京,北京,2026,4,2026-W04,1,中风险,5.9333,-8.8457,55.2729,0,2.5214,3.4,4.3,8,18.8,1.5,8.3,0.2,7.7,1.2
北京,北京,2026,5,2026-W05,1,中风险,5.2222,-4.5914,68.8357,0.05,2.12,3.3,4,4,17.1,2.3,7.9,0.2,6.4,1.8
北京,北京,2026,6,2026-W06,1,中风险,4.6375,-3.5157,56.4514,0.07,2.4986,3,3.3,,13,2.2,8.6,0.2,5.1,1.7
北京,北京,2026,7,2026-W07,1,中风险,3.8222,1.48,55.6257,0,2.9957,2.9,3.6,1,11,1.7,8,0.2,4.9,1.1
北京,北京,2026,8,2026-W08,1,中风险,4.425,2.4157,50.4157,0,3.2343,4.9,4.8,,10.5,1.3,8,0,4.4,1.5
北京,北京,2026,9,2026-W09,1,中风险,3.95,0.0557,71.0514,2.4,1.7957,3,3,,11,2.3,6.6,0.2,4.1,1.4
北京,北京,2026,10,2026-W10,1,中风险,3.6125,0.14,69.6543,5.21,2.0514,2.8,2.8,,9.4,2.6,6.8,0.2,3.3,1
北京,北京,2026,11,2026-W11,1,中风险,4.0556,4.2029,61.1943,0.53,1.6671,3,3,6,11.3,2.3,5.8,0.2,3.6,1.3
北京,北京,2026,12,2026-W12,1,中风险,7.3556,5.9114,54.5443,0.9,2.4043,3.5,3.3,32,13.3,2.7,4.4,0.2,5.7,1.1
北京,北京,2026,13,2026-W13,1,中风险,11.1667,11.7,54.8171,1.3,2.0214,3.6,3.5,64,15.5,2.4,3.9,0.1,6.2,1.3
北京,北京,2026,14,2026-W14,1,中风险,10.1778,10.0957,52.3186,3.37,2.9857,3.6,3.6,56,16.3,2,4,0.2,5,0.9
北京,北京,2026,15,2026-W15,1,中风险,6.2333,11.3329,50.9071,6.57,2.8286,3.6,3.7,23,15.3,1.8,2.6,0.3,5.5,0.3
北京,北京,2026,16,2026-W16,1,中风险,5.3778,14.4371,63.3257,14.66,2.3971,3.5,3.7,18,13.4,1.3,2.6,0.2,4.9,0.8
北京,北京,2026,17,2026-W17,1,中风险,5.8,16.0014,47.7314,0.01,2.8386,3.7,3.9,20,14.8,1.3,2.3,0.2,5.3,0.7
北京,北京,2026,18,2026-W18,1,中风险,5.7222,16.1657,41.2914,2.71,2.3429,3.3,4.1,22,13.3,1.5,1.7,0.1,4.9,0.6
北京,北京,2026,19,2026-W19,1,中风险,3.9111,19.6329,34.0957,1.73,1.8986,3.6,4.1,7,12.2,1.4,2,0.1,4.2,0.6
北京,北京,2026,20,2026-W20,1,中风险,5.0333,23.5183,56.5917,12.73,1.7217,3.4,4.2,18,11.9,1.7,1.2,0.2,4,0.7
吉林,长春,2024,1,2024-W01,1,中风险,8.4,-12.5229,87.8486,0.08,3.3243,7.1,9.7,,,,,,,
吉林,长春,2024,2,2024-W02,1,中风险,7.5,-14.4529,86.2657,0.56,3.86,6.3,8.7,,,,,,,
吉林,长春,2024,3,2024-W03,1,中风险,6.85,-15.2414,84.8414,1.39,3.9214,6,7.7,,,,,,,
吉林,长春,2024,4,2024-W04,1,中风险,6.1,-16.17,88.9386,0.24,2.7214,5.2,7,,,,,,,
吉林,长春,2024,5,2024-W05,1,中风险,5.7,-16.8186,84.4143,3.35,2.0871,5,6.4,,,,,,,
吉林,长春,2024,6,2024-W06,1,中风险,6.8,-11.6329,86.3729,0.03,2.3271,5.7,7.9,,,,,,,
吉林,长春,2024,7,2024-W07,1,中风险,6.65,-2.6043,77.3571,6.95,6.2814,5.7,7.6,,,,,,,
吉林,长春,2024,8,2024-W08,1,中风险,5,-11.3386,69.5071,2.2,2.8086,4.3,5.7,,,,,,,
吉林,长春,2024,9,2024-W09,1,中风险,4.1,-10.1971,71.24,1.3,3.3643,4.3,5,3,,,,,,
吉林,长春,2024,10,2024-W10,1,中风险,10.5333,-5.3171,66.0057,0.45,2.8614,4.1,5.5,22,,,,,,
吉林,长春,2024,11,2024-W11,1,中风险,10.8333,0.9571,64.7843,1.33,4.2514,4.1,5.4,23,,,,,,
吉林,长春,2024,12,2024-W12,1,中风险,6.3,0.2,63.4129,2.27,2.9729,3.9,5,10,,,,,,
吉林,长春,2024,13,2024-W13,1,中风险,6.8333,2.1371,58.8543,4.29,4.79,3.8,4.7,12,,,,,,
吉林,长春,2024,14,2024-W14,1,中风险,4.5,5.1643,55.2171,0.02,3.6743,3.8,4.7,5,,,,,,
吉林,长春,2024,15,2024-W15,1,中风险,3.9667,9.8529,62.7514,1.11,4.9129,3.6,4.3,4,,,,,,
吉林,长春,2024,16,2024-W16,1,中风险,4.3667,11.0929,62.6143,9.71,3.0371,3.5,4.6,5,,,,,,
吉林,长春,2024,17,2024-W17,1,中风险,5.4333,12.7543,65.2586,6.12,3.1414,3.6,4.7,8,,,,,,
吉林,长春,2024,18,2024-W18,1,中风险,4.4,14.6157,50.8114,1.62,3.9957,3.8,5,,,,,,,
吉林,长春,2024,19,2024-W19,1,中风险,4.5,14.2086,53.94,13.24,4.8914,3.6,4.9,5,,,,,,
吉林,长春,2024,20,2024-W20,1,中风险,7.3667,13.9129,57.0743,13.04,3.21,4,5.1,13,,,,,,
吉林,长春,2024,21,2024-W21,1,中风险,6.9,15.2614,66.2629,60.82,3.44,3.9,4.8,12,,,,,,
吉林,长春,2024,22,2024-W22,1,中风险,5.9667,13.4486,79.2086,61.79,2.8,3.8,5.1,9,,,,,,
吉林,长春,2024,23,2024-W23,1,中风险,3.6,19.1886,71.0129,46.91,3.4671,3.9,4.9,2,,,,,,
吉林,长春,2024,24,2024-W24,1,中风险,4.3667,20.6029,74.5414,63.75,3.21,4,5.1,4,,,,,,
吉林,长春,2024,25,2024-W25,1,中风险,6.0333,21.3557,69.3929,30.95,2.9671,3.9,5.2,9,,,,,,
吉林,长春,2024,26,2024-W26,1,中风险,4.3,21.1586,73.9329,12.25,3.1614,3.8,5.1,4,,,,,,
吉林,长春,2024,27,2024-W27,1,中风险,4.6333,21.0471,82.5057,85.66,2.8129,3.8,5.1,5,,,,,,
吉林,长春,2024,28,2024-W28,1,中风险,4.5,22.5257,77.1329,9.7,1.39,4.1,4.9,,,,,,,
吉林,长春,2024,29,2024-W29,1,中风险,4.25,24.8386,82.9129,11.73,3.2457,3.8,4.7,,,,,,,
吉林,长春,2024,30,2024-W30,1,中风险,4.2,24.6943,89.52,123.67,2.44,3.9,4.5,,,,,,,
吉林,长春,2024,31,2024-W31,1,中风险,4,24.9671,86.2086,80.41,2.6471,3.8,4.2,,,,,,,
吉林,长春,2024,32,2024-W32,1,中风险,3.7,25.1057,85.5514,38.14,2.5814,3.5,3.9,,,,,,,
吉林,长春,2024,33,2024-W33,1,中风险,3.6,24.1857,81.7771,17.76,1.4843,3.6,3.6,,,,,,,
吉林,长春,2024,34,2024-W34,1,中风险,3.4,22.8471,86.0343,107.05,1.61,3.6,3.2,,,,,,,
吉林,长春,2024,35,2024-W35,1,中风险,3.25,20.5229,80.75,10.71,2.3886,3.4,3.1,,,,,,,
吉林,长春,2024,36,2024-W36,1,中风险,3.3,18.5886,78.6343,46.58,2.52,3.4,3.2,,,,,,,
吉林,长春,2024,37,2024-W37,1,中风险,4.9667,16.3457,72.3743,13.37,2.3971,3.4,3.5,8,,,,,,
吉林,长春,2024,38,2024-W38,1,中风险,3.1,13.71,77.7214,3.41,2.29,3.6,3.7,2,,,,,,
吉林,长春,2024,39,2024-W39,1,中风险,3.6333,14.2357,77.9371,2.12,2.5086,3.2,3.7,4,,,,,,
吉林,长春,2024,40,2024-W40,1,中风险,3.85,10.0557,74.1871,3.7,3.0614,3.6,4.1,,,,,,,
吉林,长春,2024,41,2024-W41,1,中风险,2.5,9.4229,71.2857,8.34,2.7986,3.2,3.3,1,,,,,,
吉林,长春,2024,42,2024-W42,1,中风险,5.7,5.9457,70.55,18.32,3.3043,3.4,,8,,,,,,
吉林,长春,2024,43,2024-W43,1,中风险,5.15,4.5943,80.2,8.74,3.3114,3.3,,7,,,,,,
吉林,长春,2024,44,2024-W44,1,中风险,4.3,5.2914,85.2943,6.78,2.6443,3.5,3.4,6,,,,,,
吉林,长春,2024,45,2024-W45,1,中风险,4.4,1.6929,80.7143,2.35,3.0671,3.6,3.6,6,,,,,,
吉林,长春,2024,46,2024-W46,1,中风险,8.4,1.6771,77.61,4.77,3.4143,3.8,,13,,,,,,
吉林,长春,2024,47,2024-W47,1,中风险,12.05,-4.1957,76.4671,0.25,2.9929,4.1,,20,,,,,,
吉林,长春,2024,48,2024-W48,1,中风险,12.9667,-6.1329,85.8986,18.71,4.2986,4.4,3.5,31,,,,,,
吉林,长春,2024,49,2024-W49,1,中风险,16.0667,-12.74,82.5129,0.13,3.5343,4.6,3.6,40,,,,,,
吉林,长春,2024,50,2024-W50,1,中风险,41.1333,-11.9786,87.1414,0,2.7986,5.4,4,114,,,,,,
吉林,长春,2024,51,2024-W51,1,中风险,81.25,-13.76,85.26,0.01,2.5357,6.5,,156,,,,,,
吉林,长春,2024,52,2024-W52,1,中风险,89.1,-13.3557,87.3314,0.24,3.5357,7.2,,171,,,,,,
吉林,长春,2025,1,2025-W01,1,中风险,53.2333,-12.6971,88.8857,0.14,3.0257,7.5,7.2,145,,,,,,
吉林,长春,2025,2,2025-W02,1,中风险,43.7,-16.9514,85.7429,0.74,2.0471,6.2,6.9,118,,,,,,
吉林,长春,2025,3,2025-W03,1,中风险,10.5333,-11.0943,88.7086,0.61,3.7786,5.1,6.5,20,,,,,,
吉林,长春,2025,4,2025-W04,1,中风险,4.1667,-10.5314,90.1786,1.05,1.9086,4.2,5.3,3,,,,,,
吉林,长春,2025,5,2025-W05,1,中风险,6.45,-12.6871,90.0257,9.75,3.1371,5.5,7.4,,,,,,,
吉林,长春,2025,6,2025-W06,1,中风险,3.4667,-17.0371,87.1343,1.94,2.6543,3.9,5.5,1,,,,,,
吉林,长春,2025,7,2025-W07,1,中风险,3.0333,-9.4271,87.9743,0.54,3.8143,3.4,4.7,1,,,,,,
吉林,长春,2025,8,2025-W08,1,中风险,6.4667,-12.6943,81.2886,0.1,2.5914,3.1,4.3,12,,,,,,
吉林,长春,2025,9,2025-W09,1,中风险,16.4333,-4.8857,72.8557,0.12,5.5614,3.1,4.2,42,,,,,,
吉林,长春,2025,10,2025-W10,1,中风险,10.0333,-2.35,71.8729,0.09,2.7757,3.2,3.9,23,,,,,,
吉林,长春,2025,11,2025-W11,1,中风险,6.7333,0.2957,66.2114,3.39,5.0114,3.2,4,13,,,,,,
吉林,长春,2025,12,2025-W12,1,中风险,3.8,1.4314,66.4043,0.13,3.6271,3.3,4.1,4,,,,,,
吉林,长春,2025,13,2025-W13,1,中风险,4.1667,-0.9629,67.9414,5.22,4.3743,3.4,4.1,5,,,,,,
吉林,长春,2025,14,2025-W14,1,中风险,3.4333,4.7829,73.3714,7.99,3.3743,3.4,3.9,3,,,,,,
吉林,长春,2025,15,2025-W15,1,中风险,3.55,8.8886,76.6486,45.68,4.8829,3.2,3.9,,,,,,,
吉林,长春,2025,16,2025-W16,1,中风险,3.7,8.7386,67.2386,6.76,3.2,3.3,4.1,,,,,,,
吉林,长春,2025,17,2025-W17,1,中风险,3.6,8.6057,63.6686,22.18,4.3757,3.3,3.9,,,,,,,
吉林,长春,2025,18,2025-W18,1,中风险,3.8,8.7529,69.7071,12.71,3.0429,3.4,4.2,,,,,,,
吉林,长春,2025,19,2025-W19,1,中风险,3.6,12.0757,70.1857,9.51,4.1843,3.1,4.1,,,,,,,
吉林,长春,2025,20,2025-W20,1,中风险,2.9333,14.5071,70.5571,32.92,4.5557,3.1,4.7,1,,,,,,
吉林,长春,2025,21,2025-W21,1,中风险,5.3,13.3843,65.1686,3.05,2.5086,3.2,4.7,8,,,,,,
吉林,长春,2025,22,2025-W22,1,中风险,3.9667,19.0271,68.8914,0.85,2.8086,3.1,4.8,4,,,,,,
吉林,长春,2025,23,2025-W23,1,中风险,3.2,17.0343,67.5057,9.29,3.3943,3.1,4.5,2,,,,,,
吉林,长春,2025,24,2025-W24,1,中风险,3.0667,18.8829,72.7171,40.9,3.5814,2.9,4.3,2,,,,,,
吉林,长春,2025,25,2025-W25,2,低风险,3.9444,20.5871,75.3329,28.39,3.3843,2.9,4.3,1,1.5,15.4,2.9,0.1,0.7,6.7
吉林,长春,2025,26,2025-W26,2,低风险,3.9778,24.5643,73.4357,4.61,1.84,3,4.3,2,1.6,14,3,0.2,0.8,6.9
吉林,长春,2025,27,2025-W27,2,低风险,3.6889,24.7186,82.5,45.83,3.1329,2.9,4.2,2,1.8,11.9,3.3,0.3,0.5,6.3
吉林,长春,2025,28,2025-W28,2,低风险,3.7778,26.1114,76.4829,10.83,2.39,2.7,4,1,1.8,13.4,3.3,0.2,0.8,6.8
吉林,长春,2025,29,2025-W29,2,低风险,4.1625,23.5043,80.7957,24.14,2.3914,2.6,3.8,,2.4,14,4.3,0.5,0.6,5.1
吉林,长春,2025,30,2025-W30,2,低风险,3.8625,25.0271,85.3686,129.09,3.3914,2.6,3.6,,2.2,13.5,3.4,0.6,0.7,4.3
吉林,长春,2025,31,2025-W31,2,低风险,3.9625,23.4786,81.3514,33.58,2.2514,2.6,3.5,,2.3,13.6,3.8,0.6,0.9,4.4
吉林,长春,2025,32,2025-W32,2,低风险,3.4875,21.4757,78.7143,15.55,1.5529,2.5,3.5,,1.5,10.8,3.9,0.4,0.9,4.4
吉林,长春,2025,33,2025-W33,2,低风险,3.5111,22.1071,83.19,22.57,2.8743,2.5,3.4,2,1.5,11.9,3.6,0.6,0.5,5.6
吉林,长春,2025,34,2025-W34,2,低风险,3.3375,23.0886,80.5686,58.4,2.4471,2.5,3.2,,1.9,10.5,3.2,0.5,0.6,4.3
吉林,长春,2025,35,2025-W35,2,低风险,3.1875,20.0871,86.7671,16.78,1.63,2.5,3.1,,2.4,8.5,3.7,0.4,0.6,4.3
吉林,长春,2025,36,2025-W36,2,低风险,2.8444,20.5614,78.6557,12.99,2.7771,2.7,3.4,1,3.3,6.8,3.5,0.4,0.8,3.7
吉林,长春,2025,37,2025-W37,1,中风险,3.3875,18.6743,74.0443,6.65,2.9814,2.8,3.6,,3.6,6.8,5.6,0.4,1,3.3
吉林,长春,2025,38,2025-W38,1,中风险,4.2889,15.2014,68.7929,9.15,2.1943,2.9,3.8,13,3.5,5.3,5.9,0.3,1.1,2.8
吉林,长春,2025,39,2025-W39,1,中风险,4.5667,15.9529,76.6957,10.43,2.5529,2.9,3.8,16,4.1,3.6,7.6,0.2,1,1.9
吉林,长春,2025,40,2025-W40,1,中风险,3.8,16.5571,78.7843,0.48,3.0571,3.3,4.4,11,3,3.2,5.7,0.3,1.2,2.1
吉林,长春,2025,41,2025-W41,1,中风险,2.9111,8.45,67.2029,0.66,2.6029,2.8,4.1,4,3.5,2.3,6.7,0.3,1.1,1.4
吉林,长春,2025,42,2025-W42,1,中风险,8.4625,2.8286,77.3086,6.58,2.51,2.7,,49,5.8,1.8,5.6,0.5,1.3,1
吉林,长春,2025,43,2025-W43,1,中风险,21.2875,0.4457,65.1957,0.01,2.2757,3.6,,144,10.5,1.5,7,0.4,2.4,0.9
吉林,长春,2025,44,2025-W44,1,中风险,43.0889,0.5786,71.2571,7.14,3.3471,5.1,4.6,347,17.5,1.4,6.6,0.4,4.2,1
吉林,长春,2025,45,2025-W45,0,高风险,75.6222,1.0329,74.8943,1.2,3.8086,6.1,5.5,621,29.8,1.1,6.1,0.5,9.8,0.7
吉林,长春,2025,46,2025-W46,0,高风险,127.3125,-0.53,66.8314,1.08,3.3086,7,,955,38.1,0.5,5,0.3,11.4,1.2
吉林,长春,2025,47,2025-W47,0,高风险,163.8,-2.91,71.12,0.48,4.1671,8.6,,1234,44.8,0.6,4.3,0.6,16.4,1.1
吉林,长春,2025,48,2025-W48,0,高风险,203.2,-4.3843,73.8586,1.27,3.4486,9.1,,1541,51.1,0.6,3.5,0.3,19,1
吉林,长春,2025,49,2025-W49,0,高风险,146.6111,-10.8229,73.1457,0.92,4.2557,7.9,11.1,1219,54.2,0.3,4,0.2,22.1,0.7
吉林,长春,2025,50,2025-W50,0,高风险,82.9111,-11.8071,69.8171,0.23,2.6257,6.3,9.7,651,50.2,0.5,4.9,0.2,22.5,0.9
吉林,长春,2025,51,2025-W51,0,高风险,34.2625,-9.4,75.43,0.63,3.9686,4.9,,201,41.9,0.7,6.1,0.4,18.6,0.5
吉林,长春,2025,52,2025-W52,1,中风险,17.9875,-13.8386,81.5786,8.6,4.1043,4.2,,82,33.7,0.7,7.2,0.3,14.5,1.3
吉林,长春,2026,1,2026-W01,1,中风险,10.6444,-17.8514,81.7771,0.2,3.0357,4.1,5.4,37,27.4,1.1,8.8,0.2,10.6,1.2
吉林,长春,2026,2,2026-W02,1,中风险,7.7889,-14.6343,82.2729,2.39,4.0771,3.7,4.8,19,23.3,1.1,9.8,0.3,7.1,1
吉林,长春,2026,3,2026-W03,1,中风险,7.3222,-18.2857,80.8043,2.94,3.3157,3.5,4.7,18,21.3,0.9,9.3,0.3,6.9,1
吉林,长春,2026,4,2026-W04,1,中风险,5.9333,-21.9086,81.2143,0.02,3.0886,3.4,4.3,8,18.8,1.5,8.3,0.2,7.7,1.2
吉林,长春,2026,5,2026-W05,1,中风险,5.2222,-17.2357,81.2929,0.08,2.3471,3.3,4,4,17.1,2.3,7.9,0.2,6.4,1.8
吉林,长春,2026,6,2026-W06,1,中风险,4.6375,-15.2243,76.9714,1.29,3.6814,3,3.3,,13,2.2,8.6,0.2,5.1,1.7
吉林,长春,2026,7,2026-W07,1,中风险,3.8222,-7.11,81.1071,0.02,3.6129,2.9,3.6,1,11,1.7,8,0.2,4.9,1.1
吉林,长春,2026,8,2026-W08,1,中风险,4.425,-4.6357,74.9843,3.52,5.3271,4.9,4.8,,10.5,1.3,8,0,4.4,1.5
吉林,长春,2026,9,2026-W09,1,中风险,3.95,-8.1357,59.9714,0.15,4.8857,3,3,,11,2.3,6.6,0.2,4.1,1.4
吉林,长春,2026,10,2026-W10,1,中风险,3.6125,-6.28,65.47,1.23,2.79,2.8,2.8,,9.4,2.6,6.8,0.2,3.3,1
吉林,长春,2026,11,2026-W11,1,中风险,4.0556,-1.2329,61.8229,0.06,3.2629,3,3,6,11.3,2.3,5.8,0.2,3.6,1.3
吉林,长春,2026,12,2026-W12,1,中风险,7.3556,-0.6114,57.59,3.06,3.8771,3.5,3.3,32,13.3,2.7,4.4,0.2,5.7,1.1
吉林,长春,2026,13,2026-W13,1,中风险,11.1667,5.0486,58.8171,0.74,3.37,3.6,3.5,64,15.5,2.4,3.9,0.1,6.2,1.3
吉林,长春,2026,14,2026-W14,1,中风险,10.1778,3.4143,62.0771,20.95,3.2614,3.6,3.6,56,16.3,2,4,0.2,5,0.9
吉林,长春,2026,15,2026-W15,1,中风险,6.2333,4.9414,69.02,22.73,4.5571,3.6,3.7,23,15.3,1.8,2.6,0.3,5.5,0.3
吉林,长春,2026,16,2026-W16,1,中风险,5.3778,9.2129,63.5686,7.15,3.7157,3.5,3.7,18,13.4,1.3,2.6,0.2,4.9,0.8
吉林,长春,2026,17,2026-W17,1,中风险,5.8,8.6229,50.6429,15.84,4.0686,3.7,3.9,20,14.8,1.3,2.3,0.2,5.3,0.7
吉林,长春,2026,18,2026-W18,1,中风险,5.7222,12.0429,46.6271,5.35,3.52,3.3,4.1,22,13.3,1.5,1.7,0.1,4.9,0.6
吉林,长春,2026,19,2026-W19,1,中风险,3.9111,13.0729,60.0457,32.62,3.7057,3.6,4.1,7,12.2,1.4,2,0.1,4.2,0.6
吉林,长春,2026,20,2026-W20,1,中风险,5.0333,19.9517,55.6067,0.92,3.6167,3.4,4.2,18,11.9,1.7,1.2,0.2,4,0.7
四川,成都,2024,1,2024-W01,1,中风险,8.4,8.49,79.04,1.43,1.3457,7.1,9.7,,,,,,,
四川,成都,2024,2,2024-W02,1,中风险,7.5,10.6086,77.0057,0.45,1.1157,6.3,8.7,,,,,,,
四川,成都,2024,3,2024-W03,1,中风险,6.85,7.7157,75.7286,11.74,2.6771,6,7.7,,,,,,,
四川,成都,2024,4,2024-W04,1,中风险,6.1,2.7429,74.2586,6.2,1.77,5.2,7,,,,,,,
四川,成都,2024,5,2024-W05,1,中风险,5.7,6.2114,76.6257,2.59,1.6514,5,6.4,,,,,,,
四川,成都,2024,6,2024-W06,1,中风险,6.8,6.9814,74.2914,1.11,1.4129,5.7,7.9,,,,,,,
四川,成都,2024,7,2024-W07,1,中风险,6.65,11.4943,65.9814,0.53,1.9229,5.7,7.6,,,,,,,
四川,成都,2024,8,2024-W08,1,中风险,5,7.18,65.25,3.71,2.8057,4.3,5.7,,,,,,,
四川,成都,2024,9,2024-W09,1,中风险,4.1,7.8557,73.0171,5.69,1.46,4.3,5,3,,,,,,
四川,成都,2024,10,2024-W10,1,中风险,10.5333,11.7371,68.7129,2.59,1.7414,4.1,5.5,22,,,,,,
四川,成都,2024,11,2024-W11,1,中风险,10.8333,15.5943,69.9114,5.9,2.2671,4.1,5.4,23,,,,,,
四川,成都,2024,12,2024-W12,1,中风险,6.3,17.8271,60.2243,6.94,2.3629,3.9,5,10,,,,,,
四川,成都,2024,13,2024-W13,1,中风险,6.8333,19.5657,61.9571,3.89,2.1229,3.8,4.7,12,,,,,,
四川,成都,2024,14,2024-W14,1,中风险,4.5,19.6357,70.75,36.46,2.1486,3.8,4.7,5,,,,,,
四川,成都,2024,15,2024-W15,1,中风险,3.9667,21.6743,66.7814,3.62,1.6071,3.6,4.3,4,,,,,,
四川,成都,2024,16,2024-W16,1,中风险,4.3667,22.26,68.2971,37.29,2.3743,3.5,4.6,5,,,,,,
四川,成都,2024,17,2024-W17,1,中风险,5.4333,22.0571,69.1714,16.35,1.5129,3.6,4.7,8,,,,,,
四川,成都,2024,18,2024-W18,1,中风险,4.4,19.0086,68.8186,21.14,2.2429,3.8,5,,,,,,,
四川,成都,2024,19,2024-W19,1,中风险,4.5,22.7814,67.3586,17.49,1.8286,3.6,4.9,5,,,,,,
四川,成都,2024,20,2024-W20,1,中风险,7.3667,25.3486,59.2543,4.71,1.8057,4,5.1,13,,,,,,
四川,成都,2024,21,2024-W21,1,中风险,6.9,27.9814,58.5557,20.49,2.1186,3.9,4.8,12,,,,,,
四川,成都,2024,22,2024-W22,1,中风险,5.9667,24.9243,67.46,52.79,2.3286,3.8,5.1,9,,,,,,
四川,成都,2024,23,2024-W23,1,中风险,3.6,24.39,70.8914,18.21,1.9614,3.9,4.9,2,,,,,,
四川,成都,2024,24,2024-W24,1,中风险,4.3667,27.8786,60.8771,20.84,1.6371,4,5.1,4,,,,,,
四川,成都,2024,25,2024-W25,1,中风险,6.0333,27.7043,65.9714,23.06,1.9043,3.9,5.2,9,,,,,,
四川,成都,2024,26,2024-W26,1,中风险,4.3,26.4686,70.3286,14.42,1.7114,3.8,5.1,4,,,,,,
四川,成都,2024,27,2024-W27,1,中风险,4.6333,27.7543,71.9443,93.92,1.9729,3.8,5.1,5,,,,,,
四川,成都,2024,28,2024-W28,1,中风险,4.5,26.7671,84.7086,107.52,2.3714,4.1,4.9,,,,,,,
四川,成都,2024,29,2024-W29,1,中风险,4.25,28.1529,86.8357,78.68,1.9257,3.8,4.7,,,,,,,
四川,成都,2024,30,2024-W30,1,中风险,4.2,28.7057,79.6029,29.69,1.7043,3.9,4.5,,,,,,,
四川,成都,2024,31,2024-W31,1,中风险,4,28.5929,76.6914,10.16,1.3571,3.8,4.2,,,,,,,
四川,成都,2024,32,2024-W32,1,中风险,3.7,28.9814,76.31,58.32,1.5586,3.5,3.9,,,,,,,
四川,成都,2024,33,2024-W33,1,中风险,3.6,28.7557,70.3786,6.03,1.3529,3.6,3.6,,,,,,,
四川,成都,2024,34,2024-W34,1,中风险,3.4,30.89,68.7057,1.67,1.4957,3.6,3.2,,,,,,,
四川,成都,2024,35,2024-W35,1,中风险,3.25,31.4914,64.94,8.2,1.73,3.4,3.1,,,,,,,
四川,成都,2024,36,2024-W36,1,中风险,3.3,30.4957,66.04,21.41,1.6914,3.4,3.2,,,,,,,
四川,成都,2024,37,2024-W37,1,中风险,4.9667,28.1757,72.56,59.23,1.6914,3.4,3.5,8,,,,,,
四川,成都,2024,38,2024-W38,1,中风险,3.1,28.3743,64.2543,14.54,1.9643,3.6,3.7,2,,,,,,
四川,成都,2024,39,2024-W39,1,中风险,3.6333,26.9486,68.1957,30.03,1.6229,3.2,3.7,4,,,,,,
四川,成都,2024,40,2024-W40,1,中风险,3.85,17.87,76.1557,44.02,1.3586,3.6,4.1,,,,,,,
四川,成都,2024,41,2024-W41,1,中风险,2.5,18.5229,80.9114,20.75,1.2586,3.2,3.3,1,,,,,,
四川,成都,2024,42,2024-W42,1,中风险,5.7,19.2857,81.3586,39.34,1.7829,3.4,,8,,,,,,
四川,成都,2024,43,2024-W43,1,中风险,5.15,18.3686,74.1814,4.31,1.5886,3.3,,7,,,,,,
四川,成都,2024,44,2024-W44,1,中风险,4.3,16.9786,78.2586,3.04,1.7257,3.5,3.4,6,,,,,,
四川,成都,2024,45,2024-W45,1,中风险,4.4,16.0371,83.1357,9.3,1.2186,3.6,3.6,6,,,,,,
四川,成都,2024,46,2024-W46,1,中风险,8.4,15.5114,78.7743,9.19,2.2457,3.8,,13,,,,,,
四川,成都,2024,47,2024-W47,1,中风险,12.05,11.3871,81.47,8.72,1.9114,4.1,,20,,,,,,
四川,成都,2024,48,2024-W48,1,中风险,12.9667,9.6371,68.7729,2.64,1.4186,4.4,3.5,31,,,,,,
四川,成都,2024,49,2024-W49,1,中风险,16.0667,8.8571,78.8829,10.55,1.8314,4.6,3.6,40,,,,,,
四川,成都,2024,50,2024-W50,1,中风险,41.1333,5.3057,70.8686,5.17,1.6286,5.4,4,114,,,,,,
四川,成都,2024,51,2024-W51,1,中风险,81.25,5.8771,78.9471,3.48,1.3357,6.5,,156,,,,,,
四川,成都,2024,52,2024-W52,1,中风险,89.1,5.4471,66.8557,1.21,1.43,7.2,,171,,,,,,
四川,成都,2025,1,2025-W01,1,中风险,53.2333,7.5529,67.1,0,1.5186,7.5,7.2,145,,,,,,
四川,成都,2025,2,2025-W02,1,中风险,43.7,5.9457,80.0329,7.7,1.7171,6.2,6.9,118,,,,,,
四川,成都,2025,3,2025-W03,1,中风险,10.5333,7.4729,73.8014,1.2,1.43,5.1,6.5,20,,,,,,
四川,成都,2025,4,2025-W04,1,中风险,4.1667,9.0071,73.2157,11.57,2.05,4.2,5.3,3,,,,,,
四川,成都,2025,5,2025-W05,1,中风险,6.45,6.8086,74.6257,4.32,1.5443,5.5,7.4,,,,,,,
四川,成都,2025,6,2025-W06,1,中风险,3.4667,6.7529,69.9214,10.45,1.9714,3.9,5.5,1,,,,,,
四川,成都,2025,7,2025-W07,1,中风险,3.0333,7.67,69.2971,2.67,1.5786,3.4,4.7,1,,,,,,
四川,成都,2025,8,2025-W08,1,中风险,6.4667,8.7657,82.1129,11.55,1.89,3.1,4.3,12,,,,,,
四川,成都,2025,9,2025-W09,1,中风险,16.4333,10.5314,73.9057,8.28,1.7371,3.1,4.2,42,,,,,,
四川,成都,2025,10,2025-W10,1,中风险,10.0333,9.8571,78.3186,18.24,1.8729,3.2,3.9,23,,,,,,
四川,成都,2025,11,2025-W11,1,中风险,6.7333,11.8657,71.0057,11.2,2.3014,3.2,4,13,,,,,,
四川,成都,2025,12,2025-W12,1,中风险,3.8,11.5086,61.9743,3.16,1.3671,3.3,4.1,4,,,,,,
四川,成都,2025,13,2025-W13,1,中风险,4.1667,14.7771,55.3257,4.26,3.2157,3.4,4.1,5,,,,,,
四川,成都,2025,14,2025-W14,1,中风险,3.4333,14.5043,72.4543,5.64,1.4971,3.4,3.9,3,,,,,,
四川,成都,2025,15,2025-W15,1,中风险,3.55,21.0329,57.6257,11.56,2.1814,3.2,3.9,,,,,,,
四川,成都,2025,16,2025-W16,1,中风险,3.7,24.36,56.8514,5.04,1.9057,3.3,4.1,,,,,,,
四川,成都,2025,17,2025-W17,1,中风险,3.6,20.0243,66.9429,17,2.1757,3.3,3.9,,,,,,,
四川,成都,2025,18,2025-W18,1,中风险,3.8,23.2543,59.21,23.6,2.5171,3.4,4.2,,,,,,,
四川,成都,2025,19,2025-W19,1,中风险,3.6,21.7571,60.3843,22.03,2.3657,3.1,4.1,,,,,,,
四川,成都,2025,20,2025-W20,1,中风险,2.9333,25.6214,57.1671,4.42,1.8471,3.1,4.7,1,,,,,,
四川,成都,2025,21,2025-W21,1,中风险,5.3,26.78,55.2371,6.82,2.1671,3.2,4.7,8,,,,,,
四川,成都,2025,22,2025-W22,1,中风险,3.9667,23.6086,70.4786,44.81,2.4086,3.1,4.8,4,,,,,,
四川,成都,2025,23,2025-W23,1,中风险,3.2,26.8557,58.2971,1.59,1.6114,3.1,4.5,2,,,,,,
四川,成都,2025,24,2025-W24,1,中风险,3.0667,29.7257,48.61,2.3,1.9257,2.9,4.3,2,,,,,,
四川,成都,2025,25,2025-W25,2,低风险,3.9444,29.1557,61.99,34.95,2.1071,2.9,4.3,1,1.5,15.4,2.9,0.1,0.7,6.7
四川,成都,2025,26,2025-W26,2,低风险,3.9778,26.4843,73.0186,72.85,1.9186,3,4.3,2,1.6,14,3,0.2,0.8,6.9
四川,成都,2025,27,2025-W27,2,低风险,3.6889,27.5786,71.7614,56.54,1.8686,2.9,4.2,2,1.8,11.9,3.3,0.3,0.5,6.3
四川,成都,2025,28,2025-W28,2,低风险,3.7778,27.5343,78.5643,45.9,1.5729,2.7,4,1,1.8,13.4,3.3,0.2,0.8,6.8
四川,成都,2025,29,2025-W29,2,低风险,4.1625,30.8471,70.8686,48.95,1.6629,2.6,3.8,,2.4,14,4.3,0.5,0.6,5.1
四川,成都,2025,30,2025-W30,2,低风险,3.8625,28.8186,78.1957,47.07,1.6129,2.6,3.6,,2.2,13.5,3.4,0.6,0.7,4.3
四川,成都,2025,31,2025-W31,2,低风险,3.9625,31.6471,64.6843,1.52,1.2857,2.6,3.5,,2.3,13.6,3.8,0.6,0.9,4.4
四川,成都,2025,32,2025-W32,2,低风险,3.4875,30.5643,76.2443,59.74,1.7843,2.5,3.5,,1.5,10.8,3.9,0.4,0.9,4.4
四川,成都,2025,33,2025-W33,2,低风险,3.5111,27.7386,74.7457,31.58,1.3714,2.5,3.4,2,1.5,11.9,3.6,0.6,0.5,5.6
四川,成都,2025,34,2025-W34,2,低风险,3.3375,28.0043,78.5,61.53,2.0214,2.5,3.2,,1.9,10.5,3.2,0.5,0.6,4.3
四川,成都,2025,35,2025-W35,2,低风险,3.1875,24.6286,80.7414,47.3,2.33,2.5,3.1,,2.4,8.5,3.7,0.4,0.6,4.3
四川,成都,2025,36,2025-W36,2,低风险,2.8444,24.3529,78.8829,37.55,1.5343,2.7,3.4,1,3.3,6.8,3.5,0.4,0.8,3.7
四川,成都,2025,37,2025-W37,2,低风险,3.3875,25.1986,82.6971,62.58,1.4229,2.8,3.6,,3.6,6.8,5.6,0.4,1,3.3
四川,成都,2025,38,2025-W38,1,中风险,4.2889,22.75,84.3671,84.3,2.4914,2.9,3.8,13,3.5,5.3,5.9,0.3,1.1,2.8
四川,成都,2025,39,2025-W39,1,中风险,4.5667,21.7486,83.4371,40.67,1.9314,2.9,3.8,16,4.1,3.6,7.6,0.2,1,1.9
四川,成都,2025,40,2025-W40,1,中风险,3.8,22.0457,83.3814,50.63,1.2886,3.3,4.4,11,3,3.2,5.7,0.3,1.2,2.1
四川,成都,2025,41,2025-W41,1,中风险,2.9111,22.3271,83.5271,14.53,2.1614,2.8,4.1,4,3.5,2.3,6.7,0.3,1.1,1.4
四川,成都,2025,42,2025-W42,1,中风险,8.4625,19.2529,82.1929,23.67,1.9057,2.7,,49,5.8,1.8,5.6,0.5,1.3,1
四川,成都,2025,43,2025-W43,1,中风险,21.2875,14.0514,86.32,25.9,2.1971,3.6,,144,10.5,1.5,7,0.4,2.4,0.9
四川,成都,2025,44,2025-W44,1,中风险,43.0889,15.1657,87.7014,11.28,1.0814,5.1,4.6,347,17.5,1.4,6.6,0.4,4.2,1
四川,成都,2025,45,2025-W45,0,高风险,75.6222,14.35,83.2329,6.44,1.5629,6.1,5.5,621,29.8,1.1,6.1,0.5,9.8,0.7
四川,成都,2025,46,2025-W46,0,高风险,127.3125,13.7657,82.9586,11.92,1.6886,7,,955,38.1,0.5,5,0.3,11.4,1.2
四川,成都,2025,47,2025-W47,0,高风险,163.8,9.0314,68.1214,2.42,1.8186,8.6,,1234,44.8,0.6,4.3,0.6,16.4,1.1
四川,成都,2025,48,2025-W48,0,高风险,203.2,10.0129,73.7929,0.07,1.4229,9.1,,1541,51.1,0.6,3.5,0.3,19,1
四川,成都,2025,49,2025-W49,0,高风险,146.6111,9.5657,79.5429,1.08,1.6143,7.9,11.1,1219,54.2,0.3,4,0.2,22.1,0.7
四川,成都,2025,50,2025-W50,0,高风险,82.9111,8.5371,79.5714,0.86,1.5129,6.3,9.7,651,50.2,0.5,4.9,0.2,22.5,0.9
四川,成都,2025,51,2025-W51,0,高风险,34.2625,7.9886,79.8443,0.83,1.4814,4.9,,201,41.9,0.7,6.1,0.4,18.6,0.5
四川,成都,2025,52,2025-W52,1,中风险,17.9875,7.7543,79.7929,1.08,1.42,4.2,,82,33.7,0.7,7.2,0.3,14.5,1.3
四川,成都,2026,1,2026-W01,1,中风险,10.6444,6.5071,82.3686,9.68,1.9043,4.1,5.4,37,27.4,1.1,8.8,0.2,10.6,1.2
四川,成都,2026,2,2026-W02,1,中风险,7.7889,5.99,67.8943,0.57,1.2457,3.7,4.8,19,23.3,1.1,9.8,0.3,7.1,1
四川,成都,2026,3,2026-W03,1,中风险,7.3222,9.2514,73.7171,0.01,1.7,3.5,4.7,18,21.3,0.9,9.3,0.3,6.9,1
四川,成都,2026,4,2026-W04,1,中风险,5.9333,3.9543,75.8643,3.12,2.4543,3.4,4.3,8,18.8,1.5,8.3,0.2,7.7,1.2
四川,成都,2026,5,2026-W05,1,中风险,5.2222,6.6,74.8743,0.42,1.4543,3.3,4,4,17.1,2.3,7.9,0.2,6.4,1.8
四川,成都,2026,6,2026-W06,1,中风险,4.6375,8.67,79.1029,5.03,1.8929,3,3.3,,13,2.2,8.6,0.2,5.1,1.7
四川,成都,2026,7,2026-W07,1,中风险,3.8222,9.7829,71.0914,0.77,1.87,2.9,3.6,1,11,1.7,8,0.2,4.9,1.1
四川,成都,2026,8,2026-W08,1,中风险,4.425,12.4071,68.1514,0,1.5686,4.9,4.8,,10.5,1.3,8,0,4.4,1.5
四川,成都,2026,9,2026-W09,1,中风险,3.95,14.4529,73.7457,10.24,2.3386,3,3,,11,2.3,6.6,0.2,4.1,1.4
四川,成都,2026,10,2026-W10,1,中风险,3.6125,14.0086,76.6886,13.08,1.8729,2.8,2.8,,9.4,2.6,6.8,0.2,3.3,1
四川,成都,2026,11,2026-W11,1,中风险,4.0556,13.6343,74.6014,11.68,2.4514,3,3,6,11.3,2.3,5.8,0.2,3.6,1.3
四川,成都,2026,12,2026-W12,1,中风险,7.3556,13.2757,72.21,6.09,1.5229,3.5,3.3,32,13.3,2.7,4.4,0.2,5.7,1.1
四川,成都,2026,13,2026-W13,1,中风险,11.1667,16.7529,75.1057,11.41,1.73,3.6,3.5,64,15.5,2.4,3.9,0.1,6.2,1.3
四川,成都,2026,14,2026-W14,1,中风险,10.1778,18.3,70.1157,11.95,1.7,3.6,3.6,56,16.3,2,4,0.2,5,0.9
四川,成都,2026,15,2026-W15,1,中风险,6.2333,20.8043,70.3486,14.88,2.1729,3.6,3.7,23,15.3,1.8,2.6,0.3,5.5,0.3
四川,成都,2026,16,2026-W16,1,中风险,5.3778,20.8814,67.06,37.33,2.4086,3.5,3.7,18,13.4,1.3,2.6,0.2,4.9,0.8
四川,成都,2026,17,2026-W17,1,中风险,5.8,19.3571,67.8857,26.31,2.5557,3.7,3.9,20,14.8,1.3,2.3,0.2,5.3,0.7
四川,成都,2026,18,2026-W18,1,中风险,5.7222,18.8657,69.7129,25.47,2.45,3.3,4.1,22,13.3,1.5,1.7,0.1,4.9,0.6
四川,成都,2026,19,2026-W19,1,中风险,3.9111,22.46,57.3086,0.8,1.9757,3.6,4.1,7,12.2,1.4,2,0.1,4.2,0.6
四川,成都,2026,20,2026-W20,1,中风险,5.0333,23.1167,63.5333,3.94,1.4,3.4,4.2,18,11.9,1.7,1.2,0.2,4,0.7
天津,天津,2024,1,2024-W01,1,中风险,8.4,-4.2957,69.0357,0,1.9614,7.1,9.7,,,,,,,
天津,天津,2024,2,2024-W02,1,中风险,7.5,-3.0671,69.4,0,2.0671,6.3,8.7,,,,,,,
天津,天津,2024,3,2024-W03,1,中风险,6.85,-4.58,61.6286,1.77,2.2071,6,7.7,,,,,,,
天津,天津,2024,4,2024-W04,1,中风险,6.1,-5.2929,53.9957,0,2.24,5.2,7,,,,,,,
天津,天津,2024,5,2024-W05,1,中风险,5.7,-4.8471,59.4143,0,2.2814,5,6.4,,,,,,,
天津,天津,2024,6,2024-W06,1,中风险,6.8,-1.71,58.6186,0,2.0586,5.7,7.9,,,,,,,
天津,天津,2024,7,2024-W07,1,中风险,6.65,2.5929,72.2429,1.74,2.64,5.7,7.6,,,,,,,
天津,天津,2024,8,2024-W08,1,中风险,5,-2.5443,44.9357,4.38,3.2557,4.3,5.7,,,,,,,
天津,天津,2024,9,2024-W09,1,中风险,4.1,-0.0671,53.6414,0,2.91,4.3,5,3,,,,,,
天津,天津,2024,10,2024-W10,1,中风险,10.5333,2.4986,60.6671,0.09,2.5586,4.1,5.5,22,,,,,,
天津,天津,2024,11,2024-W11,1,中风险,10.8333,7.5171,54.2957,0,2.78,4.1,5.4,23,,,,,,
天津,天津,2024,12,2024-W12,1,中风险,6.3,7.9314,51.0771,2.8,3.2029,3.9,5,10,,,,,,
天津,天津,2024,13,2024-W13,1,中风险,6.8333,10.1214,53.7371,6.8,3.14,3.8,4.7,12,,,,,,
天津,天津,2024,14,2024-W14,1,中风险,4.5,12.5186,50.3886,0.01,3.0871,3.8,4.7,5,,,,,,
天津,天津,2024,15,2024-W15,1,中风险,3.9667,14.7114,62.4629,1.57,2.9514,3.6,4.3,4,,,,,,
天津,天津,2024,16,2024-W16,1,中风险,4.3667,16.0486,50.21,0.73,3.0743,3.5,4.6,5,,,,,,
天津,天津,2024,17,2024-W17,1,中风险,5.4333,16.1943,67.1314,57.52,3.1814,3.6,4.7,8,,,,,,
天津,天津,2024,18,2024-W18,1,中风险,4.4,16.4514,55.4586,1.65,2.3971,3.8,5,,,,,,,
天津,天津,2024,19,2024-W19,1,中风险,4.5,20.5086,45.9057,3.38,3.1371,3.6,4.9,5,,,,,,
天津,天津,2024,20,2024-W20,1,中风险,7.3667,21.91,45.34,8.88,3.4086,4,5.1,13,,,,,,
天津,天津,2024,21,2024-W21,1,中风险,6.9,19.9971,61.3457,23.93,2.6171,3.9,4.8,12,,,,,,
天津,天津,2024,22,2024-W22,1,中风险,5.9667,23.8443,46.0129,2.56,2.49,3.8,5.1,9,,,,,,
天津,天津,2024,23,2024-W23,1,中风险,3.6,24.7843,59.6214,13.54,2.1443,3.9,4.9,2,,,,,,
天津,天津,2024,24,2024-W24,1,中风险,4.3667,27.8429,56.8129,26.56,2.3157,4,5.1,4,,,,,,
天津,天津,2024,25,2024-W25,1,中风险,6.0333,27.2457,54.0914,5.27,2.7471,3.9,5.2,9,,,,,,
天津,天津,2024,26,2024-W26,1,中风险,4.3,28.17,51.0029,2.81,2.5571,3.8,5.1,4,,,,,,
天津,天津,2024,27,2024-W27,1,中风险,4.6333,24.8329,73.8371,37.01,2.5,3.8,5.1,5,,,,,,
天津,天津,2024,28,2024-W28,1,中风险,4.5,27.1929,64.6,22.65,1.9771,4.1,4.9,,,,,,,
天津,天津,2024,29,2024-W29,1,中风险,4.25,29.7843,61.2057,14.07,2.2386,3.8,4.7,,,,,,,
天津,天津,2024,30,2024-W30,1,中风险,4.2,29.8729,81.2786,117.87,1.8471,3.9,4.5,,,,,,,
天津,天津,2024,31,2024-W31,1,中风险,4,29.3471,83.9814,195.32,1.7457,3.8,4.2,,,,,,,
天津,天津,2024,32,2024-W32,1,中风险,3.7,27.4086,80.9257,66.89,1.7014,3.5,3.9,,,,,,,
天津,天津,2024,33,2024-W33,1,中风险,3.6,27.2643,80.2457,18.09,1.2486,3.6,3.6,,,,,,,
天津,天津,2024,34,2024-W34,1,中风险,3.4,26.9143,83.9086,79.76,1.3271,3.6,3.2,,,,,,,
天津,天津,2024,35,2024-W35,1,中风险,3.25,24.2229,78.5429,89.6,2.2443,3.4,3.1,,,,,,,
天津,天津,2024,36,2024-W36,1,中风险,3.3,23.1029,73.7114,8.67,1.5114,3.4,3.2,,,,,,,
天津,天津,2024,37,2024-W37,1,中风险,4.9667,20.9571,73.6314,35.14,2.1829,3.4,3.5,8,,,,,,
天津,天津,2024,38,2024-W38,1,中风险,3.1,19.7029,72.4971,8.04,2.0671,3.6,3.7,2,,,,,,
天津,天津,2024,39,2024-W39,1,中风险,3.6333,19.1243,74.5386,3.28,1.7657,3.2,3.7,4,,,,,,
天津,天津,2024,40,2024-W40,1,中风险,3.85,13.1357,71.6014,36.11,2.29,3.6,4.1,,,,,,,
天津,天津,2024,41,2024-W41,1,中风险,2.5,14.7671,69.0071,0.76,1.7443,3.2,3.3,1,,,,,,
天津,天津,2024,42,2024-W42,1,中风险,5.7,11.9286,71.7443,10.68,2.3986,3.4,,8,,,,,,
天津,天津,2024,43,2024-W43,1,中风险,5.15,10.0814,79.6829,1.11,1.6557,3.3,,7,,,,,,
天津,天津,2024,44,2024-W44,1,中风险,4.3,11.7414,79.6914,0.06,1.9171,3.5,3.4,6,,,,,,
天津,天津,2024,45,2024-W45,1,中风险,4.4,8.5514,70.6743,0.07,1.7557,3.6,3.6,6,,,,,,
天津,天津,2024,46,2024-W46,1,中风险,8.4,9.8971,76.6686,19.48,1.7257,3.8,,13,,,,,,
天津,天津,2024,47,2024-W47,1,中风险,12.05,4.2114,74.2071,0.1,2.1986,4.1,,20,,,,,,
天津,天津,2024,48,2024-W48,1,中风险,12.9667,1.53,62.9,10.9,3.1086,4.4,3.5,31,,,,,,
天津,天津,2024,49,2024-W49,1,中风险,16.0667,-0.8629,56.9914,0,2.3186,4.6,3.6,40,,,,,,
天津,天津,2024,50,2024-W50,1,中风险,41.1333,-1.9257,66.09,0.07,2.0543,5.4,4,114,,,,,,
天津,天津,2024,51,2024-W51,1,中风险,81.25,-3.14,63.35,0,2.1286,6.5,,156,,,,,,
天津,天津,2024,52,2024-W52,1,中风险,89.1,-3.3529,62.1643,0,2.4157,7.2,,171,,,,,,
天津,天津,2025,1,2025-W01,1,中风险,53.2333,-2.4686,63.6,0,2.0957,7.5,7.2,145,,,,,,
天津,天津,2025,2,2025-W02,1,中风险,43.7,-4.8814,58.59,0,2.4157,6.2,6.9,118,,,,,,
天津,天津,2025,3,2025-W03,1,中风险,10.5333,-2.2443,61.2157,0,2.5986,5.1,6.5,20,,,,,,
天津,天津,2025,4,2025-W04,1,中风险,4.1667,-0.8129,70.9014,5.57,2.1171,4.2,5.3,3,,,,,,
天津,天津,2025,5,2025-W05,1,中风险,6.45,-5.6771,64.8757,0.02,3.0643,5.5,7.4,,,,,,,
天津,天津,2025,6,2025-W06,1,中风险,3.4667,-7.1971,49.5014,0,3.4729,3.9,5.5,1,,,,,,
天津,天津,2025,7,2025-W07,1,中风险,3.0333,0.2971,61.0414,0,2.4171,3.4,4.7,1,,,,,,
天津,天津,2025,8,2025-W08,1,中风险,6.4667,-1.6357,54.4086,0,2.2529,3.1,4.3,12,,,,,,
天津,天津,2025,9,2025-W09,1,中风险,16.4333,2.9143,63.1043,0.31,3.0014,3.1,4.2,42,,,,,,
天津,天津,2025,10,2025-W10,1,中风险,10.0333,3.3471,67.0729,0.01,2.0571,3.2,3.9,23,,,,,,
天津,天津,2025,11,2025-W11,1,中风险,6.7333,5.8386,62.6543,1.06,3.4157,3.2,4,13,,,,,,
天津,天津,2025,12,2025-W12,1,中风险,3.8,9.3443,49.6786,0,3.1886,3.3,4.1,4,,,,,,
天津,天津,2025,13,2025-W13,1,中风险,4.1667,7.46,44.6143,0.28,3.6486,3.4,4.1,5,,,,,,
天津,天津,2025,14,2025-W14,1,中风险,3.4333,10.5957,48.6757,0,3.0214,3.4,3.9,3,,,,,,
天津,天津,2025,15,2025-W15,1,中风险,3.55,12.7086,49.4971,0.93,4.2543,3.2,3.9,,,,,,,
天津,天津,2025,16,2025-W16,1,中风险,3.7,14.7186,59.2471,12.67,3.1343,3.3,4.1,,,,,,,
天津,天津,2025,17,2025-W17,1,中风险,3.6,15.7643,48.2971,1.02,3.0229,3.3,3.9,,,,,,,
天津,天津,2025,18,2025-W18,1,中风险,3.8,16.3957,46.31,0.36,2.8257,3.4,4.2,,,,,,,
天津,天津,2025,19,2025-W19,1,中风险,3.6,16.2629,66.55,67.59,2.7614,3.1,4.1,,,,,,,
天津,天津,2025,20,2025-W20,1,中风险,2.9333,19.45,63.8,29.96,2.8714,3.1,4.7,1,,,,,,
天津,天津,2025,21,2025-W21,1,中风险,5.3,20.2743,59.4171,6.37,2.5957,3.2,4.7,8,,,,,,
天津,天津,2025,22,2025-W22,1,中风险,3.9667,23.0029,58.5229,0.89,2.2057,3.1,4.8,4,,,,,,
天津,天津,2025,23,2025-W23,1,中风险,3.2,24.6186,42.8929,0.02,2.84,3.1,4.5,2,,,,,,
天津,天津,2025,24,2025-W24,1,中风险,3.0667,25.5157,54.8457,32.18,3.0686,2.9,4.3,2,,,,,,
天津,天津,2025,25,2025-W25,2,低风险,3.9444,26.3271,60.9514,8.47,1.9157,2.9,4.3,1,1.5,15.4,2.9,0.1,0.7,6.7
天津,天津,2025,26,2025-W26,2,低风险,3.9778,27.83,63.2,13.63,1.8743,3,4.3,2,1.6,14,3,0.2,0.8,6.9
天津,天津,2025,27,2025-W27,2,低风险,3.6889,28.4114,78.3014,65.41,1.92,2.9,4.2,2,1.8,11.9,3.3,0.3,0.5,6.3
天津,天津,2025,28,2025-W28,2,低风险,3.7778,29.36,68.3914,5.19,2.1586,2.7,4,1,1.8,13.4,3.3,0.2,0.8,6.8
天津,天津,2025,29,2025-W29,2,低风险,4.1625,28.1429,62.7143,27.78,1.7986,2.6,3.8,,2.4,14,4.3,0.5,0.6,5.1
天津,天津,2025,30,2025-W30,2,低风险,3.8625,28.9771,76.3857,33.71,2.2,2.6,3.6,,2.2,13.5,3.4,0.6,0.7,4.3
天津,天津,2025,31,2025-W31,2,低风险,3.9625,27.8243,77.8714,78.03,1.44,2.6,3.5,,2.3,13.6,3.8,0.6,0.9,4.4
天津,天津,2025,32,2025-W32,2,低风险,3.4875,27.52,80.6886,100.44,1.9443,2.5,3.5,,1.5,10.8,3.9,0.4,0.9,4.4
天津,天津,2025,33,2025-W33,2,低风险,3.5111,26.7829,80.2643,37.27,1.5829,2.5,3.4,2,1.5,11.9,3.6,0.6,0.5,5.6
天津,天津,2025,34,2025-W34,2,低风险,3.3375,26.3543,84.2386,119.11,1.6286,2.5,3.2,,1.9,10.5,3.2,0.5,0.6,4.3
天津,天津,2025,35,2025-W35,2,低风险,3.1875,24.5614,82.3557,65.7,1.6957,2.5,3.1,,2.4,8.5,3.7,0.4,0.6,4.3
天津,天津,2025,36,2025-W36,2,低风险,2.8444,23.9329,76.9243,8.85,1.4929,2.7,3.4,1,3.3,6.8,3.5,0.4,0.8,3.7
天津,天津,2025,37,2025-W37,2,低风险,3.3875,23.5614,75.5229,11.76,1.6086,2.8,3.6,,3.6,6.8,5.6,0.4,1,3.3
天津,天津,2025,38,2025-W38,1,中风险,4.2889,19.4371,71.18,0.57,1.85,2.9,3.8,13,3.5,5.3,5.9,0.3,1.1,2.8
天津,天津,2025,39,2025-W39,1,中风险,4.5667,19.4857,74.6871,3.74,1.2543,2.9,3.8,16,4.1,3.6,7.6,0.2,1,1.9
天津,天津,2025,40,2025-W40,1,中风险,3.8,20.1957,73.7114,5.68,1.5943,3.3,4.4,11,3,3.2,5.7,0.3,1.2,2.1
天津,天津,2025,41,2025-W41,1,中风险,2.9111,12.6629,75.2914,124.9,2.4957,2.8,4.1,4,3.5,2.3,6.7,0.3,1.1,1.4
天津,天津,2025,42,2025-W42,1,中风险,8.4625,10.9514,73.73,2.81,2.2286,2.7,,49,5.8,1.8,5.6,0.5,1.3,1
天津,天津,2025,43,2025-W43,1,中风险,21.2875,7.4086,66.8414,0.02,1.6543,3.6,,144,10.5,1.5,7,0.4,2.4,0.9
天津,天津,2025,44,2025-W44,1,中风险,43.0889,7.8043,73.6914,16.02,2.1171,5.1,4.6,347,17.5,1.4,6.6,0.4,4.2,1
天津,天津,2025,45,2025-W45,0,高风险,75.6222,8.3243,76.1371,1.26,2.2171,6.1,5.5,621,29.8,1.1,6.1,0.5,9.8,0.7
天津,天津,2025,46,2025-W46,0,高风险,127.3125,6.8186,66.3843,0,2.1486,7,,955,38.1,0.5,5,0.3,11.4,1.2
天津,天津,2025,47,2025-W47,0,高风险,163.8,2.9086,60.6286,0,2.2486,8.6,,1234,44.8,0.6,4.3,0.6,16.4,1.1
天津,天津,2025,48,2025-W48,0,高风险,203.2,1.8343,63.25,0,2.3814,9.1,,1541,51.1,0.6,3.5,0.3,19,1
天津,天津,2025,49,2025-W49,0,高风险,146.6111,-1.4129,59.1057,0,2.6643,7.9,11.1,1219,54.2,0.3,4,0.2,22.1,0.7
天津,天津,2025,50,2025-W50,0,高风险,82.9111,-2.2057,66.5314,1.5,2.0557,6.3,9.7,651,50.2,0.5,4.9,0.2,22.5,0.9
天津,天津,2025,51,2025-W51,0,高风险,34.2625,-1.5657,70.7029,0,2.0257,4.9,,201,41.9,0.7,6.1,0.4,18.6,0.5
天津,天津,2025,52,2025-W52,1,中风险,17.9875,-2.2257,69.0271,1.41,2.2129,4.2,,82,33.7,0.7,7.2,0.3,14.5,1.3
天津,天津,2026,1,2026-W01,1,中风险,10.6444,-5.1086,64.4914,0,2.0986,4.1,5.4,37,27.4,1.1,8.8,0.2,10.6,1.2
天津,天津,2026,2,2026-W02,1,中风险,7.7889,-3.6629,61.3629,0,2.7443,3.7,4.8,19,23.3,1.1,9.8,0.3,7.1,1
天津,天津,2026,3,2026-W03,1,中风险,7.3222,-4.4271,67.0643,0.04,3.0157,3.5,4.7,18,21.3,0.9,9.3,0.3,6.9,1
天津,天津,2026,4,2026-W04,1,中风险,5.9333,-8.0171,52.6843,0,2.1814,3.4,4.3,8,18.8,1.5,8.3,0.2,7.7,1.2
天津,天津,2026,5,2026-W05,1,中风险,5.2222,-3.3557,66.8586,0,2.4843,3.3,4,4,17.1,2.3,7.9,0.2,6.4,1.8
天津,天津,2026,6,2026-W06,1,中风险,4.6375,-3.2486,59.8871,0.01,2.5871,3,3.3,,13,2.2,8.6,0.2,5.1,1.7
天津,天津,2026,7,2026-W07,1,中风险,3.8222,1.6457,64.3729,0,2.1143,2.9,3.6,1,11,1.7,8,0.2,4.9,1.1
天津,天津,2026,8,2026-W08,1,中风险,4.425,2.4443,56.3357,0,2.8643,4.9,4.8,,10.5,1.3,8,0,4.4,1.5
天津,天津,2026,9,2026-W09,1,中风险,3.95,1.2914,68.7014,3.4,2.6157,3,3,,11,2.3,6.6,0.2,4.1,1.4
天津,天津,2026,10,2026-W10,1,中风险,3.6125,0.95,73.1757,7.98,2.2271,2.8,2.8,,9.4,2.6,6.8,0.2,3.3,1
天津,天津,2026,11,2026-W11,1,中风险,4.0556,4.0557,67.78,0.86,2.33,3,3,6,11.3,2.3,5.8,0.2,3.6,1.3
天津,天津,2026,12,2026-W12,1,中风险,7.3556,6.5657,63.4,8.04,3.1671,3.5,3.3,32,13.3,2.7,4.4,0.2,5.7,1.1
天津,天津,2026,13,2026-W13,1,中风险,11.1667,11.4329,64.7257,0.49,2.42,3.6,3.5,64,15.5,2.4,3.9,0.1,6.2,1.3
天津,天津,2026,14,2026-W14,1,中风险,10.1778,10.5057,58.4143,0.69,3.4029,3.6,3.6,56,16.3,2,4,0.2,5,0.9
天津,天津,2026,15,2026-W15,1,中风险,6.2333,11.7514,58.2,9.55,2.8314,3.6,3.7,23,15.3,1.8,2.6,0.3,5.5,0.3
天津,天津,2026,16,2026-W16,1,中风险,5.3778,15.0357,63.7129,5.1,3.0357,3.5,3.7,18,13.4,1.3,2.6,0.2,4.9,0.8
天津,天津,2026,17,2026-W17,1,中风险,5.8,15.9886,55.4943,0.03,3.4457,3.7,3.9,20,14.8,1.3,2.3,0.2,5.3,0.7
天津,天津,2026,18,2026-W18,1,中风险,5.7222,16.5257,48.5414,9.99,2.5543,3.3,4.1,22,13.3,1.5,1.7,0.1,4.9,0.6
天津,天津,2026,19,2026-W19,1,中风险,3.9111,21.09,37.3943,2.91,2.9786,3.6,4.1,7,12.2,1.4,2,0.1,4.2,0.6
天津,天津,2026,20,2026-W20,1,中风险,5.0333,23.8217,56.3533,7.77,3.1683,3.4,4.2,18,11.9,1.7,1.2,0.2,4,0.7
宁夏,银川,2024,1,2024-W01,1,中风险,8.4,-4.9671,49.6571,0,2.3443,7.1,9.7,,,,,,,
宁夏,银川,2024,2,2024-W02,1,中风险,7.5,-2.5057,46.3886,0,2.23,6.3,8.7,,,,,,,
宁夏,银川,2024,3,2024-W03,1,中风险,6.85,-4.54,67.1229,1.5,2.0029,6,7.7,,,,,,,
宁夏,银川,2024,4,2024-W04,1,中风险,6.1,-10.6629,43.15,0,1.3771,5.2,7,,,,,,,
宁夏,银川,2024,5,2024-W05,1,中风险,5.7,-3.5443,65.9971,2.61,1.72,5,6.4,,,,,,,
宁夏,银川,2024,6,2024-W06,1,中风险,6.8,-4.7686,60.0157,0.15,2.2729,5.7,7.9,,,,,,,
宁夏,银川,2024,7,2024-W07,1,中风险,6.65,0.8557,34.1329,0,3.2171,5.7,7.6,,,,,,,
宁夏,银川,2024,8,2024-W08,1,中风险,5,-5.8343,65.3429,4.37,2.58,4.3,5.7,,,,,,,
宁夏,银川,2024,9,2024-W09,1,中风险,4.1,-2.7043,57.1243,0.49,2.2514,4.3,5,3,,,,,,
宁夏,银川,2024,10,2024-W10,1,中风险,10.5333,0.86,42.5429,0,2.4643,4.1,5.5,22,,,,,,
宁夏,银川,2024,11,2024-W11,1,中风险,10.8333,4.3657,34.2729,0,2.9157,4.1,5.4,23,,,,,,
宁夏,银川,2024,12,2024-W12,1,中风险,6.3,7.02,32.5986,3.16,2.8271,3.9,5,10,,,,,,
宁夏,银川,2024,13,2024-W13,1,中风险,6.8333,10.8971,33.1814,0.87,3.1086,3.8,4.7,12,,,,,,
宁夏,银川,2024,14,2024-W14,1,中风险,4.5,10.6386,51.0814,0.01,2.3271,3.8,4.7,5,,,,,,
宁夏,银川,2024,15,2024-W15,1,中风险,3.9667,14.2529,37.2457,1.32,2.3743,3.6,4.3,4,,,,,,
宁夏,银川,2024,16,2024-W16,1,中风险,4.3667,14.5686,43.5557,25.07,2.7171,3.5,4.6,5,,,,,,
宁夏,银川,2024,17,2024-W17,1,中风险,5.4333,14.6457,41.1771,5.66,3.1557,3.6,4.7,8,,,,,,
宁夏,银川,2024,18,2024-W18,1,中风险,4.4,13.2629,51.43,3.62,2.3629,3.8,5,,,,,,,
宁夏,银川,2024,19,2024-W19,1,中风险,4.5,18.2857,33.6114,0.02,3.0714,3.6,4.9,5,,,,,,
宁夏,银川,2024,20,2024-W20,1,中风险,7.3667,22.9857,27.2914,0,3.2143,4,5.1,13,,,,,,
宁夏,银川,2024,21,2024-W21,1,中风险,6.9,24.0229,36.5586,1.95,2.5914,3.9,4.8,12,,,,,,
宁夏,银川,2024,22,2024-W22,1,中风险,5.9667,19.7514,46.55,15.53,3.1157,3.8,5.1,9,,,,,,
宁夏,银川,2024,23,2024-W23,1,中风险,3.6,19.6443,51.9286,18.24,2.23,3.9,4.9,2,,,,,,
宁夏,银川,2024,24,2024-W24,1,中风险,4.3667,24.9971,31.5486,0,2.2343,4,5.1,4,,,,,,
宁夏,银川,2024,25,2024-W25,1,中风险,6.0333,22.8514,42.5114,10.77,2.9771,3.9,5.2,9,,,,,,
宁夏,银川,2024,26,2024-W26,1,中风险,4.3,24.0886,44.2814,2.6,2.2443,3.8,5.1,4,,,,,,
宁夏,银川,2024,27,2024-W27,1,中风险,4.6333,24.7057,41.1971,4.76,1.9157,3.8,5.1,5,,,,,,
宁夏,银川,2024,28,2024-W28,1,中风险,4.5,26.9071,41.5343,0.47,1.9214,4.1,4.9,,,,,,,
宁夏,银川,2024,29,2024-W29,1,中风险,4.25,28.11,39.8886,1.78,2.7757,3.8,4.7,,,,,,,
宁夏,银川,2024,30,2024-W30,1,中风险,4.2,28.3386,34.3029,2.11,1.87,3.9,4.5,,,,,,,
宁夏,银川,2024,31,2024-W31,1,中风险,4,25.3657,50.1686,16.57,2.0157,3.8,4.2,,,,,,,
宁夏,银川,2024,32,2024-W32,1,中风险,3.7,23.1657,60.9786,64.15,2.81,3.5,3.9,,,,,,,
宁夏,银川,2024,33,2024-W33,1,中风险,3.6,22.8057,53.0471,10.48,1.4929,3.6,3.6,,,,,,,
宁夏,银川,2024,34,2024-W34,1,中风险,3.4,24.2371,55.5814,38.19,2.19,3.6,3.2,,,,,,,
宁夏,银川,2024,35,2024-W35,1,中风险,3.25,22.6857,65.7457,2.95,2.6143,3.4,3.1,,,,,,,
宁夏,银川,2024,36,2024-W36,1,中风险,3.3,18.9043,75.8529,55.77,2.71,3.4,3.2,,,,,,,
宁夏,银川,2024,37,2024-W37,1,中风险,4.9667,16.2129,78.5371,37.95,3.11,3.4,3.5,8,,,,,,
宁夏,银川,2024,38,2024-W38,1,中风险,3.1,17.3357,73.1143,18.73,2.2843,3.6,3.7,2,,,,,,
宁夏,银川,2024,39,2024-W39,1,中风险,3.6333,17.0071,67.0171,14.48,2.7757,3.2,3.7,4,,,,,,
宁夏,银川,2024,40,2024-W40,1,中风险,3.85,10.36,60.0286,0.34,2.2957,3.6,4.1,,,,,,,
宁夏,银川,2024,41,2024-W41,1,中风险,2.5,12.2971,62.9986,1.77,1.9386,3.2,3.3,1,,,,,,
宁夏,银川,2024,42,2024-W42,1,中风险,5.7,11.4343,73.6671,22.31,2.6886,3.4,,8,,,,,,
宁夏,银川,2024,43,2024-W43,1,中风险,5.15,7.6729,66.8171,8.74,2.3414,3.3,,7,,,,,,
宁夏,银川,2024,44,2024-W44,1,中风险,4.3,9.3643,65.4014,0.1,1.64,3.5,3.4,6,,,,,,
宁夏,银川,2024,45,2024-W45,1,中风险,4.4,6.9671,70.5771,0.16,1.5586,3.6,3.6,6,,,,,,
宁夏,银川,2024,46,2024-W46,1,中风险,8.4,4.4543,70.36,5.27,1.9114,3.8,,13,,,,,,
宁夏,银川,2024,47,2024-W47,1,中风险,12.05,1.4086,76.9357,1.76,1.92,4.1,,20,,,,,,
宁夏,银川,2024,48,2024-W48,1,中风险,12.9667,-3.11,53.7843,0,3.7029,4.4,3.5,31,,,,,,
宁夏,银川,2024,49,2024-W49,1,中风险,16.0667,-4.6629,69.5343,0,1.8129,4.6,3.6,40,,,,,,
宁夏,银川,2024,50,2024-W50,1,中风险,41.1333,-7.42,69.2414,1.9,2.2286,5.4,4,114,,,,,,
宁夏,银川,2024,51,2024-W51,1,中风险,81.25,-8.3343,66.8243,0.01,1.8571,6.5,,156,,,,,,
宁夏,银川,2024,52,2024-W52,1,中风险,89.1,-8.0329,65.1957,0.03,2.3386,7.2,,171,,,,,,
宁夏,银川,2025,1,2025-W01,1,中风险,53.2333,-5.2886,63.1014,0,1.9029,7.5,7.2,145,,,,,,
宁夏,银川,2025,2,2025-W02,1,中风险,43.7,-7.3414,67.6271,0.06,2.4671,6.2,6.9,118,,,,,,
宁夏,银川,2025,3,2025-W03,1,中风险,10.5333,-6.3414,59.7614,0,2.06,5.1,6.5,20,,,,,,
宁夏,银川,2025,4,2025-W04,1,中风险,4.1667,-3.5886,59.9671,11.53,2.3657,4.2,5.3,3,,,,,,
宁夏,银川,2025,5,2025-W05,1,中风险,6.45,-6.7743,58.8786,0,2.21,5.5,7.4,,,,,,,
宁夏,银川,2025,6,2025-W06,1,中风险,3.4667,-10.3286,61.5257,0,2.8657,3.9,5.5,1,,,,,,
宁夏,银川,2025,7,2025-W07,1,中风险,3.0333,-4.8314,50.4186,0,2.7086,3.4,4.7,1,,,,,,
宁夏,银川,2025,8,2025-W08,1,中风险,6.4667,-3.2614,59.4386,0.27,1.8071,3.1,4.3,12,,,,,,
宁夏,银川,2025,9,2025-W09,1,中风险,16.4333,0.9271,53.2557,4.49,2.2957,3.1,4.2,42,,,,,,
宁夏,银川,2025,10,2025-W10,1,中风险,10.0333,1.7186,60.9543,0.79,2.2371,3.2,3.9,23,,,,,,
宁夏,银川,2025,11,2025-W11,1,中风险,6.7333,2.6986,44.54,0.06,2.9557,3.2,4,13,,,,,,
宁夏,银川,2025,12,2025-W12,1,中风险,3.8,4.6514,30.7857,0,2.8029,3.3,4.1,4,,,,,,
宁夏,银川,2025,13,2025-W13,1,中风险,4.1667,3.4357,32.3643,0,3.8829,3.4,4.1,5,,,,,,
宁夏,银川,2025,14,2025-W14,1,中风险,3.4333,6.7943,35.2886,0,3.21,3.4,3.9,3,,,,,,
宁夏,银川,2025,15,2025-W15,1,中风险,3.55,8.9443,35.4457,0.01,4.8043,3.2,3.9,,,,,,,
宁夏,银川,2025,16,2025-W16,1,中风险,3.7,14.3643,42.0014,0.28,3.4771,3.3,4.1,,,,,,,
宁夏,银川,2025,17,2025-W17,1,中风险,3.6,13.12,31.5629,4.74,2.9457,3.3,3.9,,,,,,,
宁夏,银川,2025,18,2025-W18,1,中风险,3.8,14.5557,38.7629,0.37,4.0729,3.4,4.2,,,,,,,
宁夏,银川,2025,19,2025-W19,1,中风险,3.6,13.3957,38.38,3.01,3.6829,3.1,4.1,,,,,,,
宁夏,银川,2025,20,2025-W20,1,中风险,2.9333,18.92,32.8843,0.01,3.1157,3.1,4.7,1,,,,,,
宁夏,银川,2025,21,2025-W21,1,中风险,5.3,19.46,38.6429,5.16,3.1157,3.2,4.7,8,,,,,,
宁夏,银川,2025,22,2025-W22,1,中风险,3.9667,19.61,44.6357,1.52,3.5829,3.1,4.8,4,,,,,,
宁夏,银川,2025,23,2025-W23,1,中风险,3.2,22.6557,30.4614,0.1,2.4186,3.1,4.5,2,,,,,,
宁夏,银川,2025,24,2025-W24,1,中风险,3.0667,23.0457,34.3957,1.56,3.2186,2.9,4.3,2,,,,,,
宁夏,银川,2025,25,2025-W25,2,低风险,3.9444,24.2986,38.3514,1.06,2.2371,2.9,4.3,1,1.5,15.4,2.9,0.1,0.7,6.7
宁夏,银川,2025,26,2025-W26,2,低风险,3.9778,22.02,53.8486,14.27,2.2957,3,4.3,2,1.6,14,3,0.2,0.8,6.9
宁夏,银川,2025,27,2025-W27,2,低风险,3.6889,22.1986,59.19,23.23,2.12,2.9,4.2,2,1.8,11.9,3.3,0.3,0.5,6.3
宁夏,银川,2025,28,2025-W28,2,低风险,3.7778,26.0143,53.6286,2.77,3.2229,2.7,4,1,1.8,13.4,3.3,0.2,0.8,6.8
宁夏,银川,2025,29,2025-W29,2,低风险,4.1625,27.6629,46.0371,21.16,2.6443,2.6,3.8,,2.4,14,4.3,0.5,0.6,5.1
宁夏,银川,2025,30,2025-W30,2,低风险,3.8625,25.2743,63.0386,40.92,2.1471,2.6,3.6,,2.2,13.5,3.4,0.6,0.7,4.3
宁夏,银川,2025,31,2025-W31,2,低风险,3.9625,25.8257,62.5043,32.59,1.97,2.6,3.5,,2.3,13.6,3.8,0.6,0.9,4.4
宁夏,银川,2025,32,2025-W32,2,低风险,3.4875,24.5986,58.6029,17.86,1.8971,2.5,3.5,,1.5,10.8,3.9,0.4,0.9,4.4
宁夏,银川,2025,33,2025-W33,2,低风险,3.5111,25.5029,46.0371,2.25,2.65,2.5,3.4,2,1.5,11.9,3.6,0.6,0.5,5.6
宁夏,银川,2025,34,2025-W34,2,低风险,3.3375,22.0386,59.36,4.92,2.2957,2.5,3.2,,1.9,10.5,3.2,0.5,0.6,4.3
宁夏,银川,2025,35,2025-W35,2,低风险,3.1875,20.5257,57.5443,10.68,2.2886,2.5,3.1,,2.4,8.5,3.7,0.4,0.6,4.3
宁夏,银川,2025,36,2025-W36,2,低风险,2.8444,19.8643,50.9843,11.84,2.73,2.7,3.4,1,3.3,6.8,3.5,0.4,0.8,3.7
宁夏,银川,2025,37,2025-W37,1,中风险,3.3875,21.97,49.2686,0.82,2.0286,2.8,3.6,,3.6,6.8,5.6,0.4,1,3.3
宁夏,银川,2025,38,2025-W38,1,中风险,4.2889,15.55,64.4686,8.23,2.6257,2.9,3.8,13,3.5,5.3,5.9,0.3,1.1,2.8
宁夏,银川,2025,39,2025-W39,1,中风险,4.5667,15.9443,57.1029,9.07,1.8443,2.9,3.8,16,4.1,3.6,7.6,0.2,1,1.9
宁夏,银川,2025,40,2025-W40,1,中风险,3.8,14.9014,58.6871,3.61,2.1171,3.3,4.4,11,3,3.2,5.7,0.3,1.2,2.1
宁夏,银川,2025,41,2025-W41,1,中风险,2.9111,11.6514,74.4357,33.81,1.86,2.8,4.1,4,3.5,2.3,6.7,0.3,1.1,1.4
宁夏,银川,2025,42,2025-W42,1,中风险,8.4625,7.94,64.6471,1.21,2.4129,2.7,,49,5.8,1.8,5.6,0.5,1.3,1
宁夏,银川,2025,43,2025-W43,1,中风险,21.2875,6.7686,69.76,0.36,1.46,3.6,,144,10.5,1.5,7,0.4,2.4,0.9
宁夏,银川,2025,44,2025-W44,1,中风险,43.0889,7.7014,47.41,0,1.52,5.1,4.6,347,17.5,1.4,6.6,0.4,4.2,1
宁夏,银川,2025,45,2025-W45,0,高风险,75.6222,6.2729,64.2029,4.47,2.6971,6.1,5.5,621,29.8,1.1,6.1,0.5,9.8,0.7
宁夏,银川,2025,46,2025-W46,0,高风险,127.3125,2.2643,52.9971,0,2.0157,7,,955,38.1,0.5,5,0.3,11.4,1.2
宁夏,银川,2025,47,2025-W47,0,高风险,163.8,-1.9914,39.0529,0,2.6614,8.6,,1234,44.8,0.6,4.3,0.6,16.4,1.1
宁夏,银川,2025,48,2025-W48,0,高风险,203.2,-1.4943,38.5186,0,4.19,9.1,,1541,51.1,0.6,3.5,0.3,19,1
宁夏,银川,2025,49,2025-W49,0,高风险,146.6111,-3.7343,49.8429,0,2.43,7.9,11.1,1219,54.2,0.3,4,0.2,22.1,0.7
宁夏,银川,2025,50,2025-W50,0,高风险,82.9111,-3.3343,59.65,1.57,2.5843,6.3,9.7,651,50.2,0.5,4.9,0.2,22.5,0.9
宁夏,银川,2025,51,2025-W51,0,高风险,34.2625,-2.1314,55.69,0.89,2.4486,4.9,,201,41.9,0.7,6.1,0.4,18.6,0.5
宁夏,银川,2025,52,2025-W52,1,中风险,17.9875,-4.0886,61.6386,0,2.1814,4.2,,82,33.7,0.7,7.2,0.3,14.5,1.3
宁夏,银川,2026,1,2026-W01,1,中风险,10.6444,-6.0557,66.4414,1.41,1.7414,4.1,5.4,37,27.4,1.1,8.8,0.2,10.6,1.2
宁夏,银川,2026,2,2026-W02,1,中风险,7.7889,-7.9871,59.3714,0.01,3.7486,3.7,4.8,19,23.3,1.1,9.8,0.3,7.1,1
宁夏,银川,2026,3,2026-W03,1,中风险,7.3222,-3.37,50.9443,0,3.0886,3.5,4.7,18,21.3,0.9,9.3,0.3,6.9,1
宁夏,银川,2026,4,2026-W04,1,中风险,5.9333,-8.4371,58.6957,0,2.0643,3.4,4.3,8,18.8,1.5,8.3,0.2,7.7,1.2
宁夏,银川,2026,5,2026-W05,1,中风险,5.2222,-3.5371,54.7314,0.01,1.5914,3.3,4,4,17.1,2.3,7.9,0.2,6.4,1.8
宁夏,银川,2026,6,2026-W06,1,中风险,4.6375,-3.41,51.1557,0.1,2.3286,3,3.3,,13,2.2,8.6,0.2,5.1,1.7
宁夏,银川,2026,7,2026-W07,1,中风险,3.8222,-1.62,43.9014,0,3.0557,2.9,3.6,1,11,1.7,8,0.2,4.9,1.1
宁夏,银川,2026,8,2026-W08,1,中风险,4.425,0.3371,38.6086,0,3.43,4.9,4.8,,10.5,1.3,8,0,4.4,1.5
宁夏,银川,2026,9,2026-W09,1,中风险,3.95,3.0543,46.5857,0.11,2.3114,3,3,,11,2.3,6.6,0.2,4.1,1.4
宁夏,银川,2026,10,2026-W10,1,中风险,3.6125,1.9886,47.5386,0.08,2.3586,2.8,2.8,,9.4,2.6,6.8,0.2,3.3,1
宁夏,银川,2026,11,2026-W11,1,中风险,4.0556,3.6514,51.2214,2.07,2.81,3,3,6,11.3,2.3,5.8,0.2,3.6,1.3
宁夏,银川,2026,12,2026-W12,1,中风险,7.3556,2.7786,36.4257,0,2.52,3.5,3.3,32,13.3,2.7,4.4,0.2,5.7,1.1
宁夏,银川,2026,13,2026-W13,1,中风险,11.1667,8.4157,42.2286,8.41,2.2643,3.6,3.5,64,15.5,2.4,3.9,0.1,6.2,1.3
宁夏,银川,2026,14,2026-W14,1,中风险,10.1778,9,37.8357,0.01,2.9457,3.6,3.6,56,16.3,2,4,0.2,5,0.9
宁夏,银川,2026,15,2026-W15,1,中风险,6.2333,13.5786,35.21,0,2.8229,3.6,3.7,23,15.3,1.8,2.6,0.3,5.5,0.3
宁夏,银川,2026,16,2026-W16,1,中风险,5.3778,13.7186,36.1814,1.44,3.5443,3.5,3.7,18,13.4,1.3,2.6,0.2,4.9,0.8
宁夏,银川,2026,17,2026-W17,1,中风险,5.8,13.7286,28.9057,0.69,2.4643,3.7,3.9,20,14.8,1.3,2.3,0.2,5.3,0.7
宁夏,银川,2026,18,2026-W18,1,中风险,5.7222,12.8371,36.04,1.44,2.8457,3.3,4.1,22,13.3,1.5,1.7,0.1,4.9,0.6
宁夏,银川,2026,19,2026-W19,1,中风险,3.9111,19.1214,21.32,0,2.1886,3.6,4.1,7,12.2,1.4,2,0.1,4.2,0.6
宁夏,银川,2026,20,2026-W20,1,中风险,5.0333,20.26,37.4633,14.93,2.495,3.4,4.2,18,11.9,1.7,1.2,0.2,4,0.7
安徽,合肥,2024,1,2024-W01,1,中风险,8.4,3.0586,81.1129,7.08,2.2786,7.1,9.7,,,,,,,
安徽,合肥,2024,2,2024-W02,1,中风险,7.5,5.6257,79.2414,0.03,2.5371,6.3,8.7,,,,,,,
安徽,合肥,2024,3,2024-W03,1,中风险,6.85,2.6114,84.9529,39.91,3.4214,6,7.7,,,,,,,
安徽,合肥,2024,4,2024-W04,1,中风险,6.1,-0.4271,60.9457,0.06,2.3129,5.2,7,,,,,,,
安徽,合肥,2024,5,2024-W05,1,中风险,5.7,2.3757,86.7771,58.9,3.2043,5,6.4,,,,,,,
安徽,合肥,2024,6,2024-W06,1,中风险,6.8,0.05,85.59,0.92,2.0514,5.7,7.9,,,,,,,
安徽,合肥,2024,7,2024-W07,1,中风险,6.65,10.2071,79.9514,8.62,3.1729,5.7,7.6,,,,,,,
安徽,合肥,2024,8,2024-W08,1,中风险,5,-0.5257,91.0186,52,3.6886,4.3,5.7,,,,,,,
安徽,合肥,2024,9,2024-W09,1,中风险,4.1,2.8343,81.2343,6.62,2.3214,4.3,5,3,,,,,,
安徽,合肥,2024,10,2024-W10,1,中风险,10.5333,7.5157,79.4857,6.04,2.5657,4.1,5.5,22,,,,,,
安徽,合肥,2024,11,2024-W11,1,中风险,10.8333,11.95,76.5543,4.78,2.6657,4.1,5.4,23,,,,,,
安徽,合肥,2024,12,2024-W12,1,中风险,6.3,13.9614,75.0129,28,2.6929,3.9,5,10,,,,,,
安徽,合肥,2024,13,2024-W13,1,中风险,6.8333,14.9,81.8843,33.93,2.8543,3.8,4.7,12,,,,,,
安徽,合肥,2024,14,2024-W14,1,中风险,4.5,15.4714,81.55,25.97,2.9171,3.8,4.7,5,,,,,,
安徽,合肥,2024,15,2024-W15,1,中风险,3.9667,17.6214,82.7157,5.73,2.39,3.6,4.3,4,,,,,,
安徽,合肥,2024,16,2024-W16,1,中风险,4.3667,17.7171,79.74,40.61,2.5857,3.5,4.6,5,,,,,,
安徽,合肥,2024,17,2024-W17,1,中风险,5.4333,19.4614,78.5357,9.83,2.3486,3.6,4.7,8,,,,,,
安徽,合肥,2024,18,2024-W18,1,中风险,4.4,17.1257,78.2186,22.36,2.7543,3.8,5,,,,,,,
安徽,合肥,2024,19,2024-W19,1,中风险,4.5,20.8743,73.01,22.07,2.5429,3.6,4.9,5,,,,,,
安徽,合肥,2024,20,2024-W20,1,中风险,7.3667,22.6543,64.6271,0.55,2.7171,4,5.1,13,,,,,,
安徽,合肥,2024,21,2024-W21,1,中风险,6.9,25.4114,75.4,16.82,2.6129,3.9,4.8,12,,,,,,
安徽,合肥,2024,22,2024-W22,1,中风险,5.9667,21.3757,74.4257,68.52,2.3114,3.8,5.1,9,,,,,,
安徽,合肥,2024,23,2024-W23,1,中风险,3.6,24.2,69.8114,0.97,1.8171,3.9,4.9,2,,,,,,
安徽,合肥,2024,24,2024-W24,1,中风险,4.3667,28.6014,65.7757,0.13,1.7071,4,5.1,4,,,,,,
安徽,合肥,2024,25,2024-W25,1,中风险,6.0333,27.7443,75.0829,84.58,2.2843,3.9,5.2,9,,,,,,
安徽,合肥,2024,26,2024-W26,1,中风险,4.3,25.6,86.17,108.38,2.2771,3.8,5.1,4,,,,,,
安徽,合肥,2024,27,2024-W27,1,中风险,4.6333,28.6157,85.9257,54.41,3.4329,3.8,5.1,5,,,,,,
安徽,合肥,2024,28,2024-W28,1,中风险,4.5,27.7043,88.4229,227.04,2.3,4.1,4.9,,,,,,,
安徽,合肥,2024,29,2024-W29,1,中风险,4.25,29.03,88.8743,18.03,3,3.8,4.7,,,,,,,
安徽,合肥,2024,30,2024-W30,1,中风险,4.2,29.9157,85.5557,20.61,3.6371,3.9,4.5,,,,,,,
安徽,合肥,2024,31,2024-W31,1,中风险,4,30.5514,82.47,2.79,2.3,3.8,4.2,,,,,,,
安徽,合肥,2024,32,2024-W32,1,中风险,3.7,31.0429,80.0343,8.31,1.4357,3.5,3.9,,,,,,,
安徽,合肥,2024,33,2024-W33,1,中风险,3.6,29.12,79.7771,14.08,1.8114,3.6,3.6,,,,,,,
安徽,合肥,2024,34,2024-W34,1,中风险,3.4,29.3029,81.3557,58.62,1.6343,3.6,3.2,,,,,,,
安徽,合肥,2024,35,2024-W35,1,中风险,3.25,28.6557,80.7071,15.1,2.01,3.4,3.1,,,,,,,
安徽,合肥,2024,36,2024-W36,1,中风险,3.3,29.0071,74.6757,0.2,2.6571,3.4,3.2,,,,,,,
安徽,合肥,2024,37,2024-W37,1,中风险,4.9667,28.2643,79.91,36.7,3.0086,3.4,3.5,8,,,,,,
安徽,合肥,2024,38,2024-W38,1,中风险,3.1,25.23,82.36,56.37,4.15,3.6,3.7,2,,,,,,
安徽,合肥,2024,39,2024-W39,1,中风险,3.6333,22.7914,76.4,3.22,2.31,3.2,3.7,4,,,,,,
安徽,合肥,2024,40,2024-W40,1,中风险,3.85,18.61,71.6971,16.63,3.1143,3.6,4.1,,,,,,,
安徽,合肥,2024,41,2024-W41,1,中风险,2.5,19.0157,74.5771,20.63,1.8129,3.2,3.3,1,,,,,,
安徽,合肥,2024,42,2024-W42,1,中风险,5.7,19.2186,81.3971,23.03,3.0629,3.4,,8,,,,,,
安徽,合肥,2024,43,2024-W43,1,中风险,5.15,15.3786,80.3114,27.8,2.65,3.3,,7,,,,,,
安徽,合肥,2024,44,2024-W44,1,中风险,4.3,15.4543,77.4686,10.12,2.4114,3.5,3.4,6,,,,,,
安徽,合肥,2024,45,2024-W45,1,中风险,4.4,13.9371,76.9571,1.76,2.6043,3.6,3.6,6,,,,,,
安徽,合肥,2024,46,2024-W46,1,中风险,8.4,16.8686,83.3443,11.6,2.8571,3.8,,13,,,,,,
安徽,合肥,2024,47,2024-W47,1,中风险,12.05,10.06,79.0714,2.33,2.7,4.1,,20,,,,,,
安徽,合肥,2024,48,2024-W48,1,中风险,12.9667,7.3329,63.29,9.71,3.1843,4.4,3.5,31,,,,,,
安徽,合肥,2024,49,2024-W49,1,中风险,16.0667,7.0914,76.57,4.75,2.4671,4.6,3.6,40,,,,,,
安徽,合肥,2024,50,2024-W50,1,中风险,41.1333,2.9129,69.9029,6.05,2.6029,5.4,4,114,,,,,,
安徽,合肥,2024,51,2024-W51,1,中风险,81.25,1.3186,66.5829,0,2.4071,6.5,,156,,,,,,
安徽,合肥,2024,52,2024-W52,1,中风险,89.1,2.2729,65.2014,0,1.9414,7.2,,171,,,,,,
安徽,合肥,2025,1,2025-W01,1,中风险,53.2333,4.5414,69.1229,0,2.1857,7.5,7.2,145,,,,,,
安徽,合肥,2025,2,2025-W02,1,中风险,43.7,1.6071,57.1457,0,2.4386,6.2,6.9,118,,,,,,
安徽,合肥,2025,3,2025-W03,1,中风险,10.5333,4.52,50.9643,0.06,2.0543,5.1,6.5,20,,,,,,
安徽,合肥,2025,4,2025-W04,1,中风险,4.1667,6.1329,77.11,19.58,3.3443,4.2,5.3,3,,,,,,
安徽,合肥,2025,5,2025-W05,1,中风险,6.45,3.3929,70.0057,13.15,2.7886,5.5,7.4,,,,,,,
安徽,合肥,2025,6,2025-W06,1,中风险,3.4667,0.7129,53.3129,0.19,2.87,3.9,5.5,1,,,,,,
安徽,合肥,2025,7,2025-W07,1,中风险,3.0333,5.4086,67.0871,1.71,2.3529,3.4,4.7,1,,,,,,
安徽,合肥,2025,8,2025-W08,1,中风险,6.4667,5.78,72.21,1.16,3.0357,3.1,4.3,12,,,,,,
安徽,合肥,2025,9,2025-W09,1,中风险,16.4333,11.14,75.4786,5.29,2.4257,3.1,4.2,42,,,,,,
安徽,合肥,2025,10,2025-W10,1,中风险,10.0333,6.0886,75.13,28.53,2.9343,3.2,3.9,23,,,,,,
安徽,合肥,2025,11,2025-W11,1,中风险,6.7333,10.66,76.0857,16.42,3.2,3.2,4,13,,,,,,
安徽,合肥,2025,12,2025-W12,1,中风险,3.8,12.0686,51.64,0,2.7957,3.3,4.1,4,,,,,,
安徽,合肥,2025,13,2025-W13,1,中风险,4.1667,15.0529,61.2157,16.56,3.1757,3.4,4.1,5,,,,,,
安徽,合肥,2025,14,2025-W14,1,中风险,3.4333,14.5057,55.1971,0.07,2.4743,3.4,3.9,3,,,,,,
安徽,合肥,2025,15,2025-W15,1,中风险,3.55,19.0971,58.5086,26.04,3.4929,3.2,3.9,,,,,,,
安徽,合肥,2025,16,2025-W16,1,中风险,3.7,21.4871,57.71,0.09,3.2714,3.3,4.1,,,,,,,
安徽,合肥,2025,17,2025-W17,1,中风险,3.6,20.6329,61.5643,20.51,2.7329,3.3,3.9,,,,,,,
安徽,合肥,2025,18,2025-W18,1,中风险,3.8,22.6757,52.8043,0.55,3.3557,3.4,4.2,,,,,,,
安徽,合肥,2025,19,2025-W19,1,中风险,3.6,20.3929,65.9371,58.02,3.7029,3.1,4.1,,,,,,,
安徽,合肥,2025,20,2025-W20,1,中风险,2.9333,23.85,63.9443,9.17,2.6443,3.1,4.7,1,,,,,,
安徽,合肥,2025,21,2025-W21,1,中风险,5.3,25.2143,67.8714,29.45,3.1443,3.2,4.7,8,,,,,,
安徽,合肥,2025,22,2025-W22,1,中风险,3.9667,23.2257,70.3757,43.7,2.1971,3.1,4.8,4,,,,,,
安徽,合肥,2025,23,2025-W23,1,中风险,3.2,25.4943,73.2171,50.58,2.4257,3.1,4.5,2,,,,,,
安徽,合肥,2025,24,2025-W24,1,中风险,3.0667,25.4057,80.9286,23.93,2.3943,2.9,4.3,2,,,,,,
安徽,合肥,2025,25,2025-W25,2,低风险,3.9444,26.1757,82.9514,126.58,3.4243,2.9,4.3,1,1.5,15.4,2.9,0.1,0.7,6.7
安徽,合肥,2025,26,2025-W26,2,低风险,3.9778,25.7029,83.8486,30.3,1.8314,3,4.3,2,1.6,14,3,0.2,0.8,6.9
安徽,合肥,2025,27,2025-W27,2,低风险,3.6889,30.6086,79.0357,0.37,1.9086,2.9,4.2,2,1.8,11.9,3.3,0.3,0.5,6.3
安徽,合肥,2025,28,2025-W28,2,低风险,3.7778,29.2286,79.48,24.58,3,2.7,4,1,1.8,13.4,3.3,0.2,0.8,6.8
安徽,合肥,2025,29,2025-W29,2,低风险,4.1625,30.2571,74.3986,13.79,2.6929,2.6,3.8,,2.4,14,4.3,0.5,0.6,5.1
安徽,合肥,2025,30,2025-W30,2,低风险,3.8625,30.5357,72.0543,1.59,3.6886,2.6,3.6,,2.2,13.5,3.4,0.6,0.7,4.3
安徽,合肥,2025,31,2025-W31,2,低风险,3.9625,29.1286,78.0529,75.19,3.2871,2.6,3.5,,2.3,13.6,3.8,0.6,0.9,4.4
安徽,合肥,2025,32,2025-W32,2,低风险,3.4875,30.0571,79.9729,51.69,2.5143,2.5,3.5,,1.5,10.8,3.9,0.4,0.9,4.4
安徽,合肥,2025,33,2025-W33,2,低风险,3.5111,29.3186,81.0043,48.31,1.6286,2.5,3.4,2,1.5,11.9,3.6,0.6,0.5,5.6
安徽,合肥,2025,34,2025-W34,2,低风险,3.3375,30.8543,74.9943,12.76,1.8314,2.5,3.2,,1.9,10.5,3.2,0.5,0.6,4.3
安徽,合肥,2025,35,2025-W35,2,低风险,3.1875,30.1314,75.63,47.4,1.2157,2.5,3.1,,2.4,8.5,3.7,0.4,0.6,4.3
安徽,合肥,2025,36,2025-W36,2,低风险,2.8444,28.0514,79.2529,17.98,1.7571,2.7,3.4,1,3.3,6.8,3.5,0.4,0.8,3.7
安徽,合肥,2025,37,2025-W37,2,低风险,3.3875,24.8171,86.3986,47.95,2.5743,2.8,3.6,,3.6,6.8,5.6,0.4,1,3.3
安徽,合肥,2025,38,2025-W38,1,中风险,4.2889,24.1,82.0071,12.37,2.7771,2.9,3.8,13,3.5,5.3,5.9,0.3,1.1,2.8
安徽,合肥,2025,39,2025-W39,1,中风险,4.5667,23.9786,86.1771,51.99,2.3514,2.9,3.8,16,4.1,3.6,7.6,0.2,1,1.9
安徽,合肥,2025,40,2025-W40,1,中风险,3.8,23.5157,85.1029,24.25,1.6171,3.3,4.4,11,3,3.2,5.7,0.3,1.2,2.1
安徽,合肥,2025,41,2025-W41,1,中风险,2.9111,24.9243,82.8,0.45,2.4186,2.8,4.1,4,3.5,2.3,6.7,0.3,1.1,1.4
安徽,合肥,2025,42,2025-W42,1,中风险,8.4625,18.41,85.6771,39.43,3.0757,2.7,,49,5.8,1.8,5.6,0.5,1.3,1
安徽,合肥,2025,43,2025-W43,1,中风险,21.2875,12.0971,77.5643,9.1,3.4357,3.6,,144,10.5,1.5,7,0.4,2.4,0.9
安徽,合肥,2025,44,2025-W44,1,中风险,43.0889,14.58,81.8186,10.47,2.0714,5.1,4.6,347,17.5,1.4,6.6,0.4,4.2,1
安徽,合肥,2025,45,2025-W45,0,高风险,75.6222,13.9986,84.0729,31.19,2.9386,6.1,5.5,621,29.8,1.1,6.1,0.5,9.8,0.7
安徽,合肥,2025,46,2025-W46,0,高风险,127.3125,12.8914,77.67,0.33,2.2414,7,,955,38.1,0.5,5,0.3,11.4,1.2
安徽,合肥,2025,47,2025-W47,0,高风险,163.8,7.2414,63.4957,1.88,2.5171,8.6,,1234,44.8,0.6,4.3,0.6,16.4,1.1
安徽,合肥,2025,48,2025-W48,0,高风险,203.2,9.1657,64.6486,0,2.7686,9.1,,1541,51.1,0.6,3.5,0.3,19,1
安徽,合肥,2025,49,2025-W49,0,高风险,146.6111,7.0443,70.1943,0,2.49,7.9,11.1,1219,54.2,0.3,4,0.2,22.1,0.7
安徽,合肥,2025,50,2025-W50,0,高风险,82.9111,7.2029,74.37,6.26,3.2829,6.3,9.7,651,50.2,0.5,4.9,0.2,22.5,0.9
安徽,合肥,2025,51,2025-W51,0,高风险,34.2625,6.9857,75.2814,2.33,2.8843,4.9,,201,41.9,0.7,6.1,0.4,18.6,0.5
安徽,合肥,2025,52,2025-W52,1,中风险,17.9875,3.9786,74.01,5.91,2.6029,4.2,,82,33.7,0.7,7.2,0.3,14.5,1.3
安徽,合肥,2026,1,2026-W01,1,中风险,10.6444,3.0543,72.4814,8.34,2.9643,4.1,5.4,37,27.4,1.1,8.8,0.2,10.6,1.2
安徽,合肥,2026,2,2026-W02,1,中风险,7.7889,2.1057,69.1357,0.12,2.6629,3.7,4.8,19,23.3,1.1,9.8,0.3,7.1,1
安徽,合肥,2026,3,2026-W03,1,中风险,7.3222,8.5943,73.1714,0.31,2.72,3.5,4.7,18,21.3,0.9,9.3,0.3,6.9,1
安徽,合肥,2026,4,2026-W04,1,中风险,5.9333,-0.8029,74.0514,13.92,3.1457,3.4,4.3,8,18.8,1.5,8.3,0.2,7.7,1.2
安徽,合肥,2026,5,2026-W05,1,中风险,5.2222,2.79,81.4314,23.43,2.65,3.3,4,4,17.1,2.3,7.9,0.2,6.4,1.8
安徽,合肥,2026,6,2026-W06,1,中风险,4.6375,4.1757,71.9486,3.65,2.5029,3,3.3,,13,2.2,8.6,0.2,5.1,1.7
安徽,合肥,2026,7,2026-W07,1,中风险,3.8222,7.74,69.1557,3.35,2.1529,2.9,3.6,1,11,1.7,8,0.2,4.9,1.1
安徽,合肥,2026,8,2026-W08,1,中风险,4.425,8.0214,68.1043,8.18,2.9657,4.9,4.8,,10.5,1.3,8,0,4.4,1.5
安徽,合肥,2026,9,2026-W09,1,中风险,3.95,9.1,83.0686,43.05,3.7214,3,3,,11,2.3,6.6,0.2,4.1,1.4
安徽,合肥,2026,10,2026-W10,1,中风险,3.6125,7.97,78.4257,2.22,3.0214,2.8,2.8,,9.4,2.6,6.8,0.2,3.3,1
安徽,合肥,2026,11,2026-W11,1,中风险,4.0556,9.6986,71.6629,5.25,2.6429,3,3,6,11.3,2.3,5.8,0.2,3.6,1.3
安徽,合肥,2026,12,2026-W12,1,中风险,7.3556,10.5071,81.6143,27.78,2.0043,3.5,3.3,32,13.3,2.7,4.4,0.2,5.7,1.1
安徽,合肥,2026,13,2026-W13,1,中风险,11.1667,15.0457,73.4971,1.64,2.0614,3.6,3.5,64,15.5,2.4,3.9,0.1,6.2,1.3
安徽,合肥,2026,14,2026-W14,1,中风险,10.1778,16.0614,79.7014,34.24,2.34,3.6,3.6,56,16.3,2,4,0.2,5,0.9
安徽,合肥,2026,15,2026-W15,1,中风险,6.2333,17.2686,78.9929,18.9,3.4843,3.6,3.7,23,15.3,1.8,2.6,0.3,5.5,0.3
安徽,合肥,2026,16,2026-W16,1,中风险,5.3778,17.72,78.0771,7.08,2,3.5,3.7,18,13.4,1.3,2.6,0.2,4.9,0.8
安徽,合肥,2026,17,2026-W17,1,中风险,5.8,16.0843,71.2429,17.11,2.7371,3.7,3.9,20,14.8,1.3,2.3,0.2,5.3,0.7
安徽,合肥,2026,18,2026-W18,1,中风险,5.7222,17.33,73.3229,23.78,2.6143,3.3,4.1,22,13.3,1.5,1.7,0.1,4.9,0.6
安徽,合肥,2026,19,2026-W19,1,中风险,3.9111,20.6471,64.2057,2.68,2.4286,3.6,4.1,7,12.2,1.4,2,0.1,4.2,0.6
安徽,合肥,2026,20,2026-W20,1,中风险,5.0333,24.5433,72.9617,12.13,2.68,3.4,4.2,18,11.9,1.7,1.2,0.2,4,0.7
山东,济南,2024,1,2024-W01,1,中风险,8.4,-1.3129,69.1357,0,2.1614,7.1,9.7,,,,,,,
山东,济南,2024,2,2024-W02,1,中风险,7.5,-0.11,72.7986,0.01,2.7386,6.3,8.7,,,,,,,
山东,济南,2024,3,2024-W03,1,中风险,6.85,-2.35,75.3714,8.36,2.6986,6,7.7,,,,,,,
山东,济南,2024,4,2024-W04,1,中风险,6.1,-4.68,57.5271,0,2.04,5.2,7,,,,,,,
山东,济南,2024,5,2024-W05,1,中风险,5.7,-2.7286,72.5871,8.86,3.3786,5,6.4,,,,,,,
山东,济南,2024,6,2024-W06,1,中风险,6.8,-1.0771,67.8671,1.17,1.6757,5.7,7.9,,,,,,,
山东,济南,2024,7,2024-W07,1,中风险,6.65,5.0329,77.0257,11.6,4.1157,5.7,7.6,,,,,,,
山东,济南,2024,8,2024-W08,1,中风险,5,-3.5629,69.7014,12.06,4.4943,4.3,5.7,,,,,,,
山东,济南,2024,9,2024-W09,1,中风险,4.1,1.0971,61.1886,0.04,2.64,4.3,5,3,,,,,,
山东,济南,2024,10,2024-W10,1,中风险,10.5333,4.0257,63.5129,0.42,2.9257,4.1,5.5,22,,,,,,
山东,济南,2024,11,2024-W11,1,中风险,10.8333,8.77,61.2257,0,2.9886,4.1,5.4,23,,,,,,
山东,济南,2024,12,2024-W12,1,中风险,6.3,10.2986,52.0629,0.66,3.5457,3.9,5,10,,,,,,
山东,济南,2024,13,2024-W13,1,中风险,6.8333,11.3843,61.2171,5.56,3.6043,3.8,4.7,12,,,,,,
山东,济南,2024,14,2024-W14,1,中风险,4.5,14.4714,57.8957,1.56,2.9271,3.8,4.7,5,,,,,,
山东,济南,2024,15,2024-W15,1,中风险,3.9667,17.65,63.86,3.52,3.0486,3.6,4.3,4,,,,,,
山东,济南,2024,16,2024-W16,1,中风险,4.3667,18.06,52.15,0.01,2.0071,3.5,4.6,5,,,,,,
山东,济南,2024,17,2024-W17,1,中风险,5.4333,19.48,55.4586,31.45,3.2957,3.6,4.7,8,,,,,,
山东,济南,2024,18,2024-W18,1,中风险,4.4,16.3186,56.1557,3.33,2.2243,3.8,5,,,,,,,
山东,济南,2024,19,2024-W19,1,中风险,4.5,20.4143,44.4771,2.57,3.2414,3.6,4.9,5,,,,,,
山东,济南,2024,20,2024-W20,1,中风险,7.3667,24.1557,44.78,14.58,3.2571,4,5.1,13,,,,,,
山东,济南,2024,21,2024-W21,1,中风险,6.9,24.1586,60.0843,18.65,2.7243,3.9,4.8,12,,,,,,
山东,济南,2024,22,2024-W22,1,中风险,5.9667,24.2386,42.6986,0.94,2.8714,3.8,5.1,9,,,,,,
山东,济南,2024,23,2024-W23,1,中风险,3.6,25.58,46.6157,2.29,2.2186,3.9,4.9,2,,,,,,
山东,济南,2024,24,2024-W24,1,中风险,4.3667,29.7043,45.0329,11.04,3.1486,4,5.1,4,,,,,,
山东,济南,2024,25,2024-W25,1,中风险,6.0333,28.9229,48.8414,11.97,2.7329,3.9,5.2,9,,,,,,
山东,济南,2024,26,2024-W26,1,中风险,4.3,27.8929,46.9843,3.73,2.6,3.8,5.1,4,,,,,,
山东,济南,2024,27,2024-W27,1,中风险,4.6333,25.3943,79.7329,194.32,2.6986,3.8,5.1,5,,,,,,
山东,济南,2024,28,2024-W28,1,中风险,4.5,25.5314,75.7529,32.38,1.6757,4.1,4.9,,,,,,,
山东,济南,2024,29,2024-W29,1,中风险,4.25,26.9086,84.24,119.11,2.1143,3.8,4.7,,,,,,,
山东,济南,2024,30,2024-W30,1,中风险,4.2,28.2629,88.8143,136.12,2.5886,3.9,4.5,,,,,,,
山东,济南,2024,31,2024-W31,1,中风险,4,28.66,86.9057,35.7,2.9414,3.8,4.2,,,,,,,
山东,济南,2024,32,2024-W32,1,中风险,3.7,27.3771,82.7814,76.87,1.8029,3.5,3.9,,,,,,,
山东,济南,2024,33,2024-W33,1,中风险,3.6,26.8357,80.59,50.31,1.1557,3.6,3.6,,,,,,,
山东,济南,2024,34,2024-W34,1,中风险,3.4,26.9771,80.47,39.48,1.18,3.6,3.2,,,,,,,
山东,济南,2024,35,2024-W35,1,中风险,3.25,25.2729,82.7614,72.34,2.71,3.4,3.1,,,,,,,
山东,济南,2024,36,2024-W36,1,中风险,3.3,23,79.78,10.12,2.0557,3.4,3.2,,,,,,,
山东,济南,2024,37,2024-W37,1,中风险,4.9667,22.6729,84.9257,11.25,2.6357,3.4,3.5,8,,,,,,
山东,济南,2024,38,2024-W38,1,中风险,3.1,21.21,81.6743,6.79,2.5486,3.6,3.7,2,,,,,,
山东,济南,2024,39,2024-W39,1,中风险,3.6333,19.7914,74.4114,0.05,1.6043,3.2,3.7,4,,,,,,
山东,济南,2024,40,2024-W40,1,中风险,3.85,13.82,70.1929,12.85,2.01,3.6,4.1,,,,,,,
山东,济南,2024,41,2024-W41,1,中风险,2.5,15.8471,69.6243,0,1.86,3.2,3.3,1,,,,,,
山东,济南,2024,42,2024-W42,1,中风险,5.7,14.1214,81.1,50.33,2.82,3.4,,8,,,,,,
山东,济南,2024,43,2024-W43,1,中风险,5.15,11.4414,81.2586,4.29,1.8871,3.3,,7,,,,,,
山东,济南,2024,44,2024-W44,1,中风险,4.3,12.8543,79.1743,0.04,1.6671,3.5,3.4,6,,,,,,
山东,济南,2024,45,2024-W45,1,中风险,4.4,9.2057,72.2786,0.47,2.1657,3.6,3.6,6,,,,,,
山东,济南,2024,46,2024-W46,1,中风险,8.4,12.3971,84.5,11.34,1.6271,3.8,,13,,,,,,
山东,济南,2024,47,2024-W47,1,中风险,12.05,5.8114,75.5271,0,1.8514,4.1,,20,,,,,,
山东,济南,2024,48,2024-W48,1,中风险,12.9667,2.5857,68.7186,16.73,2.7129,4.4,3.5,31,,,,,,
山东,济南,2024,49,2024-W49,1,中风险,16.0667,1.1129,63.7771,0,1.9386,4.6,3.6,40,,,,,,
山东,济南,2024,50,2024-W50,1,中风险,41.1333,-0.33,68.3757,4.12,1.6914,5.4,4,114,,,,,,
山东,济南,2024,51,2024-W51,1,中风险,81.25,-2.7857,70.1186,0,2.06,6.5,,156,,,,,,
山东,济南,2024,52,2024-W52,1,中风险,89.1,-1.8614,64.7929,0,2.19,7.2,,171,,,,,,
山东,济南,2025,1,2025-W01,1,中风险,53.2333,0,70.9343,0,2.3314,7.5,7.2,145,,,,,,
山东,济南,2025,2,2025-W02,1,中风险,43.7,-2.9886,57.26,0,2.3143,6.2,6.9,118,,,,,,
山东,济南,2025,3,2025-W03,1,中风险,10.5333,-1.3186,62.0971,0,2.6171,5.1,6.5,20,,,,,,
山东,济南,2025,4,2025-W04,1,中风险,4.1667,1.1414,74.43,2.8,2.3257,4.2,5.3,3,,,,,,
山东,济南,2025,5,2025-W05,1,中风险,6.45,-2.1171,69.3629,0,2.6114,5.5,7.4,,,,,,,
山东,济南,2025,6,2025-W06,1,中风险,3.4667,-5.1743,49.4443,0,3.0557,3.9,5.5,1,,,,,,
山东,济南,2025,7,2025-W07,1,中风险,3.0333,1.5471,60.3371,2.45,3.08,3.4,4.7,1,,,,,,
山东,济南,2025,8,2025-W08,1,中风险,6.4667,0.4229,63.4729,0.24,2.2957,3.1,4.3,12,,,,,,
山东,济南,2025,9,2025-W09,1,中风险,16.4333,5.1443,70.1543,60.02,3.3657,3.1,4.2,42,,,,,,
山东,济南,2025,10,2025-W10,1,中风险,10.0333,1.6157,77.82,1.59,2.2714,3.2,3.9,23,,,,,,
山东,济南,2025,11,2025-W11,1,中风险,6.7333,7.3629,65.6586,0.43,2.9271,3.2,4,13,,,,,,
山东,济南,2025,12,2025-W12,1,中风险,3.8,8.3343,51.69,0.01,2.7557,3.3,4.1,4,,,,,,
山东,济南,2025,13,2025-W13,1,中风险,4.1667,8.8371,52.5714,0.09,3.4657,3.4,4.1,5,,,,,,
山东,济南,2025,14,2025-W14,1,中风险,3.4333,10.8743,53.51,0.03,3.6129,3.4,3.9,3,,,,,,
山东,济南,2025,15,2025-W15,1,中风险,3.55,14.2957,54.2357,10.96,4.0457,3.2,3.9,,,,,,,
山东,济南,2025,16,2025-W16,1,中风险,3.7,17.4243,54.0557,5.83,3.1829,3.3,4.1,,,,,,,
山东,济南,2025,17,2025-W17,1,中风险,3.6,17.0871,53.1471,5.28,3.5729,3.3,3.9,,,,,,,
山东,济南,2025,18,2025-W18,1,中风险,3.8,18.3571,44.7029,6.47,3.4914,3.4,4.2,,,,,,,
山东,济南,2025,19,2025-W19,1,中风险,3.6,16.8057,63.5343,33.21,3.0343,3.1,4.1,,,,,,,
山东,济南,2025,20,2025-W20,1,中风险,2.9333,21.3686,51.96,0,4.4571,3.1,4.7,1,,,,,,
山东,济南,2025,21,2025-W21,1,中风险,5.3,23.1871,48.9114,2.31,3.79,3.2,4.7,8,,,,,,
山东,济南,2025,22,2025-W22,1,中风险,3.9667,23.57,48.52,0.02,2.3143,3.1,4.8,4,,,,,,
山东,济南,2025,23,2025-W23,1,中风险,3.2,27.0029,44.5714,6.19,2.4271,3.1,4.5,2,,,,,,
山东,济南,2025,24,2025-W24,1,中风险,3.0667,27.2114,52.7414,12.62,2.9143,2.9,4.3,2,,,,,,
山东,济南,2025,25,2025-W25,2,低风险,3.9444,26.93,58.7143,53.73,2.49,2.9,4.3,1,1.5,15.4,2.9,0.1,0.7,6.7
山东,济南,2025,26,2025-W26,2,低风险,3.9778,26.3414,66.5514,34.77,1.98,3,4.3,2,1.6,14,3,0.2,0.8,6.9
山东,济南,2025,27,2025-W27,2,低风险,3.6889,29.6571,74.7557,57.56,3.1186,2.9,4.2,2,1.8,11.9,3.3,0.3,0.5,6.3
山东,济南,2025,28,2025-W28,2,低风险,3.7778,30.2943,64.0071,13.92,1.5914,2.7,4,1,1.8,13.4,3.3,0.2,0.8,6.8
山东,济南,2025,29,2025-W29,2,低风险,4.1625,28.8314,62.3486,22.42,2.09,2.6,3.8,,2.4,14,4.3,0.5,0.6,5.1
山东,济南,2025,30,2025-W30,2,低风险,3.8625,27.88,81.8029,122.6,2.3871,2.6,3.6,,2.2,13.5,3.4,0.6,0.7,4.3
山东,济南,2025,31,2025-W31,2,低风险,3.9625,28.8829,73.7443,8.25,1.8114,2.6,3.5,,2.3,13.6,3.8,0.6,0.9,4.4
山东,济南,2025,32,2025-W32,2,低风险,3.4875,28.9043,75.0486,72.85,1.9229,2.5,3.5,,1.5,10.8,3.9,0.4,0.9,4.4
山东,济南,2025,33,2025-W33,2,低风险,3.5111,26.9957,80.7643,67.55,1.5029,2.5,3.4,2,1.5,11.9,3.6,0.6,0.5,5.6
山东,济南,2025,34,2025-W34,2,低风险,3.3375,28.1714,82.3957,26.06,2.1086,2.5,3.2,,1.9,10.5,3.2,0.5,0.6,4.3
山东,济南,2025,35,2025-W35,2,低风险,3.1875,25.0943,79.9686,47.82,1.6629,2.5,3.1,,2.4,8.5,3.7,0.4,0.6,4.3
山东,济南,2025,36,2025-W36,2,低风险,2.8444,23.9414,77.2357,15.44,1.4171,2.7,3.4,1,3.3,6.8,3.5,0.4,0.8,3.7
山东,济南,2025,37,2025-W37,2,低风险,3.3875,22.8714,78.1771,1.76,1.88,2.8,3.6,,3.6,6.8,5.6,0.4,1,3.3
山东,济南,2025,38,2025-W38,1,中风险,4.2889,19.4957,78.7886,80.21,2.0657,2.9,3.8,13,3.5,5.3,5.9,0.3,1.1,2.8
山东,济南,2025,39,2025-W39,1,中风险,4.5667,18.8114,79.46,67.73,1.07,2.9,3.8,16,4.1,3.6,7.6,0.2,1,1.9
山东,济南,2025,40,2025-W40,1,中风险,3.8,19.3429,86.9686,87.53,2.07,3.3,4.4,11,3,3.2,5.7,0.3,1.2,2.1
山东,济南,2025,41,2025-W41,1,中风险,2.9111,15.7757,90.9771,89.21,2.4171,2.8,4.1,4,3.5,2.3,6.7,0.3,1.1,1.4
山东,济南,2025,42,2025-W42,1,中风险,8.4625,13.04,84.67,30.76,2.3257,2.7,,49,5.8,1.8,5.6,0.5,1.3,1
山东,济南,2025,43,2025-W43,1,中风险,21.2875,8.2243,78.5129,0.78,1.7457,3.6,,144,10.5,1.5,7,0.4,2.4,0.9
山东,济南,2025,44,2025-W44,1,中风险,43.0889,10.17,80.8686,1.2,2.4114,5.1,4.6,347,17.5,1.4,6.6,0.4,4.2,1
山东,济南,2025,45,2025-W45,0,高风险,75.6222,10.0943,82.6571,6.15,2.0214,6.1,5.5,621,29.8,1.1,6.1,0.5,9.8,0.7
山东,济南,2025,46,2025-W46,0,高风险,127.3125,8.9371,71.8314,0,2.3929,7,,955,38.1,0.5,5,0.3,11.4,1.2
山东,济南,2025,47,2025-W47,0,高风险,163.8,3.0471,66.69,0,2.2029,8.6,,1234,44.8,0.6,4.3,0.6,16.4,1.1
山东,济南,2025,48,2025-W48,0,高风险,203.2,3.5357,68.9743,0,3.1714,9.1,,1541,51.1,0.6,3.5,0.3,19,1
山东,济南,2025,49,2025-W49,0,高风险,146.6111,0.1243,67.4014,0.01,2.7686,7.9,11.1,1219,54.2,0.3,4,0.2,22.1,0.7
山东,济南,2025,50,2025-W50,0,高风险,82.9111,-0.1843,78.2114,10.13,2.6614,6.3,9.7,651,50.2,0.5,4.9,0.2,22.5,0.9
山东,济南,2025,51,2025-W51,0,高风险,34.2625,0.34,81.1571,0,2.7471,4.9,,201,41.9,0.7,6.1,0.4,18.6,0.5
山东,济南,2025,52,2025-W52,1,中风险,17.9875,-0.8371,76.0771,6.79,2.57,4.2,,82,33.7,0.7,7.2,0.3,14.5,1.3
山东,济南,2026,1,2026-W01,1,中风险,10.6444,-1.84,78.4329,0,2.2014,4.1,5.4,37,27.4,1.1,8.8,0.2,10.6,1.2
山东,济南,2026,2,2026-W02,1,中风险,7.7889,-1.4171,67.6186,0,2.97,3.7,4.8,19,23.3,1.1,9.8,0.3,7.1,1
山东,济南,2026,3,2026-W03,1,中风险,7.3222,0.3186,78.6929,2.76,3.1529,3.5,4.7,18,21.3,0.9,9.3,0.3,6.9,1
山东,济南,2026,4,2026-W04,1,中风险,5.9333,-4.9329,68.8271,0.31,2.8186,3.4,4.3,8,18.8,1.5,8.3,0.2,7.7,1.2
山东,济南,2026,5,2026-W05,1,中风险,5.2222,-0.2214,79.8829,0.17,1.7829,3.3,4,4,17.1,2.3,7.9,0.2,6.4,1.8
山东,济南,2026,6,2026-W06,1,中风险,4.6375,-0.8329,68.0086,0.55,3.1071,3,3.3,,13,2.2,8.6,0.2,5.1,1.7
山东,济南,2026,7,2026-W07,1,中风险,3.8222,2.9257,72.9614,0.5,3.3143,2.9,3.6,1,11,1.7,8,0.2,4.9,1.1
山东,济南,2026,8,2026-W08,1,中风险,4.425,4.4871,62.2114,0,3.0029,4.9,4.8,,10.5,1.3,8,0,4.4,1.5
山东,济南,2026,9,2026-W09,1,中风险,3.95,3.6886,84.1471,34.9,2.7314,3,3,,11,2.3,6.6,0.2,4.1,1.4
山东,济南,2026,10,2026-W10,1,中风险,3.6125,2.5257,82.1586,7.47,2.2557,2.8,2.8,,9.4,2.6,6.8,0.2,3.3,1
山东,济南,2026,11,2026-W11,1,中风险,4.0556,5.8914,73.6429,4.34,2.9114,3,3,6,11.3,2.3,5.8,0.2,3.6,1.3
山东,济南,2026,12,2026-W12,1,中风险,7.3556,7.7257,74.66,3.43,2.7871,3.5,3.3,32,13.3,2.7,4.4,0.2,5.7,1.1
山东,济南,2026,13,2026-W13,1,中风险,11.1667,13.9914,70.5957,0.09,2.5357,3.6,3.5,64,15.5,2.4,3.9,0.1,6.2,1.3
山东,济南,2026,14,2026-W14,1,中风险,10.1778,12.9443,69.7971,14.86,3.0471,3.6,3.6,56,16.3,2,4,0.2,5,0.9
山东,济南,2026,15,2026-W15,1,中风险,6.2333,13.64,66.9814,22.99,2.5657,3.6,3.7,23,15.3,1.8,2.6,0.3,5.5,0.3
山东,济南,2026,16,2026-W16,1,中风险,5.3778,17.5457,67.9057,10.22,2.1929,3.5,3.7,18,13.4,1.3,2.6,0.2,4.9,0.8
山东,济南,2026,17,2026-W17,1,中风险,5.8,14.3971,66.38,12.03,3.1814,3.7,3.9,20,14.8,1.3,2.3,0.2,5.3,0.7
山东,济南,2026,18,2026-W18,1,中风险,5.7222,16.4543,59.7286,2.84,2.1857,3.3,4.1,22,13.3,1.5,1.7,0.1,4.9,0.6
山东,济南,2026,19,2026-W19,1,中风险,3.9111,20.6757,45.4257,13.54,3.4871,3.6,4.1,7,12.2,1.4,2,0.1,4.2,0.6
山东,济南,2026,20,2026-W20,1,中风险,5.0333,25.0617,55.79,2.42,1.9717,3.4,4.2,18,11.9,1.7,1.2,0.2,4,0.7
山西,太原,2024,1,2024-W01,1,中风险,8.4,-6.5243,60.1771,0.03,2.49,7.1,9.7,,,,,,,
山西,太原,2024,2,2024-W02,1,中风险,7.5,-3.07,59.4686,0.02,2.3271,6.3,8.7,,,,,,,
山西,太原,2024,3,2024-W03,1,中风险,6.85,-5.3157,68.7257,3.81,2.2029,6,7.7,,,,,,,
山西,太原,2024,4,2024-W04,1,中风险,6.1,-10.8257,52.8986,0,2.5814,5.2,7,,,,,,,
山西,太原,2024,5,2024-W05,1,中风险,5.7,-6.3771,73.4143,5.28,2.0814,5,6.4,,,,,,,
山西,太原,2024,6,2024-W06,1,中风险,6.8,-4.9614,65.5371,0.21,2.0686,5.7,7.9,,,,,,,
山西,太原,2024,7,2024-W07,1,中风险,6.65,1.69,58.5543,0.15,2.58,5.7,7.6,,,,,,,
山西,太原,2024,8,2024-W08,1,中风险,5,-7.0171,64.2543,12.43,2.8843,4.3,5.7,,,,,,,
山西,太原,2024,9,2024-W09,1,中风险,4.1,-2.7971,59.2671,0.03,2.5871,4.3,5,3,,,,,,
山西,太原,2024,10,2024-W10,1,中风险,10.5333,0.4657,54.1986,1.21,2.0957,4.1,5.5,22,,,,,,
山西,太原,2024,11,2024-W11,1,中风险,10.8333,4.8314,42.3843,0.4,2.4557,4.1,5.4,23,,,,,,
山西,太原,2024,12,2024-W12,1,中风险,6.3,5.9186,45.1271,20.12,3.3129,3.9,5,10,,,,,,
山西,太原,2024,13,2024-W13,1,中风险,6.8333,8.6929,44.8286,0.13,2.8686,3.8,4.7,12,,,,,,
山西,太原,2024,14,2024-W14,1,中风险,4.5,9.9071,63.3757,8.18,2.0343,3.8,4.7,5,,,,,,
山西,太原,2024,15,2024-W15,1,中风险,3.9667,14.1086,55.9329,10.83,2.5686,3.6,4.3,4,,,,,,
山西,太原,2024,16,2024-W16,1,中风险,4.3667,13.5657,42.6786,2.18,2.3657,3.5,4.6,5,,,,,,
山西,太原,2024,17,2024-W17,1,中风险,5.4333,15.6586,47.1829,5.17,3.1929,3.6,4.7,8,,,,,,
山西,太原,2024,18,2024-W18,1,中风险,4.4,13.0529,50.06,5.01,1.8443,3.8,5,,,,,,,
山西,太原,2024,19,2024-W19,1,中风险,4.5,16.9371,39.3657,2.61,2.9186,3.6,4.9,5,,,,,,
山西,太原,2024,20,2024-W20,1,中风险,7.3667,21.4529,28.4971,1.75,2.6086,4,5.1,13,,,,,,
山西,太原,2024,21,2024-W21,1,中风险,6.9,20.72,55.6914,22.83,2.8586,3.9,4.8,12,,,,,,
山西,太原,2024,22,2024-W22,1,中风险,5.9667,20.1414,43.7414,1.44,2.0557,3.8,5.1,9,,,,,,
山西,太原,2024,23,2024-W23,1,中风险,3.6,19.7886,52.1186,9.67,2.0757,3.9,4.9,2,,,,,,
山西,太原,2024,24,2024-W24,1,中风险,4.3667,25.6429,34.7843,4.22,1.9371,4,5.1,4,,,,,,
山西,太原,2024,25,2024-W25,1,中风险,6.0333,24.1229,41.4629,3.57,2.3329,3.9,5.2,9,,,,,,
山西,太原,2024,26,2024-W26,1,中风险,4.3,24.2386,42.5514,2.11,1.96,3.8,5.1,4,,,,,,
山西,太原,2024,27,2024-W27,1,中风险,4.6333,22.67,56.83,11.89,1.9643,3.8,5.1,5,,,,,,
山西,太原,2024,28,2024-W28,1,中风险,4.5,25.2129,57.91,5.49,1.7671,4.1,4.9,,,,,,,
山西,太原,2024,29,2024-W29,1,中风险,4.25,25.9314,58.2186,18.38,2.0114,3.8,4.7,,,,,,,
山西,太原,2024,30,2024-W30,1,中风险,4.2,26.5886,59.8757,27.78,1.6943,3.9,4.5,,,,,,,
山西,太原,2024,31,2024-W31,1,中风险,4,24.6843,67.7686,64.06,1.7271,3.8,4.2,,,,,,,
山西,太原,2024,32,2024-W32,1,中风险,3.7,22.6543,70.6629,45.13,2.4171,3.5,3.9,,,,,,,
山西,太原,2024,33,2024-W33,1,中风险,3.6,21.8329,71.9786,21.32,1.2357,3.6,3.6,,,,,,,
山西,太原,2024,34,2024-W34,1,中风险,3.4,22.5671,68.8971,40.06,1.16,3.6,3.2,,,,,,,
山西,太原,2024,35,2024-W35,1,中风险,3.25,20.9743,72.5543,20.08,2.0143,3.4,3.1,,,,,,,
山西,太原,2024,36,2024-W36,1,中风险,3.3,20.4629,75.4157,15.77,2.7343,3.4,3.2,,,,,,,
山西,太原,2024,37,2024-W37,1,中风险,4.9667,18.4186,73.2814,18.42,2.4,3.4,3.5,8,,,,,,
山西,太原,2024,38,2024-W38,1,中风险,3.1,18.2171,70.8786,4.38,1.8014,3.6,3.7,2,,,,,,
山西,太原,2024,39,2024-W39,1,中风险,3.6333,15.7929,73.4757,30.89,2.1614,3.2,3.7,4,,,,,,
山西,太原,2024,40,2024-W40,1,中风险,3.85,10.1743,59.2471,5.87,2.2871,3.6,4.1,,,,,,,
山西,太原,2024,41,2024-W41,1,中风险,2.5,12.1286,59.1171,7.23,1.7771,3.2,3.3,1,,,,,,
山西,太原,2024,42,2024-W42,1,中风险,5.7,9.4343,73.2571,29.12,2.6343,3.4,,8,,,,,,
山西,太原,2024,43,2024-W43,1,中风险,5.15,8.3471,63.8657,0.35,2.0029,3.3,,7,,,,,,
山西,太原,2024,44,2024-W44,1,中风险,4.3,8.1371,72.36,8.81,1.77,3.5,3.4,6,,,,,,
山西,太原,2024,45,2024-W45,1,中风险,4.4,6.9529,71.8857,0,1.5229,3.6,3.6,6,,,,,,
山西,太原,2024,46,2024-W46,1,中风险,8.4,5.4286,73.96,10.58,1.5357,3.8,,13,,,,,,
山西,太原,2024,47,2024-W47,1,中风险,12.05,1.2143,73.6086,2.33,1.9886,4.1,,20,,,,,,
山西,太原,2024,48,2024-W48,1,中风险,12.9667,-2.7986,57.5386,0.99,5.1386,4.4,3.5,31,,,,,,
山西,太原,2024,49,2024-W49,1,中风险,16.0667,-4.04,61.4286,0.06,2.1986,4.6,3.6,40,,,,,,
山西,太原,2024,50,2024-W50,1,中风险,41.1333,-5.7729,63.3029,0.87,2.5729,5.4,4,114,,,,,,
山西,太原,2024,51,2024-W51,1,中风险,81.25,-7.33,62.52,0.03,2.15,6.5,,156,,,,,,
山西,太原,2024,52,2024-W52,1,中风险,89.1,-6.87,55.8629,0,3.01,7.2,,171,,,,,,
山西,太原,2025,1,2025-W01,1,中风险,53.2333,-5.4371,58.4043,0,2.6329,7.5,7.2,145,,,,,,
山西,太原,2025,2,2025-W02,1,中风险,43.7,-8.5986,64.8971,0.49,2.7271,6.2,6.9,118,,,,,,
山西,太原,2025,3,2025-W03,1,中风险,10.5333,-5.7557,55.2243,0.1,2.7257,5.1,6.5,20,,,,,,
山西,太原,2025,4,2025-W04,1,中风险,4.1667,-3.1714,65.0243,5.56,2.5286,4.2,5.3,3,,,,,,
山西,太原,2025,5,2025-W05,1,中风险,6.45,-6.9314,65.78,0.12,2.3729,5.5,7.4,,,,,,,
山西,太原,2025,6,2025-W06,1,中风险,3.4667,-11.3929,53.4357,0.05,3.68,3.9,5.5,1,,,,,,
山西,太原,2025,7,2025-W07,1,中风险,3.0333,-3.9343,55.0771,0.19,2.7086,3.4,4.7,1,,,,,,
山西,太原,2025,8,2025-W08,1,中风险,6.4667,-3.2086,58.0957,0.62,2.0357,3.1,4.3,12,,,,,,
山西,太原,2025,9,2025-W09,1,中风险,16.4333,1.4229,56.1871,7.67,2.4086,3.1,4.2,42,,,,,,
山西,太原,2025,10,2025-W10,1,中风险,10.0333,-0.4857,63.7614,3.1,2.0543,3.2,3.9,23,,,,,,
山西,太原,2025,11,2025-W11,1,中风险,6.7333,2.5057,56.9586,4.07,2.9857,3.2,4,13,,,,,,
山西,太原,2025,12,2025-W12,1,中风险,3.8,4.6157,39.2914,0.13,4.24,3.3,4.1,4,,,,,,
山西,太原,2025,13,2025-W13,1,中风险,4.1667,4.36,40.6343,0.24,4.08,3.4,4.1,5,,,,,,
山西,太原,2025,14,2025-W14,1,中风险,3.4333,6.9129,36.3486,0,3.1771,3.4,3.9,3,,,,,,
山西,太原,2025,15,2025-W15,1,中风险,3.55,8.1086,44.6171,1.3,5.0429,3.2,3.9,,,,,,,
山西,太原,2025,16,2025-W16,1,中风险,3.7,13.4757,49.1643,7.59,4.0543,3.3,4.1,,,,,,,
山西,太原,2025,17,2025-W17,1,中风险,3.6,13.44,39.2929,2.55,3.3971,3.3,3.9,,,,,,,
山西,太原,2025,18,2025-W18,1,中风险,3.8,14.0229,36.2271,6.18,3.3614,3.4,4.2,,,,,,,
山西,太原,2025,19,2025-W19,1,中风险,3.6,12.5243,52.4571,10.48,3.81,3.1,4.1,,,,,,,
山西,太原,2025,20,2025-W20,1,中风险,2.9333,18.7857,36.6543,0,3.9771,3.1,4.7,1,,,,,,
山西,太原,2025,21,2025-W21,1,中风险,5.3,18.8257,45.1657,18.65,2.95,3.2,4.7,8,,,,,,
山西,太原,2025,22,2025-W22,1,中风险,3.9667,18.5043,55.4514,12.54,2.0086,3.1,4.8,4,,,,,,
山西,太原,2025,23,2025-W23,1,中风险,3.2,22.0057,40.0686,1.72,2.2157,3.1,4.5,2,,,,,,
山西,太原,2025,24,2025-W24,1,中风险,3.0667,22.55,45.5557,39.9,3.0743,2.9,4.3,2,,,,,,
山西,太原,2025,25,2025-W25,2,低风险,3.9444,22.6486,51.0643,3.31,2.22,2.9,4.3,1,1.5,15.4,2.9,0.1,0.7,6.7
山西,太原,2025,26,2025-W26,2,低风险,3.9778,21.9614,60.1,12.56,1.3514,3,4.3,2,1.6,14,3,0.2,0.8,6.9
山西,太原,2025,27,2025-W27,2,低风险,3.6889,22.9114,75.9029,135.09,2.1157,2.9,4.2,2,1.8,11.9,3.3,0.3,0.5,6.3
山西,太原,2025,28,2025-W28,2,低风险,3.7778,22.4143,80.17,29.16,1.6929,2.7,4,1,1.8,13.4,3.3,0.2,0.8,6.8
山西,太原,2025,29,2025-W29,2,低风险,4.1625,24.1671,67.2014,12.34,1.8614,2.6,3.8,,2.4,14,4.3,0.5,0.6,5.1
山西,太原,2025,30,2025-W30,2,低风险,3.8625,23.9286,76.25,34.73,2.2057,2.6,3.6,,2.2,13.5,3.4,0.6,0.7,4.3
山西,太原,2025,31,2025-W31,2,低风险,3.9625,24.1729,72.41,25.93,1.37,2.6,3.5,,2.3,13.6,3.8,0.6,0.9,4.4
山西,太原,2025,32,2025-W32,2,低风险,3.4875,23.9871,70.2257,49.71,1.8143,2.5,3.5,,1.5,10.8,3.9,0.4,0.9,4.4
山西,太原,2025,33,2025-W33,2,低风险,3.5111,22.2871,72.0714,30.58,1.4643,2.5,3.4,2,1.5,11.9,3.6,0.6,0.5,5.6
山西,太原,2025,34,2025-W34,2,低风险,3.3375,21.18,81.0186,76.9,1.9986,2.5,3.2,,1.9,10.5,3.2,0.5,0.6,4.3
山西,太原,2025,35,2025-W35,2,低风险,3.1875,19.0157,76.8286,26.34,1.7586,2.5,3.1,,2.4,8.5,3.7,0.4,0.6,4.3
山西,太原,2025,36,2025-W36,2,低风险,2.8444,18.0514,70.42,27.05,1.5271,2.7,3.4,1,3.3,6.8,3.5,0.4,0.8,3.7
山西,太原,2025,37,2025-W37,2,低风险,3.3875,18.8786,71.2271,9.05,1.5529,2.8,3.6,,3.6,6.8,5.6,0.4,1,3.3
山西,太原,2025,38,2025-W38,1,中风险,4.2889,14.1614,73.5343,19.05,1.7743,2.9,3.8,13,3.5,5.3,5.9,0.3,1.1,2.8
山西,太原,2025,39,2025-W39,1,中风险,4.5667,13.5771,73.2086,3.4,1.4071,2.9,3.8,16,4.1,3.6,7.6,0.2,1,1.9
山西,太原,2025,40,2025-W40,1,中风险,3.8,14.3529,71.7343,25.63,1.3829,3.3,4.4,11,3,3.2,5.7,0.3,1.2,2.1
山西,太原,2025,41,2025-W41,1,中风险,2.9111,9.8057,87.9829,161.29,2.0529,2.8,4.1,4,3.5,2.3,6.7,0.3,1.1,1.4
山西,太原,2025,42,2025-W42,1,中风险,8.4625,8.1643,81.3,11.49,1.67,2.7,,49,5.8,1.8,5.6,0.5,1.3,1
山西,太原,2025,43,2025-W43,1,中风险,21.2875,4.6629,81.4871,0.91,1.4543,3.6,,144,10.5,1.5,7,0.4,2.4,0.9
山西,太原,2025,44,2025-W44,1,中风险,43.0889,6.0614,70.3757,0.07,1.9543,5.1,4.6,347,17.5,1.4,6.6,0.4,4.2,1
山西,太原,2025,45,2025-W45,0,高风险,75.6222,5.2286,82.3414,10.56,2.1786,6.1,5.5,621,29.8,1.1,6.1,0.5,9.8,0.7
山西,太原,2025,46,2025-W46,0,高风险,127.3125,2.3257,65.32,0.07,2.5143,7,,955,38.1,0.5,5,0.3,11.4,1.2
山西,太原,2025,47,2025-W47,0,高风险,163.8,-1.8657,61.1257,0,3.3386,8.6,,1234,44.8,0.6,4.3,0.6,16.4,1.1
山西,太原,2025,48,2025-W48,0,高风险,203.2,-1.6829,63.5214,0.07,3.7357,9.1,,1541,51.1,0.6,3.5,0.3,19,1
山西,太原,2025,49,2025-W49,0,高风险,146.6111,-4.6629,62.5014,0,2.8286,7.9,11.1,1219,54.2,0.3,4,0.2,22.1,0.7
山西,太原,2025,50,2025-W50,0,高风险,82.9111,-4.1686,73.9243,7.2,2.5586,6.3,9.7,651,50.2,0.5,4.9,0.2,22.5,0.9
山西,太原,2025,51,2025-W51,0,高风险,34.2625,-3.5414,72.6571,0,2.25,4.9,,201,41.9,0.7,6.1,0.4,18.6,0.5
山西,太原,2025,52,2025-W52,1,中风险,17.9875,-5.9943,73.9757,0.21,2.3429,4.2,,82,33.7,0.7,7.2,0.3,14.5,1.3
山西,太原,2026,1,2026-W01,1,中风险,10.6444,-6.1043,65.6871,0.3,1.8514,4.1,5.4,37,27.4,1.1,8.8,0.2,10.6,1.2
山西,太原,2026,2,2026-W02,1,中风险,7.7889,-8.0186,67.3286,0.02,3.9786,3.7,4.8,19,23.3,1.1,9.8,0.3,7.1,1
山西,太原,2026,3,2026-W03,1,中风险,7.3222,-3.5571,73.3486,0,2.9514,3.5,4.7,18,21.3,0.9,9.3,0.3,6.9,1
山西,太原,2026,4,2026-W04,1,中风险,5.9333,-8.5986,63.77,0.56,2.0243,3.4,4.3,8,18.8,1.5,8.3,0.2,7.7,1.2
山西,太原,2026,5,2026-W05,1,中风险,5.2222,-4.8071,73.8471,0.56,1.9886,3.3,4,4,17.1,2.3,7.9,0.2,6.4,1.8
山西,太原,2026,6,2026-W06,1,中风险,4.6375,-4.7071,63.2429,0.4,2.3914,3,3.3,,13,2.2,8.6,0.2,5.1,1.7
山西,太原,2026,7,2026-W07,1,中风险,3.8222,-1.5357,59.9471,0.43,2.6943,2.9,3.6,1,11,1.7,8,0.2,4.9,1.1
山西,太原,2026,8,2026-W08,1,中风险,4.425,-0.3971,50.2829,0,3.53,4.9,4.8,,10.5,1.3,8,0,4.4,1.5
山西,太原,2026,9,2026-W09,1,中风险,3.95,1.5129,75.1571,6.56,2.2943,3,3,,11,2.3,6.6,0.2,4.1,1.4
山西,太原,2026,10,2026-W10,1,中风险,3.6125,0.7857,71.6671,1.77,2.14,2.8,2.8,,9.4,2.6,6.8,0.2,3.3,1
山西,太原,2026,11,2026-W11,1,中风险,4.0556,2.1071,67.3057,9.75,2.2686,3,3,6,11.3,2.3,5.8,0.2,3.6,1.3
山西,太原,2026,12,2026-W12,1,中风险,7.3556,3.3629,55.1757,0.92,2.34,3.5,3.3,32,13.3,2.7,4.4,0.2,5.7,1.1
山西,太原,2026,13,2026-W13,1,中风险,11.1667,8.8714,58.1786,1.98,2.2814,3.6,3.5,64,15.5,2.4,3.9,0.1,6.2,1.3
山西,太原,2026,14,2026-W14,1,中风险,10.1778,7.69,60.7,4.35,3.1157,3.6,3.6,56,16.3,2,4,0.2,5,0.9
山西,太原,2026,15,2026-W15,1,中风险,6.2333,10.2414,56.1214,6.45,2.9486,3.6,3.7,23,15.3,1.8,2.6,0.3,5.5,0.3
山西,太原,2026,16,2026-W16,1,中风险,5.3778,12.7471,54.2671,2.86,2.8929,3.5,3.7,18,13.4,1.3,2.6,0.2,4.9,0.8
山西,太原,2026,17,2026-W17,1,中风险,5.8,12.1086,46.0714,0.1,2.0557,3.7,3.9,20,14.8,1.3,2.3,0.2,5.3,0.7
山西,太原,2026,18,2026-W18,1,中风险,5.7222,11.9257,41.9429,1.13,2.3857,3.3,4.1,22,13.3,1.5,1.7,0.1,4.9,0.6
山西,太原,2026,19,2026-W19,1,中风险,3.9111,16.7686,32.6986,0.36,2.2457,3.6,4.1,7,12.2,1.4,2,0.1,4.2,0.6
山西,太原,2026,20,2026-W20,1,中风险,5.0333,20.6583,52.87,19.49,1.7367,3.4,4.2,18,11.9,1.7,1.2,0.2,4,0.7
广东,广州,2024,1,2024-W01,1,中风险,8.4,17.11,72.5886,0.63,2.1029,7.1,9.7,,,,,,,
广东,广州,2024,2,2024-W02,1,中风险,7.5,18.5229,71.5771,2.43,1.7571,6.3,8.7,,,,,,,
广东,广州,2024,3,2024-W03,1,中风险,6.85,18.62,71.6457,1.08,2.4686,6,7.7,,,,,,,
广东,广州,2024,4,2024-W04,1,中风险,6.1,8.69,64.48,12.47,3.9371,5.2,7,,,,,,,
广东,广州,2024,5,2024-W05,1,中风险,5.7,19.8514,78.4843,2.39,1.9686,5,6.4,,,,,,,
广东,广州,2024,6,2024-W06,1,中风险,6.8,13.4057,66.4829,13.46,3.2671,5.7,7.9,,,,,,,
广东,广州,2024,7,2024-W07,1,中风险,6.65,19.9714,69.1614,0,2.6371,5.7,7.6,,,,,,,
广东,广州,2024,8,2024-W08,1,中风险,5,19.4871,68.8286,0.24,4.2386,4.3,5.7,,,,,,,
广东,广州,2024,9,2024-W09,1,中风险,4.1,13.7843,69.1229,3.25,3.5629,4.3,5,3,,,,,,
广东,广州,2024,10,2024-W10,1,中风险,10.5333,19.6871,70.2614,36.29,3.69,4.1,5.5,22,,,,,,
广东,广州,2024,11,2024-W11,1,中风险,10.8333,20.9343,74.6414,18.3,2.4286,4.1,5.4,23,,,,,,
广东,广州,2024,12,2024-W12,1,中风险,6.3,22.9786,66.9771,5.25,3.4186,3.9,5,10,,,,,,
广东,广州,2024,13,2024-W13,1,中风险,6.8333,26.5414,71.1614,17.54,2.5557,3.8,4.7,12,,,,,,
广东,广州,2024,14,2024-W14,1,中风险,4.5,27.3757,78.8929,113.14,3.8457,3.8,4.7,5,,,,,,
广东,广州,2024,15,2024-W15,1,中风险,3.9667,25.4543,78.2443,2.52,2.1057,3.6,4.3,4,,,,,,
广东,广州,2024,16,2024-W16,1,中风险,4.3667,26.7957,84.6229,185.12,2.9757,3.5,4.6,5,,,,,,
广东,广州,2024,17,2024-W17,1,中风险,5.4333,26.9414,87.82,174.85,2.5886,3.6,4.7,8,,,,,,
广东,广州,2024,18,2024-W18,1,中风险,4.4,24.9171,89.61,134.57,2.7686,3.8,5,,,,,,,
广东,广州,2024,19,2024-W19,1,中风险,4.5,25.7671,86.3286,46.48,1.6214,3.6,4.9,5,,,,,,
广东,广州,2024,20,2024-W20,1,中风险,7.3667,25.1486,79.4029,31.1,1.7571,4,5.1,13,,,,,,
广东,广州,2024,21,2024-W21,1,中风险,6.9,26.0157,90.1429,189.28,2.07,3.9,4.8,12,,,,,,
广东,广州,2024,22,2024-W22,1,中风险,5.9667,27.1986,88.4543,107.06,3.1329,3.8,5.1,9,,,,,,
广东,广州,2024,23,2024-W23,1,中风险,3.6,26.15,92.2943,175.1,2.4371,3.9,4.9,2,,,,,,
广东,广州,2024,24,2024-W24,1,中风险,4.3667,28.3314,92.0586,138.74,2.0443,4,5.1,4,,,,,,
广东,广州,2024,25,2024-W25,1,中风险,6.0333,28.7643,90.1857,36.98,2.1171,3.9,5.2,9,,,,,,
广东,广州,2024,26,2024-W26,1,中风险,4.3,28.6229,88.2171,32.94,2.1914,3.8,5.1,4,,,,,,
广东,广州,2024,27,2024-W27,1,中风险,4.6333,29.0671,86.3043,28.6,2.0529,3.8,5.1,5,,,,,,
广东,广州,2024,28,2024-W28,1,中风险,4.5,29.2671,85.1143,20.32,1.8414,4.1,4.9,,,,,,,
广东,广州,2024,29,2024-W29,1,中风险,4.25,28.9471,88.3686,56.79,2.1171,3.8,4.7,,,,,,,
广东,广州,2024,30,2024-W30,1,中风险,4.2,29.3386,87.6129,100.82,2.2486,3.9,4.5,,,,,,,
广东,广州,2024,31,2024-W31,1,中风险,4,28.5514,87.7371,54.09,2.0214,3.8,4.2,,,,,,,
广东,广州,2024,32,2024-W32,1,中风险,3.7,30.2243,80.5657,5.34,1.3286,3.5,3.9,,,,,,,
广东,广州,2024,33,2024-W33,1,中风险,3.6,28.7743,82.9071,168.07,1.2,3.6,3.6,,,,,,,
广东,广州,2024,34,2024-W34,1,中风险,3.4,28.4271,87.4943,127.51,1.5586,3.6,3.2,,,,,,,
广东,广州,2024,35,2024-W35,1,中风险,3.25,29.0486,84.2843,45.23,1.39,3.4,3.1,,,,,,,
广东,广州,2024,36,2024-W36,1,中风险,3.3,28.7657,86.8529,80.2,2.2029,3.4,3.2,,,,,,,
广东,广州,2024,37,2024-W37,1,中风险,4.9667,28.5486,83.52,32.6,1,3.4,3.5,8,,,,,,
广东,广州,2024,38,2024-W38,1,中风险,3.1,28.0943,86.0043,37.28,2.1514,3.6,3.7,2,,,,,,
广东,广州,2024,39,2024-W39,1,中风险,3.6333,27.09,85.2486,36.35,1.6414,3.2,3.7,4,,,,,,
广东,广州,2024,40,2024-W40,1,中风险,3.85,23.5729,77.2171,0.37,2.9229,3.6,4.1,,,,,,,
广东,广州,2024,41,2024-W41,1,中风险,2.5,24.18,77.31,0.84,1.8757,3.2,3.3,1,,,,,,
广东,广州,2024,42,2024-W42,1,中风险,5.7,26.6,80.0029,3.15,1.4786,3.4,,8,,,,,,
广东,广州,2024,43,2024-W43,1,中风险,5.15,22.7157,70.91,0.57,3.6371,3.3,,7,,,,,,
广东,广州,2024,44,2024-W44,1,中风险,4.3,22.6929,72.2314,0.53,2.9529,3.5,3.4,6,,,,,,
广东,广州,2024,45,2024-W45,1,中风险,4.4,22.28,65.4114,0.84,2.8443,3.6,3.6,6,,,,,,
广东,广州,2024,46,2024-W46,1,中风险,8.4,25.2043,76.9871,21.72,2.1171,3.8,,13,,,,,,
广东,广州,2024,47,2024-W47,1,中风险,12.05,18.25,79.2557,37.59,3.1114,4.1,,20,,,,,,
广东,广州,2024,48,2024-W48,1,中风险,12.9667,16.1571,61.2943,12.49,2.3914,4.4,3.5,31,,,,,,
广东,广州,2024,49,2024-W49,1,中风险,16.0667,18.2814,67.39,0,2.2657,4.6,3.6,40,,,,,,
广东,广州,2024,50,2024-W50,1,中风险,41.1333,14.5686,63.06,0.07,3.3586,5.4,4,114,,,,,,
广东,广州,2024,51,2024-W51,1,中风险,81.25,12.2343,51.8243,0,2.8686,6.5,,156,,,,,,
广东,广州,2024,52,2024-W52,1,中风险,89.1,14.2271,58.7043,0.04,3.1486,7.2,,171,,,,,,
广东,广州,2025,1,2025-W01,1,中风险,53.2333,15.3086,58.03,0.01,2.3729,7.5,7.2,145,,,,,,
广东,广州,2025,2,2025-W02,1,中风险,43.7,12.8914,51.1814,0.01,2.8971,6.2,6.9,118,,,,,,
广东,广州,2025,3,2025-W03,1,中风险,10.5333,14.3043,53.3029,0.01,2.3271,5.1,6.5,20,,,,,,
广东,广州,2025,4,2025-W04,1,中风险,4.1667,17.1186,64.3471,6.24,2.2457,4.2,5.3,3,,,,,,
广东,广州,2025,5,2025-W05,1,中风险,6.45,15.8871,56.1071,0.83,2.59,5.5,7.4,,,,,,,
广东,广州,2025,6,2025-W06,1,中风险,3.4667,13.2729,49.7971,1.45,3.66,3.9,5.5,1,,,,,,
广东,广州,2025,7,2025-W07,1,中风险,3.0333,18.8086,61.0957,2.79,2.3343,3.4,4.7,1,,,,,,
广东,广州,2025,8,2025-W08,1,中风险,6.4667,18.9629,57.3957,0.3,2.94,3.1,4.3,12,,,,,,
广东,广州,2025,9,2025-W09,1,中风险,16.4333,19.8471,69.2157,5.79,2.4814,3.1,4.2,42,,,,,,
广东,广州,2025,10,2025-W10,1,中风险,10.0333,17.2114,72.0543,48.09,3.2671,3.2,3.9,23,,,,,,
广东,广州,2025,11,2025-W11,1,中风险,6.7333,22.8714,68.5686,17.53,2.7429,3.2,4,13,,,,,,
广东,广州,2025,12,2025-W12,1,中风险,3.8,18.78,51.05,0.09,2.1286,3.3,4.1,4,,,,,,
广东,广州,2025,13,2025-W13,1,中风险,4.1667,21.3671,66.9714,11.69,3.6414,3.4,4.1,5,,,,,,
广东,广州,2025,14,2025-W14,1,中风险,3.4333,18.7014,63.9886,7.94,2.3429,3.4,3.9,3,,,,,,
广东,广州,2025,15,2025-W15,1,中风险,3.55,24.7686,61.4814,8.99,2.6429,3.2,3.9,,,,,,,
广东,广州,2025,16,2025-W16,1,中风险,3.7,26.3657,60.7557,2.61,2.8286,3.3,4.1,,,,,,,
广东,广州,2025,17,2025-W17,1,中风险,3.6,27.7843,73.7371,79.42,2.7857,3.3,3.9,,,,,,,
广东,广州,2025,18,2025-W18,1,中风险,3.8,27.3571,70.7557,51.18,2.0343,3.4,4.2,,,,,,,
广东,广州,2025,19,2025-W19,1,中风险,3.6,26.45,80.9929,122.75,2.66,3.1,4.1,,,,,,,
广东,广州,2025,20,2025-W20,1,中风险,2.9333,26.3271,78.3186,48.77,1.5243,3.1,4.7,1,,,,,,
广东,广州,2025,21,2025-W21,1,中风险,5.3,27.0871,83.36,65.85,2.3171,3.2,4.7,8,,,,,,
广东,广州,2025,22,2025-W22,1,中风险,3.9667,25.4814,84.4814,60.55,2.1471,3.1,4.8,4,,,,,,
广东,广州,2025,23,2025-W23,1,中风险,3.2,27.8229,84.7329,70.25,1.7429,3.1,4.5,2,,,,,,
广东,广州,2025,24,2025-W24,1,中风险,3.0667,28.2029,84.8529,149.69,2.71,2.9,4.3,2,,,,,,
广东,广州,2025,25,2025-W25,2,低风险,3.9444,27.9029,89.6429,110.21,2.5014,2.9,4.3,1,1.5,15.4,2.9,0.1,0.7,6.7
广东,广州,2025,26,2025-W26,2,低风险,3.9778,28.2271,85.5786,60.23,1.7271,3,4.3,2,1.6,14,3,0.2,0.8,6.9
广东,广州,2025,27,2025-W27,2,低风险,3.6889,28.7043,84.0657,36.93,1.4729,2.9,4.2,2,1.8,11.9,3.3,0.3,0.5,6.3
广东,广州,2025,28,2025-W28,2,低风险,3.7778,28.6914,86.9014,43.95,1.49,2.7,4,1,1.8,13.4,3.3,0.2,0.8,6.8
广东,广州,2025,29,2025-W29,2,低风险,4.1625,29.0629,86.8986,61.42,2.1829,2.6,3.8,,2.4,14,4.3,0.5,0.6,5.1
广东,广州,2025,30,2025-W30,2,低风险,3.8625,29.0743,85.7157,103.87,1.9057,2.6,3.6,,2.2,13.5,3.4,0.6,0.7,4.3
广东,广州,2025,31,2025-W31,2,低风险,3.9625,28.9729,88.5314,128.77,1.4443,2.6,3.5,,2.3,13.6,3.8,0.6,0.9,4.4
广东,广州,2025,32,2025-W32,2,低风险,3.4875,28.1543,86.6129,179.56,1.43,2.5,3.5,,1.5,10.8,3.9,0.4,0.9,4.4
广东,广州,2025,33,2025-W33,2,低风险,3.5111,28.3971,85.4757,139.46,1.68,2.5,3.4,2,1.5,11.9,3.6,0.6,0.5,5.6
广东,广州,2025,34,2025-W34,2,低风险,3.3375,27.6614,88.57,79.11,1.7343,2.5,3.2,,1.9,10.5,3.2,0.5,0.6,4.3
广东,广州,2025,35,2025-W35,2,低风险,3.1875,28.2314,82.33,16.14,1.5343,2.5,3.1,,2.4,8.5,3.7,0.4,0.6,4.3
广东,广州,2025,36,2025-W36,2,低风险,2.8444,28.96,81.9014,8.25,1.2429,2.7,3.4,1,3.3,6.8,3.5,0.4,0.8,3.7
广东,广州,2025,37,2025-W37,2,低风险,3.3875,27.81,85.2329,86.23,2.1514,2.8,3.6,,3.6,6.8,5.6,0.4,1,3.3
广东,广州,2025,38,2025-W38,1,中风险,4.2889,27.7957,84.5614,107.4,1.7471,2.9,3.8,13,3.5,5.3,5.9,0.3,1.1,2.8
广东,广州,2025,39,2025-W39,1,中风险,4.5667,27.0043,87.7714,86.37,3.6657,2.9,3.8,16,4.1,3.6,7.6,0.2,1,1.9
广东,广州,2025,40,2025-W40,1,中风险,3.8,27.8886,81.95,14.95,1.7786,3.3,4.4,11,3,3.2,5.7,0.3,1.2,2.1
广东,广州,2025,41,2025-W41,1,中风险,2.9111,27.9214,81.5329,7.07,1.1686,2.8,4.1,4,3.5,2.3,6.7,0.3,1.1,1.4
广东,广州,2025,42,2025-W42,1,中风险,8.4625,27.4214,81.0286,8.27,1.41,2.7,,49,5.8,1.8,5.6,0.5,1.3,1
广东,广州,2025,43,2025-W43,1,中风险,21.2875,19.4914,77.3257,3.55,4.1257,3.6,,144,10.5,1.5,7,0.4,2.4,0.9
广东,广州,2025,44,2025-W44,1,中风险,43.0889,21.5586,80.6743,2.12,2.23,5.1,4.6,347,17.5,1.4,6.6,0.4,4.2,1
广东,广州,2025,45,2025-W45,0,高风险,75.6222,21.6729,81.5571,7.45,2.4757,6.1,5.5,621,29.8,1.1,6.1,0.5,9.8,0.7
广东,广州,2025,46,2025-W46,0,高风险,127.3125,20.4414,75.11,1.33,3.0143,7,,955,38.1,0.5,5,0.3,11.4,1.2
广东,广州,2025,47,2025-W47,0,高风险,163.8,16.02,59.9457,0.81,3.2171,8.6,,1234,44.8,0.6,4.3,0.6,16.4,1.1
广东,广州,2025,48,2025-W48,0,高风险,203.2,15.9657,56.0829,0.44,2.5586,9.1,,1541,51.1,0.6,3.5,0.3,19,1
广东,广州,2025,49,2025-W49,0,高风险,146.6111,18.81,72.01,7.1,1.8114,7.9,11.1,1219,54.2,0.3,4,0.2,22.1,0.7
广东,广州,2025,50,2025-W50,0,高风险,82.9111,18.0729,67.4571,8.44,2.2957,6.3,9.7,651,50.2,0.5,4.9,0.2,22.5,0.9
广东,广州,2025,51,2025-W51,0,高风险,34.2625,19.1029,66.4557,10.15,1.7971,4.9,,201,41.9,0.7,6.1,0.4,18.6,0.5
广东,广州,2025,52,2025-W52,1,中风险,17.9875,15.7643,67.3657,2.61,2.3957,4.2,,82,33.7,0.7,7.2,0.3,14.5,1.3
广东,广州,2026,1,2026-W01,1,中风险,10.6444,14.4471,65.67,0,2.23,4.1,5.4,37,27.4,1.1,8.8,0.2,10.6,1.2
广东,广州,2026,2,2026-W02,1,中风险,7.7889,11.67,53.9129,0.03,2.78,3.7,4.8,19,23.3,1.1,9.8,0.3,7.1,1
广东,广州,2026,3,2026-W03,1,中风险,7.3222,18.2343,58.8043,0,1.1986,3.5,4.7,18,21.3,0.9,9.3,0.3,6.9,1
广东,广州,2026,4,2026-W04,1,中风险,5.9333,13.99,62.1057,0.06,2.6343,3.4,4.3,8,18.8,1.5,8.3,0.2,7.7,1.2
广东,广州,2026,5,2026-W05,1,中风险,5.2222,17.0129,65.2829,4.04,2.7671,3.3,4,4,17.1,2.3,7.9,0.2,6.4,1.8
广东,广州,2026,6,2026-W06,1,中风险,4.6375,17.49,59.2857,0.04,2.7343,3,3.3,,13,2.2,8.6,0.2,5.1,1.7
广东,广州,2026,7,2026-W07,1,中风险,3.8222,19.5514,63.5686,0.03,1.9586,2.9,3.6,1,11,1.7,8,0.2,4.9,1.1
广东,广州,2026,8,2026-W08,1,中风险,4.425,20.56,57.0629,0.02,2.7529,4.9,4.8,,10.5,1.3,8,0,4.4,1.5
广东,广州,2026,9,2026-W09,1,中风险,3.95,24.3757,69.8529,35.06,2.9471,3,3,,11,2.3,6.6,0.2,4.1,1.4
广东,广州,2026,10,2026-W10,1,中风险,3.6125,19.42,72.3657,51.66,2.7329,2.8,2.8,,9.4,2.6,6.8,0.2,3.3,1
广东,广州,2026,11,2026-W11,1,中风险,4.0556,18.9229,66.3157,2.48,2.4414,3,3,6,11.3,2.3,5.8,0.2,3.6,1.3
广东,广州,2026,12,2026-W12,1,中风险,7.3556,23.1457,70.3514,3.47,2.34,3.5,3.3,32,13.3,2.7,4.4,0.2,5.7,1.1
广东,广州,2026,13,2026-W13,1,中风险,11.1667,25.9843,71.2657,22.59,2.3757,3.6,3.5,64,15.5,2.4,3.9,0.1,6.2,1.3
广东,广州,2026,14,2026-W14,1,中风险,10.1778,24.3643,78.0214,58.77,3.4086,3.6,3.6,56,16.3,2,4,0.2,5,0.9
广东,广州,2026,15,2026-W15,1,中风险,6.2333,27.6986,77.5686,2.81,4.2271,3.6,3.7,23,15.3,1.8,2.6,0.3,5.5,0.3
广东,广州,2026,16,2026-W16,1,中风险,5.3778,27.3043,73.1,14.57,2.6243,3.5,3.7,18,13.4,1.3,2.6,0.2,4.9,0.8
广东,广州,2026,17,2026-W17,1,中风险,5.8,24.5771,74.26,37.45,2.4243,3.7,3.9,20,14.8,1.3,2.3,0.2,5.3,0.7
广东,广州,2026,18,2026-W18,1,中风险,5.7222,23.9157,79.8229,64.56,2.4686,3.3,4.1,22,13.3,1.5,1.7,0.1,4.9,0.6
广东,广州,2026,19,2026-W19,1,中风险,3.9111,23.3743,88.8971,51.64,1.3129,3.6,4.1,7,12.2,1.4,2,0.1,4.2,0.6
广东,广州,2026,20,2026-W20,1,中风险,5.0333,26.835,87.025,80.37,1.825,3.4,4.2,18,11.9,1.7,1.2,0.2,4,0.7
广西,南宁,2024,1,2024-W01,1,中风险,8.4,16.8629,79.3843,7.33,2.4271,7.1,9.7,,,,,,,
广西,南宁,2024,2,2024-W02,1,中风险,7.5,16.9314,86.3614,49.55,1.9129,6.3,8.7,,,,,,,
广西,南宁,2024,3,2024-W03,1,中风险,6.85,16.8129,81.9671,9.37,3.0143,6,7.7,,,,,,,
广西,南宁,2024,4,2024-W04,1,中风险,6.1,6.4243,71.2143,22.74,3.8329,5.2,7,,,,,,,
广西,南宁,2024,5,2024-W05,1,中风险,5.7,17.3729,86.3357,19.07,2.4871,5,6.4,,,,,,,
广西,南宁,2024,6,2024-W06,1,中风险,6.8,10.7129,69.2686,2.68,3.4543,5.7,7.9,,,,,,,
广西,南宁,2024,7,2024-W07,1,中风险,6.65,18.5514,76.4657,0.94,3.2771,5.7,7.6,,,,,,,
广西,南宁,2024,8,2024-W08,1,中风险,5,16.3814,75.2271,7.08,4.3729,4.3,5.7,,,,,,,
广西,南宁,2024,9,2024-W09,1,中风险,4.1,10.9586,75.5786,15.79,3.3986,4.3,5,3,,,,,,
广西,南宁,2024,10,2024-W10,1,中风险,10.5333,18.0043,73.1843,25.92,3.5414,4.1,5.5,22,,,,,,
广西,南宁,2024,11,2024-W11,1,中风险,10.8333,20.4771,79.9714,19.72,2.94,4.1,5.4,23,,,,,,
广西,南宁,2024,12,2024-W12,1,中风险,6.3,21.6514,73.0243,7.47,3.8871,3.9,5,10,,,,,,
广西,南宁,2024,13,2024-W13,1,中风险,6.8333,24.7829,75.4829,7.59,2.4757,3.8,4.7,12,,,,,,
广西,南宁,2024,14,2024-W14,1,中风险,4.5,25.8757,72.9314,9.62,3.2943,3.8,4.7,5,,,,,,
广西,南宁,2024,15,2024-W15,1,中风险,3.9667,25.3571,75.31,3.21,3.1586,3.6,4.3,4,,,,,,
广西,南宁,2024,16,2024-W16,1,中风险,4.3667,26.97,79.6029,91.2,3.0414,3.5,4.6,5,,,,,,
广西,南宁,2024,17,2024-W17,1,中风险,5.4333,27.2657,78.2843,20.06,2.1329,3.6,4.7,8,,,,,,
广西,南宁,2024,18,2024-W18,1,中风险,4.4,25.2929,80.0414,62.99,2.9814,3.8,5,,,,,,,
广西,南宁,2024,19,2024-W19,1,中风险,4.5,24.9971,86.6243,116.84,2.1657,3.6,4.9,5,,,,,,
广西,南宁,2024,20,2024-W20,1,中风险,7.3667,25.3129,82.9057,251.89,2.2671,4,5.1,13,,,,,,
广西,南宁,2024,21,2024-W21,1,中风险,6.9,26.1443,85.38,31.78,1.8557,3.9,4.8,12,,,,,,
广西,南宁,2024,22,2024-W22,1,中风险,5.9667,27.0671,85.28,84.98,2.2171,3.8,5.1,9,,,,,,
广西,南宁,2024,23,2024-W23,1,中风险,3.6,26.48,90.9086,174.1,2.2643,3.9,4.9,2,,,,,,
广西,南宁,2024,24,2024-W24,1,中风险,4.3667,27.9243,91.9071,85.28,1.94,4,5.1,4,,,,,,
广西,南宁,2024,25,2024-W25,1,中风险,6.0333,27.9943,92.0629,49.75,2.4686,3.9,5.2,9,,,,,,
广西,南宁,2024,26,2024-W26,1,中风险,4.3,27.3286,92.44,144.92,2.5843,3.8,5.1,4,,,,,,
广西,南宁,2024,27,2024-W27,1,中风险,4.6333,27.5657,91.61,81.91,2.4914,3.8,5.1,5,,,,,,
广西,南宁,2024,28,2024-W28,1,中风险,4.5,28.0371,89.1743,21.49,2.6414,4.1,4.9,,,,,,,
广西,南宁,2024,29,2024-W29,1,中风险,4.25,27.8571,87.6643,54.81,2.0071,3.8,4.7,,,,,,,
广西,南宁,2024,30,2024-W30,1,中风险,4.2,28.69,87.05,39.85,2.0657,3.9,4.5,,,,,,,
广西,南宁,2024,31,2024-W31,1,中风险,4,27.0729,91.2,103.06,2.61,3.8,4.2,,,,,,,
广西,南宁,2024,32,2024-W32,1,中风险,3.7,28.5686,89.09,143.88,1.7829,3.5,3.9,,,,,,,
广西,南宁,2024,33,2024-W33,1,中风险,3.6,27.9543,85.7786,62.32,1.1729,3.6,3.6,,,,,,,
广西,南宁,2024,34,2024-W34,1,中风险,3.4,27.6843,88.7757,52.58,1.52,3.6,3.2,,,,,,,
广西,南宁,2024,35,2024-W35,1,中风险,3.25,28.2157,85.0714,49.08,1.2343,3.4,3.1,,,,,,,
广西,南宁,2024,36,2024-W36,1,中风险,3.3,28.22,85.3143,85.62,2.8457,3.4,3.2,,,,,,,
广西,南宁,2024,37,2024-W37,1,中风险,4.9667,26.8371,87.3614,73.15,1.4357,3.4,3.5,8,,,,,,
广西,南宁,2024,38,2024-W38,1,中风险,3.1,26.69,87.9086,25.13,2.7786,3.6,3.7,2,,,,,,
广西,南宁,2024,39,2024-W39,1,中风险,3.6333,25.2129,85.5857,1.86,1.79,3.2,3.7,4,,,,,,
广西,南宁,2024,40,2024-W40,1,中风险,3.85,22,78.1086,7.91,2.58,3.6,4.1,,,,,,,
广西,南宁,2024,41,2024-W41,1,中风险,2.5,22.64,80.0143,0,1.9443,3.2,3.3,1,,,,,,
广西,南宁,2024,42,2024-W42,1,中风险,5.7,24.8071,86.3329,23.46,1.7014,3.4,,8,,,,,,
广西,南宁,2024,43,2024-W43,1,中风险,5.15,20.91,75.1714,3.49,3.1086,3.3,,7,,,,,,
广西,南宁,2024,44,2024-W44,1,中风险,4.3,20.2014,72.8914,2.76,2.6429,3.5,3.4,6,,,,,,
广西,南宁,2024,45,2024-W45,1,中风险,4.4,20.4714,69.2357,5.64,2.2571,3.6,3.6,6,,,,,,
广西,南宁,2024,46,2024-W46,1,中风险,8.4,24.4543,73.9743,0.92,1.4629,3.8,,13,,,,,,
广西,南宁,2024,47,2024-W47,1,中风险,12.05,17.9157,70.4729,1.01,2.7914,4.1,,20,,,,,,
广西,南宁,2024,48,2024-W48,1,中风险,12.9667,16.6257,58.5357,0.3,2.5071,4.4,3.5,31,,,,,,
广西,南宁,2024,49,2024-W49,1,中风险,16.0667,17.3771,69.5229,1.9,2.4557,4.6,3.6,40,,,,,,
广西,南宁,2024,50,2024-W50,1,中风险,41.1333,13.1757,61.94,1.95,3.4329,5.4,4,114,,,,,,
广西,南宁,2024,51,2024-W51,1,中风险,81.25,12.6129,50.7671,0,2.4529,6.5,,156,,,,,,
广西,南宁,2024,52,2024-W52,1,中风险,89.1,13.1143,54.1657,0.26,3.0714,7.2,,171,,,,,,
广西,南宁,2025,1,2025-W01,1,中风险,53.2333,15.4014,54.6529,0,2.11,7.5,7.2,145,,,,,,
广西,南宁,2025,2,2025-W02,1,中风险,43.7,12.5814,48.0243,0.05,3.0129,6.2,6.9,118,,,,,,
广西,南宁,2025,3,2025-W03,1,中风险,10.5333,14.6871,47.7771,0.92,2.09,5.1,6.5,20,,,,,,
广西,南宁,2025,4,2025-W04,1,中风险,4.1667,17.3529,61.5929,2.87,3.1857,4.2,5.3,3,,,,,,
广西,南宁,2025,5,2025-W05,1,中风险,6.45,15.4643,56.3686,1.25,2.8814,5.5,7.4,,,,,,,
广西,南宁,2025,6,2025-W06,1,中风险,3.4667,12.1229,54.44,6.35,3.7557,3.9,5.5,1,,,,,,
广西,南宁,2025,7,2025-W07,1,中风险,3.0333,16.5357,67.5457,4.18,2.7371,3.4,4.7,1,,,,,,
广西,南宁,2025,8,2025-W08,1,中风险,6.4667,14.6671,76.1071,12.33,3.1071,3.1,4.3,12,,,,,,
广西,南宁,2025,9,2025-W09,1,中风险,16.4333,17.9214,74.2857,9.44,3.1957,3.1,4.2,42,,,,,,
广西,南宁,2025,10,2025-W10,1,中风险,10.0333,16.3343,66,6.32,3.6929,3.2,3.9,23,,,,,,
广西,南宁,2025,11,2025-W11,1,中风险,6.7333,21.6329,70.8857,11.19,3.8029,3.2,4,13,,,,,,
广西,南宁,2025,12,2025-W12,1,中风险,3.8,18.9771,45.4086,0.04,2.5286,3.3,4.1,4,,,,,,
广西,南宁,2025,13,2025-W13,1,中风险,4.1667,22.1371,57.8543,4.95,4.37,3.4,4.1,5,,,,,,
广西,南宁,2025,14,2025-W14,1,中风险,3.4333,20.4857,50.7657,0.69,2.6071,3.4,3.9,3,,,,,,
广西,南宁,2025,15,2025-W15,1,中风险,3.55,25.8357,59.6514,2.47,3.4429,3.2,3.9,,,,,,,
广西,南宁,2025,16,2025-W16,1,中风险,3.7,28.6214,46.3014,1.65,3.4371,3.3,4.1,,,,,,,
广西,南宁,2025,17,2025-W17,1,中风险,3.6,28.3543,61.0357,18.29,3.1514,3.3,3.9,,,,,,,
广西,南宁,2025,18,2025-W18,1,中风险,3.8,27.0371,66.9314,44.83,2.2286,3.4,4.2,,,,,,,
广西,南宁,2025,19,2025-W19,1,中风险,3.6,26.9957,72.2857,59.83,3.0029,3.1,4.1,,,,,,,
广西,南宁,2025,20,2025-W20,1,中风险,2.9333,25.9829,78.4571,125.37,2.1571,3.1,4.7,1,,,,,,
广西,南宁,2025,21,2025-W21,1,中风险,5.3,25.6186,85.6071,63.63,2.7086,3.2,4.7,8,,,,,,
广西,南宁,2025,22,2025-W22,1,中风险,3.9667,24.9586,86.2943,32.64,2.1514,3.1,4.8,4,,,,,,
广西,南宁,2025,23,2025-W23,1,中风险,3.2,27.2414,83.4186,18.88,2.1614,3.1,4.5,2,,,,,,
广西,南宁,2025,24,2025-W24,1,中风险,3.0667,27.3486,86.0843,146.97,2.0029,2.9,4.3,2,,,,,,
广西,南宁,2025,25,2025-W25,2,低风险,3.9444,27.2371,91.3857,94.49,2.9786,2.9,4.3,1,1.5,15.4,2.9,0.1,0.7,6.7
广西,南宁,2025,26,2025-W26,2,低风险,3.9778,26.9843,89.5557,131.27,2.0086,3,4.3,2,1.6,14,3,0.2,0.8,6.9
广西,南宁,2025,27,2025-W27,2,低风险,3.6889,27.5486,85.7557,46.8,1.6729,2.9,4.2,2,1.8,11.9,3.3,0.3,0.5,6.3
广西,南宁,2025,28,2025-W28,2,低风险,3.7778,28.3643,85.3357,49.92,1.3357,2.7,4,1,1.8,13.4,3.3,0.2,0.8,6.8
广西,南宁,2025,29,2025-W29,2,低风险,4.1625,28.4657,86.5629,59.47,1.4757,2.6,3.8,,2.4,14,4.3,0.5,0.6,5.1
广西,南宁,2025,30,2025-W30,2,低风险,3.8625,27.9257,85.1,80.47,2.4843,2.6,3.6,,2.2,13.5,3.4,0.6,0.7,4.3
广西,南宁,2025,31,2025-W31,2,低风险,3.9625,29.11,82.9143,47.84,1.0443,2.6,3.5,,2.3,13.6,3.8,0.6,0.9,4.4
广西,南宁,2025,32,2025-W32,2,低风险,3.4875,27.6743,91.6457,71.67,2.3929,2.5,3.5,,1.5,10.8,3.9,0.4,0.9,4.4
广西,南宁,2025,33,2025-W33,2,低风险,3.5111,27.34,86.3829,50.18,1.63,2.5,3.4,2,1.5,11.9,3.6,0.6,0.5,5.6
广西,南宁,2025,34,2025-W34,2,低风险,3.3375,26.5143,90.6157,80.73,2.4543,2.5,3.2,,1.9,10.5,3.2,0.5,0.6,4.3
广西,南宁,2025,35,2025-W35,2,低风险,3.1875,26.6886,86.1571,36.84,1.7671,2.5,3.1,,2.4,8.5,3.7,0.4,0.6,4.3
广西,南宁,2025,36,2025-W36,2,低风险,2.8444,27.8714,84.4071,1.59,1.2043,2.7,3.4,1,3.3,6.8,3.5,0.4,0.8,3.7
广西,南宁,2025,37,2025-W37,2,低风险,3.3875,26.88,88.8886,60.97,1.6571,2.8,3.6,,3.6,6.8,5.6,0.4,1,3.3
广西,南宁,2025,38,2025-W38,1,中风险,4.2889,26.7943,86.19,41.83,1.42,2.9,3.8,13,3.5,5.3,5.9,0.3,1.1,2.8
广西,南宁,2025,39,2025-W39,1,中风险,4.5667,25.4214,87.4429,92.49,3.5271,2.9,3.8,16,4.1,3.6,7.6,0.2,1,1.9
广西,南宁,2025,40,2025-W40,1,中风险,3.8,25.9657,88.8414,49.04,2.2086,3.3,4.4,11,3,3.2,5.7,0.3,1.2,2.1
广西,南宁,2025,41,2025-W41,1,中风险,2.9111,25.9829,86.1957,79.9,2.1586,2.8,4.1,4,3.5,2.3,6.7,0.3,1.1,1.4
广西,南宁,2025,42,2025-W42,1,中风险,8.4625,25.4843,86.7,41.5,1.6143,2.7,,49,5.8,1.8,5.6,0.5,1.3,1
广西,南宁,2025,43,2025-W43,1,中风险,21.2875,17.21,80.4543,0.6,3.9771,3.6,,144,10.5,1.5,7,0.4,2.4,0.9
广西,南宁,2025,44,2025-W44,1,中风险,43.0889,19.4414,84.6957,22.44,2.41,5.1,4.6,347,17.5,1.4,6.6,0.4,4.2,1
广西,南宁,2025,45,2025-W45,0,高风险,75.6222,19.7971,88.7971,22.96,2.2743,6.1,5.5,621,29.8,1.1,6.1,0.5,9.8,0.7
广西,南宁,2025,46,2025-W46,0,高风险,127.3125,17.8386,79.8557,0.96,2.5,7,,955,38.1,0.5,5,0.3,11.4,1.2
广西,南宁,2025,47,2025-W47,0,高风险,163.8,14.0371,73.17,16.26,2.9343,8.6,,1234,44.8,0.6,4.3,0.6,16.4,1.1
广西,南宁,2025,48,2025-W48,0,高风险,203.2,14.0271,68.4986,0.05,2.2543,9.1,,1541,51.1,0.6,3.5,0.3,19,1
广西,南宁,2025,49,2025-W49,0,高风险,146.6111,16.1786,82.0871,1.84,1.8757,7.9,11.1,1219,54.2,0.3,4,0.2,22.1,0.7
广西,南宁,2025,50,2025-W50,0,高风险,82.9111,16.4829,78.3571,21.8,2.0571,6.3,9.7,651,50.2,0.5,4.9,0.2,22.5,0.9
广西,南宁,2025,51,2025-W51,0,高风险,34.2625,16.44,81.2686,0.94,1.7614,4.9,,201,41.9,0.7,6.1,0.4,18.6,0.5
广西,南宁,2025,52,2025-W52,1,中风险,17.9875,13.4557,75.5657,9.12,2.5771,4.2,,82,33.7,0.7,7.2,0.3,14.5,1.3
广西,南宁,2026,1,2026-W01,1,中风险,10.6444,13.1857,78.6771,3.78,2.3629,4.1,5.4,37,27.4,1.1,8.8,0.2,10.6,1.2
广西,南宁,2026,2,2026-W02,1,中风险,7.7889,11.2614,63.9757,1.4,2.4257,3.7,4.8,19,23.3,1.1,9.8,0.3,7.1,1
广西,南宁,2026,3,2026-W03,1,中风险,7.3222,17.0143,77.84,0.02,1.4343,3.5,4.7,18,21.3,0.9,9.3,0.3,6.9,1
广西,南宁,2026,4,2026-W04,1,中风险,5.9333,10.73,76.4457,4.13,3.11,3.4,4.3,8,18.8,1.5,8.3,0.2,7.7,1.2
广西,南宁,2026,5,2026-W05,1,中风险,5.2222,14.8114,74.4914,1.05,3.1129,3.3,4,4,17.1,2.3,7.9,0.2,6.4,1.8
广西,南宁,2026,6,2026-W06,1,中风险,4.6375,15.5357,73.8986,4.08,3.06,3,3.3,,13,2.2,8.6,0.2,5.1,1.7
广西,南宁,2026,7,2026-W07,1,中风险,3.8222,17.6229,78.94,8.45,2.5143,2.9,3.6,1,11,1.7,8,0.2,4.9,1.1
广西,南宁,2026,8,2026-W08,1,中风险,4.425,17.4386,72.0086,0.8,2.9457,4.9,4.8,,10.5,1.3,8,0,4.4,1.5
广西,南宁,2026,9,2026-W09,1,中风险,3.95,23.2729,78.5514,16.67,2.9114,3,3,,11,2.3,6.6,0.2,4.1,1.4
广西,南宁,2026,10,2026-W10,1,中风险,3.6125,17.9214,71.1657,15.14,3.1986,2.8,2.8,,9.4,2.6,6.8,0.2,3.3,1
广西,南宁,2026,11,2026-W11,1,中风险,4.0556,18.3529,69.5743,4.74,2.7786,3,3,6,11.3,2.3,5.8,0.2,3.6,1.3
广西,南宁,2026,12,2026-W12,1,中风险,7.3556,22.3586,72.4614,1.68,3.2429,3.5,3.3,32,13.3,2.7,4.4,0.2,5.7,1.1
广西,南宁,2026,13,2026-W13,1,中风险,11.1667,25.4186,71.51,10.4,2.8643,3.6,3.5,64,15.5,2.4,3.9,0.1,6.2,1.3
广西,南宁,2026,14,2026-W14,1,中风险,10.1778,25.1571,70.0943,22.5,3.18,3.6,3.6,56,16.3,2,4,0.2,5,0.9
广西,南宁,2026,15,2026-W15,1,中风险,6.2333,29.8343,65.6986,0.74,3.5814,3.6,3.7,23,15.3,1.8,2.6,0.3,5.5,0.3
广西,南宁,2026,16,2026-W16,1,中风险,5.3778,27.2657,72.4886,46.1,2.6971,3.5,3.7,18,13.4,1.3,2.6,0.2,4.9,0.8
广西,南宁,2026,17,2026-W17,1,中风险,5.8,24.95,69.3371,16,2.9743,3.7,3.9,20,14.8,1.3,2.3,0.2,5.3,0.7
广西,南宁,2026,18,2026-W18,1,中风险,5.7222,22.9743,78.6357,105.94,2.6857,3.3,4.1,22,13.3,1.5,1.7,0.1,4.9,0.6
广西,南宁,2026,19,2026-W19,1,中风险,3.9111,23.7686,79.11,30.37,1.45,3.6,4.1,7,12.2,1.4,2,0.1,4.2,0.6
广西,南宁,2026,20,2026-W20,1,中风险,5.0333,26.525,85.245,35.02,1.5,3.4,4.2,18,11.9,1.7,1.2,0.2,4,0.7
新疆,乌鲁木齐,2024,1,2024-W01,1,中风险,8.4,-1.7357,50.9314,0,1.4786,7.1,9.7,,,,,,,
新疆,乌鲁木齐,2024,2,2024-W02,1,中风险,7.5,0.6414,50.8471,1.29,2.1271,6.3,8.7,,,,,,,
新疆,乌鲁木齐,2024,3,2024-W03,1,中风险,6.85,-6.9029,71.1843,4.52,1.4086,6,7.7,,,,,,,
新疆,乌鲁木齐,2024,4,2024-W04,1,中风险,6.1,-6.7286,51.7171,0.13,1.8557,5.2,7,,,,,,,
新疆,乌鲁木齐,2024,5,2024-W05,1,中风险,5.7,-5.2229,64.0857,1.51,1.4071,5,6.4,,,,,,,
新疆,乌鲁木齐,2024,6,2024-W06,1,中风险,6.8,0.8629,50.11,0.03,1.7529,5.7,7.9,,,,,,,
新疆,乌鲁木齐,2024,7,2024-W07,1,中风险,6.65,-3.4714,50.7314,8.74,3.0657,5.7,7.6,,,,,,,
新疆,乌鲁木齐,2024,8,2024-W08,1,中风险,5,-11.1757,62.3371,0,1.9357,4.3,5.7,,,,,,,
新疆,乌鲁木齐,2024,9,2024-W09,1,中风险,4.1,-4.7914,55.1929,0.07,1.9171,4.3,5,3,,,,,,
新疆,乌鲁木齐,2024,10,2024-W10,1,中风险,10.5333,1.2886,41.5886,0,1.5343,4.1,5.5,22,,,,,,
新疆,乌鲁木齐,2024,11,2024-W11,1,中风险,10.8333,2.4486,53.0171,7.84,2.7071,4.1,5.4,23,,,,,,
新疆,乌鲁木齐,2024,12,2024-W12,1,中风险,6.3,6.61,51.4686,1.25,1.6414,3.9,5,10,,,,,,
新疆,乌鲁木齐,2024,13,2024-W13,1,中风险,6.8333,11.1414,46.94,25.13,2.4671,3.8,4.7,12,,,,,,
新疆,乌鲁木齐,2024,14,2024-W14,1,中风险,4.5,6.8886,55.4829,5.3,1.7443,3.8,4.7,5,,,,,,
新疆,乌鲁木齐,2024,15,2024-W15,1,中风险,3.9667,11.0429,48.2543,13.47,2.7714,3.6,4.3,4,,,,,,
新疆,乌鲁木齐,2024,16,2024-W16,1,中风险,4.3667,15.3957,47.3757,15.5,1.9129,3.5,4.6,5,,,,,,
新疆,乌鲁木齐,2024,17,2024-W17,1,中风险,5.4333,12.7014,40.3343,8.76,2.1771,3.6,4.7,8,,,,,,
新疆,乌鲁木齐,2024,18,2024-W18,1,中风险,4.4,17.4786,32.0757,4.82,2.1957,3.8,5,,,,,,,
新疆,乌鲁木齐,2024,19,2024-W19,1,中风险,4.5,22.2186,40.8829,3.46,2.7471,3.6,4.9,5,,,,,,
新疆,乌鲁木齐,2024,20,2024-W20,1,中风险,7.3667,23.31,44.4014,0.2,2.0929,4,5.1,13,,,,,,
新疆,乌鲁木齐,2024,21,2024-W21,1,中风险,6.9,20.6614,53.86,27.75,2.76,3.9,4.8,12,,,,,,
新疆,乌鲁木齐,2024,22,2024-W22,1,中风险,5.9667,18.6457,43.2343,23.5,1.7914,3.8,5.1,9,,,,,,
新疆,乌鲁木齐,2024,23,2024-W23,1,中风险,3.6,22.8071,36.3786,0.85,1.97,3.9,4.9,2,,,,,,
新疆,乌鲁木齐,2024,24,2024-W24,1,中风险,4.3667,24.6114,45.7671,4.5,2.2814,4,5.1,4,,,,,,
新疆,乌鲁木齐,2024,25,2024-W25,1,中风险,6.0333,25.7229,33.7586,2.45,2.5929,3.9,5.2,9,,,,,,
新疆,乌鲁木齐,2024,26,2024-W26,1,中风险,4.3,30.2329,35.0886,2.38,2.4043,3.8,5.1,4,,,,,,
新疆,乌鲁木齐,2024,27,2024-W27,1,中风险,4.6333,23.6129,50.44,60.26,2.09,3.8,5.1,5,,,,,,
新疆,乌鲁木齐,2024,28,2024-W28,1,中风险,4.5,26.8014,42.1543,3.82,1.8486,4.1,4.9,,,,,,,
新疆,乌鲁木齐,2024,29,2024-W29,1,中风险,4.25,27.7857,45.1329,20.17,2.19,3.8,4.7,,,,,,,
新疆,乌鲁木齐,2024,30,2024-W30,1,中风险,4.2,28.6414,37.5614,0.6,1.7543,3.9,4.5,,,,,,,
新疆,乌鲁木齐,2024,31,2024-W31,1,中风险,4,29.8414,33.7571,0.82,1.8171,3.8,4.2,,,,,,,
新疆,乌鲁木齐,2024,32,2024-W32,1,中风险,3.7,27.9729,37.2257,1.73,1.9643,3.5,3.9,,,,,,,
新疆,乌鲁木齐,2024,33,2024-W33,1,中风险,3.6,28.6614,31.4886,0.87,2.0157,3.6,3.6,,,,,,,
新疆,乌鲁木齐,2024,34,2024-W34,1,中风险,3.4,24.2371,48.9343,20.01,2.0786,3.6,3.2,,,,,,,
新疆,乌鲁木齐,2024,35,2024-W35,1,中风险,3.25,23.5086,48.3129,21.13,2.0386,3.4,3.1,,,,,,,
新疆,乌鲁木齐,2024,36,2024-W36,1,中风险,3.3,18.7143,47.4057,42.13,2.9014,3.4,3.2,,,,,,,
新疆,乌鲁木齐,2024,37,2024-W37,1,中风险,4.9667,16.5614,49.8686,2.59,1.8629,3.4,3.5,8,,,,,,
新疆,乌鲁木齐,2024,38,2024-W38,1,中风险,3.1,18.43,40.5143,0.17,1.9057,3.6,3.7,2,,,,,,
新疆,乌鲁木齐,2024,39,2024-W39,1,中风险,3.6333,13.5543,60.7586,9.84,1.7943,3.2,3.7,4,,,,,,
新疆,乌鲁木齐,2024,40,2024-W40,1,中风险,3.85,13.8229,44.2343,0.9,2.0843,3.6,4.1,,,,,,,
新疆,乌鲁木齐,2024,41,2024-W41,1,中风险,2.5,14.9686,48.82,1.51,1.8057,3.2,3.3,1,,,,,,
新疆,乌鲁木齐,2024,42,2024-W42,1,中风险,5.7,7.9,68.1114,25.35,1.6686,3.4,,8,,,,,,
新疆,乌鲁木齐,2024,43,2024-W43,1,中风险,5.15,10.3829,49.8429,1.81,2.0329,3.3,,7,,,,,,
新疆,乌鲁木齐,2024,44,2024-W44,1,中风险,4.3,6.3957,62.8271,12.94,1.8029,3.5,3.4,6,,,,,,
新疆,乌鲁木齐,2024,45,2024-W45,1,中风险,4.4,6.0686,63.29,11.81,1.8586,3.6,3.6,6,,,,,,
新疆,乌鲁木齐,2024,46,2024-W46,1,中风险,8.4,0.8714,58.3786,5.95,1.5057,3.8,,13,,,,,,
新疆,乌鲁木齐,2024,47,2024-W47,1,中风险,12.05,0.7857,58.1757,11.26,1.4443,4.1,,20,,,,,,
新疆,乌鲁木齐,2024,48,2024-W48,1,中风险,12.9667,0.2029,46.9729,0.01,1.4443,4.4,3.5,31,,,,,,
新疆,乌鲁木齐,2024,49,2024-W49,1,中风险,16.0667,-4.2614,74.8214,5.03,1.1,4.6,3.6,40,,,,,,
新疆,乌鲁木齐,2024,50,2024-W50,1,中风险,41.1333,-7.2229,66.3343,7.23,1.8857,5.4,4,114,,,,,,
新疆,乌鲁木齐,2024,51,2024-W51,1,中风险,81.25,-8.3729,72.3914,7.87,1.6214,6.5,,156,,,,,,
新疆,乌鲁木齐,2024,52,2024-W52,1,中风险,89.1,-8.3586,63.0629,0.62,1.5286,7.2,,171,,,,,,
新疆,乌鲁木齐,2025,1,2025-W01,1,中风险,53.2333,-3.35,60.9314,0,1.1929,7.5,7.2,145,,,,,,
新疆,乌鲁木齐,2025,2,2025-W02,1,中风险,43.7,-5.0929,73.5371,6.94,1.2514,6.2,6.9,118,,,,,,
新疆,乌鲁木齐,2025,3,2025-W03,1,中风险,10.5333,-2.8329,53.8114,0,1.63,5.1,6.5,20,,,,,,
新疆,乌鲁木齐,2025,4,2025-W04,1,中风险,4.1667,-6.6914,65.9914,7.17,1.7886,4.2,5.3,3,,,,,,
新疆,乌鲁木齐,2025,5,2025-W05,1,中风险,6.45,-4.7657,63.9057,1.33,1.21,5.5,7.4,,,,,,,
新疆,乌鲁木齐,2025,6,2025-W06,1,中风险,3.4667,-6.2886,61.7743,0,1.2843,3.9,5.5,1,,,,,,
新疆,乌鲁木齐,2025,7,2025-W07,1,中风险,3.0333,-3.6171,54.9,0,1.5229,3.4,4.7,1,,,,,,
新疆,乌鲁木齐,2025,8,2025-W08,1,中风险,6.4667,-2.2629,60.6357,0.03,1.2543,3.1,4.3,12,,,,,,
新疆,乌鲁木齐,2025,9,2025-W09,1,中风险,16.4333,0.4857,62.5543,0.56,1.6214,3.1,4.2,42,,,,,,
新疆,乌鲁木齐,2025,10,2025-W10,1,中风险,10.0333,2.1386,57.7514,8.12,2.3243,3.2,3.9,23,,,,,,
新疆,乌鲁木齐,2025,11,2025-W11,1,中风险,6.7333,0.3814,52.2786,8.81,2.2086,3.2,4,13,,,,,,
新疆,乌鲁木齐,2025,12,2025-W12,1,中风险,3.8,8.7614,35.8129,0,2.0929,3.3,4.1,4,,,,,,
新疆,乌鲁木齐,2025,13,2025-W13,1,中风险,4.1667,2.1629,50.0943,9.46,2.0543,3.4,4.1,5,,,,,,
新疆,乌鲁木齐,2025,14,2025-W14,1,中风险,3.4333,10.4471,47.97,1.1,1.9857,3.4,3.9,3,,,,,,
新疆,乌鲁木齐,2025,15,2025-W15,1,中风险,3.55,15.3186,39.16,3.68,3.2586,3.2,3.9,,,,,,,
新疆,乌鲁木齐,2025,16,2025-W16,1,中风险,3.7,11.5686,51.85,22.9,2.8843,3.3,4.1,,,,,,,
新疆,乌鲁木齐,2025,17,2025-W17,1,中风险,3.6,14.3043,46.2829,4.46,1.9,3.3,3.9,,,,,,,
新疆,乌鲁木齐,2025,18,2025-W18,1,中风险,3.8,17.8729,49.4886,43.31,2.3171,3.4,4.2,,,,,,,
新疆,乌鲁木齐,2025,19,2025-W19,1,中风险,3.6,20.0286,40.27,1.1,2.78,3.1,4.1,,,,,,,
新疆,乌鲁木齐,2025,20,2025-W20,1,中风险,2.9333,23.6943,38.4529,1.4,2.3786,3.1,4.7,1,,,,,,
新疆,乌鲁木齐,2025,21,2025-W21,1,中风险,5.3,20.0586,47.63,17.93,2.5186,3.2,4.7,8,,,,,,
新疆,乌鲁木齐,2025,22,2025-W22,1,中风险,3.9667,19.6443,39.3214,5.26,2.35,3.1,4.8,4,,,,,,
新疆,乌鲁木齐,2025,23,2025-W23,1,中风险,3.2,26.2414,36.2514,0.77,1.8557,3.1,4.5,2,,,,,,
新疆,乌鲁木齐,2025,24,2025-W24,1,中风险,3.0667,26.52,37.8114,0.59,2.2371,2.9,4.3,2,,,,,,
新疆,乌鲁木齐,2025,25,2025-W25,2,低风险,3.9444,28.3014,35.1314,0.53,2.0986,2.9,4.3,1,1.5,15.4,2.9,0.1,0.7,6.7
新疆,乌鲁木齐,2025,26,2025-W26,2,低风险,3.9778,26.8057,38.7357,16.44,2.1214,3,4.3,2,1.6,14,3,0.2,0.8,6.9
新疆,乌鲁木齐,2025,27,2025-W27,2,低风险,3.6889,26.7186,35.6486,0.66,2.06,2.9,4.2,2,1.8,11.9,3.3,0.3,0.5,6.3
新疆,乌鲁木齐,2025,28,2025-W28,2,低风险,3.7778,26.4771,36.4514,3.18,2.2043,2.7,4,1,1.8,13.4,3.3,0.2,0.8,6.8
新疆,乌鲁木齐,2025,29,2025-W29,2,低风险,4.1625,30.2443,25.3629,0.75,2.0629,2.6,3.8,,2.4,14,4.3,0.5,0.6,5.1
新疆,乌鲁木齐,2025,30,2025-W30,2,低风险,3.8625,30.8314,20.03,0.37,2.4257,2.6,3.6,,2.2,13.5,3.4,0.6,0.7,4.3
新疆,乌鲁木齐,2025,31,2025-W31,2,低风险,3.9625,29.5229,33.6543,11.09,2.3086,2.6,3.5,,2.3,13.6,3.8,0.6,0.9,4.4
新疆,乌鲁木齐,2025,32,2025-W32,2,低风险,3.4875,25.6657,35.9029,2.59,2.0743,2.5,3.5,,1.5,10.8,3.9,0.4,0.9,4.4
新疆,乌鲁木齐,2025,33,2025-W33,2,低风险,3.5111,26.8129,32.06,4.28,2.2314,2.5,3.4,2,1.5,11.9,3.6,0.6,0.5,5.6
新疆,乌鲁木齐,2025,34,2025-W34,2,低风险,3.3375,23.91,39.0914,7.15,2.4029,2.5,3.2,,1.9,10.5,3.2,0.5,0.6,4.3
新疆,乌鲁木齐,2025,35,2025-W35,2,低风险,3.1875,24.6129,31.1014,2.23,2.1329,2.5,3.1,,2.4,8.5,3.7,0.4,0.6,4.3
新疆,乌鲁木齐,2025,36,2025-W36,2,低风险,2.8444,19.3986,29.7943,0.27,1.9586,2.7,3.4,1,3.3,6.8,3.5,0.4,0.8,3.7
新疆,乌鲁木齐,2025,37,2025-W37,1,中风险,3.3875,20.6486,35.8243,3.16,2.11,2.8,3.6,,3.6,6.8,5.6,0.4,1,3.3
新疆,乌鲁木齐,2025,38,2025-W38,1,中风险,4.2889,16.4,42.0457,4.32,1.9971,2.9,3.8,13,3.5,5.3,5.9,0.3,1.1,2.8
新疆,乌鲁木齐,2025,39,2025-W39,1,中风险,4.5667,16.0471,47.2671,21.8,2.1714,2.9,3.8,16,4.1,3.6,7.6,0.2,1,1.9
新疆,乌鲁木齐,2025,40,2025-W40,1,中风险,3.8,13.1643,48.0657,12.57,2.3829,3.3,4.4,11,3,3.2,5.7,0.3,1.2,2.1
新疆,乌鲁木齐,2025,41,2025-W41,1,中风险,2.9111,9.1586,42.1343,0,1.6457,2.8,4.1,4,3.5,2.3,6.7,0.3,1.1,1.4
新疆,乌鲁木齐,2025,42,2025-W42,1,中风险,8.4625,5.4814,57.8843,20.06,1.6986,2.7,,49,5.8,1.8,5.6,0.5,1.3,1
新疆,乌鲁木齐,2025,43,2025-W43,1,中风险,21.2875,9.5457,44.8943,0.11,1.4857,3.6,,144,10.5,1.5,7,0.4,2.4,0.9
新疆,乌鲁木齐,2025,44,2025-W44,1,中风险,43.0889,9.5871,51.2629,0,1.61,5.1,4.6,347,17.5,1.4,6.6,0.4,4.2,1
新疆,乌鲁木齐,2025,45,2025-W45,0,高风险,75.6222,1.9014,63.6186,35.5,1.9486,6.1,5.5,621,29.8,1.1,6.1,0.5,9.8,0.7
新疆,乌鲁木齐,2025,46,2025-W46,0,高风险,127.3125,2.4171,53.0357,1.07,1.72,7,,955,38.1,0.5,5,0.3,11.4,1.2
新疆,乌鲁木齐,2025,47,2025-W47,0,高风险,163.8,2.5871,45.8814,7.41,1.9086,8.6,,1234,44.8,0.6,4.3,0.6,16.4,1.1
新疆,乌鲁木齐,2025,48,2025-W48,0,高风险,203.2,1.3129,49.7,2.09,1.4371,9.1,,1541,51.1,0.6,3.5,0.3,19,1
新疆,乌鲁木齐,2025,49,2025-W49,0,高风险,146.6111,-0.1343,51.6543,1.48,1.0171,7.9,11.1,1219,54.2,0.3,4,0.2,22.1,0.7
新疆,乌鲁木齐,2025,50,2025-W50,0,高风险,82.9111,-3.5871,64.1557,13.97,2.5071,6.3,9.7,651,50.2,0.5,4.9,0.2,22.5,0.9
新疆,乌鲁木齐,2025,51,2025-W51,0,高风险,34.2625,-2.4229,68.5243,5.72,1.1614,4.9,,201,41.9,0.7,6.1,0.4,18.6,0.5
新疆,乌鲁木齐,2025,52,2025-W52,1,中风险,17.9875,-4.4086,69.5171,3.6,1.2929,4.2,,82,33.7,0.7,7.2,0.3,14.5,1.3
新疆,乌鲁木齐,2026,1,2026-W01,1,中风险,10.6444,-3.9757,67.0371,0.02,1.4086,4.1,5.4,37,27.4,1.1,8.8,0.2,10.6,1.2
新疆,乌鲁木齐,2026,2,2026-W02,1,中风险,7.7889,-3.5929,58.6214,0.06,1.2157,3.7,4.8,19,23.3,1.1,9.8,0.3,7.1,1
新疆,乌鲁木齐,2026,3,2026-W03,1,中风险,7.3222,-8.1586,71.0157,2.9,1.5114,3.5,4.7,18,21.3,0.9,9.3,0.3,6.9,1
新疆,乌鲁木齐,2026,4,2026-W04,1,中风险,5.9333,-8.7043,62.8586,0.03,1.7457,3.4,4.3,8,18.8,1.5,8.3,0.2,7.7,1.2
新疆,乌鲁木齐,2026,5,2026-W05,1,中风险,5.2222,-2.58,60.7614,1.61,1.3386,3.3,4,4,17.1,2.3,7.9,0.2,6.4,1.8
新疆,乌鲁木齐,2026,6,2026-W06,1,中风险,4.6375,-1.6071,58.5743,2.91,1.4243,3,3.3,,13,2.2,8.6,0.2,5.1,1.7
新疆,乌鲁木齐,2026,7,2026-W07,1,中风险,3.8222,-1.1714,57.9986,1.7,2.0443,2.9,3.6,1,11,1.7,8,0.2,4.9,1.1
新疆,乌鲁木齐,2026,8,2026-W08,1,中风险,4.425,2.0171,51.1443,0.41,1.8586,4.9,4.8,,10.5,1.3,8,0,4.4,1.5
新疆,乌鲁木齐,2026,9,2026-W09,1,中风险,3.95,-3.6371,63.0557,4.07,2.0957,3,3,,11,2.3,6.6,0.2,4.1,1.4
新疆,乌鲁木齐,2026,10,2026-W10,1,中风险,3.6125,0.2929,61.5771,0.17,1.7186,2.8,2.8,,9.4,2.6,6.8,0.2,3.3,1
新疆,乌鲁木齐,2026,11,2026-W11,1,中风险,4.0556,0.5014,52.7629,14.28,2.4357,3,3,6,11.3,2.3,5.8,0.2,3.6,1.3
新疆,乌鲁木齐,2026,12,2026-W12,1,中风险,7.3556,5.4343,42.1186,0,2.0271,3.5,3.3,32,13.3,2.7,4.4,0.2,5.7,1.1
新疆,乌鲁木齐,2026,13,2026-W13,1,中风险,11.1667,7.8357,45.2943,10.85,2.0514,3.6,3.5,64,15.5,2.4,3.9,0.1,6.2,1.3
新疆,乌鲁木齐,2026,14,2026-W14,1,中风险,10.1778,14.2429,32.4443,0,1.8586,3.6,3.6,56,16.3,2,4,0.2,5,0.9
新疆,乌鲁木齐,2026,15,2026-W15,1,中风险,6.2333,16.0043,43.39,2.63,2.4714,3.6,3.7,23,15.3,1.8,2.6,0.3,5.5,0.3
新疆,乌鲁木齐,2026,16,2026-W16,1,中风险,5.3778,12.4014,45.2843,18,2.4971,3.5,3.7,18,13.4,1.3,2.6,0.2,4.9,0.8
新疆,乌鲁木齐,2026,17,2026-W17,1,中风险,5.8,15.4743,49.43,14.6,1.9729,3.7,3.9,20,14.8,1.3,2.3,0.2,5.3,0.7
新疆,乌鲁木齐,2026,18,2026-W18,1,中风险,5.7222,18.2886,31.5429,11.71,2.4557,3.3,4.1,22,13.3,1.5,1.7,0.1,4.9,0.6
新疆,乌鲁木齐,2026,19,2026-W19,1,中风险,3.9111,22.9429,22.0086,0.09,2.05,3.6,4.1,7,12.2,1.4,2,0.1,4.2,0.6
新疆,乌鲁木齐,2026,20,2026-W20,1,中风险,5.0333,12.0567,50.5017,28.94,2.4083,3.4,4.2,18,11.9,1.7,1.2,0.2,4,0.7
江苏,南京,2024,1,2024-W01,1,中风险,8.4,3.1857,80.8814,5.83,2.2243,7.1,9.7,,,,,,,
江苏,南京,2024,2,2024-W02,1,中风险,7.5,5.1171,80.5314,0,2.6114,6.3,8.7,,,,,,,
江苏,南京,2024,3,2024-W03,1,中风险,6.85,3.3071,86.23,34.52,3.5429,6,7.7,,,,,,,
江苏,南京,2024,4,2024-W04,1,中风险,6.1,-0.23,60.7886,0.08,2.2814,5.2,7,,,,,,,
江苏,南京,2024,5,2024-W05,1,中风险,5.7,3.1471,87.4457,79.05,3.38,5,6.4,,,,,,,
江苏,南京,2024,6,2024-W06,1,中风险,6.8,0.6157,84.6814,0.42,2.28,5.7,7.9,,,,,,,
江苏,南京,2024,7,2024-W07,1,中风险,6.65,10.1986,78.9071,7.97,2.7671,5.7,7.6,,,,,,,
江苏,南京,2024,8,2024-W08,1,中风险,5,0.0871,92.4214,75.5,3.8514,4.3,5.7,,,,,,,
江苏,南京,2024,9,2024-W09,1,中风险,4.1,2.8671,82.6957,14.32,2.4643,4.3,5,3,,,,,,
江苏,南京,2024,10,2024-W10,1,中风险,10.5333,7.2471,80.58,11,2.8157,4.1,5.5,22,,,,,,
江苏,南京,2024,11,2024-W11,1,中风险,10.8333,11.2886,79.2386,3.68,2.6814,4.1,5.4,23,,,,,,
江苏,南京,2024,12,2024-W12,1,中风险,6.3,13,78.1014,21.16,2.7043,3.9,5,10,,,,,,
江苏,南京,2024,13,2024-W13,1,中风险,6.8333,14.4086,83.4986,28.44,3.0257,3.8,4.7,12,,,,,,
江苏,南京,2024,14,2024-W14,1,中风险,4.5,15.12,82.7086,36.97,2.9329,3.8,4.7,5,,,,,,
江苏,南京,2024,15,2024-W15,1,中风险,3.9667,17.04,83.64,11.54,2.6286,3.6,4.3,4,,,,,,
江苏,南京,2024,16,2024-W16,1,中风险,4.3667,17.2757,81.3814,40.94,2.6043,3.5,4.6,5,,,,,,
江苏,南京,2024,17,2024-W17,1,中风险,5.4333,19.0043,79.82,19.78,2.4886,3.6,4.7,8,,,,,,
江苏,南京,2024,18,2024-W18,1,中风险,4.4,16.71,80.2871,36.42,2.9686,3.8,5,,,,,,,
江苏,南京,2024,19,2024-W19,1,中风险,4.5,20.1743,75.6886,39.63,2.59,3.6,4.9,5,,,,,,
江苏,南京,2024,20,2024-W20,1,中风险,7.3667,21.5,69.0429,1.04,2.4714,4,5.1,13,,,,,,
江苏,南京,2024,21,2024-W21,1,中风险,6.9,24.1314,79.8914,5.35,2.64,3.9,4.8,12,,,,,,
江苏,南京,2024,22,2024-W22,1,中风险,5.9667,21.0057,75.8671,60.72,2.3671,3.8,5.1,9,,,,,,
江苏,南京,2024,23,2024-W23,1,中风险,3.6,23.6886,71.5514,2.33,2.01,3.9,4.9,2,,,,,,
江苏,南京,2024,24,2024-W24,1,中风险,4.3667,27.9629,67.7671,0.16,1.8814,4,5.1,4,,,,,,
江苏,南京,2024,25,2024-W25,1,中风险,6.0333,27.2586,78.51,113.97,2.4157,3.9,5.2,9,,,,,,
江苏,南京,2024,26,2024-W26,1,中风险,4.3,25.1186,88.7886,160.4,2.4757,3.8,5.1,4,,,,,,
江苏,南京,2024,27,2024-W27,1,中风险,4.6333,28.6714,85.9514,23.37,3.4114,3.8,5.1,5,,,,,,
江苏,南京,2024,28,2024-W28,1,中风险,4.5,27.8357,88.2171,259.15,2.2129,4.1,4.9,,,,,,,
江苏,南京,2024,29,2024-W29,1,中风险,4.25,29.2529,87.4329,16.96,2.6414,3.8,4.7,,,,,,,
江苏,南京,2024,30,2024-W30,1,中风险,4.2,29.8329,85.7671,3.95,3.68,3.9,4.5,,,,,,,
江苏,南京,2024,31,2024-W31,1,中风险,4,31.1086,81.33,1.72,2.0143,3.8,4.2,,,,,,,
江苏,南京,2024,32,2024-W32,1,中风险,3.7,31.24,80.2043,3.36,1.3914,3.5,3.9,,,,,,,
江苏,南京,2024,33,2024-W33,1,中风险,3.6,29.0571,82.2186,35.11,1.9757,3.6,3.6,,,,,,,
江苏,南京,2024,34,2024-W34,1,中风险,3.4,29.1543,83.98,94.33,1.7986,3.6,3.2,,,,,,,
江苏,南京,2024,35,2024-W35,1,中风险,3.25,28.5314,82.75,3.02,1.8029,3.4,3.1,,,,,,,
江苏,南京,2024,36,2024-W36,1,中风险,3.3,28.4157,77.5729,0.29,2.6157,3.4,3.2,,,,,,,
江苏,南京,2024,37,2024-W37,1,中风险,4.9667,28.3457,83.2386,84.02,2.9314,3.4,3.5,8,,,,,,
江苏,南京,2024,38,2024-W38,1,中风险,3.1,25.5871,85.3143,122.9,4.6043,3.6,3.7,2,,,,,,
江苏,南京,2024,39,2024-W39,1,中风险,3.6333,22.4957,82.2771,5.66,2.1614,3.2,3.7,4,,,,,,
江苏,南京,2024,40,2024-W40,1,中风险,3.85,18.7614,78.33,21.76,3.08,3.6,4.1,,,,,,,
江苏,南京,2024,41,2024-W41,1,中风险,2.5,18.5271,78.0829,22.18,1.8543,3.2,3.3,1,,,,,,
江苏,南京,2024,42,2024-W42,1,中风险,5.7,19.4657,85.5486,29.6,3.1043,3.4,,8,,,,,,
江苏,南京,2024,43,2024-W43,1,中风险,5.15,15.7214,84.2886,28.48,2.93,3.3,,7,,,,,,
江苏,南京,2024,44,2024-W44,1,中风险,4.3,15.3257,82.6257,43.09,2.6529,3.5,3.4,6,,,,,,
江苏,南京,2024,45,2024-W45,1,中风险,4.4,13.6514,81.2471,1.08,2.5757,3.6,3.6,6,,,,,,
江苏,南京,2024,46,2024-W46,1,中风险,8.4,16.6814,85.8729,7.29,2.86,3.8,,13,,,,,,
江苏,南京,2024,47,2024-W47,1,中风险,12.05,9.8414,82.0257,1.06,2.5829,4.1,,20,,,,,,
江苏,南京,2024,48,2024-W48,1,中风险,12.9667,6.9171,69.5943,7.54,3.2114,4.4,3.5,31,,,,,,
江苏,南京,2024,49,2024-W49,1,中风险,16.0667,7.0457,80.2714,4.22,2.4286,4.6,3.6,40,,,,,,
江苏,南京,2024,50,2024-W50,1,中风险,41.1333,2.9914,75.0986,11.43,2.57,5.4,4,114,,,,,,
江苏,南京,2024,51,2024-W51,1,中风险,81.25,1.4429,72.2486,0,2.4429,6.5,,156,,,,,,
江苏,南京,2024,52,2024-W52,1,中风险,89.1,2.0943,71.2557,0,2.01,7.2,,171,,,,,,
江苏,南京,2025,1,2025-W01,1,中风险,53.2333,4.2471,74.4043,0.03,2.2457,7.5,7.2,145,,,,,,
江苏,南京,2025,2,2025-W02,1,中风险,43.7,1.3343,62.2129,0.02,2.3814,6.2,6.9,118,,,,,,
江苏,南京,2025,3,2025-W03,1,中风险,10.5333,4.2343,54.6457,0,2.0657,5.1,6.5,20,,,,,,
江苏,南京,2025,4,2025-W04,1,中风险,4.1667,6.2129,80.0171,4.9,3.2643,4.2,5.3,3,,,,,,
江苏,南京,2025,5,2025-W05,1,中风险,6.45,3.4271,70.2943,10.97,2.8543,5.5,7.4,,,,,,,
江苏,南京,2025,6,2025-W06,1,中风险,3.4667,0.5229,56.9457,0.27,2.7929,3.9,5.5,1,,,,,,
江苏,南京,2025,7,2025-W07,1,中风险,3.0333,5.3071,73.4114,2.98,2.4257,3.4,4.7,1,,,,,,
江苏,南京,2025,8,2025-W08,1,中风险,6.4667,5.4871,72.0929,2.4,2.9971,3.1,4.3,12,,,,,,
江苏,南京,2025,9,2025-W09,1,中风险,16.4333,11.0729,76.4086,7.43,2.6171,3.1,4.2,42,,,,,,
江苏,南京,2025,10,2025-W10,1,中风险,10.0333,6.39,76.9643,36.16,3.0486,3.2,3.9,23,,,,,,
江苏,南京,2025,11,2025-W11,1,中风险,6.7333,10.4871,78.3729,25.01,3.3986,3.2,4,13,,,,,,
江苏,南京,2025,12,2025-W12,1,中风险,3.8,11.4529,56.7557,0,2.8586,3.3,4.1,4,,,,,,
江苏,南京,2025,13,2025-W13,1,中风险,4.1667,14.69,65.6671,5.13,3.3457,3.4,4.1,5,,,,,,
江苏,南京,2025,14,2025-W14,1,中风险,3.4333,13.9529,59.0314,0.09,2.4557,3.4,3.9,3,,,,,,
江苏,南京,2025,15,2025-W15,1,中风险,3.55,19.3429,58.1243,11.78,3.43,3.2,3.9,,,,,,,
江苏,南京,2025,16,2025-W16,1,中风险,3.7,21.3486,56.1857,0.04,3.5743,3.3,4.1,,,,,,,
江苏,南京,2025,17,2025-W17,1,中风险,3.6,20.0957,61.1429,10.91,3.0443,3.3,3.9,,,,,,,
江苏,南京,2025,18,2025-W18,1,中风险,3.8,22.5,54.77,0.02,3.61,3.4,4.2,,,,,,,
江苏,南京,2025,19,2025-W19,1,中风险,3.6,20.7286,65.4443,40.7,4.05,3.1,4.1,,,,,,,
江苏,南京,2025,20,2025-W20,1,中风险,2.9333,24.0671,63.9229,16.85,2.7443,3.1,4.7,1,,,,,,
江苏,南京,2025,21,2025-W21,1,中风险,5.3,25.2814,67.5629,26.46,3.1229,3.2,4.7,8,,,,,,
江苏,南京,2025,22,2025-W22,1,中风险,3.9667,23.2043,66.7786,27.01,2.5586,3.1,4.8,4,,,,,,
江苏,南京,2025,23,2025-W23,1,中风险,3.2,25.4514,72.2043,93.13,2.4386,3.1,4.5,2,,,,,,
江苏,南京,2025,24,2025-W24,1,中风险,3.0667,24.8943,85.7757,32.08,2.5086,2.9,4.3,2,,,,,,
江苏,南京,2025,25,2025-W25,2,低风险,3.9444,26.1957,83.5114,90.08,3.3329,2.9,4.3,1,1.5,15.4,2.9,0.1,0.7,6.7
江苏,南京,2025,26,2025-W26,2,低风险,3.9778,25.9971,82.8014,40.69,1.8629,3,4.3,2,1.6,14,3,0.2,0.8,6.9
江苏,南京,2025,27,2025-W27,2,低风险,3.6889,31.2143,77.1386,0.96,1.5971,2.9,4.2,2,1.8,11.9,3.3,0.3,0.5,6.3
江苏,南京,2025,28,2025-W28,2,低风险,3.7778,28.8686,80.9929,43.23,3.1571,2.7,4,1,1.8,13.4,3.3,0.2,0.8,6.8
江苏,南京,2025,29,2025-W29,2,低风险,4.1625,30.07,74.8929,2.44,2.9143,2.6,3.8,,2.4,14,4.3,0.5,0.6,5.1
江苏,南京,2025,30,2025-W30,2,低风险,3.8625,30.5286,72.5029,6.13,4.1243,2.6,3.6,,2.2,13.5,3.4,0.6,0.7,4.3
江苏,南京,2025,31,2025-W31,2,低风险,3.9625,28.3786,82.9,136.77,3.8114,2.6,3.5,,2.3,13.6,3.8,0.6,0.9,4.4
江苏,南京,2025,32,2025-W32,2,低风险,3.4875,29.5657,83.0671,11.35,2.3914,2.5,3.5,,1.5,10.8,3.9,0.4,0.9,4.4
江苏,南京,2025,33,2025-W33,2,低风险,3.5111,28.5457,83.8829,91.01,2.1114,2.5,3.4,2,1.5,11.9,3.6,0.6,0.5,5.6
江苏,南京,2025,34,2025-W34,2,低风险,3.3375,30.8314,76.9243,3.27,1.6357,2.5,3.2,,1.9,10.5,3.2,0.5,0.6,4.3
江苏,南京,2025,35,2025-W35,2,低风险,3.1875,29.9186,77.2443,62.03,1.3929,2.5,3.1,,2.4,8.5,3.7,0.4,0.6,4.3
江苏,南京,2025,36,2025-W36,2,低风险,2.8444,28.2114,83.0029,55.8,1.5314,2.7,3.4,1,3.3,6.8,3.5,0.4,0.8,3.7
江苏,南京,2025,37,2025-W37,2,低风险,3.3875,25.2829,87.0171,45.58,2.4129,2.8,3.6,,3.6,6.8,5.6,0.4,1,3.3
江苏,南京,2025,38,2025-W38,1,中风险,4.2889,24.8171,82.9786,11.33,2.65,2.9,3.8,13,3.5,5.3,5.9,0.3,1.1,2.8
江苏,南京,2025,39,2025-W39,1,中风险,4.5667,24.6257,86.8871,45.29,2.3143,2.9,3.8,16,4.1,3.6,7.6,0.2,1,1.9
江苏,南京,2025,40,2025-W40,1,中风险,3.8,24.0614,83.7686,34.8,1.7043,3.3,4.4,11,3,3.2,5.7,0.3,1.2,2.1
江苏,南京,2025,41,2025-W41,1,中风险,2.9111,25.4186,83.8271,0.21,2.2086,2.8,4.1,4,3.5,2.3,6.7,0.3,1.1,1.4
江苏,南京,2025,42,2025-W42,1,中风险,8.4625,19.5929,86.6457,31.33,3.22,2.7,,49,5.8,1.8,5.6,0.5,1.3,1
江苏,南京,2025,43,2025-W43,1,中风险,21.2875,12.9857,79.1343,4.07,3.7657,3.6,,144,10.5,1.5,7,0.4,2.4,0.9
江苏,南京,2025,44,2025-W44,1,中风险,43.0889,14.7186,80.4729,3.4,2.4229,5.1,4.6,347,17.5,1.4,6.6,0.4,4.2,1
江苏,南京,2025,45,2025-W45,0,高风险,75.6222,14.2886,84.3757,34.5,2.77,6.1,5.5,621,29.8,1.1,6.1,0.5,9.8,0.7
江苏,南京,2025,46,2025-W46,0,高风险,127.3125,12.7429,79.4157,0.41,2.3986,7,,955,38.1,0.5,5,0.3,11.4,1.2
江苏,南京,2025,47,2025-W47,0,高风险,163.8,7.3971,63.2257,0.29,2.5257,8.6,,1234,44.8,0.6,4.3,0.6,16.4,1.1
江苏,南京,2025,48,2025-W48,0,高风险,203.2,8.8371,63.1743,0,2.7286,9.1,,1541,51.1,0.6,3.5,0.3,19,1
江苏,南京,2025,49,2025-W49,0,高风险,146.6111,6.8943,70.6171,0,2.58,7.9,11.1,1219,54.2,0.3,4,0.2,22.1,0.7
江苏,南京,2025,50,2025-W50,0,高风险,82.9111,7.3114,74.7814,4.32,3.3057,6.3,9.7,651,50.2,0.5,4.9,0.2,22.5,0.9
江苏,南京,2025,51,2025-W51,0,高风险,34.2625,7.1786,74.7914,1.95,2.7514,4.9,,201,41.9,0.7,6.1,0.4,18.6,0.5
江苏,南京,2025,52,2025-W52,1,中风险,17.9875,4.0829,73.2871,5.7,2.6471,4.2,,82,33.7,0.7,7.2,0.3,14.5,1.3
江苏,南京,2026,1,2026-W01,1,中风险,10.6444,3.1114,70.5971,5.74,2.9457,4.1,5.4,37,27.4,1.1,8.8,0.2,10.6,1.2
江苏,南京,2026,2,2026-W02,1,中风险,7.7889,2.0086,69.0857,0.02,2.7371,3.7,4.8,19,23.3,1.1,9.8,0.3,7.1,1
江苏,南京,2026,3,2026-W03,1,中风险,7.3222,8.2614,73.34,0.19,2.8757,3.5,4.7,18,21.3,0.9,9.3,0.3,6.9,1
江苏,南京,2026,4,2026-W04,1,中风险,5.9333,0.0786,72.2957,7.88,3.3371,3.4,4.3,8,18.8,1.5,8.3,0.2,7.7,1.2
江苏,南京,2026,5,2026-W05,1,中风险,5.2222,2.9629,80.3529,32.41,2.7986,3.3,4,4,17.1,2.3,7.9,0.2,6.4,1.8
江苏,南京,2026,6,2026-W06,1,中风险,4.6375,3.92,71.7929,5.55,2.7086,3,3.3,,13,2.2,8.6,0.2,5.1,1.7
江苏,南京,2026,7,2026-W07,1,中风险,3.8222,7.6743,70.7157,1.54,2.3071,2.9,3.6,1,11,1.7,8,0.2,4.9,1.1
江苏,南京,2026,8,2026-W08,1,中风险,4.425,7.94,67.6543,8.2,3.3043,4.9,4.8,,10.5,1.3,8,0,4.4,1.5
江苏,南京,2026,9,2026-W09,1,中风险,3.95,9.2571,82.4857,45.2,3.79,3,3,,11,2.3,6.6,0.2,4.1,1.4
江苏,南京,2026,10,2026-W10,1,中风险,3.6125,7.8214,78.2214,1.57,3.23,2.8,2.8,,9.4,2.6,6.8,0.2,3.3,1
江苏,南京,2026,11,2026-W11,1,中风险,4.0556,8.9971,71.5457,3.03,2.6971,3,3,6,11.3,2.3,5.8,0.2,3.6,1.3
江苏,南京,2026,12,2026-W12,1,中风险,7.3556,10.3114,81.8929,32.61,2.1443,3.5,3.3,32,13.3,2.7,4.4,0.2,5.7,1.1
江苏,南京,2026,13,2026-W13,1,中风险,11.1667,14.6143,74.7729,2.22,2.2429,3.6,3.5,64,15.5,2.4,3.9,0.1,6.2,1.3
江苏,南京,2026,14,2026-W14,1,中风险,10.1778,16.3257,78.0871,17.78,2.65,3.6,3.6,56,16.3,2,4,0.2,5,0.9
江苏,南京,2026,15,2026-W15,1,中风险,6.2333,17.0757,77.3114,23.15,3.7686,3.6,3.7,23,15.3,1.8,2.6,0.3,5.5,0.3
江苏,南京,2026,16,2026-W16,1,中风险,5.3778,17.2314,77.66,6.79,2.1586,3.5,3.7,18,13.4,1.3,2.6,0.2,4.9,0.8
江苏,南京,2026,17,2026-W17,1,中风险,5.8,16.1229,70.0914,16.76,2.7371,3.7,3.9,20,14.8,1.3,2.3,0.2,5.3,0.7
江苏,南京,2026,18,2026-W18,1,中风险,5.7222,16.8671,74.2986,36.94,2.5743,3.3,4.1,22,13.3,1.5,1.7,0.1,4.9,0.6
江苏,南京,2026,19,2026-W19,1,中风险,3.9111,20.2086,65.2686,2.2,2.1557,3.6,4.1,7,12.2,1.4,2,0.1,4.2,0.6
江苏,南京,2026,20,2026-W20,1,中风险,5.0333,24.505,71.79,3.49,2.8567,3.4,4.2,18,11.9,1.7,1.2,0.2,4,0.7
江西,南昌,2024,1,2024-W01,1,中风险,8.4,7.8957,76.3214,6.55,2.14,7.1,9.7,,,,,,,
江西,南昌,2024,2,2024-W02,1,中风险,7.5,9.5871,78.9386,11.14,1.5614,6.3,8.7,,,,,,,
江西,南昌,2024,3,2024-W03,1,中风险,6.85,7.6929,83.6986,47.13,3.3114,6,7.7,,,,,,,
江西,南昌,2024,4,2024-W04,1,中风险,6.1,1.2843,70.44,19.05,2.3057,5.2,7,,,,,,,
江西,南昌,2024,5,2024-W05,1,中风险,5.7,6.7186,86.6971,82.29,2.7457,5,6.4,,,,,,,
江西,南昌,2024,6,2024-W06,1,中风险,6.8,2.0843,84.8071,46.14,2.2357,5.7,7.9,,,,,,,
江西,南昌,2024,7,2024-W07,1,中风险,6.65,13.7543,76.9443,9.96,2.9271,5.7,7.6,,,,,,,
江西,南昌,2024,8,2024-W08,1,中风险,5,6.9957,83.4171,69.54,3.5843,4.3,5.7,,,,,,,
江西,南昌,2024,9,2024-W09,1,中风险,4.1,5.4986,85.5,44.17,2.3157,4.3,5,3,,,,,,
江西,南昌,2024,10,2024-W10,1,中风险,10.5333,11.0343,81.35,11.82,2.3457,4.1,5.5,22,,,,,,
江西,南昌,2024,11,2024-W11,1,中风险,10.8333,15.5614,81.73,25.21,1.5,4.1,5.4,23,,,,,,
江西,南昌,2024,12,2024-W12,1,中风险,6.3,16.5886,77.0729,21.84,3.3757,3.9,5,10,,,,,,
江西,南昌,2024,13,2024-W13,1,中风险,6.8333,18.7486,80.2129,93.57,2.6629,3.8,4.7,12,,,,,,
江西,南昌,2024,14,2024-W14,1,中风险,4.5,18.4529,86.6329,119.99,3.1729,3.8,4.7,5,,,,,,
江西,南昌,2024,15,2024-W15,1,中风险,3.9667,20.1971,85.02,49.27,1.8043,3.6,4.3,4,,,,,,
江西,南昌,2024,16,2024-W16,1,中风险,4.3667,21.6843,89.5786,76.13,2.1986,3.5,4.6,5,,,,,,
江西,南昌,2024,17,2024-W17,1,中风险,5.4333,22.2086,84.5257,39.6,1.4729,3.6,4.7,8,,,,,,
江西,南昌,2024,18,2024-W18,1,中风险,4.4,19.95,86.7971,129.83,2.5486,3.8,5,,,,,,,
江西,南昌,2024,19,2024-W19,1,中风险,4.5,22.6129,81.8714,13.22,2.1186,3.6,4.9,5,,,,,,
江西,南昌,2024,20,2024-W20,1,中风险,7.3667,23.4886,72.7771,0.87,1.7929,4,5.1,13,,,,,,
江西,南昌,2024,21,2024-W21,1,中风险,6.9,25.3314,83.3329,17.54,1.8643,3.9,4.8,12,,,,,,
江西,南昌,2024,22,2024-W22,1,中风险,5.9667,23.2443,83.7043,55.92,2.9129,3.8,5.1,9,,,,,,
江西,南昌,2024,23,2024-W23,1,中风险,3.6,22.9771,79.4129,30.96,1.5129,3.9,4.9,2,,,,,,
江西,南昌,2024,24,2024-W24,1,中风险,4.3667,27.9071,85.7457,121.15,1.6271,4,5.1,4,,,,,,
江西,南昌,2024,25,2024-W25,1,中风险,6.0333,27.34,88.8271,96.56,2.7543,3.9,5.2,9,,,,,,
江西,南昌,2024,26,2024-W26,1,中风险,4.3,25.9371,92.4314,311.48,2.3857,3.8,5.1,4,,,,,,
江西,南昌,2024,27,2024-W27,1,中风险,4.6333,28.38,88.3014,115.62,3.08,3.8,5.1,5,,,,,,
江西,南昌,2024,28,2024-W28,1,中风险,4.5,29.1671,85.4,2.8,2.6529,4.1,4.9,,,,,,,
江西,南昌,2024,29,2024-W29,1,中风险,4.25,29.3243,84.0043,0.01,2.5086,3.8,4.7,,,,,,,
江西,南昌,2024,30,2024-W30,1,中风险,4.2,30.0114,82.6986,98.54,3.0586,3.9,4.5,,,,,,,
江西,南昌,2024,31,2024-W31,1,中风险,4,29.7057,82.16,0.25,2.2271,3.8,4.2,,,,,,,
江西,南昌,2024,32,2024-W32,1,中风险,3.7,30.5871,80.5986,26.62,1.4686,3.5,3.9,,,,,,,
江西,南昌,2024,33,2024-W33,1,中风险,3.6,28.3214,85.51,51.08,1.2043,3.6,3.6,,,,,,,
江西,南昌,2024,34,2024-W34,1,中风险,3.4,29.5014,82.3971,9.52,1.2943,3.6,3.2,,,,,,,
江西,南昌,2024,35,2024-W35,1,中风险,3.25,29.3743,80.5971,7.7,1.31,3.4,3.1,,,,,,,
江西,南昌,2024,36,2024-W36,1,中风险,3.3,30.0443,82.7914,11.23,2.05,3.4,3.2,,,,,,,
江西,南昌,2024,37,2024-W37,1,中风险,4.9667,28.0929,82.4386,7.65,2.1757,3.4,3.5,8,,,,,,
江西,南昌,2024,38,2024-W38,1,中风险,3.1,27.1557,78.1614,20.73,3.2043,3.6,3.7,2,,,,,,
江西,南昌,2024,39,2024-W39,1,中风险,3.6333,24.8514,73.2486,0.5,1.7571,3.2,3.7,4,,,,,,
江西,南昌,2024,40,2024-W40,1,中风险,3.85,21.6871,64.9414,0.14,3.91,3.6,4.1,,,,,,,
江西,南昌,2024,41,2024-W41,1,中风险,2.5,21.3786,71.0114,5.99,2.27,3.2,3.3,1,,,,,,
江西,南昌,2024,42,2024-W42,1,中风险,5.7,22.2471,80.2386,27.32,2.72,3.4,,8,,,,,,
江西,南昌,2024,43,2024-W43,1,中风险,5.15,18.26,74.0043,10.41,3.7571,3.3,,7,,,,,,
江西,南昌,2024,44,2024-W44,1,中风险,4.3,18.01,73.5686,10.14,3.2729,3.5,3.4,6,,,,,,
江西,南昌,2024,45,2024-W45,1,中风险,4.4,17.3386,71.6171,2.28,2.9757,3.6,3.6,6,,,,,,
江西,南昌,2024,46,2024-W46,1,中风险,8.4,19.7886,81.4857,28.03,2.7557,3.8,,13,,,,,,
江西,南昌,2024,47,2024-W47,1,中风险,12.05,13.1757,79.1771,4.1,2.93,4.1,,20,,,,,,
江西,南昌,2024,48,2024-W48,1,中风险,12.9667,10.6943,57.9143,13.58,1.9343,4.4,3.5,31,,,,,,
江西,南昌,2024,49,2024-W49,1,中风险,16.0667,11.5886,72.4957,3.3,2.8443,4.6,3.6,40,,,,,,
江西,南昌,2024,50,2024-W50,1,中风险,41.1333,6.2771,69.17,5.48,2.4929,5.4,4,114,,,,,,
江西,南昌,2024,51,2024-W51,1,中风险,81.25,4.6329,58.3057,0,2.5243,6.5,,156,,,,,,
江西,南昌,2024,52,2024-W52,1,中风险,89.1,6.1457,66.4586,0,2.3257,7.2,,171,,,,,,
江西,南昌,2025,1,2025-W01,1,中风险,53.2333,7.7157,63.3129,0,1.9357,7.5,7.2,145,,,,,,
江西,南昌,2025,2,2025-W02,1,中风险,43.7,5.6286,54.7729,0,2.5914,6.2,6.9,118,,,,,,
江西,南昌,2025,3,2025-W03,1,中风险,10.5333,7.8729,51.0129,0,1.7986,5.1,6.5,20,,,,,,
江西,南昌,2025,4,2025-W04,1,中风险,4.1667,11.0629,67.5943,28.09,2.6357,4.2,5.3,3,,,,,,
江西,南昌,2025,5,2025-W05,1,中风险,6.45,7.9957,66.3286,22.56,2.4757,5.5,7.4,,,,,,,
江西,南昌,2025,6,2025-W06,1,中风险,3.4667,5.2671,56.8629,0.68,2.9543,3.9,5.5,1,,,,,,
江西,南昌,2025,7,2025-W07,1,中风险,3.0333,8.9486,68.61,22.53,2.0014,3.4,4.7,1,,,,,,
江西,南昌,2025,8,2025-W08,1,中风险,6.4667,8.0157,82.6329,54.97,3.0457,3.1,4.3,12,,,,,,
江西,南昌,2025,9,2025-W09,1,中风险,16.4333,14.1386,78.7629,6.57,2.6314,3.1,4.2,42,,,,,,
江西,南昌,2025,10,2025-W10,1,中风险,10.0333,8.6829,75.5643,34.22,3.2286,3.2,3.9,23,,,,,,
江西,南昌,2025,11,2025-W11,1,中风险,6.7333,13.6286,84.6771,73.92,2.4871,3.2,4,13,,,,,,
江西,南昌,2025,12,2025-W12,1,中风险,3.8,14.9843,53.9929,0,1.67,3.3,4.1,4,,,,,,
江西,南昌,2025,13,2025-W13,1,中风险,4.1667,16.2386,72.3271,38.61,3.7843,3.4,4.1,5,,,,,,
江西,南昌,2025,14,2025-W14,1,中风险,3.4333,15.9243,62.1686,0.1,1.5186,3.4,3.9,3,,,,,,
江西,南昌,2025,15,2025-W15,1,中风险,3.55,20.7429,69.78,49.26,2.5229,3.2,3.9,,,,,,,
江西,南昌,2025,16,2025-W16,1,中风险,3.7,21.4757,73.5357,53.78,2.3486,3.3,4.1,,,,,,,
江西,南昌,2025,17,2025-W17,1,中风险,3.6,21.3314,82.1943,102.62,2.5271,3.3,3.9,,,,,,,
江西,南昌,2025,18,2025-W18,1,中风险,3.8,23.4614,73.5014,18.78,1.7914,3.4,4.2,,,,,,,
江西,南昌,2025,19,2025-W19,1,中风险,3.6,22.56,73.53,72.59,2.3443,3.1,4.1,,,,,,,
江西,南昌,2025,20,2025-W20,1,中风险,2.9333,24.2671,75.4486,57.21,1.9686,3.1,4.7,1,,,,,,
江西,南昌,2025,21,2025-W21,1,中风险,5.3,24.4614,83.5286,122.3,2.7129,3.2,4.7,8,,,,,,
江西,南昌,2025,22,2025-W22,1,中风险,3.9667,23.4971,81.8457,61.83,2.0414,3.1,4.8,4,,,,,,
江西,南昌,2025,23,2025-W23,1,中风险,3.2,26.6686,79.1571,23.27,2.0514,3.1,4.5,2,,,,,,
江西,南昌,2025,24,2025-W24,1,中风险,3.0667,26.5714,85.3714,116.31,1.7471,2.9,4.3,2,,,,,,
江西,南昌,2025,25,2025-W25,2,低风险,3.9444,27.2214,85.0571,100.37,3.0929,2.9,4.3,1,1.5,15.4,2.9,0.1,0.7,6.7
江西,南昌,2025,26,2025-W26,2,低风险,3.9778,26.98,86.4357,66.2,1.7514,3,4.3,2,1.6,14,3,0.2,0.8,6.9
江西,南昌,2025,27,2025-W27,2,低风险,3.6889,30.17,77.2157,1.35,1.3671,2.9,4.2,2,1.8,11.9,3.3,0.3,0.5,6.3
江西,南昌,2025,28,2025-W28,2,低风险,3.7778,29.4029,80.9343,21.87,2.2286,2.7,4,1,1.8,13.4,3.3,0.2,0.8,6.8
江西,南昌,2025,29,2025-W29,2,低风险,4.1625,30.3229,81.9371,5.1,2.3143,2.6,3.8,,2.4,14,4.3,0.5,0.6,5.1
江西,南昌,2025,30,2025-W30,2,低风险,3.8625,28.6086,85.3071,38.15,2.31,2.6,3.6,,2.2,13.5,3.4,0.6,0.7,4.3
江西,南昌,2025,31,2025-W31,2,低风险,3.9625,29.64,79.1343,5.4,1.8943,2.6,3.5,,2.3,13.6,3.8,0.6,0.9,4.4
江西,南昌,2025,32,2025-W32,2,低风险,3.4875,29.4443,78.4786,16.67,2.8443,2.5,3.5,,1.5,10.8,3.9,0.4,0.9,4.4
江西,南昌,2025,33,2025-W33,2,低风险,3.5111,30.8543,70.1729,2.17,1.6786,2.5,3.4,2,1.5,11.9,3.6,0.6,0.5,5.6
江西,南昌,2025,34,2025-W34,2,低风险,3.3375,30.5771,69.46,9.59,2.2686,2.5,3.2,,1.9,10.5,3.2,0.5,0.6,4.3
江西,南昌,2025,35,2025-W35,2,低风险,3.1875,31.5214,65.0643,6.59,1.0886,2.5,3.1,,2.4,8.5,3.7,0.4,0.6,4.3
江西,南昌,2025,36,2025-W36,2,低风险,2.8444,30.32,73.2514,33.09,1.22,2.7,3.4,1,3.3,6.8,3.5,0.4,0.8,3.7
江西,南昌,2025,37,2025-W37,2,低风险,3.3875,29.4457,77.6457,33.42,1.4543,2.8,3.6,,3.6,6.8,5.6,0.4,1,3.3
江西,南昌,2025,38,2025-W38,1,中风险,4.2889,28.2143,74.5643,14.28,2.5357,2.9,3.8,13,3.5,5.3,5.9,0.3,1.1,2.8
江西,南昌,2025,39,2025-W39,1,中风险,4.5667,27.5143,77.7914,9.43,2.9557,2.9,3.8,16,4.1,3.6,7.6,0.2,1,1.9
江西,南昌,2025,40,2025-W40,1,中风险,3.8,29.2,72.32,1.45,1.58,3.3,4.4,11,3,3.2,5.7,0.3,1.2,2.1
江西,南昌,2025,41,2025-W41,1,中风险,2.9111,30.1414,68.8371,0.64,1.9486,2.8,4.1,4,3.5,2.3,6.7,0.3,1.1,1.4
江西,南昌,2025,42,2025-W42,1,中风险,8.4625,24.38,75.3557,9.14,3.1,2.7,,49,5.8,1.8,5.6,0.5,1.3,1
江西,南昌,2025,43,2025-W43,1,中风险,21.2875,15.8714,67.4529,2.34,4.5671,3.6,,144,10.5,1.5,7,0.4,2.4,0.9
江西,南昌,2025,44,2025-W44,1,中风险,43.0889,18.0586,72.28,5.07,2.3257,5.1,4.6,347,17.5,1.4,6.6,0.4,4.2,1
江西,南昌,2025,45,2025-W45,0,高风险,75.6222,17.6829,81.3071,51.7,2.2343,6.1,5.5,621,29.8,1.1,6.1,0.5,9.8,0.7
江西,南昌,2025,46,2025-W46,0,高风险,127.3125,16.5971,67.5157,0.92,3.1071,7,,955,38.1,0.5,5,0.3,11.4,1.2
江西,南昌,2025,47,2025-W47,0,高风险,163.8,10.3086,58.2543,0.32,2.7514,8.6,,1234,44.8,0.6,4.3,0.6,16.4,1.1
江西,南昌,2025,48,2025-W48,0,高风险,203.2,11.9157,50.06,0.01,2.0571,9.1,,1541,51.1,0.6,3.5,0.3,19,1
江西,南昌,2025,49,2025-W49,0,高风险,146.6111,11.4243,61.5457,0,2.3257,7.9,11.1,1219,54.2,0.3,4,0.2,22.1,0.7
江西,南昌,2025,50,2025-W50,0,高风险,82.9111,11.7671,68.46,6.55,2.4957,6.3,9.7,651,50.2,0.5,4.9,0.2,22.5,0.9
江西,南昌,2025,51,2025-W51,0,高风险,34.2625,12.1786,64.0629,0.2,2.42,4.9,,201,41.9,0.7,6.1,0.4,18.6,0.5
江西,南昌,2025,52,2025-W52,1,中风险,17.9875,7.6129,68.1471,13.9,2.3671,4.2,,82,33.7,0.7,7.2,0.3,14.5,1.3
江西,南昌,2026,1,2026-W01,1,中风险,10.6444,6.8214,68.7257,14.88,2.8043,4.1,5.4,37,27.4,1.1,8.8,0.2,10.6,1.2
江西,南昌,2026,2,2026-W02,1,中风险,7.7889,6.3371,57.8429,0.06,1.9886,3.7,4.8,19,23.3,1.1,9.8,0.3,7.1,1
江西,南昌,2026,3,2026-W03,1,中风险,7.3222,12.5786,66.2357,7.77,1.5129,3.5,4.7,18,21.3,0.9,9.3,0.3,6.9,1
江西,南昌,2026,4,2026-W04,1,中风险,5.9333,4.5143,69.3457,5.84,3.3129,3.4,4.3,8,18.8,1.5,8.3,0.2,7.7,1.2
江西,南昌,2026,5,2026-W05,1,中风险,5.2222,6.4457,80.5586,8.26,2.5886,3.3,4,4,17.1,2.3,7.9,0.2,6.4,1.8
江西,南昌,2026,6,2026-W06,1,中风险,4.6375,8.3957,72.9414,9.61,2.78,3,3.3,,13,2.2,8.6,0.2,5.1,1.7
江西,南昌,2026,7,2026-W07,1,中风险,3.8222,10.8329,74.1629,13.97,1.5871,2.9,3.6,1,11,1.7,8,0.2,4.9,1.1
江西,南昌,2026,8,2026-W08,1,中风险,4.425,9.4343,76.32,16.07,2.7543,4.9,4.8,,10.5,1.3,8,0,4.4,1.5
江西,南昌,2026,9,2026-W09,1,中风险,3.95,13.99,85.1529,115.31,2.3314,3,3,,11,2.3,6.6,0.2,4.1,1.4
江西,南昌,2026,10,2026-W10,1,中风险,3.6125,11.1071,78.2443,10.92,3.3143,2.8,2.8,,9.4,2.6,6.8,0.2,3.3,1
江西,南昌,2026,11,2026-W11,1,中风险,4.0556,12.9486,68.7786,4.56,2.89,3,3,6,11.3,2.3,5.8,0.2,3.6,1.3
江西,南昌,2026,12,2026-W12,1,中风险,7.3556,13.4429,82.62,57.58,2.0786,3.5,3.3,32,13.3,2.7,4.4,0.2,5.7,1.1
江西,南昌,2026,13,2026-W13,1,中风险,11.1667,16.8171,85.0771,89.19,1.7457,3.6,3.5,64,15.5,2.4,3.9,0.1,6.2,1.3
江西,南昌,2026,14,2026-W14,1,中风险,10.1778,17.3171,82.8371,67.37,2.2086,3.6,3.6,56,16.3,2,4,0.2,5,0.9
江西,南昌,2026,15,2026-W15,1,中风险,6.2333,22.1971,84.5486,79.54,3.2929,3.6,3.7,23,15.3,1.8,2.6,0.3,5.5,0.3
江西,南昌,2026,16,2026-W16,1,中风险,5.3778,20.6443,82.7886,33.98,1.8071,3.5,3.7,18,13.4,1.3,2.6,0.2,4.9,0.8
江西,南昌,2026,17,2026-W17,1,中风险,5.8,18.9257,78.5486,52.65,2.12,3.7,3.9,20,14.8,1.3,2.3,0.2,5.3,0.7
江西,南昌,2026,18,2026-W18,1,中风险,5.7222,18.9457,78.9114,63.61,2.4957,3.3,4.1,22,13.3,1.5,1.7,0.1,4.9,0.6
江西,南昌,2026,19,2026-W19,1,中风险,3.9111,20.2471,81.8643,13.51,1.5286,3.6,4.1,7,12.2,1.4,2,0.1,4.2,0.6
江西,南昌,2026,20,2026-W20,1,中风险,5.0333,23.0083,88.1783,25.26,1.3467,3.4,4.2,18,11.9,1.7,1.2,0.2,4,0.7
河北,石家庄,2024,1,2024-W01,1,中风险,8.4,-0.5771,54.2357,0.1,1.9343,7.1,9.7,,,,,,,
河北,石家庄,2024,2,2024-W02,1,中风险,7.5,0.15,61.9586,0.1,1.5129,6.3,8.7,,,,,,,
河北,石家庄,2024,3,2024-W03,1,中风险,6.85,-2.4686,66.9729,4.18,1.5057,6,7.7,,,,,,,
河北,石家庄,2024,4,2024-W04,1,中风险,6.1,-3.9743,47.9229,0,1.8829,5.2,7,,,,,,,
河北,石家庄,2024,5,2024-W05,1,中风险,5.7,-3.4143,63.44,1.81,1.3971,5,6.4,,,,,,,
河北,石家庄,2024,6,2024-W06,1,中风险,6.8,0.0957,57.8743,0.18,1.5786,5.7,7.9,,,,,,,
河北,石家庄,2024,7,2024-W07,1,中风险,6.65,5.5329,62.0257,0.18,1.76,5.7,7.6,,,,,,,
河北,石家庄,2024,8,2024-W08,1,中风险,5,-2.7829,62.07,17.34,1.8971,4.3,5.7,,,,,,,
河北,石家庄,2024,9,2024-W09,1,中风险,4.1,1.6571,56.3429,0.04,1.8357,4.3,5,3,,,,,,
河北,石家庄,2024,10,2024-W10,1,中风险,10.5333,4.0957,56.6329,2.06,1.9643,4.1,5.5,22,,,,,,
河北,石家庄,2024,11,2024-W11,1,中风险,10.8333,10.7314,43.4014,0.05,2.35,4.1,5.4,23,,,,,,
河北,石家庄,2024,12,2024-W12,1,中风险,6.3,10.8971,44.6086,9.91,2.6629,3.9,5,10,,,,,,
河北,石家庄,2024,13,2024-W13,1,中风险,6.8333,14.2814,45.06,1.26,1.9786,3.8,4.7,12,,,,,,
河北,石家庄,2024,14,2024-W14,1,中风险,4.5,14.1286,54.1171,1.83,2.1243,3.8,4.7,5,,,,,,
河北,石家庄,2024,15,2024-W15,1,中风险,3.9667,17.5829,58.0343,10.01,2.4386,3.6,4.3,4,,,,,,
河北,石家庄,2024,16,2024-W16,1,中风险,4.3667,18.4557,44.8614,2.42,2.0171,3.5,4.6,5,,,,,,
河北,石家庄,2024,17,2024-W17,1,中风险,5.4333,20.7614,46.5571,15.5,2.6671,3.6,4.7,8,,,,,,
河北,石家庄,2024,18,2024-W18,1,中风险,4.4,17.7529,47.4771,1.99,1.7329,3.8,5,,,,,,,
河北,石家庄,2024,19,2024-W19,1,中风险,4.5,22.6357,40.8543,9.79,2.2786,3.6,4.9,5,,,,,,
河北,石家庄,2024,20,2024-W20,1,中风险,7.3667,25.1271,34.7371,22.68,2.6786,4,5.1,13,,,,,,
河北,石家庄,2024,21,2024-W21,1,中风险,6.9,22.4286,60.5071,23.41,2.1029,3.9,4.8,12,,,,,,
河北,石家庄,2024,22,2024-W22,1,中风险,5.9667,25.6357,41.6643,0.3,2.0286,3.8,5.1,9,,,,,,
河北,石家庄,2024,23,2024-W23,1,中风险,3.6,25.52,50.4771,8.3,1.62,3.9,4.9,2,,,,,,
河北,石家庄,2024,24,2024-W24,1,中风险,4.3667,31.4657,34.0271,1.47,2.0729,4,5.1,4,,,,,,
河北,石家庄,2024,25,2024-W25,1,中风险,6.0333,30.9114,36.5971,2.24,2.2771,3.9,5.2,9,,,,,,
河北,石家庄,2024,26,2024-W26,1,中风险,4.3,30.5757,33.8857,4.14,2.1286,3.8,5.1,4,,,,,,
河北,石家庄,2024,27,2024-W27,1,中风险,4.6333,25.9171,69.1857,72.09,1.78,3.8,5.1,5,,,,,,
河北,石家庄,2024,28,2024-W28,1,中风险,4.5,28.2457,65.3243,5.98,1.6786,4.1,4.9,,,,,,,
河北,石家庄,2024,29,2024-W29,1,中风险,4.25,29.8914,59.2171,17.26,1.71,3.8,4.7,,,,,,,
河北,石家庄,2024,30,2024-W30,1,中风险,4.2,31.2357,65.9329,28.26,1.62,3.9,4.5,,,,,,,
河北,石家庄,2024,31,2024-W31,1,中风险,4,30.7,67.6371,60.99,1.7543,3.8,4.2,,,,,,,
河北,石家庄,2024,32,2024-W32,1,中风险,3.7,28.1686,69.9971,123.19,1.8486,3.5,3.9,,,,,,,
河北,石家庄,2024,33,2024-W33,1,中风险,3.6,26.27,79.1929,82.15,1.28,3.6,3.6,,,,,,,
河北,石家庄,2024,34,2024-W34,1,中风险,3.4,26.5029,80.2271,73.13,1.2157,3.6,3.2,,,,,,,
河北,石家庄,2024,35,2024-W35,1,中风险,3.25,24.61,77.2186,40.73,1.7557,3.4,3.1,,,,,,,
河北,石家庄,2024,36,2024-W36,1,中风险,3.3,23.1371,77.76,10.78,1.72,3.4,3.2,,,,,,,
河北,石家庄,2024,37,2024-W37,1,中风险,4.9667,21.5514,74.0643,23.17,1.5557,3.4,3.5,8,,,,,,
河北,石家庄,2024,38,2024-W38,1,中风险,3.1,20.2171,77.4057,14.3,1.5729,3.6,3.7,2,,,,,,
河北,石家庄,2024,39,2024-W39,1,中风险,3.6333,19.0614,79.73,13.1,1.4657,3.2,3.7,4,,,,,,
河北,石家庄,2024,40,2024-W40,1,中风险,3.85,14.6057,65.02,29.96,1.7243,3.6,4.1,,,,,,,
河北,石家庄,2024,41,2024-W41,1,中风险,2.5,16.2114,67.8257,2.12,1.2786,3.2,3.3,1,,,,,,
河北,石家庄,2024,42,2024-W42,1,中风险,5.7,13.13,75.4057,22.88,1.6071,3.4,,8,,,,,,
河北,石家庄,2024,43,2024-W43,1,中风险,5.15,12.0543,70.0743,0.54,1.4029,3.3,,7,,,,,,
河北,石家庄,2024,44,2024-W44,1,中风险,4.3,12.8357,72.5443,3.41,1.3914,3.5,3.4,6,,,,,,
河北,石家庄,2024,45,2024-W45,1,中风险,4.4,9.6129,71.5343,0,1.1471,3.6,3.6,6,,,,,,
河北,石家庄,2024,46,2024-W46,1,中风险,8.4,10.3143,77.2629,11.57,1.1986,3.8,,13,,,,,,
河北,石家庄,2024,47,2024-W47,1,中风险,12.05,6.2186,67.2729,0.9,1.2971,4.1,,20,,,,,,
河北,石家庄,2024,48,2024-W48,1,中风险,12.9667,3.8586,54.0771,5.68,3.0957,4.4,3.5,31,,,,,,
河北,石家庄,2024,49,2024-W49,1,中风险,16.0667,1.4257,55.0271,0.17,1.7729,4.6,3.6,40,,,,,,
河北,石家庄,2024,50,2024-W50,1,中风险,41.1333,-0.0886,56.6129,0.89,1.9557,5.4,4,114,,,,,,
河北,石家庄,2024,51,2024-W51,1,中风险,81.25,-1.71,57.2614,0.12,1.8271,6.5,,156,,,,,,
河北,石家庄,2024,52,2024-W52,1,中风险,89.1,-0.7029,50.9143,0,2.0814,7.2,,171,,,,,,
河北,石家庄,2025,1,2025-W01,1,中风险,53.2333,0.1929,53.8029,0.02,2.1443,7.5,7.2,145,,,,,,
河北,石家庄,2025,2,2025-W02,1,中风险,43.7,-1.6557,51.1386,0.67,2.05,6.2,6.9,118,,,,,,
河北,石家庄,2025,3,2025-W03,1,中风险,10.5333,0.3357,48.4114,0.31,2.2629,5.1,6.5,20,,,,,,
河北,石家庄,2025,4,2025-W04,1,中风险,4.1667,0.6729,61.4114,3.13,2.0043,4.2,5.3,3,,,,,,
河北,石家庄,2025,5,2025-W05,1,中风险,6.45,-3.4943,64.3486,1.15,2.0557,5.5,7.4,,,,,,,
河北,石家庄,2025,6,2025-W06,1,中风险,3.4667,-4.3614,42.91,0.18,2.6143,3.9,5.5,1,,,,,,
河北,石家庄,2025,7,2025-W07,1,中风险,3.0333,2.2043,49.0414,0.3,2.2029,3.4,4.7,1,,,,,,
河北,石家庄,2025,8,2025-W08,1,中风险,6.4667,-0.4586,54.1157,1.19,1.5871,3.1,4.3,12,,,,,,
河北,石家庄,2025,9,2025-W09,1,中风险,16.4333,5.6329,53.4271,11.33,2.0771,3.1,4.2,42,,,,,,
河北,石家庄,2025,10,2025-W10,1,中风险,10.0333,4.4343,58.4129,1.37,1.5243,3.2,3.9,23,,,,,,
河北,石家庄,2025,11,2025-W11,1,中风险,6.7333,7.97,54.6371,1.11,2.5186,3.2,4,13,,,,,,
河北,石家庄,2025,12,2025-W12,1,中风险,3.8,12.0071,33.4243,0.01,3.59,3.3,4.1,4,,,,,,
河北,石家庄,2025,13,2025-W13,1,中风险,4.1667,10.2671,37.5429,0.42,2.83,3.4,4.1,5,,,,,,
河北,石家庄,2025,14,2025-W14,1,中风险,3.4333,13.4057,33.4714,0,2.6029,3.4,3.9,3,,,,,,
河北,石家庄,2025,15,2025-W15,1,中风险,3.55,14.99,37.5886,1.45,3.49,3.2,3.9,,,,,,,
河北,石家庄,2025,16,2025-W16,1,中风险,3.7,19.8743,39.8686,6.7,3.2171,3.3,4.1,,,,,,,
河北,石家庄,2025,17,2025-W17,1,中风险,3.6,19.96,35.0243,1.33,2.47,3.3,3.9,,,,,,,
河北,石家庄,2025,18,2025-W18,1,中风险,3.8,20.4086,26.5457,3.31,2.6629,3.4,4.2,,,,,,,
河北,石家庄,2025,19,2025-W19,1,中风险,3.6,18.99,49.5429,43.05,2.6657,3.1,4.1,,,,,,,
河北,石家庄,2025,20,2025-W20,1,中风险,2.9333,24.8043,36.4571,0.12,2.6857,3.1,4.7,1,,,,,,
河北,石家庄,2025,21,2025-W21,1,中风险,5.3,23.5014,45.4386,5.98,2.2843,3.2,4.7,8,,,,,,
河北,石家庄,2025,22,2025-W22,1,中风险,3.9667,24.7471,45.6043,5.25,1.9686,3.1,4.8,4,,,,,,
河北,石家庄,2025,23,2025-W23,1,中风险,3.2,28.3086,31.7,0.54,2.2243,3.1,4.5,2,,,,,,
河北,石家庄,2025,24,2025-W24,1,中风险,3.0667,28.7,40.6143,31.4,2.9829,2.9,4.3,2,,,,,,
河北,石家庄,2025,25,2025-W25,2,低风险,3.9444,28.4314,48.1343,2.33,2.11,2.9,4.3,1,1.5,15.4,2.9,0.1,0.7,6.7
河北,石家庄,2025,26,2025-W26,2,低风险,3.9778,27.7429,54.0071,26.31,1.6129,3,4.3,2,1.6,14,3,0.2,0.8,6.9
河北,石家庄,2025,27,2025-W27,2,低风险,3.6889,29.2657,69.6414,82.01,1.6671,2.9,4.2,2,1.8,11.9,3.3,0.3,0.5,6.3
河北,石家庄,2025,28,2025-W28,2,低风险,3.7778,28.5557,73.8243,63.93,1.1571,2.7,4,1,1.8,13.4,3.3,0.2,0.8,6.8
河北,石家庄,2025,29,2025-W29,2,低风险,4.1625,28.9114,67.2414,23.33,1.3986,2.6,3.8,,2.4,14,4.3,0.5,0.6,5.1
河北,石家庄,2025,30,2025-W30,2,低风险,3.8625,29.0457,72.3657,41.93,2.12,2.6,3.6,,2.2,13.5,3.4,0.6,0.7,4.3
河北,石家庄,2025,31,2025-W31,2,低风险,3.9625,29.1086,67.9071,15.04,1.2914,2.6,3.5,,2.3,13.6,3.8,0.6,0.9,4.4
河北,石家庄,2025,32,2025-W32,2,低风险,3.4875,29.5986,68.7629,38.04,1.5457,2.5,3.5,,1.5,10.8,3.9,0.4,0.9,4.4
河北,石家庄,2025,33,2025-W33,2,低风险,3.5111,27.8671,70.7286,43.31,1.2414,2.5,3.4,2,1.5,11.9,3.6,0.6,0.5,5.6
河北,石家庄,2025,34,2025-W34,2,低风险,3.3375,27.0829,72.8043,35.87,1.5686,2.5,3.2,,1.9,10.5,3.2,0.5,0.6,4.3
河北,石家庄,2025,35,2025-W35,2,低风险,3.1875,25.5571,68.4943,23.76,1.4171,2.5,3.1,,2.4,8.5,3.7,0.4,0.6,4.3
河北,石家庄,2025,36,2025-W36,2,低风险,2.8444,24.6557,62.9829,9.57,1.3371,2.7,3.4,1,3.3,6.8,3.5,0.4,0.8,3.7
河北,石家庄,2025,37,2025-W37,2,低风险,3.3875,25.4886,59.8443,2.52,1.5371,2.8,3.6,,3.6,6.8,5.6,0.4,1,3.3
河北,石家庄,2025,38,2025-W38,1,中风险,4.2889,19.8843,63.9414,12.7,1.3371,2.9,3.8,13,3.5,5.3,5.9,0.3,1.1,2.8
河北,石家庄,2025,39,2025-W39,1,中风险,4.5667,19.7657,65.7243,6.96,1.2414,2.9,3.8,16,4.1,3.6,7.6,0.2,1,1.9
河北,石家庄,2025,40,2025-W40,1,中风险,3.8,20.8729,62.67,31.67,1.5043,3.3,4.4,11,3,3.2,5.7,0.3,1.2,2.1
河北,石家庄,2025,41,2025-W41,1,中风险,2.9111,12.5229,86,135.88,1.82,2.8,4.1,4,3.5,2.3,6.7,0.3,1.1,1.4
河北,石家庄,2025,42,2025-W42,1,中风险,8.4625,11.7086,79.1386,14.53,1.5571,2.7,,49,5.8,1.8,5.6,0.5,1.3,1
河北,石家庄,2025,43,2025-W43,1,中风险,21.2875,8.3314,71.5029,0.76,1.0929,3.6,,144,10.5,1.5,7,0.4,2.4,0.9
河北,石家庄,2025,44,2025-W44,1,中风险,43.0889,9.8657,72.6857,0.9,1.6186,5.1,4.6,347,17.5,1.4,6.6,0.4,4.2,1
河北,石家庄,2025,45,2025-W45,0,高风险,75.6222,9.5857,79.22,11.63,1.4157,6.1,5.5,621,29.8,1.1,6.1,0.5,9.8,0.7
河北,石家庄,2025,46,2025-W46,0,高风险,127.3125,8.8457,61.5429,0,2.0143,7,,955,38.1,0.5,5,0.3,11.4,1.2
河北,石家庄,2025,47,2025-W47,0,高风险,163.8,4.6886,57.4714,0,2.47,8.6,,1234,44.8,0.6,4.3,0.6,16.4,1.1
河北,石家庄,2025,48,2025-W48,0,高风险,203.2,4.4329,57.4286,0.01,2.8843,9.1,,1541,51.1,0.6,3.5,0.3,19,1
河北,石家庄,2025,49,2025-W49,0,高风险,146.6111,0.8886,57.2529,0,2.1371,7.9,11.1,1219,54.2,0.3,4,0.2,22.1,0.7
河北,石家庄,2025,50,2025-W50,0,高风险,82.9111,0.1657,67.7629,7.84,1.77,6.3,9.7,651,50.2,0.5,4.9,0.2,22.5,0.9
河北,石家庄,2025,51,2025-W51,0,高风险,34.2625,0.8557,68.7643,0.01,1.35,4.9,,201,41.9,0.7,6.1,0.4,18.6,0.5
河北,石家庄,2025,52,2025-W52,1,中风险,17.9875,-0.0057,65.8257,1.07,1.5286,4.2,,82,33.7,0.7,7.2,0.3,14.5,1.3
河北,石家庄,2026,1,2026-W01,1,中风险,10.6444,-1.2657,60.9743,0.12,1.3414,4.1,5.4,37,27.4,1.1,8.8,0.2,10.6,1.2
河北,石家庄,2026,2,2026-W02,1,中风险,7.7889,-0.5957,53.7957,0.05,3.0657,3.7,4.8,19,23.3,1.1,9.8,0.3,7.1,1
河北,石家庄,2026,3,2026-W03,1,中风险,7.3222,-0.3729,68.6043,0.09,2.1629,3.5,4.7,18,21.3,0.9,9.3,0.3,6.9,1
河北,石家庄,2026,4,2026-W04,1,中风险,5.9333,-5.0429,60.5757,0.2,1.5143,3.4,4.3,8,18.8,1.5,8.3,0.2,7.7,1.2
河北,石家庄,2026,5,2026-W05,1,中风险,5.2222,-1.1914,69.9729,0.13,1.5386,3.3,4,4,17.1,2.3,7.9,0.2,6.4,1.8
河北,石家庄,2026,6,2026-W06,1,中风险,4.6375,0.5557,54.21,0.51,1.8243,3,3.3,,13,2.2,8.6,0.2,5.1,1.7
河北,石家庄,2026,7,2026-W07,1,中风险,3.8222,3.9043,53.2329,0.08,1.94,2.9,3.6,1,11,1.7,8,0.2,4.9,1.1
河北,石家庄,2026,8,2026-W08,1,中风险,4.425,5.8714,42.9929,0,3.14,4.9,4.8,,10.5,1.3,8,0,4.4,1.5
河北,石家庄,2026,9,2026-W09,1,中风险,3.95,2.6771,73.9271,10.83,1.8614,3,3,,11,2.3,6.6,0.2,4.1,1.4
河北,石家庄,2026,10,2026-W10,1,中风险,3.6125,3.1514,76.6986,6.28,1.5871,2.8,2.8,,9.4,2.6,6.8,0.2,3.3,1
河北,石家庄,2026,11,2026-W11,1,中风险,4.0556,6.64,63.5043,4.91,1.7843,3,3,6,11.3,2.3,5.8,0.2,3.6,1.3
河北,石家庄,2026,12,2026-W12,1,中风险,7.3556,9.3943,50.5743,1.35,2.0729,3.5,3.3,32,13.3,2.7,4.4,0.2,5.7,1.1
河北,石家庄,2026,13,2026-W13,1,中风险,11.1667,14.8957,53.6129,2.17,1.9686,3.6,3.5,64,15.5,2.4,3.9,0.1,6.2,1.3
河北,石家庄,2026,14,2026-W14,1,中风险,10.1778,13.7914,50.8157,2.38,2.7357,3.6,3.6,56,16.3,2,4,0.2,5,0.9
河北,石家庄,2026,15,2026-W15,1,中风险,6.2333,15.4143,49.3686,9.5,2.04,3.6,3.7,23,15.3,1.8,2.6,0.3,5.5,0.3
河北,石家庄,2026,16,2026-W16,1,中风险,5.3778,18.6714,56.44,6.95,2.1271,3.5,3.7,18,13.4,1.3,2.6,0.2,4.9,0.8
河北,石家庄,2026,17,2026-W17,1,中风险,5.8,18.35,42.7429,0.07,2.2057,3.7,3.9,20,14.8,1.3,2.3,0.2,5.3,0.7
河北,石家庄,2026,18,2026-W18,1,中风险,5.7222,18.5114,38.9557,2.85,2.1529,3.3,4.1,22,13.3,1.5,1.7,0.1,4.9,0.6
河北,石家庄,2026,19,2026-W19,1,中风险,3.9111,23.3314,28.5471,0.27,2.2114,3.6,4.1,7,12.2,1.4,2,0.1,4.2,0.6
河北,石家庄,2026,20,2026-W20,1,中风险,5.0333,26.3583,46.8983,12.93,2.0083,3.4,4.2,18,11.9,1.7,1.2,0.2,4,0.7
河南,郑州,2024,1,2024-W01,1,中风险,8.4,2.0143,65.59,0.13,2.3329,7.1,9.7,,,,,,,
河南,郑州,2024,2,2024-W02,1,中风险,7.5,2.7314,72.5971,0,2.5029,6.3,8.7,,,,,,,
河南,郑州,2024,3,2024-W03,1,中风险,6.85,-1.0271,79.6743,17.16,2.4471,6,7.7,,,,,,,
河南,郑州,2024,4,2024-W04,1,中风险,6.1,-1.6029,59.1843,0.41,1.9029,5.2,7,,,,,,,
河南,郑州,2024,5,2024-W05,1,中风险,5.7,-1.5771,75.6414,15.3,3.1857,5,6.4,,,,,,,
河南,郑州,2024,6,2024-W06,1,中风险,6.8,0.8143,72.8214,0.01,1.8014,5.7,7.9,,,,,,,
河南,郑州,2024,7,2024-W07,1,中风险,6.65,8.31,77.1271,1.38,2.9671,5.7,7.6,,,,,,,
河南,郑州,2024,8,2024-W08,1,中风险,5,-2.2857,75.8757,23.88,3.8543,4.3,5.7,,,,,,,
河南,郑州,2024,9,2024-W09,1,中风险,4.1,3.6129,68.7771,0.21,2.3829,4.3,5,3,,,,,,
河南,郑州,2024,10,2024-W10,1,中风险,10.5333,6.6943,64.0157,0.24,2.8686,4.1,5.5,22,,,,,,
河南,郑州,2024,11,2024-W11,1,中风险,10.8333,11.58,62.6314,0.18,2.6814,4.1,5.4,23,,,,,,
河南,郑州,2024,12,2024-W12,1,中风险,6.3,11.9214,61.1171,28.11,3.45,3.9,5,10,,,,,,
河南,郑州,2024,13,2024-W13,1,中风险,6.8333,13.8686,65.2343,5.14,2.6729,3.8,4.7,12,,,,,,
河南,郑州,2024,14,2024-W14,1,中风险,4.5,14.4714,66.1543,4.28,2.7986,3.8,4.7,5,,,,,,
河南,郑州,2024,15,2024-W15,1,中风险,3.9667,18.5514,67.5643,19.28,2.0986,3.6,4.3,4,,,,,,
河南,郑州,2024,16,2024-W16,1,中风险,4.3667,18.8214,65.11,1.96,1.5371,3.5,4.6,5,,,,,,
河南,郑州,2024,17,2024-W17,1,中风险,5.4333,21.72,56.6771,0.84,2.7057,3.6,4.7,8,,,,,,
河南,郑州,2024,18,2024-W18,1,中风险,4.4,17.9143,55.28,6.55,2.2029,3.8,5,,,,,,,
河南,郑州,2024,19,2024-W19,1,中风险,4.5,22.9786,46.7786,0.01,2.6071,3.6,4.9,5,,,,,,
河南,郑州,2024,20,2024-W20,1,中风险,7.3667,26.3457,45.4057,0.94,3.0643,4,5.1,13,,,,,,
河南,郑州,2024,21,2024-W21,1,中风险,6.9,26.1686,56.0629,29.67,2.5043,3.9,4.8,12,,,,,,
河南,郑州,2024,22,2024-W22,1,中风险,5.9667,25.4586,47.0129,0.01,2.2429,3.8,5.1,9,,,,,,
河南,郑州,2024,23,2024-W23,1,中风险,3.6,26.6743,45.3771,0.08,1.6586,3.9,4.9,2,,,,,,
河南,郑州,2024,24,2024-W24,1,中风险,4.3667,31.1057,48.2171,36.17,2.6786,4,5.1,4,,,,,,
河南,郑州,2024,25,2024-W25,1,中风险,6.0333,29.2129,55.13,6.83,1.9829,3.9,5.2,9,,,,,,
河南,郑州,2024,26,2024-W26,1,中风险,4.3,29.7114,48.4529,1.77,2.5214,3.8,5.1,4,,,,,,
河南,郑州,2024,27,2024-W27,1,中风险,4.6333,27.2686,75.9343,94.68,2.0843,3.8,5.1,5,,,,,,
河南,郑州,2024,28,2024-W28,1,中风险,4.5,25.8443,80.25,130.84,2.2314,4.1,4.9,,,,,,,
河南,郑州,2024,29,2024-W29,1,中风险,4.25,28.05,85.8957,189.88,1.6414,3.8,4.7,,,,,,,
河南,郑州,2024,30,2024-W30,1,中风险,4.2,29.5357,86.18,120.34,2.36,3.9,4.5,,,,,,,
河南,郑州,2024,31,2024-W31,1,中风险,4,29.2643,84.4786,17.32,2.5471,3.8,4.2,,,,,,,
河南,郑州,2024,32,2024-W32,1,中风险,3.7,28.4143,84.6271,78.79,2.3229,3.5,3.9,,,,,,,
河南,郑州,2024,33,2024-W33,1,中风险,3.6,27.3557,79.4429,27.01,1.5743,3.6,3.6,,,,,,,
河南,郑州,2024,34,2024-W34,1,中风险,3.4,28.0629,81.6643,30.79,1.0686,3.6,3.2,,,,,,,
河南,郑州,2024,35,2024-W35,1,中风险,3.25,26.5643,78.7343,6.82,2.5443,3.4,3.1,,,,,,,
河南,郑州,2024,36,2024-W36,1,中风险,3.3,24.9857,80.9571,2.94,2.3886,3.4,3.2,,,,,,,
河南,郑州,2024,37,2024-W37,1,中风险,4.9667,23.8814,77.5986,7.55,3.1014,3.4,3.5,8,,,,,,
河南,郑州,2024,38,2024-W38,1,中风险,3.1,22.3171,78.29,33.81,3.3357,3.6,3.7,2,,,,,,
河南,郑州,2024,39,2024-W39,1,中风险,3.6333,20.6871,77.6543,1.1,2.0186,3.2,3.7,4,,,,,,
河南,郑州,2024,40,2024-W40,1,中风险,3.85,15.59,67.6414,25.65,1.6429,3.6,4.1,,,,,,,
河南,郑州,2024,41,2024-W41,1,中风险,2.5,17.9143,69.0043,0.03,1.6057,3.2,3.3,1,,,,,,
河南,郑州,2024,42,2024-W42,1,中风险,5.7,15.56,77.47,40.9,2.8571,3.4,,8,,,,,,
河南,郑州,2024,43,2024-W43,1,中风险,5.15,13.1057,75.26,1.97,1.64,3.3,,7,,,,,,
河南,郑州,2024,44,2024-W44,1,中风险,4.3,14.51,79.0214,0.41,1.6114,3.5,3.4,6,,,,,,
河南,郑州,2024,45,2024-W45,1,中风险,4.4,11.26,71.6814,0.68,1.84,3.6,3.6,6,,,,,,
河南,郑州,2024,46,2024-W46,1,中风险,8.4,13.71,82.8043,21.64,1.74,3.8,,13,,,,,,
河南,郑州,2024,47,2024-W47,1,中风险,12.05,7.0629,78.9071,4.58,1.5743,4.1,,20,,,,,,
河南,郑州,2024,48,2024-W48,1,中风险,12.9667,5.9514,55.1386,5.34,4.0171,4.4,3.5,31,,,,,,
河南,郑州,2024,49,2024-W49,1,中风险,16.0667,3.4814,62.9857,0,2.32,4.6,3.6,40,,,,,,
河南,郑州,2024,50,2024-W50,1,中风险,41.1333,1.43,60.97,0,2.2671,5.4,4,114,,,,,,
河南,郑州,2024,51,2024-W51,1,中风险,81.25,-0.15,59.6443,0,1.9271,6.5,,156,,,,,,
河南,郑州,2024,52,2024-W52,1,中风险,89.1,0.7671,56.6929,0,2.36,7.2,,171,,,,,,
河南,郑州,2025,1,2025-W01,1,中风险,53.2333,2.3129,62.3957,0,2.1429,7.5,7.2,145,,,,,,
河南,郑州,2025,2,2025-W02,1,中风险,43.7,0.2914,55.9671,0,2.48,6.2,6.9,118,,,,,,
河南,郑州,2025,3,2025-W03,1,中风险,10.5333,2.42,51.6486,0,2.41,5.1,6.5,20,,,,,,
河南,郑州,2025,4,2025-W04,1,中风险,4.1667,2.5429,72.0229,30.82,3.2643,4.2,5.3,3,,,,,,
河南,郑州,2025,5,2025-W05,1,中风险,6.45,-0.8271,69.6343,2.24,2.7943,5.5,7.4,,,,,,,
河南,郑州,2025,6,2025-W06,1,中风险,3.4667,-0.3571,52.2543,0,2.2929,3.9,5.5,1,,,,,,
河南,郑州,2025,7,2025-W07,1,中风险,3.0333,3.7371,57.3957,0,2.3486,3.4,4.7,1,,,,,,
河南,郑州,2025,8,2025-W08,1,中风险,6.4667,2.8357,66.7043,1.46,2.3329,3.1,4.3,12,,,,,,
河南,郑州,2025,9,2025-W09,1,中风险,16.4333,7.6743,70.36,42.68,2.8714,3.1,4.2,42,,,,,,
河南,郑州,2025,10,2025-W10,1,中风险,10.0333,4.2,71.8829,6.66,2.1914,3.2,3.9,23,,,,,,
河南,郑州,2025,11,2025-W11,1,中风险,6.7333,9.1529,67.8514,1.83,2.1371,3.2,4,13,,,,,,
河南,郑州,2025,12,2025-W12,1,中风险,3.8,11.9686,43.4843,0,3.4129,3.3,4.1,4,,,,,,
河南,郑州,2025,13,2025-W13,1,中风险,4.1667,12.7686,46.5743,3.42,3.0986,3.4,4.1,5,,,,,,
河南,郑州,2025,14,2025-W14,1,中风险,3.4333,13.9671,46.7614,0,2.5571,3.4,3.9,3,,,,,,
河南,郑州,2025,15,2025-W15,1,中风险,3.55,17.4457,49.2271,1.12,3.2143,3.2,3.9,,,,,,,
河南,郑州,2025,16,2025-W16,1,中风险,3.7,21.0971,48.3457,4.76,3.0043,3.3,4.1,,,,,,,
河南,郑州,2025,17,2025-W17,1,中风险,3.6,20.6386,46.1114,3.56,3.0829,3.3,3.9,,,,,,,
河南,郑州,2025,18,2025-W18,1,中风险,3.8,22.3786,36.7757,3.5,3.2814,3.4,4.2,,,,,,,
河南,郑州,2025,19,2025-W19,1,中风险,3.6,21.1471,43.7414,5.88,3.4157,3.1,4.1,,,,,,,
河南,郑州,2025,20,2025-W20,1,中风险,2.9333,25.2229,42.8386,0,3.3286,3.1,4.7,1,,,,,,
河南,郑州,2025,21,2025-W21,1,中风险,5.3,24.4757,52.06,14.59,3.1371,3.2,4.7,8,,,,,,
河南,郑州,2025,22,2025-W22,1,中风险,3.9667,24.3757,52.18,1.71,2.2214,3.1,4.8,4,,,,,,
河南,郑州,2025,23,2025-W23,1,中风险,3.2,28.8829,39.25,0.12,2.1786,3.1,4.5,2,,,,,,
河南,郑州,2025,24,2025-W24,1,中风险,3.0667,29.9943,43.8029,0.29,3.2857,2.9,4.3,2,,,,,,
河南,郑州,2025,25,2025-W25,2,低风险,3.9444,28.75,58.1929,48.69,2.6986,2.9,4.3,1,1.5,15.4,2.9,0.1,0.7,6.7
河南,郑州,2025,26,2025-W26,2,低风险,3.9778,27.2,61.3986,16.1,2.0057,3,4.3,2,1.6,14,3,0.2,0.8,6.9
河南,郑州,2025,27,2025-W27,2,低风险,3.6889,31.3057,64.3386,29.9,3.1286,2.9,4.2,2,1.8,11.9,3.3,0.3,0.5,6.3
河南,郑州,2025,28,2025-W28,2,低风险,3.7778,31.1514,60.3614,12.72,1.9157,2.7,4,1,1.8,13.4,3.3,0.2,0.8,6.8
河南,郑州,2025,29,2025-W29,2,低风险,4.1625,33.3714,48.82,0.71,2.0943,2.6,3.8,,2.4,14,4.3,0.5,0.6,5.1
河南,郑州,2025,30,2025-W30,2,低风险,3.8625,31.2086,64.4557,23.23,2.78,2.6,3.6,,2.2,13.5,3.4,0.6,0.7,4.3
河南,郑州,2025,31,2025-W31,2,低风险,3.9625,32.9586,52.0271,0.38,2.1671,2.6,3.5,,2.3,13.6,3.8,0.6,0.9,4.4
河南,郑州,2025,32,2025-W32,2,低风险,3.4875,30.1771,75.1871,143.78,1.7614,2.5,3.5,,1.5,10.8,3.9,0.4,0.9,4.4
河南,郑州,2025,33,2025-W33,2,低风险,3.5111,28.5429,72.77,1.39,1.8529,2.5,3.4,2,1.5,11.9,3.6,0.6,0.5,5.6
河南,郑州,2025,34,2025-W34,2,低风险,3.3375,31.05,64.8629,18.29,2.4886,2.5,3.2,,1.9,10.5,3.2,0.5,0.6,4.3
河南,郑州,2025,35,2025-W35,2,低风险,3.1875,27.0957,74.0029,43.75,1.8814,2.5,3.1,,2.4,8.5,3.7,0.4,0.6,4.3
河南,郑州,2025,36,2025-W36,2,低风险,2.8444,24.68,78.2771,78.24,1.6843,2.7,3.4,1,3.3,6.8,3.5,0.4,0.8,3.7
河南,郑州,2025,37,2025-W37,2,低风险,3.3875,22.1829,84.3814,84.92,1.9657,2.8,3.6,,3.6,6.8,5.6,0.4,1,3.3
河南,郑州,2025,38,2025-W38,1,中风险,4.2889,19.4143,85.2971,109.75,2.4786,2.9,3.8,13,3.5,5.3,5.9,0.3,1.1,2.8
河南,郑州,2025,39,2025-W39,1,中风险,4.5667,18.9443,86.9457,94.21,1.6871,2.9,3.8,16,4.1,3.6,7.6,0.2,1,1.9
河南,郑州,2025,40,2025-W40,1,中风险,3.8,19.1143,86.7286,74.27,2.2157,3.3,4.4,11,3,3.2,5.7,0.3,1.2,2.1
河南,郑州,2025,41,2025-W41,1,中风险,2.9111,15.0843,89.74,29.02,3.1114,2.8,4.1,4,3.5,2.3,6.7,0.3,1.1,1.4
河南,郑州,2025,42,2025-W42,1,中风险,8.4625,13.49,87.0914,83.71,2.5229,2.7,,49,5.8,1.8,5.6,0.5,1.3,1
河南,郑州,2025,43,2025-W43,1,中风险,21.2875,8.8657,80.6043,7.85,1.9214,3.6,,144,10.5,1.5,7,0.4,2.4,0.9
河南,郑州,2025,44,2025-W44,1,中风险,43.0889,12.6671,81.3871,0.05,1.9186,5.1,4.6,347,17.5,1.4,6.6,0.4,4.2,1
河南,郑州,2025,45,2025-W45,0,高风险,75.6222,11.2043,87.28,25.32,2.2986,6.1,5.5,621,29.8,1.1,6.1,0.5,9.8,0.7
河南,郑州,2025,46,2025-W46,0,高风险,127.3125,11.07,71.09,0.25,2.0643,7,,955,38.1,0.5,5,0.3,11.4,1.2
河南,郑州,2025,47,2025-W47,0,高风险,163.8,5.5686,68.2343,2.09,3.1314,8.6,,1234,44.8,0.6,4.3,0.6,16.4,1.1
河南,郑州,2025,48,2025-W48,0,高风险,203.2,6.9543,67.5086,0,3.1329,9.1,,1541,51.1,0.6,3.5,0.3,19,1
河南,郑州,2025,49,2025-W49,0,高风险,146.6111,3.3014,68.2271,0,2.4986,7.9,11.1,1219,54.2,0.3,4,0.2,22.1,0.7
河南,郑州,2025,50,2025-W50,0,高风险,82.9111,2.5914,77.2557,7.94,3.09,6.3,9.7,651,50.2,0.5,4.9,0.2,22.5,0.9
河南,郑州,2025,51,2025-W51,0,高风险,34.2625,3.1814,82.3271,0,2.2157,4.9,,201,41.9,0.7,6.1,0.4,18.6,0.5
河南,郑州,2025,52,2025-W52,1,中风险,17.9875,1.6057,79.1443,2.65,1.9243,4.2,,82,33.7,0.7,7.2,0.3,14.5,1.3
河南,郑州,2026,1,2026-W01,1,中风险,10.6444,0.1371,78.91,5.12,2.3829,4.1,5.4,37,27.4,1.1,8.8,0.2,10.6,1.2
河南,郑州,2026,2,2026-W02,1,中风险,7.7889,1.2814,66.8714,0,3.2743,3.7,4.8,19,23.3,1.1,9.8,0.3,7.1,1
河南,郑州,2026,3,2026-W03,1,中风险,7.3222,2.7786,74.9643,0.56,3.4771,3.5,4.7,18,21.3,0.9,9.3,0.3,6.9,1
河南,郑州,2026,4,2026-W04,1,中风险,5.9333,-3.25,80.0386,10.27,2.76,3.4,4.3,8,18.8,1.5,8.3,0.2,7.7,1.2
河南,郑州,2026,5,2026-W05,1,中风险,5.2222,0.6686,85.58,4.69,2.1843,3.3,4,4,17.1,2.3,7.9,0.2,6.4,1.8
河南,郑州,2026,6,2026-W06,1,中风险,4.6375,2.3014,72.3086,0,2.5029,3,3.3,,13,2.2,8.6,0.2,5.1,1.7
河南,郑州,2026,7,2026-W07,1,中风险,3.8222,5.7057,67.3414,1.56,3.3271,2.9,3.6,1,11,1.7,8,0.2,4.9,1.1
河南,郑州,2026,8,2026-W08,1,中风险,4.425,7.3929,61.0886,0.2,2.7643,4.9,4.8,,10.5,1.3,8,0,4.4,1.5
河南,郑州,2026,9,2026-W09,1,中风险,3.95,5.31,87.0443,45.09,3.3443,3,3,,11,2.3,6.6,0.2,4.1,1.4
河南,郑州,2026,10,2026-W10,1,中风险,3.6125,4.8786,87.2943,10.29,2.1571,2.8,2.8,,9.4,2.6,6.8,0.2,3.3,1
河南,郑州,2026,11,2026-W11,1,中风险,4.0556,8.0429,81.74,8.87,2.7186,3,3,6,11.3,2.3,5.8,0.2,3.6,1.3
河南,郑州,2026,12,2026-W12,1,中风险,7.3556,8.8357,75.4243,5.31,2.0643,3.5,3.3,32,13.3,2.7,4.4,0.2,5.7,1.1
河南,郑州,2026,13,2026-W13,1,中风险,11.1667,14.65,72.61,0.3,1.7986,3.6,3.5,64,15.5,2.4,3.9,0.1,6.2,1.3
河南,郑州,2026,14,2026-W14,1,中风险,10.1778,14.84,70.39,4.64,2.5557,3.6,3.6,56,16.3,2,4,0.2,5,0.9
河南,郑州,2026,15,2026-W15,1,中风险,6.2333,15.6814,72.5386,21.45,2.4314,3.6,3.7,23,15.3,1.8,2.6,0.3,5.5,0.3
河南,郑州,2026,16,2026-W16,1,中风险,5.3778,17.9714,75.2029,12.87,2.0214,3.5,3.7,18,13.4,1.3,2.6,0.2,4.9,0.8
河南,郑州,2026,17,2026-W17,1,中风险,5.8,15.3157,72.9586,18.24,2.2514,3.7,3.9,20,14.8,1.3,2.3,0.2,5.3,0.7
河南,郑州,2026,18,2026-W18,1,中风险,5.7222,17.7471,66.0314,2.59,2.2757,3.3,4.1,22,13.3,1.5,1.7,0.1,4.9,0.6
河南,郑州,2026,19,2026-W19,1,中风险,3.9111,21.3486,54.0286,3.32,2.5371,3.6,4.1,7,12.2,1.4,2,0.1,4.2,0.6
河南,郑州,2026,20,2026-W20,1,中风险,5.0333,23.9667,72.9467,15.1,1.6917,3.4,4.2,18,11.9,1.7,1.2,0.2,4,0.7
浙江,杭州,2024,1,2024-W01,1,中风险,8.4,4.9629,78.0829,4.8,2,7.1,9.7,,,,,,,
浙江,杭州,2024,2,2024-W02,1,中风险,7.5,7.6414,73.7329,0.25,2.0243,6.3,8.7,,,,,,,
浙江,杭州,2024,3,2024-W03,1,中风险,6.85,5.82,84.6143,26.89,2.8457,6,7.7,,,,,,,
浙江,杭州,2024,4,2024-W04,1,中风险,6.1,0.2143,61.0186,0.44,2.5214,5.2,7,,,,,,,
浙江,杭州,2024,5,2024-W05,1,中风险,5.7,5.8271,87.7757,87.71,2.3357,5,6.4,,,,,,,
浙江,杭州,2024,6,2024-W06,1,中风险,6.8,3.0257,78.8171,9.93,2.2,5.7,7.9,,,,,,,
浙江,杭州,2024,7,2024-W07,1,中风险,6.65,11.1214,78.4914,9.96,2.3314,5.7,7.6,,,,,,,
浙江,杭州,2024,8,2024-W08,1,中风险,5,3.7829,89.6543,90.75,3.3957,4.3,5.7,,,,,,,
浙江,杭州,2024,9,2024-W09,1,中风险,4.1,4.0243,83.4371,43.74,2.1114,4.3,5,3,,,,,,
浙江,杭州,2024,10,2024-W10,1,中风险,10.5333,8.3271,81.3357,25.06,2.3714,4.1,5.5,22,,,,,,
浙江,杭州,2024,11,2024-W11,1,中风险,10.8333,11.8743,82.74,7.21,1.93,4.1,5.4,23,,,,,,
浙江,杭州,2024,12,2024-W12,1,中风险,6.3,14.3329,78.6386,8.48,2.2786,3.9,5,10,,,,,,
浙江,杭州,2024,13,2024-W13,1,中风险,6.8333,16.0186,82.0286,47.98,2.5814,3.8,4.7,12,,,,,,
浙江,杭州,2024,14,2024-W14,1,中风险,4.5,16.1986,84.0057,53.66,2.49,3.8,4.7,5,,,,,,
浙江,杭州,2024,15,2024-W15,1,中风险,3.9667,17.0929,84.8071,56,1.93,3.6,4.3,4,,,,,,
浙江,杭州,2024,16,2024-W16,1,中风险,4.3667,18.3343,84.0429,62.92,2.3343,3.5,4.6,5,,,,,,
浙江,杭州,2024,17,2024-W17,1,中风险,5.4333,18.8843,84.4386,35.41,1.7429,3.6,4.7,8,,,,,,
浙江,杭州,2024,18,2024-W18,1,中风险,4.4,17.5157,84.3814,61.23,2.45,3.8,5,,,,,,,
浙江,杭州,2024,19,2024-W19,1,中风险,4.5,20.1986,80.6714,53,1.9914,3.6,4.9,5,,,,,,
浙江,杭州,2024,20,2024-W20,1,中风险,7.3667,20.5786,70.3186,1.01,2.0086,4,5.1,13,,,,,,
浙江,杭州,2024,21,2024-W21,1,中风险,6.9,23.7186,84.5114,4.99,1.6686,3.9,4.8,12,,,,,,
浙江,杭州,2024,22,2024-W22,1,中风险,5.9667,20.7257,81.1686,59.07,2.16,3.8,5.1,9,,,,,,
浙江,杭州,2024,23,2024-W23,1,中风险,3.6,22.72,76.5043,16.51,1.59,3.9,4.9,2,,,,,,
浙江,杭州,2024,24,2024-W24,1,中风险,4.3667,26.06,79.5571,49.44,1.41,4,5.1,4,,,,,,
浙江,杭州,2024,25,2024-W25,1,中风险,6.0333,26.0914,87.3757,151.72,2.3271,3.9,5.2,9,,,,,,
浙江,杭州,2024,26,2024-W26,1,中风险,4.3,25.0171,90.8157,254.89,1.9486,3.8,5.1,4,,,,,,
浙江,杭州,2024,27,2024-W27,1,中风险,4.6333,29.3243,84.8529,23.8,2.1514,3.8,5.1,5,,,,,,
浙江,杭州,2024,28,2024-W28,1,中风险,4.5,28.8743,86.9814,66.28,1.7714,4.1,4.9,,,,,,,
浙江,杭州,2024,29,2024-W29,1,中风险,4.25,30.1357,81.5843,0.87,1.5514,3.8,4.7,,,,,,,
浙江,杭州,2024,30,2024-W30,1,中风险,4.2,29.6229,83.24,19.94,3.75,3.9,4.5,,,,,,,
浙江,杭州,2024,31,2024-W31,1,中风险,4,31.7343,74.6471,3.18,1.5771,3.8,4.2,,,,,,,
浙江,杭州,2024,32,2024-W32,1,中风险,3.7,32.5743,71.1614,3.46,1.0457,3.5,3.9,,,,,,,
浙江,杭州,2024,33,2024-W33,1,中风险,3.6,30.0557,78.3729,19.98,1.4986,3.6,3.6,,,,,,,
浙江,杭州,2024,34,2024-W34,1,中风险,3.4,30.5329,74.8171,31.81,1.3371,3.6,3.2,,,,,,,
浙江,杭州,2024,35,2024-W35,1,中风险,3.25,30.26,76.0029,26.43,1.4743,3.4,3.1,,,,,,,
浙江,杭州,2024,36,2024-W36,1,中风险,3.3,30.4286,72.9229,1.72,2.0729,3.4,3.2,,,,,,,
浙江,杭州,2024,37,2024-W37,1,中风险,4.9667,28.6857,81.4429,80.15,2.2871,3.4,3.5,8,,,,,,
浙江,杭州,2024,38,2024-W38,1,中风险,3.1,26.2057,87.1943,87.54,3.3314,3.6,3.7,2,,,,,,
浙江,杭州,2024,39,2024-W39,1,中风险,3.6333,23.0086,85.2214,25.1,1.7429,3.2,3.7,4,,,,,,
浙江,杭州,2024,40,2024-W40,1,中风险,3.85,19.8314,82.0943,45.49,3.0814,3.6,4.1,,,,,,,
浙江,杭州,2024,41,2024-W41,1,中风险,2.5,18.89,79.2771,11.62,1.7271,3.2,3.3,1,,,,,,
浙江,杭州,2024,42,2024-W42,1,中风险,5.7,20.8729,87.63,32.79,2.3043,3.4,,8,,,,,,
浙江,杭州,2024,43,2024-W43,1,中风险,5.15,17.6214,86.31,32.73,2.7986,3.3,,7,,,,,,
浙江,杭州,2024,44,2024-W44,1,中风险,4.3,16.4214,86.1586,115.13,2.9971,3.5,3.4,6,,,,,,
浙江,杭州,2024,45,2024-W45,1,中风险,4.4,14.4243,85.1214,2.47,1.9729,3.6,3.6,6,,,,,,
浙江,杭州,2024,46,2024-W46,1,中风险,8.4,17.3371,88.3786,27.75,1.9457,3.8,,13,,,,,,
浙江,杭州,2024,47,2024-W47,1,中风险,12.05,10.76,84.5843,0.51,2.0857,4.1,,20,,,,,,
浙江,杭州,2024,48,2024-W48,1,中风险,12.9667,8.2243,69.9886,11.25,2.65,4.4,3.5,31,,,,,,
浙江,杭州,2024,49,2024-W49,1,中风险,16.0667,8.5757,82.6357,3.39,1.9729,4.6,3.6,40,,,,,,
浙江,杭州,2024,50,2024-W50,1,中风险,41.1333,4.19,81.9757,16.3,2.3571,5.4,4,114,,,,,,
浙江,杭州,2024,51,2024-W51,1,中风险,81.25,2.6857,74.1357,0,2.1343,6.5,,156,,,,,,
浙江,杭州,2024,52,2024-W52,1,中风险,89.1,3.5614,77.9829,0,1.85,7.2,,171,,,,,,
浙江,杭州,2025,1,2025-W01,1,中风险,53.2333,4.9057,79.2814,0.04,1.7157,7.5,7.2,145,,,,,,
浙江,杭州,2025,2,2025-W02,1,中风险,43.7,2.3829,65.65,0,2.1314,6.2,6.9,118,,,,,,
浙江,杭州,2025,3,2025-W03,1,中风险,10.5333,5.0914,58.1357,0,1.8257,5.1,6.5,20,,,,,,
浙江,杭州,2025,4,2025-W04,1,中风险,4.1667,8.1986,78.11,4.88,2.3514,4.2,5.3,3,,,,,,
浙江,杭州,2025,5,2025-W05,1,中风险,6.45,4.3,74.4386,19.37,2.5129,5.5,7.4,,,,,,,
浙江,杭州,2025,6,2025-W06,1,中风险,3.4667,1.5414,62.7386,0.03,2.6286,3.9,5.5,1,,,,,,
浙江,杭州,2025,7,2025-W07,1,中风险,3.0333,6.0457,79.14,8.54,1.9614,3.4,4.7,1,,,,,,
浙江,杭州,2025,8,2025-W08,1,中风险,6.4667,4.9143,81.0729,22.15,2.44,3.1,4.3,12,,,,,,
浙江,杭州,2025,9,2025-W09,1,中风险,16.4333,12.1586,78.2729,3.71,2.0657,3.1,4.2,42,,,,,,
浙江,杭州,2025,10,2025-W10,1,中风险,10.0333,6.8286,79.2729,27.9,2.7743,3.2,3.9,23,,,,,,
浙江,杭州,2025,11,2025-W11,1,中风险,6.7333,11.0671,86.2614,49.35,2.6543,3.2,4,13,,,,,,
浙江,杭州,2025,12,2025-W12,1,中风险,3.8,11.9414,61.0371,0.13,2.3371,3.3,4.1,4,,,,,,
浙江,杭州,2025,13,2025-W13,1,中风险,4.1667,14.7271,70.0043,16.64,2.8557,3.4,4.1,5,,,,,,
浙江,杭州,2025,14,2025-W14,1,中风险,3.4333,13.6186,67.7871,0.1,1.8343,3.4,3.9,3,,,,,,
浙江,杭州,2025,15,2025-W15,1,中风险,3.55,19.5143,62.6314,33,3.0614,3.2,3.9,,,,,,,
浙江,杭州,2025,16,2025-W16,1,中风险,3.7,20.2714,67.1486,0.77,2.6686,3.3,4.1,,,,,,,
浙江,杭州,2025,17,2025-W17,1,中风险,3.6,19.1443,73.2814,44.93,2.1714,3.3,3.9,,,,,,,
浙江,杭州,2025,18,2025-W18,1,中风险,3.8,21.8486,64.4314,0.62,2.7029,3.4,4.2,,,,,,,
浙江,杭州,2025,19,2025-W19,1,中风险,3.6,20.1557,75.4557,93.71,3.1343,3.1,4.1,,,,,,,
浙江,杭州,2025,20,2025-W20,1,中风险,2.9333,23.5614,71.65,23.26,2.1129,3.1,4.7,1,,,,,,
浙江,杭州,2025,21,2025-W21,1,中风险,5.3,24.1443,78.5386,65.94,2.3357,3.2,4.7,8,,,,,,
浙江,杭州,2025,22,2025-W22,1,中风险,3.9667,21.7814,76.1386,60.46,1.4871,3.1,4.8,4,,,,,,
浙江,杭州,2025,23,2025-W23,1,中风险,3.2,25.0086,76.2571,49.31,1.6429,3.1,4.5,2,,,,,,
浙江,杭州,2025,24,2025-W24,1,中风险,3.0667,24.74,90.04,145.94,2.0657,2.9,4.3,2,,,,,,
浙江,杭州,2025,25,2025-W25,2,低风险,3.9444,26.5371,83.4786,77.24,2.1429,2.9,4.3,1,1.5,15.4,2.9,0.1,0.7,6.7
浙江,杭州,2025,26,2025-W26,2,低风险,3.9778,26.9914,83.73,40.25,1.4643,3,4.3,2,1.6,14,3,0.2,0.8,6.9
浙江,杭州,2025,27,2025-W27,2,低风险,3.6889,29.8914,78.1443,0.53,1.6657,2.9,4.2,2,1.8,11.9,3.3,0.3,0.5,6.3
浙江,杭州,2025,28,2025-W28,2,低风险,3.7778,27.7329,87.7657,117.37,3.0214,2.7,4,1,1.8,13.4,3.3,0.2,0.8,6.8
浙江,杭州,2025,29,2025-W29,2,低风险,4.1625,29.1286,84.6371,71.43,2.1757,2.6,3.8,,2.4,14,4.3,0.5,0.6,5.1
浙江,杭州,2025,30,2025-W30,2,低风险,3.8625,27.9186,89.0071,67.85,3.2514,2.6,3.6,,2.2,13.5,3.4,0.6,0.7,4.3
浙江,杭州,2025,31,2025-W31,2,低风险,3.9625,27.7586,87.6071,162.49,3.1443,2.6,3.5,,2.3,13.6,3.8,0.6,0.9,4.4
浙江,杭州,2025,32,2025-W32,2,低风险,3.4875,29.8743,82.3157,2.87,1.9657,2.5,3.5,,1.5,10.8,3.9,0.4,0.9,4.4
浙江,杭州,2025,33,2025-W33,2,低风险,3.5111,28.9914,82.1671,7.23,2.0514,2.5,3.4,2,1.5,11.9,3.6,0.6,0.5,5.6
浙江,杭州,2025,34,2025-W34,2,低风险,3.3375,30.7243,73.1443,1.12,1.2714,2.5,3.2,,1.9,10.5,3.2,0.5,0.6,4.3
浙江,杭州,2025,35,2025-W35,2,低风险,3.1875,30.2,71.2943,8.06,1.2229,2.5,3.1,,2.4,8.5,3.7,0.4,0.6,4.3
浙江,杭州,2025,36,2025-W36,2,低风险,2.8444,29.4886,78.14,60.52,0.9543,2.7,3.4,1,3.3,6.8,3.5,0.4,0.8,3.7
浙江,杭州,2025,37,2025-W37,2,低风险,3.3875,27.8871,84.2343,50.69,1.4371,2.8,3.6,,3.6,6.8,5.6,0.4,1,3.3
浙江,杭州,2025,38,2025-W38,1,中风险,4.2889,26.6943,82.2514,31.52,2.02,2.9,3.8,13,3.5,5.3,5.9,0.3,1.1,2.8
浙江,杭州,2025,39,2025-W39,1,中风险,4.5667,26.7757,84.2429,9.9,1.7543,2.9,3.8,16,4.1,3.6,7.6,0.2,1,1.9
浙江,杭州,2025,40,2025-W40,1,中风险,3.8,26.4571,81.74,18.27,1.5314,3.3,4.4,11,3,3.2,5.7,0.3,1.2,2.1
浙江,杭州,2025,41,2025-W41,1,中风险,2.9111,27.2314,77.3771,0.02,1.5271,2.8,4.1,4,3.5,2.3,6.7,0.3,1.1,1.4
浙江,杭州,2025,42,2025-W42,1,中风险,8.4625,23.1014,82.79,34.69,2.5143,2.7,,49,5.8,1.8,5.6,0.5,1.3,1
浙江,杭州,2025,43,2025-W43,1,中风险,21.2875,15.2571,74.8529,0.35,3.7371,3.6,,144,10.5,1.5,7,0.4,2.4,0.9
浙江,杭州,2025,44,2025-W44,1,中风险,43.0889,16.1471,78.3414,12.31,1.9186,5.1,4.6,347,17.5,1.4,6.6,0.4,4.2,1
浙江,杭州,2025,45,2025-W45,0,高风险,75.6222,16.0043,85.36,22.64,2.07,6.1,5.5,621,29.8,1.1,6.1,0.5,9.8,0.7
浙江,杭州,2025,46,2025-W46,0,高风险,127.3125,14.45,76.5557,3.98,2.29,7,,955,38.1,0.5,5,0.3,11.4,1.2
浙江,杭州,2025,47,2025-W47,0,高风险,163.8,8.4643,62.2914,2.46,2.3914,8.6,,1234,44.8,0.6,4.3,0.6,16.4,1.1
浙江,杭州,2025,48,2025-W48,0,高风险,203.2,10.1643,55.64,0,1.99,9.1,,1541,51.1,0.6,3.5,0.3,19,1
浙江,杭州,2025,49,2025-W49,0,高风险,146.6111,8.6914,67.2957,0.07,1.9257,7.9,11.1,1219,54.2,0.3,4,0.2,22.1,0.7
浙江,杭州,2025,50,2025-W50,0,高风险,82.9111,9.0443,75.0029,1.53,2.5929,6.3,9.7,651,50.2,0.5,4.9,0.2,22.5,0.9
浙江,杭州,2025,51,2025-W51,0,高风险,34.2625,8.8071,72.1571,2.4,2.1886,4.9,,201,41.9,0.7,6.1,0.4,18.6,0.5
浙江,杭州,2025,52,2025-W52,1,中风险,17.9875,5.4357,72.7557,12.07,2.2386,4.2,,82,33.7,0.7,7.2,0.3,14.5,1.3
浙江,杭州,2026,1,2026-W01,1,中风险,10.6444,4.2171,71.1071,7.27,2.53,4.1,5.4,37,27.4,1.1,8.8,0.2,10.6,1.2
浙江,杭州,2026,2,2026-W02,1,中风险,7.7889,3.4314,64.5329,1.04,2.4714,3.7,4.8,19,23.3,1.1,9.8,0.3,7.1,1
浙江,杭州,2026,3,2026-W03,1,中风险,7.3222,9.8057,67.5214,0.06,1.8686,3.5,4.7,18,21.3,0.9,9.3,0.3,6.9,1
浙江,杭州,2026,4,2026-W04,1,中风险,5.9333,2.3714,71.4586,3.68,2.6014,3.4,4.3,8,18.8,1.5,8.3,0.2,7.7,1.2
浙江,杭州,2026,5,2026-W05,1,中风险,5.2222,4.1771,83.3929,27.85,2.4014,3.3,4,4,17.1,2.3,7.9,0.2,6.4,1.8
浙江,杭州,2026,6,2026-W06,1,中风险,4.6375,5.0957,74.27,21.17,2.4986,3,3.3,,13,2.2,8.6,0.2,5.1,1.7
浙江,杭州,2026,7,2026-W07,1,中风险,3.8222,9.2729,72.9743,3.15,1.8329,2.9,3.6,1,11,1.7,8,0.2,4.9,1.1
浙江,杭州,2026,8,2026-W08,1,中风险,4.425,8.7943,69.3686,21.79,2.61,4.9,4.8,,10.5,1.3,8,0,4.4,1.5
浙江,杭州,2026,9,2026-W09,1,中风险,3.95,10.2243,85.7243,51.87,2.6329,3,3,,11,2.3,6.6,0.2,4.1,1.4
浙江,杭州,2026,10,2026-W10,1,中风险,3.6125,8.9486,79.2814,2.86,2.7871,2.8,2.8,,9.4,2.6,6.8,0.2,3.3,1
浙江,杭州,2026,11,2026-W11,1,中风险,4.0556,9.6814,70.7571,0.77,2.0157,3,3,6,11.3,2.3,5.8,0.2,3.6,1.3
浙江,杭州,2026,12,2026-W12,1,中风险,7.3556,11.3086,83.8586,24.02,2.0157,3.5,3.3,32,13.3,2.7,4.4,0.2,5.7,1.1
浙江,杭州,2026,13,2026-W13,1,中风险,11.1667,14.4343,80.1786,15.85,1.9429,3.6,3.5,64,15.5,2.4,3.9,0.1,6.2,1.3
浙江,杭州,2026,14,2026-W14,1,中风险,10.1778,17.1086,79.5714,37.21,2.4529,3.6,3.6,56,16.3,2,4,0.2,5,0.9
浙江,杭州,2026,15,2026-W15,1,中风险,6.2333,18.4029,76.7914,28.55,3.2871,3.6,3.7,23,15.3,1.8,2.6,0.3,5.5,0.3
浙江,杭州,2026,16,2026-W16,1,中风险,5.3778,18.2743,81.6229,6.72,1.7386,3.5,3.7,18,13.4,1.3,2.6,0.2,4.9,0.8
浙江,杭州,2026,17,2026-W17,1,中风险,5.8,16.7186,74.9129,22.44,2.1829,3.7,3.9,20,14.8,1.3,2.3,0.2,5.3,0.7
浙江,杭州,2026,18,2026-W18,1,中风险,5.7222,16.4914,79.8457,35.52,2.47,3.3,4.1,22,13.3,1.5,1.7,0.1,4.9,0.6
浙江,杭州,2026,19,2026-W19,1,中风险,3.9111,19.1243,74.3114,1.89,1.4657,3.6,4.1,7,12.2,1.4,2,0.1,4.2,0.6
浙江,杭州,2026,20,2026-W20,1,中风险,5.0333,22.95,82.7633,13.01,1.59,3.4,4.2,18,11.9,1.7,1.2,0.2,4,0.7
海南,海口,2024,1,2024-W01,1,中风险,8.4,20.8057,86.2,0.7,3.5357,7.1,9.7,,,,,,,
海南,海口,2024,2,2024-W02,1,中风险,7.5,21.2157,86.0586,6.21,3.8286,6.3,8.7,,,,,,,
海南,海口,2024,3,2024-W03,1,中风险,6.85,21.2414,85.2686,1.12,3.7614,6,7.7,,,,,,,
海南,海口,2024,4,2024-W04,1,中风险,6.1,15.3271,82.0057,24.48,5.2129,5.2,7,,,,,,,
海南,海口,2024,5,2024-W05,1,中风险,5.7,21.7829,86.9343,3.78,2.9571,5,6.4,,,,,,,
海南,海口,2024,6,2024-W06,1,中风险,6.8,18.85,81.3443,3.81,3.9043,5.7,7.9,,,,,,,
海南,海口,2024,7,2024-W07,1,中风险,6.65,21.0871,82.6229,0.11,3.0043,5.7,7.6,,,,,,,
海南,海口,2024,8,2024-W08,1,中风险,5,23.17,81.4843,2.5,4.22,4.3,5.7,,,,,,,
海南,海口,2024,9,2024-W09,1,中风险,4.1,19.1314,81.9629,8.9,3.9686,4.3,5,3,,,,,,
海南,海口,2024,10,2024-W10,1,中风险,10.5333,22.6014,82.8243,14.04,4.1729,4.1,5.5,22,,,,,,
海南,海口,2024,11,2024-W11,1,中风险,10.8333,22.8914,84.3129,10.39,3.3586,4.1,5.4,23,,,,,,
海南,海口,2024,12,2024-W12,1,中风险,6.3,23.7814,79.7929,5.93,3.63,3.9,5,10,,,,,,
海南,海口,2024,13,2024-W13,1,中风险,6.8333,26.0943,79.7371,8.96,2.2843,3.8,4.7,12,,,,,,
海南,海口,2024,14,2024-W14,1,中风险,4.5,28.4186,73.6071,0.28,3.1014,3.8,4.7,5,,,,,,
海南,海口,2024,15,2024-W15,1,中风险,3.9667,27.0214,78.8429,6.62,2.9314,3.6,4.3,4,,,,,,
海南,海口,2024,16,2024-W16,1,中风险,4.3667,29.0743,70.7114,8.52,3.0186,3.5,4.6,5,,,,,,
海南,海口,2024,17,2024-W17,1,中风险,5.4333,29.4629,74.8514,14,2.6657,3.6,4.7,8,,,,,,
海南,海口,2024,18,2024-W18,1,中风险,4.4,29.0871,78.88,80.42,3.3071,3.8,5,,,,,,,
海南,海口,2024,19,2024-W19,1,中风险,4.5,27.4943,86.0843,90.69,2.3829,3.6,4.9,5,,,,,,
海南,海口,2024,20,2024-W20,1,中风险,7.3667,27.5843,83.9871,33.64,3.34,4,5.1,13,,,,,,
海南,海口,2024,21,2024-W21,1,中风险,6.9,27.52,86.88,128.55,2.0043,3.9,4.8,12,,,,,,
海南,海口,2024,22,2024-W22,1,中风险,5.9667,28.71,86.8643,80.62,3.0814,3.8,5.1,9,,,,,,
海南,海口,2024,23,2024-W23,1,中风险,3.6,28.6914,87.61,154.87,2.0414,3.9,4.9,2,,,,,,
海南,海口,2024,24,2024-W24,1,中风险,4.3667,29.0729,87.7943,42.44,2.9257,4,5.1,4,,,,,,
海南,海口,2024,25,2024-W25,1,中风险,6.0333,29.43,87.3886,33.9,3.4314,3.9,5.2,9,,,,,,
海南,海口,2024,26,2024-W26,1,中风险,4.3,28.9114,86.3843,39.12,3.9286,3.8,5.1,4,,,,,,
海南,海口,2024,27,2024-W27,1,中风险,4.6333,29.0657,86.1014,36.55,3.6986,3.8,5.1,5,,,,,,
海南,海口,2024,28,2024-W28,1,中风险,4.5,29.23,83.5329,64.65,3.1771,4.1,4.9,,,,,,,
海南,海口,2024,29,2024-W29,1,中风险,4.25,28.9157,89.2843,105.54,4.3986,3.8,4.7,,,,,,,
海南,海口,2024,30,2024-W30,1,中风险,4.2,28.8443,88.4057,91.56,4.2271,3.9,4.5,,,,,,,
海南,海口,2024,31,2024-W31,1,中风险,4,28.7914,84.9429,59.33,3.19,3.8,4.2,,,,,,,
海南,海口,2024,32,2024-W32,1,中风险,3.7,30.1386,78.3871,9.42,2.1743,3.5,3.9,,,,,,,
海南,海口,2024,33,2024-W33,1,中风险,3.6,29.3886,84.7086,60.64,2.5714,3.6,3.6,,,,,,,
海南,海口,2024,34,2024-W34,1,中风险,3.4,29.1471,84.8743,59.12,2.7571,3.6,3.2,,,,,,,
海南,海口,2024,35,2024-W35,1,中风险,3.25,29.3157,82.2871,31.73,2.5471,3.4,3.1,,,,,,,
海南,海口,2024,36,2024-W36,1,中风险,3.3,29.2371,85.4043,266.22,4.8786,3.4,3.2,,,,,,,
海南,海口,2024,37,2024-W37,1,中风险,4.9667,28.3186,81.8171,66.96,1.9429,3.4,3.5,8,,,,,,
海南,海口,2024,38,2024-W38,1,中风险,3.1,28.2386,87.1514,173.35,3.3757,3.6,3.7,2,,,,,,
海南,海口,2024,39,2024-W39,1,中风险,3.6333,27.3671,84.8943,77.22,2.2557,3.2,3.7,4,,,,,,
海南,海口,2024,40,2024-W40,1,中风险,3.85,26.7429,74.7857,19.84,3.5857,3.6,4.1,,,,,,,
海南,海口,2024,41,2024-W41,1,中风险,2.5,26.9986,79.1314,6.28,3.51,3.2,3.3,1,,,,,,
海南,海口,2024,42,2024-W42,1,中风险,5.7,27.2843,87.6557,86.69,3.9086,3.4,,8,,,,,,
海南,海口,2024,43,2024-W43,1,中风险,5.15,25.5314,80.0129,52.67,5.4957,3.3,,7,,,,,,
海南,海口,2024,44,2024-W44,1,中风险,4.3,24.5243,85.2157,237.22,5.03,3.5,3.4,6,,,,,,
海南,海口,2024,45,2024-W45,1,中风险,4.4,23.9371,80.6529,66.29,4.1757,3.6,3.6,6,,,,,,
海南,海口,2024,46,2024-W46,1,中风险,8.4,25.2014,85.5357,1.67,2.6457,3.8,,13,,,,,,
海南,海口,2024,47,2024-W47,1,中风险,12.05,22.5643,84.39,17.36,5.3814,4.1,,20,,,,,,
海南,海口,2024,48,2024-W48,1,中风险,12.9667,21.0957,73.0286,3.77,4.4757,4.4,3.5,31,,,,,,
海南,海口,2024,49,2024-W49,1,中风险,16.0667,21.7471,83.6557,1.13,4.1186,4.6,3.6,40,,,,,,
海南,海口,2024,50,2024-W50,1,中风险,41.1333,19.4043,79.8029,4.91,5.2514,5.4,4,114,,,,,,
海南,海口,2024,51,2024-W51,1,中风险,81.25,17.7057,69.1057,0,4.23,6.5,,156,,,,,,
海南,海口,2024,52,2024-W52,1,中风险,89.1,17.8686,77.6229,3.61,4.7886,7.2,,171,,,,,,
海南,海口,2025,1,2025-W01,1,中风险,53.2333,18.4029,78.0929,0.01,3.4743,7.5,7.2,145,,,,,,
海南,海口,2025,2,2025-W02,1,中风险,43.7,17.42,73.8843,0,4.2186,6.2,6.9,118,,,,,,
海南,海口,2025,3,2025-W03,1,中风险,10.5333,17.4329,74.77,11.04,3.8271,5.1,6.5,20,,,,,,
海南,海口,2025,4,2025-W04,1,中风险,4.1667,18.9071,81.9243,1.47,3.4329,4.2,5.3,3,,,,,,
海南,海口,2025,5,2025-W05,1,中风险,6.45,18.27,77.1886,0.35,3.4471,5.5,7.4,,,,,,,
海南,海口,2025,6,2025-W06,1,中风险,3.4667,17.4,75.4929,1.92,4.5157,3.9,5.5,1,,,,,,
海南,海口,2025,7,2025-W07,1,中风险,3.0333,19.7514,85.2129,4.52,3.35,3.4,4.7,1,,,,,,
海南,海口,2025,8,2025-W08,1,中风险,6.4667,20.13,84.6043,1.77,4.37,3.1,4.3,12,,,,,,
海南,海口,2025,9,2025-W09,1,中风险,16.4333,20.6357,81.8843,3.75,3.5486,3.1,4.2,42,,,,,,
海南,海口,2025,10,2025-W10,1,中风险,10.0333,21.3529,80.6586,28.5,3.9429,3.2,3.9,23,,,,,,
海南,海口,2025,11,2025-W11,1,中风险,6.7333,22.8914,82.1743,8.12,3.3386,3.2,4,13,,,,,,
海南,海口,2025,12,2025-W12,1,中风险,3.8,19.7914,67.0571,0.34,3.2043,3.3,4.1,4,,,,,,
海南,海口,2025,13,2025-W13,1,中风险,4.1667,23.09,76.7629,24.01,2.8771,3.4,4.1,5,,,,,,
海南,海口,2025,14,2025-W14,1,中风险,3.4333,20.8057,76.0929,6.67,3.4771,3.4,3.9,3,,,,,,
海南,海口,2025,15,2025-W15,1,中风险,3.55,25.2014,74.6929,5.04,2.89,3.2,3.9,,,,,,,
海南,海口,2025,16,2025-W16,1,中风险,3.7,26.3357,67.2729,4.82,2.1314,3.3,4.1,,,,,,,
海南,海口,2025,17,2025-W17,1,中风险,3.6,28.16,76.4057,30.31,1.9443,3.3,3.9,,,,,,,
海南,海口,2025,18,2025-W18,1,中风险,3.8,27.03,81.7771,55.04,1.7929,3.4,4.2,,,,,,,
海南,海口,2025,19,2025-W19,1,中风险,3.6,28.2671,80.2057,68.08,2.5429,3.1,4.1,,,,,,,
海南,海口,2025,20,2025-W20,1,中风险,2.9333,27.27,83.3871,92.51,2.0157,3.1,4.7,1,,,,,,
海南,海口,2025,21,2025-W21,1,中风险,5.3,28.1186,86.0929,70.53,2.83,3.2,4.7,8,,,,,,
海南,海口,2025,22,2025-W22,1,中风险,3.9667,27.9214,85.7457,59.89,2.9929,3.1,4.8,4,,,,,,
海南,海口,2025,23,2025-W23,1,中风险,3.2,28.7486,87.2414,32.25,2.6171,3.1,4.5,2,,,,,,
海南,海口,2025,24,2025-W24,1,中风险,3.0667,28.7729,87.1629,189.49,5.18,2.9,4.3,2,,,,,,
海南,海口,2025,25,2025-W25,2,低风险,3.9444,28.6257,87.3043,21.44,3.56,2.9,4.3,1,1.5,15.4,2.9,0.1,0.7,6.7
海南,海口,2025,26,2025-W26,2,低风险,3.9778,28.5643,84.4314,91.49,2.6186,3,4.3,2,1.6,14,3,0.2,0.8,6.9
海南,海口,2025,27,2025-W27,2,低风险,3.6889,28.1557,88.5843,136.06,2.6429,2.9,4.2,2,1.8,11.9,3.3,0.3,0.5,6.3
海南,海口,2025,28,2025-W28,2,低风险,3.7778,28.6729,85.9471,55.42,2.6229,2.7,4,1,1.8,13.4,3.3,0.2,0.8,6.8
海南,海口,2025,29,2025-W29,2,低风险,4.1625,29.0357,86.7,120.68,3.2129,2.6,3.8,,2.4,14,4.3,0.5,0.6,5.1
海南,海口,2025,30,2025-W30,2,低风险,3.8625,28.77,84.38,119.13,3.4971,2.6,3.6,,2.2,13.5,3.4,0.6,0.7,4.3
海南,海口,2025,31,2025-W31,2,低风险,3.9625,28.9886,87.5757,21.17,4.0343,2.6,3.5,,2.3,13.6,3.8,0.6,0.9,4.4
海南,海口,2025,32,2025-W32,2,低风险,3.4875,29.4129,82.8657,49.22,2.5786,2.5,3.5,,1.5,10.8,3.9,0.4,0.9,4.4
海南,海口,2025,33,2025-W33,2,低风险,3.5111,28.7114,85.2629,117.33,3.6214,2.5,3.4,2,1.5,11.9,3.6,0.6,0.5,5.6
海南,海口,2025,34,2025-W34,2,低风险,3.3375,28.2286,87.4014,58.96,4.2829,2.5,3.2,,1.9,10.5,3.2,0.5,0.6,4.3
海南,海口,2025,35,2025-W35,2,低风险,3.1875,27.64,88.63,97.02,4.5929,2.5,3.1,,2.4,8.5,3.7,0.4,0.6,4.3
海南,海口,2025,36,2025-W36,2,低风险,2.8444,28.1657,86.2471,59.38,2.3271,2.7,3.4,1,3.3,6.8,3.5,0.4,0.8,3.7
海南,海口,2025,37,2025-W37,2,低风险,3.3875,28.04,87.1,73,3.0043,2.8,3.6,,3.6,6.8,5.6,0.4,1,3.3
海南,海口,2025,38,2025-W38,1,中风险,4.2889,28.09,85.5129,59.98,2.6829,2.9,3.8,13,3.5,5.3,5.9,0.3,1.1,2.8
海南,海口,2025,39,2025-W39,1,中风险,4.5667,27.8971,86.4543,192.72,5.51,2.9,3.8,16,4.1,3.6,7.6,0.2,1,1.9
海南,海口,2025,40,2025-W40,1,中风险,3.8,27.5414,87.4929,240.74,4.4414,3.3,4.4,11,3,3.2,5.7,0.3,1.2,2.1
海南,海口,2025,41,2025-W41,1,中风险,2.9111,27.1771,87.6671,41.7,3.3771,2.8,4.1,4,3.5,2.3,6.7,0.3,1.1,1.4
海南,海口,2025,42,2025-W42,1,中风险,8.4625,27.3771,87.2743,41.42,3.6786,2.7,,49,5.8,1.8,5.6,0.5,1.3,1
海南,海口,2025,43,2025-W43,1,中风险,21.2875,23.5029,82.4929,39.81,6.72,3.6,,144,10.5,1.5,7,0.4,2.4,0.9
海南,海口,2025,44,2025-W44,1,中风险,43.0889,24.6257,87.1214,60.37,5.3029,5.1,4.6,347,17.5,1.4,6.6,0.4,4.2,1
海南,海口,2025,45,2025-W45,0,高风险,75.6222,24.35,90.1057,95.49,4.9843,6.1,5.5,621,29.8,1.1,6.1,0.5,9.8,0.7
海南,海口,2025,46,2025-W46,0,高风险,127.3125,22.5186,82.6386,1.93,4.6286,7,,955,38.1,0.5,5,0.3,11.4,1.2
海南,海口,2025,47,2025-W47,0,高风险,163.8,20.0443,74.8657,1.55,5.3714,8.6,,1234,44.8,0.6,4.3,0.6,16.4,1.1
海南,海口,2025,48,2025-W48,0,高风险,203.2,20.1214,73.73,2.13,4.5243,9.1,,1541,51.1,0.6,3.5,0.3,19,1
海南,海口,2025,49,2025-W49,0,高风险,146.6111,21.5214,85.7114,9.82,4.0014,7.9,11.1,1219,54.2,0.3,4,0.2,22.1,0.7
海南,海口,2025,50,2025-W50,0,高风险,82.9111,20.6857,83.9243,8.52,4.3929,6.3,9.7,651,50.2,0.5,4.9,0.2,22.5,0.9
海南,海口,2025,51,2025-W51,0,高风险,34.2625,21.2229,84.9114,1.84,3.7286,4.9,,201,41.9,0.7,6.1,0.4,18.6,0.5
海南,海口,2025,52,2025-W52,1,中风险,17.9875,19.6871,81.5286,0.7,3.95,4.2,,82,33.7,0.7,7.2,0.3,14.5,1.3
海南,海口,2026,1,2026-W01,1,中风险,10.6444,19.1071,78.9243,0.86,3.7943,4.1,5.4,37,27.4,1.1,8.8,0.2,10.6,1.2
海南,海口,2026,2,2026-W02,1,中风险,7.7889,16.7043,64.4257,0.03,4.0514,3.7,4.8,19,23.3,1.1,9.8,0.3,7.1,1
海南,海口,2026,3,2026-W03,1,中风险,7.3222,19.6729,80.7829,0,2.1357,3.5,4.7,18,21.3,0.9,9.3,0.3,6.9,1
海南,海口,2026,4,2026-W04,1,中风险,5.9333,18.6943,80.6857,0.16,4.2,3.4,4.3,8,18.8,1.5,8.3,0.2,7.7,1.2
海南,海口,2026,5,2026-W05,1,中风险,5.2222,19.8371,82.5757,0.85,3.4143,3.3,4,4,17.1,2.3,7.9,0.2,6.4,1.8
海南,海口,2026,6,2026-W06,1,中风险,4.6375,20.23,80.1771,0.05,3.4629,3,3.3,,13,2.2,8.6,0.2,5.1,1.7
海南,海口,2026,7,2026-W07,1,中风险,3.8222,21.3429,82.3543,1.03,3.3171,2.9,3.6,1,11,1.7,8,0.2,4.9,1.1
海南,海口,2026,8,2026-W08,1,中风险,4.425,21.82,80.7786,2.54,3.3857,4.9,4.8,,10.5,1.3,8,0,4.4,1.5
海南,海口,2026,9,2026-W09,1,中风险,3.95,24.2857,79.9571,7.12,2.3657,3,3,,11,2.3,6.6,0.2,4.1,1.4
海南,海口,2026,10,2026-W10,1,中风险,3.6125,22.3186,80.7357,44.08,4.4043,2.8,2.8,,9.4,2.6,6.8,0.2,3.3,1
海南,海口,2026,11,2026-W11,1,中风险,4.0556,21.0871,77.6314,4.75,4.4086,3,3,6,11.3,2.3,5.8,0.2,3.6,1.3
海南,海口,2026,12,2026-W12,1,中风险,7.3556,23.5114,80.24,0.25,3.3643,3.5,3.3,32,13.3,2.7,4.4,0.2,5.7,1.1
海南,海口,2026,13,2026-W13,1,中风险,11.1667,26.1057,75.26,0.04,2.57,3.6,3.5,64,15.5,2.4,3.9,0.1,6.2,1.3
海南,海口,2026,14,2026-W14,1,中风险,10.1778,27.3257,73.6171,7.74,3.0014,3.6,3.6,56,16.3,2,4,0.2,5,0.9
海南,海口,2026,15,2026-W15,1,中风险,6.2333,29.5414,68.34,0,3.5057,3.6,3.7,23,15.3,1.8,2.6,0.3,5.5,0.3
海南,海口,2026,16,2026-W16,1,中风险,5.3778,28.7671,69.3871,6.3,2.7629,3.5,3.7,18,13.4,1.3,2.6,0.2,4.9,0.8
海南,海口,2026,17,2026-W17,1,中风险,5.8,27.2757,75.5457,70.2,2.9829,3.7,3.9,20,14.8,1.3,2.3,0.2,5.3,0.7
海南,海口,2026,18,2026-W18,1,中风险,5.7222,25.9329,81.0714,81.55,2.6557,3.3,4.1,22,13.3,1.5,1.7,0.1,4.9,0.6
海南,海口,2026,19,2026-W19,1,中风险,3.9111,26.4814,85.9714,53.47,2.3314,3.6,4.1,7,12.2,1.4,2,0.1,4.2,0.6
海南,海口,2026,20,2026-W20,1,中风险,5.0333,27.9,85.9267,33.72,1.8583,3.4,4.2,18,11.9,1.7,1.2,0.2,4,0.7
湖北,武汉,2024,1,2024-W01,1,中风险,8.4,6.4257,76.1786,8.4,2.2029,7.1,9.7,,,,,,,
湖北,武汉,2024,2,2024-W02,1,中风险,7.5,8.7971,79.3971,0.68,2.1714,6.3,8.7,,,,,,,
湖北,武汉,2024,3,2024-W03,1,中风险,6.85,4.1357,83.2714,59.59,3.7057,6,7.7,,,,,,,
湖北,武汉,2024,4,2024-W04,1,中风险,6.1,1.6857,58.9529,0.97,2.3357,5.2,7,,,,,,,
湖北,武汉,2024,5,2024-W05,1,中风险,5.7,3.6314,87.46,81.07,3.2114,5,6.4,,,,,,,
湖北,武汉,2024,6,2024-W06,1,中风险,6.8,-0.5457,91.6786,14.1,2.0429,5.7,7.9,,,,,,,
湖北,武汉,2024,7,2024-W07,1,中风险,6.65,12.4557,79.3743,4.4,3.6257,5.7,7.6,,,,,,,
湖北,武汉,2024,8,2024-W08,1,中风险,5,1.3157,88.94,66.7,4.4986,4.3,5.7,,,,,,,
湖北,武汉,2024,9,2024-W09,1,中风险,4.1,5.2071,82.7086,7.32,2.3143,4.3,5,3,,,,,,
湖北,武汉,2024,10,2024-W10,1,中风险,10.5333,9.9171,78.31,3.73,2.68,4.1,5.5,22,,,,,,
湖北,武汉,2024,11,2024-W11,1,中风险,10.8333,14.7429,81.2186,9.3,2.4643,4.1,5.4,23,,,,,,
湖北,武汉,2024,12,2024-W12,1,中风险,6.3,15.9257,76.5271,34.9,3.0643,3.9,5,10,,,,,,
湖北,武汉,2024,13,2024-W13,1,中风险,6.8333,17.6286,78.7371,62.8,3.1643,3.8,4.7,12,,,,,,
湖北,武汉,2024,14,2024-W14,1,中风险,4.5,17.2886,82.46,42.68,3.0657,3.8,4.7,5,,,,,,
湖北,武汉,2024,15,2024-W15,1,中风险,3.9667,19.3743,83.3471,10.9,2.3786,3.6,4.3,4,,,,,,
湖北,武汉,2024,16,2024-W16,1,中风险,4.3667,20.5771,83.1457,68.77,2.8343,3.5,4.6,5,,,,,,
湖北,武汉,2024,17,2024-W17,1,中风险,5.4333,21.9986,78.35,41.12,1.9571,3.6,4.7,8,,,,,,
湖北,武汉,2024,18,2024-W18,1,中风险,4.4,18.3371,80.9571,63.5,3.0343,3.8,5,,,,,,,
湖北,武汉,2024,19,2024-W19,1,中风险,4.5,22.3186,77.6986,10.89,2.6986,3.6,4.9,5,,,,,,
湖北,武汉,2024,20,2024-W20,1,中风险,7.3667,24.15,73.8414,1.12,2.5843,4,5.1,13,,,,,,
湖北,武汉,2024,21,2024-W21,1,中风险,6.9,26.8371,78.2971,62.09,1.92,3.9,4.8,12,,,,,,
湖北,武汉,2024,22,2024-W22,1,中风险,5.9667,23.0171,79.1243,72.96,2.7214,3.8,5.1,9,,,,,,
湖北,武汉,2024,23,2024-W23,1,中风险,3.6,24.1443,74.7357,7.39,1.5886,3.9,4.9,2,,,,,,
湖北,武汉,2024,24,2024-W24,1,中风险,4.3667,28.0729,79.9071,6.58,1.7943,4,5.1,4,,,,,,
湖北,武汉,2024,25,2024-W25,1,中风险,6.0333,27.6229,83.3657,121.71,2.7757,3.9,5.2,9,,,,,,
湖北,武汉,2024,26,2024-W26,1,中风险,4.3,25.2943,88.1829,225.62,2.3986,3.8,5.1,4,,,,,,
湖北,武汉,2024,27,2024-W27,1,中风险,4.6333,28.4757,84.7443,109.27,4.1543,3.8,5.1,5,,,,,,
湖北,武汉,2024,28,2024-W28,1,中风险,4.5,29.5257,85.2814,110.36,2.8029,4.1,4.9,,,,,,,
湖北,武汉,2024,29,2024-W29,1,中风险,4.25,29.3771,85.6414,1.06,3.8871,3.8,4.7,,,,,,,
湖北,武汉,2024,30,2024-W30,1,中风险,4.2,31.0257,81.0343,29.45,3.1386,3.9,4.5,,,,,,,
湖北,武汉,2024,31,2024-W31,1,中风险,4,30.2871,81.0686,0.68,3.3029,3.8,4.2,,,,,,,
湖北,武汉,2024,32,2024-W32,1,中风险,3.7,31.1043,78.2557,1.51,2.1886,3.5,3.9,,,,,,,
湖北,武汉,2024,33,2024-W33,1,中风险,3.6,30.1771,74.9757,23.55,1.85,3.6,3.6,,,,,,,
湖北,武汉,2024,34,2024-W34,1,中风险,3.4,31.3443,72.9429,14.25,1.5329,3.6,3.2,,,,,,,
湖北,武汉,2024,35,2024-W35,1,中风险,3.25,29.9829,72.64,23.71,2.2886,3.4,3.1,,,,,,,
湖北,武汉,2024,36,2024-W36,1,中风险,3.3,31.47,70.2329,0.49,2.6871,3.4,3.2,,,,,,,
湖北,武汉,2024,37,2024-W37,1,中风险,4.9667,29.27,71.1529,6.36,2.8014,3.4,3.5,8,,,,,,
湖北,武汉,2024,38,2024-W38,1,中风险,3.1,27.9957,65.6371,0.76,3.8657,3.6,3.7,2,,,,,,
湖北,武汉,2024,39,2024-W39,1,中风险,3.6333,25.6914,63.8914,0,2.1014,3.2,3.7,4,,,,,,
湖北,武汉,2024,40,2024-W40,1,中风险,3.85,20.8686,55.6157,0.86,3.7729,3.6,4.1,,,,,,,
湖北,武汉,2024,41,2024-W41,1,中风险,2.5,21.5971,64.26,4.81,1.88,3.2,3.3,1,,,,,,
湖北,武汉,2024,42,2024-W42,1,中风险,5.7,21.0429,76.13,32.02,2.7929,3.4,,8,,,,,,
湖北,武汉,2024,43,2024-W43,1,中风险,5.15,17.6257,68.5643,20.93,2.7657,3.3,,7,,,,,,
湖北,武汉,2024,44,2024-W44,1,中风险,4.3,18.0971,67.6929,1.97,2.2714,3.5,3.4,6,,,,,,
湖北,武汉,2024,45,2024-W45,1,中风险,4.4,17.2286,68.7357,0.46,2.4629,3.6,3.6,6,,,,,,
湖北,武汉,2024,46,2024-W46,1,中风险,8.4,19.2043,75.1971,10.55,2.9114,3.8,,13,,,,,,
湖北,武汉,2024,47,2024-W47,1,中风险,12.05,12.4671,75.4671,5.79,2.3771,4.1,,20,,,,,,
湖北,武汉,2024,48,2024-W48,1,中风险,12.9667,9.9,57.9743,6.71,2.7414,4.4,3.5,31,,,,,,
湖北,武汉,2024,49,2024-W49,1,中风险,16.0667,9.9329,67.5743,7.6,2.9257,4.6,3.6,40,,,,,,
湖北,武汉,2024,50,2024-W50,1,中风险,41.1333,5.5671,60.8786,3.12,2.7529,5.4,4,114,,,,,,
湖北,武汉,2024,51,2024-W51,1,中风险,81.25,4.4557,56.7014,0,2.4414,6.5,,156,,,,,,
湖北,武汉,2024,52,2024-W52,1,中风险,89.1,5.0371,60.66,0,1.6557,7.2,,171,,,,,,
湖北,武汉,2025,1,2025-W01,1,中风险,53.2333,6.4571,62.7271,2.23,2.2486,7.5,7.2,145,,,,,,
湖北,武汉,2025,2,2025-W02,1,中风险,43.7,4.8543,50.4686,0,2.63,6.2,6.9,118,,,,,,
湖北,武汉,2025,3,2025-W03,1,中风险,10.5333,6.82,52.0871,0.01,2.3486,5.1,6.5,20,,,,,,
湖北,武汉,2025,4,2025-W04,1,中风险,4.1667,8.9357,67.62,33.37,3.2257,4.2,5.3,3,,,,,,
湖北,武汉,2025,5,2025-W05,1,中风险,6.45,5.9871,67.1614,15.58,2.9929,5.5,7.4,,,,,,,
湖北,武汉,2025,6,2025-W06,1,中风险,3.4667,4.5186,50.7786,0.06,3.1357,3.9,5.5,1,,,,,,
湖北,武汉,2025,7,2025-W07,1,中风险,3.0333,7.53,65.2614,5.92,2.1843,3.4,4.7,1,,,,,,
湖北,武汉,2025,8,2025-W08,1,中风险,6.4667,8.7286,72.6657,15.58,2.5643,3.1,4.3,12,,,,,,
湖北,武汉,2025,9,2025-W09,1,中风险,16.4333,12.8271,75.7643,3.98,2.8643,3.1,4.2,42,,,,,,
湖北,武汉,2025,10,2025-W10,1,中风险,10.0333,7.6529,73.3957,32.24,3.42,3.2,3.9,23,,,,,,
湖北,武汉,2025,11,2025-W11,1,中风险,6.7333,12.0857,81.1486,32.59,3.1857,3.2,4,13,,,,,,
湖北,武汉,2025,12,2025-W12,1,中风险,3.8,14.6429,56.8857,0.3,2.39,3.3,4.1,4,,,,,,
湖北,武汉,2025,13,2025-W13,1,中风险,4.1667,16.2714,60.3457,10.76,3.8486,3.4,4.1,5,,,,,,
湖北,武汉,2025,14,2025-W14,1,中风险,3.4333,17.09,59.3443,0,1.91,3.4,3.9,3,,,,,,
湖北,武汉,2025,15,2025-W15,1,中风险,3.55,20.8286,62.0386,58.77,3.6557,3.2,3.9,,,,,,,
湖北,武汉,2025,16,2025-W16,1,中风险,3.7,22.4657,65.7329,4.24,3.2214,3.3,4.1,,,,,,,
湖北,武汉,2025,17,2025-W17,1,中风险,3.6,22.0486,72.6629,33.01,2.77,3.3,3.9,,,,,,,
湖北,武汉,2025,18,2025-W18,1,中风险,3.8,23.82,62.7929,17.57,3.4314,3.4,4.2,,,,,,,
湖北,武汉,2025,19,2025-W19,1,中风险,3.6,21.2986,67.9529,107.02,3.4957,3.1,4.1,,,,,,,
湖北,武汉,2025,20,2025-W20,1,中风险,2.9333,24.2357,71.4529,31.77,2.8143,3.1,4.7,1,,,,,,
湖北,武汉,2025,21,2025-W21,1,中风险,5.3,25.0414,76.7729,87.81,3.21,3.2,4.7,8,,,,,,
湖北,武汉,2025,22,2025-W22,1,中风险,3.9667,23.3571,79.46,80.08,2.4929,3.1,4.8,4,,,,,,
湖北,武汉,2025,23,2025-W23,1,中风险,3.2,26.0057,77.2286,123.92,2.7129,3.1,4.5,2,,,,,,
湖北,武汉,2025,24,2025-W24,1,中风险,3.0667,26.7457,80.0529,24.65,2.1471,2.9,4.3,2,,,,,,
湖北,武汉,2025,25,2025-W25,2,低风险,3.9444,26.7557,85.7729,209.56,4.01,2.9,4.3,1,1.5,15.4,2.9,0.1,0.7,6.7
湖北,武汉,2025,26,2025-W26,2,低风险,3.9778,26.7757,85.3429,103.29,2.1629,3,4.3,2,1.6,14,3,0.2,0.8,6.9
湖北,武汉,2025,27,2025-W27,2,低风险,3.6889,30.5943,78.9157,3.02,2.4471,2.9,4.2,2,1.8,11.9,3.3,0.3,0.5,6.3
湖北,武汉,2025,28,2025-W28,2,低风险,3.7778,30.3486,77.1443,14.16,2.3571,2.7,4,1,1.8,13.4,3.3,0.2,0.8,6.8
湖北,武汉,2025,29,2025-W29,2,低风险,4.1625,30.6043,79.1829,17.74,2.6157,2.6,3.8,,2.4,14,4.3,0.5,0.6,5.1
湖北,武汉,2025,30,2025-W30,2,低风险,3.8625,29.9386,81.0571,18.24,2.6429,2.6,3.6,,2.2,13.5,3.4,0.6,0.7,4.3
湖北,武汉,2025,31,2025-W31,2,低风险,3.9625,30.6929,74.2714,5.43,2.0086,2.6,3.5,,2.3,13.6,3.8,0.6,0.9,4.4
湖北,武汉,2025,32,2025-W32,2,低风险,3.4875,31.3757,77.6257,39.53,2.6586,2.5,3.5,,1.5,10.8,3.9,0.4,0.9,4.4
湖北,武汉,2025,33,2025-W33,2,低风险,3.5111,30.1143,76.1929,53.41,1.8629,2.5,3.4,2,1.5,11.9,3.6,0.6,0.5,5.6
湖北,武汉,2025,34,2025-W34,2,低风险,3.3375,31.15,70.2443,7.78,3.1443,2.5,3.2,,1.9,10.5,3.2,0.5,0.6,4.3
湖北,武汉,2025,35,2025-W35,2,低风险,3.1875,31.3829,69.1343,34.51,1.7129,2.5,3.1,,2.4,8.5,3.7,0.4,0.6,4.3
湖北,武汉,2025,36,2025-W36,2,低风险,2.8444,29.6771,75.8457,56.89,1.6743,2.7,3.4,1,3.3,6.8,3.5,0.4,0.8,3.7
湖北,武汉,2025,37,2025-W37,2,低风险,3.3875,27.5129,84.7343,85.36,1.7371,2.8,3.6,,3.6,6.8,5.6,0.4,1,3.3
湖北,武汉,2025,38,2025-W38,1,中风险,4.2889,25.6114,81.5986,5.89,2.8243,2.9,3.8,13,3.5,5.3,5.9,0.3,1.1,2.8
湖北,武汉,2025,39,2025-W39,1,中风险,4.5667,24.1657,85.3529,32.45,2.5829,2.9,3.8,16,4.1,3.6,7.6,0.2,1,1.9
湖北,武汉,2025,40,2025-W40,1,中风险,3.8,25.51,84.02,6.63,2.0571,3.3,4.4,11,3,3.2,5.7,0.3,1.2,2.1
湖北,武汉,2025,41,2025-W41,1,中风险,2.9111,27.3557,80.3214,1.63,2.2071,2.8,4.1,4,3.5,2.3,6.7,0.3,1.1,1.4
湖北,武汉,2025,42,2025-W42,1,中风险,8.4625,19.5343,83.6486,53.77,3.37,2.7,,49,5.8,1.8,5.6,0.5,1.3,1
湖北,武汉,2025,43,2025-W43,1,中风险,21.2875,12.9557,78.5871,13.67,3.5029,3.6,,144,10.5,1.5,7,0.4,2.4,0.9
湖北,武汉,2025,44,2025-W44,1,中风险,43.0889,16.1486,81.6671,11.02,1.6014,5.1,4.6,347,17.5,1.4,6.6,0.4,4.2,1
湖北,武汉,2025,45,2025-W45,0,高风险,75.6222,15.9043,84.5214,28.91,2.59,6.1,5.5,621,29.8,1.1,6.1,0.5,9.8,0.7
湖北,武汉,2025,46,2025-W46,0,高风险,127.3125,15.5057,73.9643,0.96,2.1414,7,,955,38.1,0.5,5,0.3,11.4,1.2
湖北,武汉,2025,47,2025-W47,0,高风险,163.8,9.3786,63.7257,2.88,2.6957,8.6,,1234,44.8,0.6,4.3,0.6,16.4,1.1
湖北,武汉,2025,48,2025-W48,0,高风险,203.2,11.2214,62.0686,0,2.5057,9.1,,1541,51.1,0.6,3.5,0.3,19,1
湖北,武汉,2025,49,2025-W49,0,高风险,146.6111,9.5014,69.1414,0,2.5986,7.9,11.1,1219,54.2,0.3,4,0.2,22.1,0.7
湖北,武汉,2025,50,2025-W50,0,高风险,82.9111,9.3014,72.03,2.85,2.8186,6.3,9.7,651,50.2,0.5,4.9,0.2,22.5,0.9
湖北,武汉,2025,51,2025-W51,0,高风险,34.2625,9.4571,74.6057,6.08,3.0843,4.9,,201,41.9,0.7,6.1,0.4,18.6,0.5
湖北,武汉,2025,52,2025-W52,1,中风险,17.9875,6.9514,72.6129,11.83,2.7586,4.2,,82,33.7,0.7,7.2,0.3,14.5,1.3
湖北,武汉,2026,1,2026-W01,1,中风险,10.6444,6.0714,74.0543,17.42,2.84,4.1,5.4,37,27.4,1.1,8.8,0.2,10.6,1.2
湖北,武汉,2026,2,2026-W02,1,中风险,7.7889,5.4843,66.0714,0.05,2.5271,3.7,4.8,19,23.3,1.1,9.8,0.3,7.1,1
湖北,武汉,2026,3,2026-W03,1,中风险,7.3222,10.2857,73.5071,2.01,2.4086,3.5,4.7,18,21.3,0.9,9.3,0.3,6.9,1
湖北,武汉,2026,4,2026-W04,1,中风险,5.9333,1.7829,74.64,14.27,3.5229,3.4,4.3,8,18.8,1.5,8.3,0.2,7.7,1.2
湖北,武汉,2026,5,2026-W05,1,中风险,5.2222,4.9171,82.3971,15.95,2.7314,3.3,4,4,17.1,2.3,7.9,0.2,6.4,1.8
湖北,武汉,2026,6,2026-W06,1,中风险,4.6375,7.0686,73.9143,3.35,2.3986,3,3.3,,13,2.2,8.6,0.2,5.1,1.7
湖北,武汉,2026,7,2026-W07,1,中风险,3.8222,8.92,76.4314,7.61,2.39,2.9,3.6,1,11,1.7,8,0.2,4.9,1.1
湖北,武汉,2026,8,2026-W08,1,中风险,4.425,9.0571,74.1257,5.31,3.1071,4.9,4.8,,10.5,1.3,8,0,4.4,1.5
湖北,武汉,2026,9,2026-W09,1,中风险,3.95,10.77,86.0971,57.8,3.5,3,3,,11,2.3,6.6,0.2,4.1,1.4
湖北,武汉,2026,10,2026-W10,1,中风险,3.6125,9.42,80.8043,7.1,2.7229,2.8,2.8,,9.4,2.6,6.8,0.2,3.3,1
湖北,武汉,2026,11,2026-W11,1,中风险,4.0556,12.6971,72.7786,10.88,3.3243,3,3,6,11.3,2.3,5.8,0.2,3.6,1.3
湖北,武汉,2026,12,2026-W12,1,中风险,7.3556,12.2729,81.6386,47.31,1.8857,3.5,3.3,32,13.3,2.7,4.4,0.2,5.7,1.1
湖北,武汉,2026,13,2026-W13,1,中风险,11.1667,16.4229,79.8786,17.87,1.7829,3.6,3.5,64,15.5,2.4,3.9,0.1,6.2,1.3
湖北,武汉,2026,14,2026-W14,1,中风险,10.1778,16.8943,81.1486,28.4,2.5457,3.6,3.6,56,16.3,2,4,0.2,5,0.9
湖北,武汉,2026,15,2026-W15,1,中风险,6.2333,20.6086,84.3843,74.31,2.9029,3.6,3.7,23,15.3,1.8,2.6,0.3,5.5,0.3
湖北,武汉,2026,16,2026-W16,1,中风险,5.3778,20.1043,79.2629,11.1,1.8943,3.5,3.7,18,13.4,1.3,2.6,0.2,4.9,0.8
湖北,武汉,2026,17,2026-W17,1,中风险,5.8,16.7629,80.4271,20.09,3.1186,3.7,3.9,20,14.8,1.3,2.3,0.2,5.3,0.7
湖北,武汉,2026,18,2026-W18,1,中风险,5.7222,18.2029,78.6114,37.24,2.9157,3.3,4.1,22,13.3,1.5,1.7,0.1,4.9,0.6
湖北,武汉,2026,19,2026-W19,1,中风险,3.9111,21.3386,73.2529,25.49,2.1414,3.6,4.1,7,12.2,1.4,2,0.1,4.2,0.6
湖北,武汉,2026,20,2026-W20,1,中风险,5.0333,24.0633,83.8167,63.55,2.0717,3.4,4.2,18,11.9,1.7,1.2,0.2,4,0.7
湖南,长沙,2024,1,2024-W01,1,中风险,8.4,8.81,77.0729,19.42,1.6271,7.1,9.7,,,,,,,
湖南,长沙,2024,2,2024-W02,1,中风险,7.5,11.8357,80.1457,9.9,1.5486,6.3,8.7,,,,,,,
湖南,长沙,2024,3,2024-W03,1,中风险,6.85,6.7814,85.4129,59.97,3.0029,6,7.7,,,,,,,
湖南,长沙,2024,4,2024-W04,1,中风险,6.1,1.3314,73.5257,18.53,1.9029,5.2,7,,,,,,,
湖南,长沙,2024,5,2024-W05,1,中风险,5.7,5.0457,89.8157,54.82,2.7643,5,6.4,,,,,,,
湖南,长沙,2024,6,2024-W06,1,中风险,6.8,0.9243,88.2214,35.64,2.0314,5.7,7.9,,,,,,,
湖南,长沙,2024,7,2024-W07,1,中风险,6.65,14.4943,79.2671,12.72,3.81,5.7,7.6,,,,,,,
湖南,长沙,2024,8,2024-W08,1,中风险,5,4.3771,82.8429,27.36,3.9514,4.3,5.7,,,,,,,
湖南,长沙,2024,9,2024-W09,1,中风险,4.1,5.4971,83.7414,29.59,1.9957,4.3,5,3,,,,,,
湖南,长沙,2024,10,2024-W10,1,中风险,10.5333,11.2886,79.7943,9.29,2.4886,4.1,5.5,22,,,,,,
湖南,长沙,2024,11,2024-W11,1,中风险,10.8333,15.4457,80.8743,32.18,1.6957,4.1,5.4,23,,,,,,
湖南,长沙,2024,12,2024-W12,1,中风险,6.3,17.1686,78.1429,17.77,3.3557,3.9,5,10,,,,,,
湖南,长沙,2024,13,2024-W13,1,中风险,6.8333,18.8586,79.1086,59.05,2.8914,3.8,4.7,12,,,,,,
湖南,长沙,2024,14,2024-W14,1,中风险,4.5,18.52,87.25,97.42,3.0571,3.8,4.7,5,,,,,,
湖南,长沙,2024,15,2024-W15,1,中风险,3.9667,20.5314,85.3671,23.14,1.8957,3.6,4.3,4,,,,,,
湖南,长沙,2024,16,2024-W16,1,中风险,4.3667,22.0329,88.49,79.44,2.4057,3.5,4.6,5,,,,,,
湖南,长沙,2024,17,2024-W17,1,中风险,5.4333,22.1686,82.0886,25.77,1.3614,3.6,4.7,8,,,,,,
湖南,长沙,2024,18,2024-W18,1,中风险,4.4,19.5343,88.2386,117.23,2.4643,3.8,5,,,,,,,
湖南,长沙,2024,19,2024-W19,1,中风险,4.5,22.6414,80.6286,26.29,1.9714,3.6,4.9,5,,,,,,
湖南,长沙,2024,20,2024-W20,1,中风险,7.3667,23.2286,76.1814,11.42,1.8529,4,5.1,13,,,,,,
湖南,长沙,2024,21,2024-W21,1,中风险,6.9,25.7729,80.7071,50.68,1.6214,3.9,4.8,12,,,,,,
湖南,长沙,2024,22,2024-W22,1,中风险,5.9667,23.6343,85.2929,72.53,2.1914,3.8,5.1,9,,,,,,
湖南,长沙,2024,23,2024-W23,1,中风险,3.6,23.4229,82.3629,29.74,1.5343,3.9,4.9,2,,,,,,
湖南,长沙,2024,24,2024-W24,1,中风险,4.3667,27.57,85.5571,97.52,1.4786,4,5.1,4,,,,,,
湖南,长沙,2024,25,2024-W25,1,中风险,6.0333,27.8729,90.0086,155.42,2.72,3.9,5.2,9,,,,,,
湖南,长沙,2024,26,2024-W26,1,中风险,4.3,25.7343,91.9714,237.35,2.4129,3.8,5.1,4,,,,,,
湖南,长沙,2024,27,2024-W27,1,中风险,4.6333,27.8343,87.3,84.62,3.3829,3.8,5.1,5,,,,,,
湖南,长沙,2024,28,2024-W28,1,中风险,4.5,29.2,83.7729,0.15,3.02,4.1,4.9,,,,,,,
湖南,长沙,2024,29,2024-W29,1,中风险,4.25,29.1343,82.0871,0.09,2.9243,3.8,4.7,,,,,,,
湖南,长沙,2024,30,2024-W30,1,中风险,4.2,29.8529,83.0914,236,2.6471,3.9,4.5,,,,,,,
湖南,长沙,2024,31,2024-W31,1,中风险,4,29.1057,82.3957,9.6,2.6686,3.8,4.2,,,,,,,
湖南,长沙,2024,32,2024-W32,1,中风险,3.7,30.0643,80.0114,19.92,1.8757,3.5,3.9,,,,,,,
湖南,长沙,2024,33,2024-W33,1,中风险,3.6,27.8429,86.77,46.85,1.34,3.6,3.6,,,,,,,
湖南,长沙,2024,34,2024-W34,1,中风险,3.4,29.1386,80.6486,16.6,1.6786,3.6,3.2,,,,,,,
湖南,长沙,2024,35,2024-W35,1,中风险,3.25,28.9329,80.0457,9.54,1.4557,3.4,3.1,,,,,,,
湖南,长沙,2024,36,2024-W36,1,中风险,3.3,29.9414,82.4443,11.22,1.52,3.4,3.2,,,,,,,
湖南,长沙,2024,37,2024-W37,1,中风险,4.9667,27.6014,81.3286,7.77,1.5157,3.4,3.5,8,,,,,,
湖南,长沙,2024,38,2024-W38,1,中风险,3.1,26.6429,80.6614,49.18,2.7329,3.6,3.7,2,,,,,,
湖南,长沙,2024,39,2024-W39,1,中风险,3.6333,24.73,75.1643,0.16,1.3471,3.2,3.7,4,,,,,,
湖南,长沙,2024,40,2024-W40,1,中风险,3.85,20.3686,65.7743,7.35,2.7157,3.6,4.1,,,,,,,
湖南,长沙,2024,41,2024-W41,1,中风险,2.5,21.2743,70.57,0.66,1.8171,3.2,3.3,1,,,,,,
湖南,长沙,2024,42,2024-W42,1,中风险,5.7,21.5429,85.53,43.3,1.8786,3.4,,8,,,,,,
湖南,长沙,2024,43,2024-W43,1,中风险,5.15,16.8743,77.06,17.74,2.5571,3.3,,7,,,,,,
湖南,长沙,2024,44,2024-W44,1,中风险,4.3,16.9586,75.7871,2.66,2.0157,3.5,3.4,6,,,,,,
湖南,长沙,2024,45,2024-W45,1,中风险,4.4,17.1571,72.0843,0.12,1.7557,3.6,3.6,6,,,,,,
湖南,长沙,2024,46,2024-W46,1,中风险,8.4,20.0757,80.8986,21.25,1.9857,3.8,,13,,,,,,
湖南,长沙,2024,47,2024-W47,1,中风险,12.05,12.8414,82.6814,9.33,1.95,4.1,,20,,,,,,
湖南,长沙,2024,48,2024-W48,1,中风险,12.9667,10.98,61.8786,16.58,1.8043,4.4,3.5,31,,,,,,
湖南,长沙,2024,49,2024-W49,1,中风险,16.0667,11.8371,76.1214,10.8,2.1857,4.6,3.6,40,,,,,,
湖南,长沙,2024,50,2024-W50,1,中风险,41.1333,6.18,68.9214,7.04,2.44,5.4,4,114,,,,,,
湖南,长沙,2024,51,2024-W51,1,中风险,81.25,5.3314,60.3671,0.08,1.7814,6.5,,156,,,,,,
湖南,长沙,2024,52,2024-W52,1,中风险,89.1,5.7543,67.78,0.15,1.9257,7.2,,171,,,,,,
湖南,长沙,2025,1,2025-W01,1,中风险,53.2333,7.9914,62.8629,0.04,1.7314,7.5,7.2,145,,,,,,
湖南,长沙,2025,2,2025-W02,1,中风险,43.7,6.1257,59.33,2.41,1.9,6.2,6.9,118,,,,,,
湖南,长沙,2025,3,2025-W03,1,中风险,10.5333,8.4171,54.9486,0.01,1.9229,5.1,6.5,20,,,,,,
湖南,长沙,2025,4,2025-W04,1,中风险,4.1667,11.0714,69.4614,20.28,2.3171,4.2,5.3,3,,,,,,
湖南,长沙,2025,5,2025-W05,1,中风险,6.45,8.1,70.2586,23.49,2.33,5.5,7.4,,,,,,,
湖南,长沙,2025,6,2025-W06,1,中风险,3.4667,6.3129,60.8843,1.62,2.4271,3.9,5.5,1,,,,,,
湖南,长沙,2025,7,2025-W07,1,中风险,3.0333,9.1857,71.6543,25.8,2.0857,3.4,4.7,1,,,,,,
湖南,长沙,2025,8,2025-W08,1,中风险,6.4667,8.1771,84.5157,63.87,2.04,3.1,4.3,12,,,,,,
湖南,长沙,2025,9,2025-W09,1,中风险,16.4333,14.5729,78.5657,7.87,3.0986,3.1,4.2,42,,,,,,
湖南,长沙,2025,10,2025-W10,1,中风险,10.0333,7.5971,78.3429,48.28,2.7114,3.2,3.9,23,,,,,,
湖南,长沙,2025,11,2025-W11,1,中风险,6.7333,13.65,83.4557,58.86,2.82,3.2,4,13,,,,,,
湖南,长沙,2025,12,2025-W12,1,中风险,3.8,15.15,57.3943,0.04,1.5986,3.3,4.1,4,,,,,,
湖南,长沙,2025,13,2025-W13,1,中风险,4.1667,16.2029,72.22,38.15,3.67,3.4,4.1,5,,,,,,
湖南,长沙,2025,14,2025-W14,1,中风险,3.4333,16.1586,63.4386,1.6,1.22,3.4,3.9,3,,,,,,
湖南,长沙,2025,15,2025-W15,1,中风险,3.55,20.7557,71.5757,33.79,2.6886,3.2,3.9,,,,,,,
湖南,长沙,2025,16,2025-W16,1,中风险,3.7,22.4286,71.0129,49.27,2.7414,3.3,4.1,,,,,,,
湖南,长沙,2025,17,2025-W17,1,中风险,3.6,21.1386,82.2686,117.53,2.7986,3.3,3.9,,,,,,,
湖南,长沙,2025,18,2025-W18,1,中风险,3.8,23.2057,75.6657,3.68,1.8757,3.4,4.2,,,,,,,
湖南,长沙,2025,19,2025-W19,1,中风险,3.6,21.9643,76.3543,56.4,2.3429,3.1,4.1,,,,,,,
湖南,长沙,2025,20,2025-W20,1,中风险,2.9333,23.6671,76.6857,76.43,1.86,3.1,4.7,1,,,,,,
湖南,长沙,2025,21,2025-W21,1,中风险,5.3,24.42,81.0929,83.59,2.9771,3.2,4.7,8,,,,,,
湖南,长沙,2025,22,2025-W22,1,中风险,3.9667,23.3629,81.8186,66.1,2.1443,3.1,4.8,4,,,,,,
湖南,长沙,2025,23,2025-W23,1,中风险,3.2,25.76,79.6814,49.23,2.1057,3.1,4.5,2,,,,,,
湖南,长沙,2025,24,2025-W24,1,中风险,3.0667,26.8343,81.7686,71.99,1.4486,2.9,4.3,2,,,,,,
湖南,长沙,2025,25,2025-W25,2,低风险,3.9444,26.6943,85.6371,59.39,3.4386,2.9,4.3,1,1.5,15.4,2.9,0.1,0.7,6.7
湖南,长沙,2025,26,2025-W26,2,低风险,3.9778,26.8071,85.1443,92.22,1.8243,3,4.3,2,1.6,14,3,0.2,0.8,6.9
湖南,长沙,2025,27,2025-W27,2,低风险,3.6889,29.8543,77.6786,1.29,1.7571,2.9,4.2,2,1.8,11.9,3.3,0.3,0.5,6.3
湖南,长沙,2025,28,2025-W28,2,低风险,3.7778,29.3643,80.8571,39.65,1.6371,2.7,4,1,1.8,13.4,3.3,0.2,0.8,6.8
湖南,长沙,2025,29,2025-W29,2,低风险,4.1625,29.8643,81.04,18.96,1.7457,2.6,3.8,,2.4,14,4.3,0.5,0.6,5.1
湖南,长沙,2025,30,2025-W30,2,低风险,3.8625,28.6014,85.5471,48.2,1.8343,2.6,3.6,,2.2,13.5,3.4,0.6,0.7,4.3
湖南,长沙,2025,31,2025-W31,2,低风险,3.9625,29.5214,81.4757,23.23,1.5157,2.6,3.5,,2.3,13.6,3.8,0.6,0.9,4.4
湖南,长沙,2025,32,2025-W32,2,低风险,3.4875,29.4929,80.1386,16.83,2.7071,2.5,3.5,,1.5,10.8,3.9,0.4,0.9,4.4
湖南,长沙,2025,33,2025-W33,2,低风险,3.5111,28.9471,78.0257,14.59,1.7386,2.5,3.4,2,1.5,11.9,3.6,0.6,0.5,5.6
湖南,长沙,2025,34,2025-W34,2,低风险,3.3375,29.23,74.8029,3.51,2.4229,2.5,3.2,,1.9,10.5,3.2,0.5,0.6,4.3
湖南,长沙,2025,35,2025-W35,2,低风险,3.1875,30.0657,70.9486,13.33,1.2243,2.5,3.1,,2.4,8.5,3.7,0.4,0.6,4.3
湖南,长沙,2025,36,2025-W36,2,低风险,2.8444,30.3814,71.3871,8.1,1.3829,2.7,3.4,1,3.3,6.8,3.5,0.4,0.8,3.7
湖南,长沙,2025,37,2025-W37,2,低风险,3.3875,29.7429,71.8386,10.54,1.6614,2.8,3.6,,3.6,6.8,5.6,0.4,1,3.3
湖南,长沙,2025,38,2025-W38,1,中风险,4.2889,28.3129,69.9929,9.9,2.3214,2.9,3.8,13,3.5,5.3,5.9,0.3,1.1,2.8
湖南,长沙,2025,39,2025-W39,1,中风险,4.5667,25.6686,79.3371,30.41,2.5643,2.9,3.8,16,4.1,3.6,7.6,0.2,1,1.9
湖南,长沙,2025,40,2025-W40,1,中风险,3.8,28.6214,71.14,0.89,1.5414,3.3,4.4,11,3,3.2,5.7,0.3,1.2,2.1
湖南,长沙,2025,41,2025-W41,1,中风险,2.9111,30.5214,63.56,0.54,1.3743,2.8,4.1,4,3.5,2.3,6.7,0.3,1.1,1.4
湖南,长沙,2025,42,2025-W42,1,中风险,8.4625,22.8657,77.24,24.01,2.6657,2.7,,49,5.8,1.8,5.6,0.5,1.3,1
湖南,长沙,2025,43,2025-W43,1,中风险,21.2875,14.8071,74.3929,18.03,3.3614,3.6,,144,10.5,1.5,7,0.4,2.4,0.9
湖南,长沙,2025,44,2025-W44,1,中风险,43.0889,17.8214,74.5571,6.57,1.54,5.1,4.6,347,17.5,1.4,6.6,0.4,4.2,1
湖南,长沙,2025,45,2025-W45,0,高风险,75.6222,17.1129,83.3214,84.8,2.02,6.1,5.5,621,29.8,1.1,6.1,0.5,9.8,0.7
湖南,长沙,2025,46,2025-W46,0,高风险,127.3125,15.7086,76.45,9.53,2.0929,7,,955,38.1,0.5,5,0.3,11.4,1.2
湖南,长沙,2025,47,2025-W47,0,高风险,163.8,9.9543,63.4843,1.88,2.4486,8.6,,1234,44.8,0.6,4.3,0.6,16.4,1.1
湖南,长沙,2025,48,2025-W48,0,高风险,203.2,11.5371,57.0614,0.01,1.9643,9.1,,1541,51.1,0.6,3.5,0.3,19,1
湖南,长沙,2025,49,2025-W49,0,高风险,146.6111,11.1129,67.2114,0.18,1.9486,7.9,11.1,1219,54.2,0.3,4,0.2,22.1,0.7
湖南,长沙,2025,50,2025-W50,0,高风险,82.9111,11.4971,72.0429,9.76,1.9886,6.3,9.7,651,50.2,0.5,4.9,0.2,22.5,0.9
湖南,长沙,2025,51,2025-W51,0,高风险,34.2625,12.3286,69.8514,0.16,2.2286,4.9,,201,41.9,0.7,6.1,0.4,18.6,0.5
湖南,长沙,2025,52,2025-W52,1,中风险,17.9875,8.1829,70.02,13.97,2.16,4.2,,82,33.7,0.7,7.2,0.3,14.5,1.3
湖南,长沙,2026,1,2026-W01,1,中风险,10.6444,7.2186,76.0071,19.71,2.1129,4.1,5.4,37,27.4,1.1,8.8,0.2,10.6,1.2
湖南,长沙,2026,2,2026-W02,1,中风险,7.7889,6.5829,61.0914,0.13,1.8614,3.7,4.8,19,23.3,1.1,9.8,0.3,7.1,1
湖南,长沙,2026,3,2026-W03,1,中风险,7.3222,12.5657,73.1629,5.73,1.8043,3.5,4.7,18,21.3,0.9,9.3,0.3,6.9,1
湖南,长沙,2026,4,2026-W04,1,中风险,5.9333,3.7071,76.2014,5.98,2.7786,3.4,4.3,8,18.8,1.5,8.3,0.2,7.7,1.2
湖南,长沙,2026,5,2026-W05,1,中风险,5.2222,5.9643,81.2886,9.36,2.7186,3.3,4,4,17.1,2.3,7.9,0.2,6.4,1.8
湖南,长沙,2026,6,2026-W06,1,中风险,4.6375,9.04,73.4,6.63,2.3229,3,3.3,,13,2.2,8.6,0.2,5.1,1.7
湖南,长沙,2026,7,2026-W07,1,中风险,3.8222,10.4786,79.4529,15.72,1.8543,2.9,3.6,1,11,1.7,8,0.2,4.9,1.1
湖南,长沙,2026,8,2026-W08,1,中风险,4.425,9.7286,79.5086,26.73,2.4329,4.9,4.8,,10.5,1.3,8,0,4.4,1.5
湖南,长沙,2026,9,2026-W09,1,中风险,3.95,12.9257,83.7414,82.16,2.9529,3,3,,11,2.3,6.6,0.2,4.1,1.4
湖南,长沙,2026,10,2026-W10,1,中风险,3.6125,10.7486,81.3371,19.55,2.4886,2.8,2.8,,9.4,2.6,6.8,0.2,3.3,1
湖南,长沙,2026,11,2026-W11,1,中风险,4.0556,13.9786,70.1557,7.62,2.2957,3,3,6,11.3,2.3,5.8,0.2,3.6,1.3
湖南,长沙,2026,12,2026-W12,1,中风险,7.3556,12.5814,86.1014,58.31,1.9171,3.5,3.3,32,13.3,2.7,4.4,0.2,5.7,1.1
湖南,长沙,2026,13,2026-W13,1,中风险,11.1667,16.4943,87.2957,101.6,1.6829,3.6,3.5,64,15.5,2.4,3.9,0.1,6.2,1.3
湖南,长沙,2026,14,2026-W14,1,中风险,10.1778,17.4829,83.4271,88.83,2.4329,3.6,3.6,56,16.3,2,4,0.2,5,0.9
湖南,长沙,2026,15,2026-W15,1,中风险,6.2333,22.6686,85.4571,89.06,3.0214,3.6,3.7,23,15.3,1.8,2.6,0.3,5.5,0.3
湖南,长沙,2026,16,2026-W16,1,中风险,5.3778,19.9614,84.19,57.63,1.83,3.5,3.7,18,13.4,1.3,2.6,0.2,4.9,0.8
湖南,长沙,2026,17,2026-W17,1,中风险,5.8,17.77,82.09,79.09,2.28,3.7,3.9,20,14.8,1.3,2.3,0.2,5.3,0.7
湖南,长沙,2026,18,2026-W18,1,中风险,5.7222,18.9171,82.2143,64.79,2.3843,3.3,4.1,22,13.3,1.5,1.7,0.1,4.9,0.6
湖南,长沙,2026,19,2026-W19,1,中风险,3.9111,20.7629,82.5314,25.16,1.5557,3.6,4.1,7,12.2,1.4,2,0.1,4.2,0.6
湖南,长沙,2026,20,2026-W20,1,中风险,5.0333,23.7033,88.9883,41.62,1.4017,3.4,4.2,18,11.9,1.7,1.2,0.2,4,0.7
甘肃,兰州,2024,1,2024-W01,1,中风险,8.4,-3.3257,50.0543,0,1.3557,7.1,9.7,,,,,,,
甘肃,兰州,2024,2,2024-W02,1,中风险,7.5,-1.3086,42.6286,0.06,1.7786,6.3,8.7,,,,,,,
甘肃,兰州,2024,3,2024-W03,1,中风险,6.85,-3.2743,64.9529,1.05,2.0186,6,7.7,,,,,,,
甘肃,兰州,2024,4,2024-W04,1,中风险,6.1,-9.7957,63.9029,0.31,1.6086,5.2,7,,,,,,,
甘肃,兰州,2024,5,2024-W05,1,中风险,5.7,-3.8429,67.62,4.28,1.8614,5,6.4,,,,,,,
甘肃,兰州,2024,6,2024-W06,1,中风险,6.8,-3.4243,58.1943,0.59,1.9543,5.7,7.9,,,,,,,
甘肃,兰州,2024,7,2024-W07,1,中风险,6.65,0.5529,42.9943,0.2,2.8243,5.7,7.6,,,,,,,
甘肃,兰州,2024,8,2024-W08,1,中风险,5,-5.7071,70.3743,4.85,2.5586,4.3,5.7,,,,,,,
甘肃,兰州,2024,9,2024-W09,1,中风险,4.1,-4.1386,73.6986,3.1,2.1314,4.3,5,3,,,,,,
甘肃,兰州,2024,10,2024-W10,1,中风险,10.5333,-0.1529,57.5429,3.39,2.17,4.1,5.5,22,,,,,,
甘肃,兰州,2024,11,2024-W11,1,中风险,10.8333,2.8286,57.7843,6.07,2.4443,4.1,5.4,23,,,,,,
甘肃,兰州,2024,12,2024-W12,1,中风险,6.3,4.7529,51.71,16.92,2.2557,3.9,5,10,,,,,,
甘肃,兰州,2024,13,2024-W13,1,中风险,6.8333,7.7729,51.8257,2.68,2.2229,3.8,4.7,12,,,,,,
甘肃,兰州,2024,14,2024-W14,1,中风险,4.5,7.2529,66.7357,12.64,2.2729,3.8,4.7,5,,,,,,
甘肃,兰州,2024,15,2024-W15,1,中风险,3.9667,9.8286,55.6014,4.83,2.2014,3.6,4.3,4,,,,,,
甘肃,兰州,2024,16,2024-W16,1,中风险,4.3667,11.1571,64.0414,15.26,2.2057,3.5,4.6,5,,,,,,
甘肃,兰州,2024,17,2024-W17,1,中风险,5.4333,12.1414,49.7571,8.46,2.4429,3.6,4.7,8,,,,,,
甘肃,兰州,2024,18,2024-W18,1,中风险,4.4,9.3471,59.88,12.57,2.1586,3.8,5,,,,,,,
甘肃,兰州,2024,19,2024-W19,1,中风险,4.5,15.0443,51.12,4.57,2.67,3.6,4.9,5,,,,,,
甘肃,兰州,2024,20,2024-W20,1,中风险,7.3667,18.2429,46.4829,1.67,2.6714,4,5.1,13,,,,,,
甘肃,兰州,2024,21,2024-W21,1,中风险,6.9,19.61,47.9557,9.99,2.4229,3.9,4.8,12,,,,,,
甘肃,兰州,2024,22,2024-W22,1,中风险,5.9667,15.8114,59.2186,24.17,3.0814,3.8,5.1,9,,,,,,
甘肃,兰州,2024,23,2024-W23,1,中风险,3.6,16.5043,58.8729,18.69,2.1843,3.9,4.9,2,,,,,,
甘肃,兰州,2024,24,2024-W24,1,中风险,4.3667,19.5829,50.7814,9.83,1.6914,4,5.1,4,,,,,,
甘肃,兰州,2024,25,2024-W25,1,中风险,6.0333,19.4257,58.9686,28.64,1.9814,3.9,5.2,9,,,,,,
甘肃,兰州,2024,26,2024-W26,1,中风险,4.3,19.5229,57.1471,17.34,1.8429,3.8,5.1,4,,,,,,
甘肃,兰州,2024,27,2024-W27,1,中风险,4.6333,19.0929,58.6386,14.84,2.1143,3.8,5.1,5,,,,,,
甘肃,兰州,2024,28,2024-W28,1,中风险,4.5,20.7143,64.1971,9.37,1.9786,4.1,4.9,,,,,,,
甘肃,兰州,2024,29,2024-W29,1,中风险,4.25,23.42,61.0257,8.69,2.1114,3.8,4.7,,,,,,,
甘肃,兰州,2024,30,2024-W30,1,中风险,4.2,21.2043,61.8343,15.87,2.4057,3.9,4.5,,,,,,,
甘肃,兰州,2024,31,2024-W31,1,中风险,4,21.5186,58.3157,18.37,2.0343,3.8,4.2,,,,,,,
甘肃,兰州,2024,32,2024-W32,1,中风险,3.7,20.7286,62.5229,31.77,1.8529,3.5,3.9,,,,,,,
甘肃,兰州,2024,33,2024-W33,1,中风险,3.6,19.5386,58.2757,17.83,1.47,3.6,3.6,,,,,,,
甘肃,兰州,2024,34,2024-W34,1,中风险,3.4,21.6486,57.9714,14.2,1.9943,3.6,3.2,,,,,,,
甘肃,兰州,2024,35,2024-W35,1,中风险,3.25,21.9486,67.1043,8.45,2.0671,3.4,3.1,,,,,,,
甘肃,兰州,2024,36,2024-W36,1,中风险,3.3,17.87,73.7429,34.22,2.6529,3.4,3.2,,,,,,,
甘肃,兰州,2024,37,2024-W37,1,中风险,4.9667,16.4929,74.7986,27.67,2.9371,3.4,3.5,8,,,,,,
甘肃,兰州,2024,38,2024-W38,1,中风险,3.1,16.74,75.7571,19.61,1.6814,3.6,3.7,2,,,,,,
甘肃,兰州,2024,39,2024-W39,1,中风险,3.6333,15.6314,68.1086,13.97,2.1557,3.2,3.7,4,,,,,,
甘肃,兰州,2024,40,2024-W40,1,中风险,3.85,9.1843,66.6657,1.06,1.7429,3.6,4.1,,,,,,,
甘肃,兰州,2024,41,2024-W41,1,中风险,2.5,10.6429,68.3043,4.49,1.5157,3.2,3.3,1,,,,,,
甘肃,兰州,2024,42,2024-W42,1,中风险,5.7,9.43,70.8786,14.66,1.9014,3.4,,8,,,,,,
甘肃,兰州,2024,43,2024-W43,1,中风险,5.15,6.0629,64.1571,5.07,1.93,3.3,,7,,,,,,
甘肃,兰州,2024,44,2024-W44,1,中风险,4.3,7.29,67.6829,6.86,1.3029,3.5,3.4,6,,,,,,
甘肃,兰州,2024,45,2024-W45,1,中风险,4.4,6.6986,57.1543,0.03,1.5071,3.6,3.6,6,,,,,,
甘肃,兰州,2024,46,2024-W46,1,中风险,8.4,3.0614,75.6486,4.46,1.7657,3.8,,13,,,,,,
甘肃,兰州,2024,47,2024-W47,1,中风险,12.05,0.4643,76.7143,5.8,1.42,4.1,,20,,,,,,
甘肃,兰州,2024,48,2024-W48,1,中风险,12.9667,-3.7786,55.4643,1.26,1.77,4.4,3.5,31,,,,,,
甘肃,兰州,2024,49,2024-W49,1,中风险,16.0667,-3.2186,69.3643,0.05,1.31,4.6,3.6,40,,,,,,
甘肃,兰州,2024,50,2024-W50,1,中风险,41.1333,-6.7571,71.9757,3.57,1.7586,5.4,4,114,,,,,,
甘肃,兰州,2024,51,2024-W51,1,中风险,81.25,-6.0457,67.7257,0.09,1.4943,6.5,,156,,,,,,
甘肃,兰州,2024,52,2024-W52,1,中风险,89.1,-6.9986,66.7314,0.11,1.4543,7.2,,171,,,,,,
甘肃,兰州,2025,1,2025-W01,1,中风险,53.2333,-3.4686,52.8643,0.75,1.4114,7.5,7.2,145,,,,,,
甘肃,兰州,2025,2,2025-W02,1,中风险,43.7,-5.2429,63.3857,0.99,1.6486,6.2,6.9,118,,,,,,
甘肃,兰州,2025,3,2025-W03,1,中风险,10.5333,-5.2086,59.5857,0.04,1.6214,5.1,6.5,20,,,,,,
甘肃,兰州,2025,4,2025-W04,1,中风险,4.1667,-3.5643,68.58,7.16,1.9414,4.2,5.3,3,,,,,,
甘肃,兰州,2025,5,2025-W05,1,中风险,6.45,-5.9557,62.25,1.11,1.5671,5.5,7.4,,,,,,,
甘肃,兰州,2025,6,2025-W06,1,中风险,3.4667,-6.8986,60.8943,0,1.6886,3.9,5.5,1,,,,,,
甘肃,兰州,2025,7,2025-W07,1,中风险,3.0333,-3.6986,54.96,1.01,1.79,3.4,4.7,1,,,,,,
甘肃,兰州,2025,8,2025-W08,1,中风险,6.4667,-2.51,67.7771,6.12,2.3771,3.1,4.3,12,,,,,,
甘肃,兰州,2025,9,2025-W09,1,中风险,16.4333,-0.33,60.2914,5.32,2.0943,3.1,4.2,42,,,,,,
甘肃,兰州,2025,10,2025-W10,1,中风险,10.0333,0.2429,60.8514,1.52,1.8986,3.2,3.9,23,,,,,,
甘肃,兰州,2025,11,2025-W11,1,中风险,6.7333,0.7843,56.1571,9.63,2.5086,3.2,4,13,,,,,,
甘肃,兰州,2025,12,2025-W12,1,中风险,3.8,2.2229,42.9643,0.22,1.7514,3.3,4.1,4,,,,,,
甘肃,兰州,2025,13,2025-W13,1,中风险,4.1667,2.29,41.9771,0.45,3.1343,3.4,4.1,5,,,,,,
甘肃,兰州,2025,14,2025-W14,1,中风险,3.4333,5.0286,47.6443,1.4,1.7686,3.4,3.9,3,,,,,,
甘肃,兰州,2025,15,2025-W15,1,中风险,3.55,8.1557,41.62,1.64,2.8157,3.2,3.9,,,,,,,
甘肃,兰州,2025,16,2025-W16,1,中风险,3.7,12.9329,37.43,1.51,2.7443,3.3,4.1,,,,,,,
甘肃,兰州,2025,17,2025-W17,1,中风险,3.6,8.9843,52.4971,14.8,2.2586,3.3,3.9,,,,,,,
甘肃,兰州,2025,18,2025-W18,1,中风险,3.8,13.3486,47.6914,2.19,2.9329,3.4,4.2,,,,,,,
甘肃,兰州,2025,19,2025-W19,1,中风险,3.6,11.5457,45.0557,2.4,2.5457,3.1,4.1,,,,,,,
甘肃,兰州,2025,20,2025-W20,1,中风险,2.9333,16.6171,43.8343,2.26,2.1,3.1,4.7,1,,,,,,
甘肃,兰州,2025,21,2025-W21,1,中风险,5.3,15.8671,48.4857,14.56,2.3043,3.2,4.7,8,,,,,,
甘肃,兰州,2025,22,2025-W22,1,中风险,3.9667,15.9243,55.7614,19.17,2.8114,3.1,4.8,4,,,,,,
甘肃,兰州,2025,23,2025-W23,1,中风险,3.2,16.4271,53.5429,7.42,2.2843,3.1,4.5,2,,,,,,
甘肃,兰州,2025,24,2025-W24,1,中风险,3.0667,18.2429,48.4057,10.59,2.3557,2.9,4.3,2,,,,,,
甘肃,兰州,2025,25,2025-W25,2,低风险,3.9444,18.6471,56.7671,22.45,1.8743,2.9,4.3,1,1.5,15.4,2.9,0.1,0.7,6.7
甘肃,兰州,2025,26,2025-W26,2,低风险,3.9778,17.8871,66.0871,44.84,1.9014,3,4.3,2,1.6,14,3,0.2,0.8,6.9
甘肃,兰州,2025,27,2025-W27,2,低风险,3.6889,17.7329,64.3686,45.29,2.1986,2.9,4.2,2,1.8,11.9,3.3,0.3,0.5,6.3
甘肃,兰州,2025,28,2025-W28,2,低风险,3.7778,21.2657,64.91,11.7,2.62,2.7,4,1,1.8,13.4,3.3,0.2,0.8,6.8
甘肃,兰州,2025,29,2025-W29,2,低风险,4.1625,23.0643,66.4971,27.02,2.0643,2.6,3.8,,2.4,14,4.3,0.5,0.6,5.1
甘肃,兰州,2025,30,2025-W30,2,低风险,3.8625,22.17,67.12,12.95,2.3214,2.6,3.6,,2.2,13.5,3.4,0.6,0.7,4.3
甘肃,兰州,2025,31,2025-W31,2,低风险,3.9625,23.7943,65.2871,18.1,2.09,2.6,3.5,,2.3,13.6,3.8,0.6,0.9,4.4
甘肃,兰州,2025,32,2025-W32,2,低风险,3.4875,20.1214,74.4014,33.38,2.1486,2.5,3.5,,1.5,10.8,3.9,0.4,0.9,4.4
甘肃,兰州,2025,33,2025-W33,2,低风险,3.5111,21.2629,58.0771,9.9,1.7271,2.5,3.4,2,1.5,11.9,3.6,0.6,0.5,5.6
甘肃,兰州,2025,34,2025-W34,2,低风险,3.3375,17.9157,71.4871,31.99,1.9357,2.5,3.2,,1.9,10.5,3.2,0.5,0.6,4.3
甘肃,兰州,2025,35,2025-W35,2,低风险,3.1875,16.4414,71.14,50.6,1.9414,2.5,3.1,,2.4,8.5,3.7,0.4,0.6,4.3
甘肃,兰州,2025,36,2025-W36,2,低风险,2.8444,16.5971,64.9686,24.82,2.1014,2.7,3.4,1,3.3,6.8,3.5,0.4,0.8,3.7
甘肃,兰州,2025,37,2025-W37,2,低风险,3.3875,18.2586,64.6286,3.06,1.52,2.8,3.6,,3.6,6.8,5.6,0.4,1,3.3
甘肃,兰州,2025,38,2025-W38,1,中风险,4.2889,13.3729,73.49,25.95,2.2686,2.9,3.8,13,3.5,5.3,5.9,0.3,1.1,2.8
甘肃,兰州,2025,39,2025-W39,1,中风险,4.5667,13.2086,72.82,11.25,1.8443,2.9,3.8,16,4.1,3.6,7.6,0.2,1,1.9
甘肃,兰州,2025,40,2025-W40,1,中风险,3.8,11.7386,75.0514,30.63,1.6414,3.3,4.4,11,3,3.2,5.7,0.3,1.2,2.1
甘肃,兰州,2025,41,2025-W41,1,中风险,2.9111,8.8014,81.2229,41,2.1143,2.8,4.1,4,3.5,2.3,6.7,0.3,1.1,1.4
甘肃,兰州,2025,42,2025-W42,1,中风险,8.4625,7.33,76.8643,12.91,2.0143,2.7,,49,5.8,1.8,5.6,0.5,1.3,1
甘肃,兰州,2025,43,2025-W43,1,中风险,21.2875,5.5857,80.16,6.55,1.5143,3.6,,144,10.5,1.5,7,0.4,2.4,0.9
甘肃,兰州,2025,44,2025-W44,1,中风险,43.0889,5.8757,64.0829,0.69,1.3157,5.1,4.6,347,17.5,1.4,6.6,0.4,4.2,1
甘肃,兰州,2025,45,2025-W45,0,高风险,75.6222,4.8571,77.48,5.05,1.6829,6.1,5.5,621,29.8,1.1,6.1,0.5,9.8,0.7
甘肃,兰州,2025,46,2025-W46,0,高风险,127.3125,2.0286,67.4457,1.23,1.6371,7,,955,38.1,0.5,5,0.3,11.4,1.2
甘肃,兰州,2025,47,2025-W47,0,高风险,163.8,-2.3471,52.7929,0.4,1.7257,8.6,,1234,44.8,0.6,4.3,0.6,16.4,1.1
甘肃,兰州,2025,48,2025-W48,0,高风险,203.2,-0.7829,49.0686,1.62,2.2857,9.1,,1541,51.1,0.6,3.5,0.3,19,1
甘肃,兰州,2025,49,2025-W49,0,高风险,146.6111,-2.2386,54.8957,0,1.3843,7.9,11.1,1219,54.2,0.3,4,0.2,22.1,0.7
甘肃,兰州,2025,50,2025-W50,0,高风险,82.9111,-2.5843,59.2643,1.98,1.8386,6.3,9.7,651,50.2,0.5,4.9,0.2,22.5,0.9
甘肃,兰州,2025,51,2025-W51,0,高风险,34.2625,-0.9286,61.7914,0.38,1.7014,4.9,,201,41.9,0.7,6.1,0.4,18.6,0.5
甘肃,兰州,2025,52,2025-W52,1,中风险,17.9875,-3.3,68.8157,0.06,1.53,4.2,,82,33.7,0.7,7.2,0.3,14.5,1.3
甘肃,兰州,2026,1,2026-W01,1,中风险,10.6444,-6.26,78.6671,1.3,1.4971,4.1,5.4,37,27.4,1.1,8.8,0.2,10.6,1.2
甘肃,兰州,2026,2,2026-W02,1,中风险,7.7889,-6.2286,58.5271,0.01,1.6657,3.7,4.8,19,23.3,1.1,9.8,0.3,7.1,1
甘肃,兰州,2026,3,2026-W03,1,中风险,7.3222,-2.0629,47.6071,0.04,2.4129,3.5,4.7,18,21.3,0.9,9.3,0.3,6.9,1
甘肃,兰州,2026,4,2026-W04,1,中风险,5.9333,-5.5757,66.9871,0.09,1.5614,3.4,4.3,8,18.8,1.5,8.3,0.2,7.7,1.2
甘肃,兰州,2026,5,2026-W05,1,中风险,5.2222,-3.61,71.6686,0.88,1.5257,3.3,4,4,17.1,2.3,7.9,0.2,6.4,1.8
甘肃,兰州,2026,6,2026-W06,1,中风险,4.6375,-2.4186,67.5471,1.21,1.6729,3,3.3,,13,2.2,8.6,0.2,5.1,1.7
甘肃,兰州,2026,7,2026-W07,1,中风险,3.8222,-1.2286,54.5729,1.74,2.0229,2.9,3.6,1,11,1.7,8,0.2,4.9,1.1
甘肃,兰州,2026,8,2026-W08,1,中风险,4.425,1.15,54.8743,1.52,1.8,4.9,4.8,,10.5,1.3,8,0,4.4,1.5
甘肃,兰州,2026,9,2026-W09,1,中风险,3.95,1.9257,52.7457,2.57,1.8471,3,3,,11,2.3,6.6,0.2,4.1,1.4
甘肃,兰州,2026,10,2026-W10,1,中风险,3.6125,2.0843,59,2.02,1.9714,2.8,2.8,,9.4,2.6,6.8,0.2,3.3,1
甘肃,兰州,2026,11,2026-W11,1,中风险,4.0556,2.4586,61.0071,10.9,2.8014,3,3,6,11.3,2.3,5.8,0.2,3.6,1.3
甘肃,兰州,2026,12,2026-W12,1,中风险,7.3556,1.1829,58.7243,6.94,2.7414,3.5,3.3,32,13.3,2.7,4.4,0.2,5.7,1.1
甘肃,兰州,2026,13,2026-W13,1,中风险,11.1667,4.23,68.9157,14.38,2.0229,3.6,3.5,64,15.5,2.4,3.9,0.1,6.2,1.3
甘肃,兰州,2026,14,2026-W14,1,中风险,10.1778,7.3657,53.1757,1.05,1.9271,3.6,3.6,56,16.3,2,4,0.2,5,0.9
甘肃,兰州,2026,15,2026-W15,1,中风险,6.2333,10.6143,49.8186,1.48,2.2371,3.6,3.7,23,15.3,1.8,2.6,0.3,5.5,0.3
甘肃,兰州,2026,16,2026-W16,1,中风险,5.3778,8.6029,55.9,8.75,2.4229,3.5,3.7,18,13.4,1.3,2.6,0.2,4.9,0.8
甘肃,兰州,2026,17,2026-W17,1,中风险,5.8,10.2314,50.2529,3.07,2.4414,3.7,3.9,20,14.8,1.3,2.3,0.2,5.3,0.7
甘肃,兰州,2026,18,2026-W18,1,中风险,5.7222,9.4129,63.2214,20.91,2.2529,3.3,4.1,22,13.3,1.5,1.7,0.1,4.9,0.6
甘肃,兰州,2026,19,2026-W19,1,中风险,3.9111,15.5571,36.7243,0.47,1.6771,3.6,4.1,7,12.2,1.4,2,0.1,4.2,0.6
甘肃,兰州,2026,20,2026-W20,1,中风险,5.0333,13.985,54.6567,7.33,1.6917,3.4,4.2,18,11.9,1.7,1.2,0.2,4,0.7
福建,福州,2024,1,2024-W01,1,中风险,8.4,10.9429,79.9457,0.28,2.3371,7.1,9.7,,,,,,,
福建,福州,2024,2,2024-W02,1,中风险,7.5,11.3286,79.9586,4.66,2.1086,6.3,8.7,,,,,,,
福建,福州,2024,3,2024-W03,1,中风险,6.85,12.5414,83.8829,8.88,2.46,6,7.7,,,,,,,
福建,福州,2024,4,2024-W04,1,中风险,6.1,5.4386,78.1671,11.08,3.0557,5.2,7,,,,,,,
福建,福州,2024,5,2024-W05,1,中风险,5.7,13.4629,87.2243,30.8,2.1086,5,6.4,,,,,,,
福建,福州,2024,6,2024-W06,1,中风险,6.8,8.8114,80.1943,32.5,2.8057,5.7,7.9,,,,,,,
福建,福州,2024,7,2024-W07,1,中风险,6.65,13.6386,80.6086,1.42,1.8857,5.7,7.6,,,,,,,
福建,福州,2024,8,2024-W08,1,中风险,5,14.89,85.15,5.48,2.3429,4.3,5.7,,,,,,,
福建,福州,2024,9,2024-W09,1,中风险,4.1,9.6657,82.9414,19.67,2.8129,4.3,5,3,,,,,,
福建,福州,2024,10,2024-W10,1,中风险,10.5333,12.6714,80.5557,9.94,2.6429,4.1,5.5,22,,,,,,
福建,福州,2024,11,2024-W11,1,中风险,10.8333,14.7043,82.0986,44.64,1.74,4.1,5.4,23,,,,,,
福建,福州,2024,12,2024-W12,1,中风险,6.3,15.8057,77.68,5.36,2.4786,3.9,5,10,,,,,,
福建,福州,2024,13,2024-W13,1,中风险,6.8333,19.8343,80.0443,35.06,2.2129,3.8,4.7,12,,,,,,
福建,福州,2024,14,2024-W14,1,中风险,4.5,18.76,88.7886,98.82,2.5486,3.8,4.7,5,,,,,,
福建,福州,2024,15,2024-W15,1,中风险,3.9667,19.6886,84.3957,10.32,2.14,3.6,4.3,4,,,,,,
福建,福州,2024,16,2024-W16,1,中风险,4.3667,22.5414,85.3929,24.95,1.7871,3.5,4.6,5,,,,,,
福建,福州,2024,17,2024-W17,1,中风险,5.4333,21.8929,87.5871,62.91,1.8343,3.6,4.7,8,,,,,,
福建,福州,2024,18,2024-W18,1,中风险,4.4,21.48,86.5671,72.49,2.3329,3.8,5,,,,,,,
福建,福州,2024,19,2024-W19,1,中风险,4.5,21.9429,81.0371,27.3,2.0843,3.6,4.9,5,,,,,,
福建,福州,2024,20,2024-W20,1,中风险,7.3667,19.9529,75.2357,5.27,2.4486,4,5.1,13,,,,,,
福建,福州,2024,21,2024-W21,1,中风险,6.9,23.2057,88.9614,118.72,1.8471,3.9,4.8,12,,,,,,
福建,福州,2024,22,2024-W22,1,中风险,5.9667,22.8257,87.0743,108.56,2.8686,3.8,5.1,9,,,,,,
福建,福州,2024,23,2024-W23,1,中风险,3.6,22.0743,85.1129,37.93,2.0529,3.9,4.9,2,,,,,,
福建,福州,2024,24,2024-W24,1,中风险,4.3667,26.7857,89.1357,130.33,2.5386,4,5.1,4,,,,,,
福建,福州,2024,25,2024-W25,1,中风险,6.0333,27.3786,87.3057,43.52,2.4586,3.9,5.2,9,,,,,,
福建,福州,2024,26,2024-W26,1,中风险,4.3,27.7029,86.6086,22.11,2.45,3.8,5.1,4,,,,,,
福建,福州,2024,27,2024-W27,1,中风险,4.6333,28.3529,83.3314,5.69,2.6886,3.8,5.1,5,,,,,,
福建,福州,2024,28,2024-W28,1,中风险,4.5,28.4186,83.1443,1.56,2.4914,4.1,4.9,,,,,,,
福建,福州,2024,29,2024-W29,1,中风险,4.25,28.9229,80.5886,1.53,1.7629,3.8,4.7,,,,,,,
福建,福州,2024,30,2024-W30,1,中风险,4.2,27.87,88.4857,215.63,5.1471,3.9,4.5,,,,,,,
福建,福州,2024,31,2024-W31,1,中风险,4,28.3714,84.2029,6.74,2.0171,3.8,4.2,,,,,,,
福建,福州,2024,32,2024-W32,1,中风险,3.7,28.9,76.8929,15.51,1.2843,3.5,3.9,,,,,,,
福建,福州,2024,33,2024-W33,1,中风险,3.6,27.6457,83.9629,57.74,1.5543,3.6,3.6,,,,,,,
福建,福州,2024,34,2024-W34,1,中风险,3.4,27.3543,85.6586,33.42,2.4571,3.6,3.2,,,,,,,
福建,福州,2024,35,2024-W35,1,中风险,3.25,28.5114,80.5771,68.51,1.2386,3.4,3.1,,,,,,,
福建,福州,2024,36,2024-W36,1,中风险,3.3,27.4871,87.1114,15.93,2.3114,3.4,3.2,,,,,,,
福建,福州,2024,37,2024-W37,1,中风险,4.9667,27.34,84.9586,17.89,2.4514,3.4,3.5,8,,,,,,
福建,福州,2024,38,2024-W38,1,中风险,3.1,26.9743,85.5643,85.78,2.9429,3.6,3.7,2,,,,,,
福建,福州,2024,39,2024-W39,1,中风险,3.6333,25.0043,87.9714,167.41,2.3029,3.2,3.7,4,,,,,,
福建,福州,2024,40,2024-W40,1,中风险,3.85,22.5257,86.39,27.66,4.6571,3.6,4.1,,,,,,,
福建,福州,2024,41,2024-W41,1,中风险,2.5,21.6429,85.3371,3.78,2.8857,3.2,3.3,1,,,,,,
福建,福州,2024,42,2024-W42,1,中风险,5.7,23.6357,87.2057,3.02,2.66,3.4,,8,,,,,,
福建,福州,2024,43,2024-W43,1,中风险,5.15,21.3486,84.3943,5.89,4.0486,3.3,,7,,,,,,
福建,福州,2024,44,2024-W44,1,中风险,4.3,20.5929,83.7529,50.67,4.4757,3.5,3.4,6,,,,,,
福建,福州,2024,45,2024-W45,1,中风险,4.4,18.5329,81.8357,0.2,3.4943,3.6,3.6,6,,,,,,
福建,福州,2024,46,2024-W46,1,中风险,8.4,21.0543,89.3714,8.8,3.2886,3.8,,13,,,,,,
福建,福州,2024,47,2024-W47,1,中风险,12.05,15.3243,85.2714,26.53,3.91,4.1,,20,,,,,,
福建,福州,2024,48,2024-W48,1,中风险,12.9667,13.2443,71.1729,17.72,2.02,4.4,3.5,31,,,,,,
福建,福州,2024,49,2024-W49,1,中风险,16.0667,14.6971,83.8857,0.48,3.0486,4.6,3.6,40,,,,,,
福建,福州,2024,50,2024-W50,1,中风险,41.1333,11.3543,79.6514,0.63,2.7029,5.4,4,114,,,,,,
福建,福州,2024,51,2024-W51,1,中风险,81.25,8.6329,72.8786,0.09,3.1871,6.5,,156,,,,,,
福建,福州,2024,52,2024-W52,1,中风险,89.1,10.0671,80.1229,0.61,3.01,7.2,,171,,,,,,
福建,福州,2025,1,2025-W01,1,中风险,53.2333,10.2886,78.55,0.05,2.65,7.5,7.2,145,,,,,,
福建,福州,2025,2,2025-W02,1,中风险,43.7,8.0871,70.6086,0,2.7243,6.2,6.9,118,,,,,,
福建,福州,2025,3,2025-W03,1,中风险,10.5333,8.6471,73.3443,0.02,2.4843,5.1,6.5,20,,,,,,
福建,福州,2025,4,2025-W04,1,中风险,4.1667,11.58,83.0971,1.82,2.5371,4.2,5.3,3,,,,,,
福建,福州,2025,5,2025-W05,1,中风险,6.45,10.0814,78.1214,3.45,2.3643,5.5,7.4,,,,,,,
福建,福州,2025,6,2025-W06,1,中风险,3.4667,7.66,72.45,11.22,3.2671,3.9,5.5,1,,,,,,
福建,福州,2025,7,2025-W07,1,中风险,3.0333,11.6386,82.6871,6.18,2.2543,3.4,4.7,1,,,,,,
福建,福州,2025,8,2025-W08,1,中风险,6.4667,9.7257,82.8514,14.47,3.78,3.1,4.3,12,,,,,,
福建,福州,2025,9,2025-W09,1,中风险,16.4333,14.03,83.5914,3.49,2.2729,3.1,4.2,42,,,,,,
福建,福州,2025,10,2025-W10,1,中风险,10.0333,12.47,83.0543,62.2,3.0371,3.2,3.9,23,,,,,,
福建,福州,2025,11,2025-W11,1,中风险,6.7333,15.8957,85.8057,52.16,1.5943,3.2,4,13,,,,,,
福建,福州,2025,12,2025-W12,1,中风险,3.8,13.0986,65.8,0.24,1.8257,3.3,4.1,4,,,,,,
福建,福州,2025,13,2025-W13,1,中风险,4.1667,16.3643,79.4743,53.31,3.4886,3.4,4.1,5,,,,,,
福建,福州,2025,14,2025-W14,1,中风险,3.4333,13.4586,78.2243,15.35,2.5229,3.4,3.9,3,,,,,,
福建,福州,2025,15,2025-W15,1,中风险,3.55,19.6129,77.9986,68.91,1.9629,3.2,3.9,,,,,,,
福建,福州,2025,16,2025-W16,1,中风险,3.7,21.39,75.2329,36.59,1.79,3.3,4.1,,,,,,,
福建,福州,2025,17,2025-W17,1,中风险,3.6,20.8186,86.2729,61.49,2.6043,3.3,3.9,,,,,,,
福建,福州,2025,18,2025-W18,1,中风险,3.8,21.57,79.0729,8.14,1.7929,3.4,4.2,,,,,,,
福建,福州,2025,19,2025-W19,1,中风险,3.6,22.51,83.6243,37.99,2.1786,3.1,4.1,,,,,,,
福建,福州,2025,20,2025-W20,1,中风险,2.9333,23.7486,81.2529,34.21,1.5486,3.1,4.7,1,,,,,,
福建,福州,2025,21,2025-W21,1,中风险,5.3,24.99,84.35,64.57,2.0214,3.2,4.7,8,,,,,,
福建,福州,2025,22,2025-W22,1,中风险,3.9667,21.4429,84.7357,42.73,2.0686,3.1,4.8,4,,,,,,
福建,福州,2025,23,2025-W23,1,中风险,3.2,25.0029,84.3043,43.18,2.1129,3.1,4.5,2,,,,,,
福建,福州,2025,24,2025-W24,1,中风险,3.0667,26.9586,87.7043,52.15,3.0257,2.9,4.3,2,,,,,,
福建,福州,2025,25,2025-W25,2,低风险,3.9444,26.8357,85.1243,12.71,2.4886,2.9,4.3,1,1.5,15.4,2.9,0.1,0.7,6.7
福建,福州,2025,26,2025-W26,2,低风险,3.9778,27.9986,81.2857,10.75,1.6586,3,4.3,2,1.6,14,3,0.2,0.8,6.9
福建,福州,2025,27,2025-W27,2,低风险,3.6889,27.4814,85.5343,7.68,2.3571,2.9,4.2,2,1.8,11.9,3.3,0.3,0.5,6.3
福建,福州,2025,28,2025-W28,2,低风险,3.7778,27.1757,87.6771,169.93,2.42,2.7,4,1,1.8,13.4,3.3,0.2,0.8,6.8
福建,福州,2025,29,2025-W29,2,低风险,4.1625,27.7086,89.8314,64.55,3.0786,2.6,3.8,,2.4,14,4.3,0.5,0.6,5.1
福建,福州,2025,30,2025-W30,2,低风险,3.8625,26.9057,90.9014,140.85,3.0329,2.6,3.6,,2.2,13.5,3.4,0.6,0.7,4.3
福建,福州,2025,31,2025-W31,2,低风险,3.9625,27.9786,86.87,54.93,2.4357,2.6,3.5,,2.3,13.6,3.8,0.6,0.9,4.4
福建,福州,2025,32,2025-W32,2,低风险,3.4875,27.7086,85.2729,11.09,2.7271,2.5,3.5,,1.5,10.8,3.9,0.4,0.9,4.4
福建,福州,2025,33,2025-W33,2,低风险,3.5111,27.2143,87.3286,6.77,3.1071,2.5,3.4,2,1.5,11.9,3.6,0.6,0.5,5.6
福建,福州,2025,34,2025-W34,2,低风险,3.3375,27.66,82.2329,6.33,1.3757,2.5,3.2,,1.9,10.5,3.2,0.5,0.6,4.3
福建,福州,2025,35,2025-W35,2,低风险,3.1875,27.1586,87.6,2.34,2.3786,2.5,3.1,,2.4,8.5,3.7,0.4,0.6,4.3
福建,福州,2025,36,2025-W36,2,低风险,2.8444,27.7429,82.6443,24.34,1.4171,2.7,3.4,1,3.3,6.8,3.5,0.4,0.8,3.7
福建,福州,2025,37,2025-W37,2,低风险,3.3875,27.8871,83.1186,17.99,1.6014,2.8,3.6,,3.6,6.8,5.6,0.4,1,3.3
福建,福州,2025,38,2025-W38,1,中风险,4.2889,26.86,88.1486,25.89,2.3543,2.9,3.8,13,3.5,5.3,5.9,0.3,1.1,2.8
福建,福州,2025,39,2025-W39,1,中风险,4.5667,26.6,89.7314,18.76,3.3543,2.9,3.8,16,4.1,3.6,7.6,0.2,1,1.9
福建,福州,2025,40,2025-W40,1,中风险,3.8,27.3171,83.41,1.02,1.3329,3.3,4.4,11,3,3.2,5.7,0.3,1.2,2.1
福建,福州,2025,41,2025-W41,1,中风险,2.9111,26.6514,85.5114,0.37,2.1357,2.8,4.1,4,3.5,2.3,6.7,0.3,1.1,1.4
福建,福州,2025,42,2025-W42,1,中风险,8.4625,25.9343,84.7286,13.83,2.6686,2.7,,49,5.8,1.8,5.6,0.5,1.3,1
福建,福州,2025,43,2025-W43,1,中风险,21.2875,19.0886,79.8671,12.02,4.3643,3.6,,144,10.5,1.5,7,0.4,2.4,0.9
福建,福州,2025,44,2025-W44,1,中风险,43.0889,19.3843,81.6843,3.5,3.2157,5.1,4.6,347,17.5,1.4,6.6,0.4,4.2,1
福建,福州,2025,45,2025-W45,0,高风险,75.6222,19.1271,88.6029,15.97,3.2686,6.1,5.5,621,29.8,1.1,6.1,0.5,9.8,0.7
福建,福州,2025,46,2025-W46,0,高风险,127.3125,17.35,84.6243,27.35,4.3929,7,,955,38.1,0.5,5,0.3,11.4,1.2
福建,福州,2025,47,2025-W47,0,高风险,163.8,13.4071,72.9114,0.57,3.1971,8.6,,1234,44.8,0.6,4.3,0.6,16.4,1.1
福建,福州,2025,48,2025-W48,0,高风险,203.2,13.5786,71.6871,0.19,2.35,9.1,,1541,51.1,0.6,3.5,0.3,19,1
福建,福州,2025,49,2025-W49,0,高风险,146.6111,14.1529,77.5286,0.84,2.5571,7.9,11.1,1219,54.2,0.3,4,0.2,22.1,0.7
福建,福州,2025,50,2025-W50,0,高风险,82.9111,13.7814,81.6229,1.77,2.86,6.3,9.7,651,50.2,0.5,4.9,0.2,22.5,0.9
福建,福州,2025,51,2025-W51,0,高风险,34.2625,13.6257,78.9743,0.16,2.52,4.9,,201,41.9,0.7,6.1,0.4,18.6,0.5
福建,福州,2025,52,2025-W52,1,中风险,17.9875,11.6686,77.41,11.48,3.0214,4.2,,82,33.7,0.7,7.2,0.3,14.5,1.3
福建,福州,2026,1,2026-W01,1,中风险,10.6444,10.1043,76.9143,0.71,2.99,4.1,5.4,37,27.4,1.1,8.8,0.2,10.6,1.2
福建,福州,2026,2,2026-W02,1,中风险,7.7889,8.2657,67.32,0.78,2.4571,3.7,4.8,19,23.3,1.1,9.8,0.3,7.1,1
福建,福州,2026,3,2026-W03,1,中风险,7.3222,12.4657,76.7143,0.03,1.9286,3.5,4.7,18,21.3,0.9,9.3,0.3,6.9,1
福建,福州,2026,4,2026-W04,1,中风险,5.9333,9.3614,76.5543,0.73,3.3757,3.4,4.3,8,18.8,1.5,8.3,0.2,7.7,1.2
福建,福州,2026,5,2026-W05,1,中风险,5.2222,12.11,82.11,5.11,2.4814,3.3,4,4,17.1,2.3,7.9,0.2,6.4,1.8
福建,福州,2026,6,2026-W06,1,中风险,4.6375,11.3186,76.6986,1.32,2.7786,3,3.3,,13,2.2,8.6,0.2,5.1,1.7
福建,福州,2026,7,2026-W07,1,中风险,3.8222,13.4557,78.0443,2.34,1.8314,2.9,3.6,1,11,1.7,8,0.2,4.9,1.1
福建,福州,2026,8,2026-W08,1,中风险,4.425,13.2286,77.1314,1.67,2.3114,4.9,4.8,,10.5,1.3,8,0,4.4,1.5
福建,福州,2026,9,2026-W09,1,中风险,3.95,15.1471,85.4286,43.81,2.3557,3,3,,11,2.3,6.6,0.2,4.1,1.4
福建,福州,2026,10,2026-W10,1,中风险,3.6125,12.8571,82.6386,18.36,3.51,2.8,2.8,,9.4,2.6,6.8,0.2,3.3,1
福建,福州,2026,11,2026-W11,1,中风险,4.0556,10.8343,75.9257,2.18,2.9286,3,3,6,11.3,2.3,5.8,0.2,3.6,1.3
福建,福州,2026,12,2026-W12,1,中风险,7.3556,15.5414,81.5143,7.43,2.1729,3.5,3.3,32,13.3,2.7,4.4,0.2,5.7,1.1
福建,福州,2026,13,2026-W13,1,中风险,11.1667,16.9129,84.2343,26.76,1.9086,3.6,3.5,64,15.5,2.4,3.9,0.1,6.2,1.3
福建,福州,2026,14,2026-W14,1,中风险,10.1778,18.5543,83.0871,60.12,1.97,3.6,3.6,56,16.3,2,4,0.2,5,0.9
福建,福州,2026,15,2026-W15,1,中风险,6.2333,20.7929,87.4143,76.49,2.9629,3.6,3.7,23,15.3,1.8,2.6,0.3,5.5,0.3
福建,福州,2026,16,2026-W16,1,中风险,5.3778,21.6843,85.9829,64.39,1.81,3.5,3.7,18,13.4,1.3,2.6,0.2,4.9,0.8
福建,福州,2026,17,2026-W17,1,中风险,5.8,20.79,81.0643,22.59,1.7957,3.7,3.9,20,14.8,1.3,2.3,0.2,5.3,0.7
福建,福州,2026,18,2026-W18,1,中风险,5.7222,19.6357,81.1829,42.08,1.6871,3.3,4.1,22,13.3,1.5,1.7,0.1,4.9,0.6
福建,福州,2026,19,2026-W19,1,中风险,3.9111,18.2514,85.9129,47.03,1.5629,3.6,4.1,7,12.2,1.4,2,0.1,4.2,0.6
福建,福州,2026,20,2026-W20,1,中风险,5.0333,21.3433,89.65,53.77,1.1867,3.4,4.2,18,11.9,1.7,1.2,0.2,4,0.7
西藏,拉萨,2024,1,2024-W01,1,中风险,8.4,-4.9043,43.06,0.57,1.12,7.1,9.7,,,,,,,
西藏,拉萨,2024,2,2024-W02,1,中风险,7.5,-3.6657,28.1114,0,1.2471,6.3,8.7,,,,,,,
西藏,拉萨,2024,3,2024-W03,1,中风险,6.85,-6.1357,45.0814,5.91,1.4671,6,7.7,,,,,,,
西藏,拉萨,2024,4,2024-W04,1,中风险,6.1,-7.0786,46.6529,1.15,1.5429,5.2,7,,,,,,,
西藏,拉萨,2024,5,2024-W05,1,中风险,5.7,-6.06,39.7429,0.75,2.3686,5,6.4,,,,,,,
西藏,拉萨,2024,6,2024-W06,1,中风险,6.8,-5.9357,32.1286,0.04,2.5329,5.7,7.9,,,,,,,
西藏,拉萨,2024,7,2024-W07,1,中风险,6.65,-2.6986,34.4971,0.64,1.9557,5.7,7.6,,,,,,,
西藏,拉萨,2024,8,2024-W08,1,中风险,5,-2.8029,29.9186,1.01,4.15,4.3,5.7,,,,,,,
西藏,拉萨,2024,9,2024-W09,1,中风险,4.1,0.1629,30.9157,0.05,2.6671,4.3,5,3,,,,,,
西藏,拉萨,2024,10,2024-W10,1,中风险,10.5333,-0.4071,22.1943,0.27,3.2414,4.1,5.5,22,,,,,,
西藏,拉萨,2024,11,2024-W11,1,中风险,10.8333,1.0671,28.1629,0.02,3.0571,4.1,5.4,23,,,,,,
西藏,拉萨,2024,12,2024-W12,1,中风险,6.3,1.1286,40.7586,0.9,1.8971,3.9,5,10,,,,,,
西藏,拉萨,2024,13,2024-W13,1,中风险,6.8333,3.86,34.2729,1.59,1.8971,3.8,4.7,12,,,,,,
西藏,拉萨,2024,14,2024-W14,1,中风险,4.5,4.5986,37.9186,1.17,2.9686,3.8,4.7,5,,,,,,
西藏,拉萨,2024,15,2024-W15,1,中风险,3.9667,3.25,35.0814,0.55,2.2629,3.6,4.3,4,,,,,,
西藏,拉萨,2024,16,2024-W16,1,中风险,4.3667,6.17,42.4571,10.92,1.8757,3.5,4.6,5,,,,,,
西藏,拉萨,2024,17,2024-W17,1,中风险,5.4333,5.7043,34.2743,1.85,2.6029,3.6,4.7,8,,,,,,
西藏,拉萨,2024,18,2024-W18,1,中风险,4.4,5.4343,34.5443,6.69,2.7357,3.8,5,,,,,,,
西藏,拉萨,2024,19,2024-W19,1,中风险,4.5,5.91,50.3886,5.37,1.6214,3.6,4.9,5,,,,,,
西藏,拉萨,2024,20,2024-W20,1,中风险,7.3667,9.9657,38.6414,0.85,1.6329,4,5.1,13,,,,,,
西藏,拉萨,2024,21,2024-W21,1,中风险,6.9,11.9429,43.2571,4.2,1.9114,3.9,4.8,12,,,,,,
西藏,拉萨,2024,22,2024-W22,1,中风险,5.9667,13.7571,46.0129,2.69,2.7257,3.8,5.1,9,,,,,,
西藏,拉萨,2024,23,2024-W23,1,中风险,3.6,12.3629,50.7429,12.03,2,3.9,4.9,2,,,,,,
西藏,拉萨,2024,24,2024-W24,1,中风险,4.3667,13.7357,57.3114,29.07,1.9014,4,5.1,4,,,,,,
西藏,拉萨,2024,25,2024-W25,1,中风险,6.0333,14.3071,56.9343,13.01,1.3929,3.9,5.2,9,,,,,,
西藏,拉萨,2024,26,2024-W26,1,中风险,4.3,11.9729,66.6314,51.55,1.3014,3.8,5.1,4,,,,,,
西藏,拉萨,2024,27,2024-W27,1,中风险,4.6333,12.2157,68.9643,54.85,1.54,3.8,5.1,5,,,,,,
西藏,拉萨,2024,28,2024-W28,1,中风险,4.5,13.0614,70.8743,26.11,1.3057,4.1,4.9,,,,,,,
西藏,拉萨,2024,29,2024-W29,1,中风险,4.25,13.1914,72.8243,45.42,1.4471,3.8,4.7,,,,,,,
西藏,拉萨,2024,30,2024-W30,1,中风险,4.2,12.0414,77.0929,67.9,1.3386,3.9,4.5,,,,,,,
西藏,拉萨,2024,31,2024-W31,1,中风险,4,12.0471,63.8886,11.65,1.5829,3.8,4.2,,,,,,,
西藏,拉萨,2024,32,2024-W32,1,中风险,3.7,11.5886,71,19.72,1.2143,3.5,3.9,,,,,,,
西藏,拉萨,2024,33,2024-W33,1,中风险,3.6,10.2557,64.7914,16.61,1.4543,3.6,3.6,,,,,,,
西藏,拉萨,2024,34,2024-W34,1,中风险,3.4,10.9657,66.8586,14.44,1.2657,3.6,3.2,,,,,,,
西藏,拉萨,2024,35,2024-W35,1,中风险,3.25,11.9243,59.68,2.29,1.3571,3.4,3.1,,,,,,,
西藏,拉萨,2024,36,2024-W36,1,中风险,3.3,11.9071,68.3129,9.88,1.3171,3.4,3.2,,,,,,,
西藏,拉萨,2024,37,2024-W37,1,中风险,4.9667,11.5643,66.7229,9.99,1.2357,3.4,3.5,8,,,,,,
西藏,拉萨,2024,38,2024-W38,1,中风险,3.1,10.9486,62.6343,2.9,1.0986,3.6,3.7,2,,,,,,
西藏,拉萨,2024,39,2024-W39,1,中风险,3.6333,9.7871,66.6443,8.49,1.3643,3.2,3.7,4,,,,,,
西藏,拉萨,2024,40,2024-W40,1,中风险,3.85,9.7857,63.33,4.31,1.4357,3.6,4.1,,,,,,,
西藏,拉萨,2024,41,2024-W41,1,中风险,2.5,8.0043,52.8871,1.56,1.56,3.2,3.3,1,,,,,,
西藏,拉萨,2024,42,2024-W42,1,中风险,5.7,5.3429,53.9586,3.27,1.5629,3.4,,8,,,,,,
西藏,拉萨,2024,43,2024-W43,1,中风险,5.15,4.1543,48.6786,0.93,1.5871,3.3,,7,,,,,,
西藏,拉萨,2024,44,2024-W44,1,中风险,4.3,5.2271,43.9957,1.06,1.5571,3.5,3.4,6,,,,,,
西藏,拉萨,2024,45,2024-W45,1,中风险,4.4,2.0171,49.3614,3.19,1.4743,3.6,3.6,6,,,,,,
西藏,拉萨,2024,46,2024-W46,1,中风险,8.4,2.8086,38.3286,0,2.3029,3.8,,13,,,,,,
西藏,拉萨,2024,47,2024-W47,1,中风险,12.05,0.6,33.8171,0,1.8029,4.1,,20,,,,,,
西藏,拉萨,2024,48,2024-W48,1,中风险,12.9667,-1.0386,33.01,0,1.7186,4.4,3.5,31,,,,,,
西藏,拉萨,2024,49,2024-W49,1,中风险,16.0667,0.57,22.4,0.06,2.5714,4.6,3.6,40,,,,,,
西藏,拉萨,2024,50,2024-W50,1,中风险,41.1333,-2.2343,20.0171,0,2.7714,5.4,4,114,,,,,,
西藏,拉萨,2024,51,2024-W51,1,中风险,81.25,-1.2743,19.9486,0,2.1586,6.5,,156,,,,,,
西藏,拉萨,2024,52,2024-W52,1,中风险,89.1,-2.3943,25.5257,0.05,2.3843,7.2,,171,,,,,,
西藏,拉萨,2025,1,2025-W01,1,中风险,53.2333,-2.11,21.5214,0.02,1.5186,7.5,7.2,145,,,,,,
西藏,拉萨,2025,2,2025-W02,1,中风险,43.7,-3.1071,23.24,0.97,2.3371,6.2,6.9,118,,,,,,
西藏,拉萨,2025,3,2025-W03,1,中风险,10.5333,-2.4171,23.3886,0.11,2.0329,5.1,6.5,20,,,,,,
西藏,拉萨,2025,4,2025-W04,1,中风险,4.1667,-1.0986,18.8729,0,2.65,4.2,5.3,3,,,,,,
西藏,拉萨,2025,5,2025-W05,1,中风险,6.45,-1.29,16.0486,0.41,2.82,5.5,7.4,,,,,,,
西藏,拉萨,2025,6,2025-W06,1,中风险,3.4667,0.75,15.2714,0.07,2.7757,3.9,5.5,1,,,,,,
西藏,拉萨,2025,7,2025-W07,1,中风险,3.0333,-2.1071,21.9143,1.47,2.5871,3.4,4.7,1,,,,,,
西藏,拉萨,2025,8,2025-W08,1,中风险,6.4667,-2.2757,31.8843,3.33,2.4643,3.1,4.3,12,,,,,,
西藏,拉萨,2025,9,2025-W09,1,中风险,16.4333,-1.5443,31.0129,1.38,2.3971,3.1,4.2,42,,,,,,
西藏,拉萨,2025,10,2025-W10,1,中风险,10.0333,-0.7957,23.4129,1.08,3.0029,3.2,3.9,23,,,,,,
西藏,拉萨,2025,11,2025-W11,1,中风险,6.7333,1.5329,27.9043,1.92,2.5143,3.2,4,13,,,,,,
西藏,拉萨,2025,12,2025-W12,1,中风险,3.8,0.3157,28.7186,0.13,2.9686,3.3,4.1,4,,,,,,
西藏,拉萨,2025,13,2025-W13,1,中风险,4.1667,5.1357,16.6914,0.01,2.56,3.4,4.1,5,,,,,,
西藏,拉萨,2025,14,2025-W14,1,中风险,3.4333,3.9629,25.6914,0.07,3.1229,3.4,3.9,3,,,,,,
西藏,拉萨,2025,15,2025-W15,1,中风险,3.55,5.6957,37.6943,1.2,2.2214,3.2,3.9,,,,,,,
西藏,拉萨,2025,16,2025-W16,1,中风险,3.7,5.1957,44.5757,17.73,1.4286,3.3,4.1,,,,,,,
西藏,拉萨,2025,17,2025-W17,1,中风险,3.6,6.9757,30.6771,1.49,2.5857,3.3,3.9,,,,,,,
西藏,拉萨,2025,18,2025-W18,1,中风险,3.8,4.5657,47.7186,6.89,1.8129,3.4,4.2,,,,,,,
西藏,拉萨,2025,19,2025-W19,1,中风险,3.6,9.0486,38.9614,5.22,1.57,3.1,4.1,,,,,,,
西藏,拉萨,2025,20,2025-W20,1,中风险,2.9333,10.02,50.7014,16.37,1.9529,3.1,4.7,1,,,,,,
西藏,拉萨,2025,21,2025-W21,1,中风险,5.3,8.8114,52.21,28.94,1.71,3.2,4.7,8,,,,,,
西藏,拉萨,2025,22,2025-W22,1,中风险,3.9667,12.3914,52.9129,10.91,2.28,3.1,4.8,4,,,,,,
西藏,拉萨,2025,23,2025-W23,1,中风险,3.2,10.33,48.5443,13.86,2.3857,3.1,4.5,2,,,,,,
西藏,拉萨,2025,24,2025-W24,1,中风险,3.0667,12.4129,44.9286,10.48,1.5543,2.9,4.3,2,,,,,,
西藏,拉萨,2025,25,2025-W25,2,低风险,3.9444,13.5471,54.3714,36.46,1.5143,2.9,4.3,1,1.5,15.4,2.9,0.1,0.7,6.7
西藏,拉萨,2025,26,2025-W26,2,低风险,3.9778,12.7129,52.7786,13.21,1.4186,3,4.3,2,1.6,14,3,0.2,0.8,6.9
西藏,拉萨,2025,27,2025-W27,2,低风险,3.6889,10.7929,60.9071,40.72,1.69,2.9,4.2,2,1.8,11.9,3.3,0.3,0.5,6.3
西藏,拉萨,2025,28,2025-W28,2,低风险,3.7778,13.7757,49.8414,13.74,1.5729,2.7,4,1,1.8,13.4,3.3,0.2,0.8,6.8
西藏,拉萨,2025,29,2025-W29,2,低风险,4.1625,13.1457,59.9229,30.7,1.4357,2.6,3.8,,2.4,14,4.3,0.5,0.6,5.1
西藏,拉萨,2025,30,2025-W30,2,低风险,3.8625,13.0229,66.4471,24.74,1.2071,2.6,3.6,,2.2,13.5,3.4,0.6,0.7,4.3
西藏,拉萨,2025,31,2025-W31,2,低风险,3.9625,12.79,69.54,36.28,1.2371,2.6,3.5,,2.3,13.6,3.8,0.6,0.9,4.4
西藏,拉萨,2025,32,2025-W32,2,低风险,3.4875,13.5514,65.6343,24.22,1.2814,2.5,3.5,,1.5,10.8,3.9,0.4,0.9,4.4
西藏,拉萨,2025,33,2025-W33,2,低风险,3.5111,12.1114,65.54,7.03,1.2043,2.5,3.4,2,1.5,11.9,3.6,0.6,0.5,5.6
西藏,拉萨,2025,34,2025-W34,2,低风险,3.3375,12.5643,65.9386,19.27,1.3129,2.5,3.2,,1.9,10.5,3.2,0.5,0.6,4.3
西藏,拉萨,2025,35,2025-W35,2,低风险,3.1875,10.5443,69.4714,46.06,1.0314,2.5,3.1,,2.4,8.5,3.7,0.4,0.6,4.3
西藏,拉萨,2025,36,2025-W36,2,低风险,2.8444,11.2286,69.0957,9.48,1.1729,2.7,3.4,1,3.3,6.8,3.5,0.4,0.8,3.7
西藏,拉萨,2025,37,2025-W37,2,低风险,3.3875,10.7,69.8314,15.01,0.9957,2.8,3.6,,3.6,6.8,5.6,0.4,1,3.3
西藏,拉萨,2025,38,2025-W38,1,中风险,4.2889,9.5686,70.9257,12.32,1.2871,2.9,3.8,13,3.5,5.3,5.9,0.3,1.1,2.8
西藏,拉萨,2025,39,2025-W39,1,中风险,4.5667,10.3686,57.3957,0.89,1.1043,2.9,3.8,16,4.1,3.6,7.6,0.2,1,1.9
西藏,拉萨,2025,40,2025-W40,1,中风险,3.8,9.21,66.0057,8.3,1.6557,3.3,4.4,11,3,3.2,5.7,0.3,1.2,2.1
西藏,拉萨,2025,41,2025-W41,1,中风险,2.9111,6.7657,60.5657,1.83,1.7043,2.8,4.1,4,3.5,2.3,6.7,0.3,1.1,1.4
西藏,拉萨,2025,42,2025-W42,1,中风险,8.4625,6.1557,51.2043,0.28,1.1829,2.7,,49,5.8,1.8,5.6,0.5,1.3,1
西藏,拉萨,2025,43,2025-W43,1,中风险,21.2875,4.31,48.3,0.5,1.7229,3.6,,144,10.5,1.5,7,0.4,2.4,0.9
西藏,拉萨,2025,44,2025-W44,1,中风险,43.0889,3.8286,63.5414,26.22,1.3043,5.1,4.6,347,17.5,1.4,6.6,0.4,4.2,1
西藏,拉萨,2025,45,2025-W45,0,高风险,75.6222,2.6014,50.2871,0,2.1229,6.1,5.5,621,29.8,1.1,6.1,0.5,9.8,0.7
西藏,拉萨,2025,46,2025-W46,0,高风险,127.3125,1.5029,38.8643,0.01,2.3914,7,,955,38.1,0.5,5,0.3,11.4,1.2
西藏,拉萨,2025,47,2025-W47,0,高风险,163.8,-0.0486,40.3629,0.13,1.5843,8.6,,1234,44.8,0.6,4.3,0.6,16.4,1.1
西藏,拉萨,2025,48,2025-W48,0,高风险,203.2,-0.9857,37.9114,0,1.5271,9.1,,1541,51.1,0.6,3.5,0.3,19,1
西藏,拉萨,2025,49,2025-W49,0,高风险,146.6111,-0.7729,34.7543,0,1.81,7.9,11.1,1219,54.2,0.3,4,0.2,22.1,0.7
西藏,拉萨,2025,50,2025-W50,0,高风险,82.9111,-2.47,34.2114,0,1.4386,6.3,9.7,651,50.2,0.5,4.9,0.2,22.5,0.9
西藏,拉萨,2025,51,2025-W51,0,高风险,34.2625,-1.1886,35.7343,0,1.35,4.9,,201,41.9,0.7,6.1,0.4,18.6,0.5
西藏,拉萨,2025,52,2025-W52,1,中风险,17.9875,-0.3729,30.8814,0,1.7286,4.2,,82,33.7,0.7,7.2,0.3,14.5,1.3
西藏,拉萨,2026,1,2026-W01,1,中风险,10.6444,-5.1571,41.5786,0.38,1.64,4.1,5.4,37,27.4,1.1,8.8,0.2,10.6,1.2
西藏,拉萨,2026,2,2026-W02,1,中风险,7.7889,-3.1014,31.9257,0,2.1843,3.7,4.8,19,23.3,1.1,9.8,0.3,7.1,1
西藏,拉萨,2026,3,2026-W03,1,中风险,7.3222,-3.8,31.4571,0,1.5243,3.5,4.7,18,21.3,0.9,9.3,0.3,6.9,1
西藏,拉萨,2026,4,2026-W04,1,中风险,5.9333,-2.9729,31.3014,0,2.0943,3.4,4.3,8,18.8,1.5,8.3,0.2,7.7,1.2
西藏,拉萨,2026,5,2026-W05,1,中风险,5.2222,-2.9657,30.6257,0.35,2.3257,3.3,4,4,17.1,2.3,7.9,0.2,6.4,1.8
西藏,拉萨,2026,6,2026-W06,1,中风险,4.6375,-2.9914,29.99,0.19,2.6014,3,3.3,,13,2.2,8.6,0.2,5.1,1.7
西藏,拉萨,2026,7,2026-W07,1,中风险,3.8222,-2.3814,28.7357,0.29,2.02,2.9,3.6,1,11,1.7,8,0.2,4.9,1.1
西藏,拉萨,2026,8,2026-W08,1,中风险,4.425,-0.34,25.9271,0.19,1.5543,4.9,4.8,,10.5,1.3,8,0,4.4,1.5
西藏,拉萨,2026,9,2026-W09,1,中风险,3.95,0.1029,29.5371,0.06,1.9014,3,3,,11,2.3,6.6,0.2,4.1,1.4
西藏,拉萨,2026,10,2026-W10,1,中风险,3.6125,3.6957,15.8329,0.05,2.4229,2.8,2.8,,9.4,2.6,6.8,0.2,3.3,1
西藏,拉萨,2026,11,2026-W11,1,中风险,4.0556,3.5514,25.26,4.03,1.6886,3,3,6,11.3,2.3,5.8,0.2,3.6,1.3
西藏,拉萨,2026,12,2026-W12,1,中风险,7.3556,1.01,36.5343,1.61,2.3157,3.5,3.3,32,13.3,2.7,4.4,0.2,5.7,1.1
西藏,拉萨,2026,13,2026-W13,1,中风险,11.1667,2.4686,38.5143,5.33,1.9729,3.6,3.5,64,15.5,2.4,3.9,0.1,6.2,1.3
西藏,拉萨,2026,14,2026-W14,1,中风险,10.1778,5.8314,31.35,1.05,2.3,3.6,3.6,56,16.3,2,4,0.2,5,0.9
西藏,拉萨,2026,15,2026-W15,1,中风险,6.2333,2.9571,33.5914,1.85,2.6486,3.6,3.7,23,15.3,1.8,2.6,0.3,5.5,0.3
西藏,拉萨,2026,16,2026-W16,1,中风险,5.3778,5.23,32.7571,4.88,1.6,3.5,3.7,18,13.4,1.3,2.6,0.2,4.9,0.8
西藏,拉萨,2026,17,2026-W17,1,中风险,5.8,7.7786,30.1414,2.48,1.8586,3.7,3.9,20,14.8,1.3,2.3,0.2,5.3,0.7
西藏,拉萨,2026,18,2026-W18,1,中风险,5.7222,5.9014,47.8,20.79,1.6414,3.3,4.1,22,13.3,1.5,1.7,0.1,4.9,0.6
西藏,拉萨,2026,19,2026-W19,1,中风险,3.9111,5.0257,50.0514,24.5,1.26,3.6,4.1,7,12.2,1.4,2,0.1,4.2,0.6
西藏,拉萨,2026,20,2026-W20,1,中风险,5.0333,7.53,40.9367,3.49,1.0767,3.4,4.2,18,11.9,1.7,1.2,0.2,4,0.7
贵州,贵阳,2024,1,2024-W01,1,中风险,8.4,7.6529,86.23,31.7,2.6,7.1,9.7,,,,,,,
贵州,贵阳,2024,2,2024-W02,1,中风险,7.5,9.2814,88.9814,13.4,1.9371,6.3,8.7,,,,,,,
贵州,贵阳,2024,3,2024-W03,1,中风险,6.85,9.5457,85.5729,41.8,4.3029,6,7.7,,,,,,,
贵州,贵阳,2024,4,2024-W04,1,中风险,6.1,-2.55,85.3214,6.35,2.5086,5.2,7,,,,,,,
贵州,贵阳,2024,5,2024-W05,1,中风险,5.7,7.7914,86.2343,20.42,3.3714,5,6.4,,,,,,,
贵州,贵阳,2024,6,2024-W06,1,中风险,6.8,3.0829,74.02,2.69,2.6329,5.7,7.9,,,,,,,
贵州,贵阳,2024,7,2024-W07,1,中风险,6.65,11.77,73.2114,2.76,5.3071,5.7,7.6,,,,,,,
贵州,贵阳,2024,8,2024-W08,1,中风险,5,7.63,69.3414,2.34,3.9629,4.3,5.7,,,,,,,
贵州,贵阳,2024,9,2024-W09,1,中风险,4.1,4.0171,82.02,3.28,3.1986,4.3,5,3,,,,,,
贵州,贵阳,2024,10,2024-W10,1,中风险,10.5333,10.1329,79.0357,3.08,3.04,4.1,5.5,22,,,,,,
贵州,贵阳,2024,11,2024-W11,1,中风险,10.8333,14.2814,76.99,5.6,3.3,4.1,5.4,23,,,,,,
贵州,贵阳,2024,12,2024-W12,1,中风险,6.3,15.5443,69.7971,3.75,4.9271,3.9,5,10,,,,,,
贵州,贵阳,2024,13,2024-W13,1,中风险,6.8333,16.88,73.62,20.67,3.8971,3.8,4.7,12,,,,,,
贵州,贵阳,2024,14,2024-W14,1,中风险,4.5,17.07,74.17,32.8,3.3529,3.8,4.7,5,,,,,,
贵州,贵阳,2024,15,2024-W15,1,中风险,3.9667,19.1571,76.36,3.8,3.1471,3.6,4.3,4,,,,,,
贵州,贵阳,2024,16,2024-W16,1,中风险,4.3667,19.8114,78.5043,78.15,3.2357,3.5,4.6,5,,,,,,
贵州,贵阳,2024,17,2024-W17,1,中风险,5.4333,18.96,79.2343,62.8,2.4943,3.6,4.7,8,,,,,,
贵州,贵阳,2024,18,2024-W18,1,中风险,4.4,16.9714,78.9243,47.35,3.4814,3.8,5,,,,,,,
贵州,贵阳,2024,19,2024-W19,1,中风险,4.5,18.2986,84.9843,35.96,3.23,3.6,4.9,5,,,,,,
贵州,贵阳,2024,20,2024-W20,1,中风险,7.3667,18.8471,83.0143,58.37,2.5129,4,5.1,13,,,,,,
贵州,贵阳,2024,21,2024-W21,1,中风险,6.9,20.9586,81.3029,29.73,2.4643,3.9,4.8,12,,,,,,
贵州,贵阳,2024,22,2024-W22,1,中风险,5.9667,19.9,84.1243,88.51,2.7186,3.8,5.1,9,,,,,,
贵州,贵阳,2024,23,2024-W23,1,中风险,3.6,19.9957,86.6629,73.54,2.4343,3.9,4.9,2,,,,,,
贵州,贵阳,2024,24,2024-W24,1,中风险,4.3667,22.4657,84.7357,70.11,1.92,4,5.1,4,,,,,,
贵州,贵阳,2024,25,2024-W25,1,中风险,6.0333,22.6757,89.4171,121.28,2.69,3.9,5.2,9,,,,,,
贵州,贵阳,2024,26,2024-W26,1,中风险,4.3,21.9671,88.5386,122.41,3.2671,3.8,5.1,4,,,,,,
贵州,贵阳,2024,27,2024-W27,1,中风险,4.6333,22.5143,86.5286,21.08,4.9229,3.8,5.1,5,,,,,,
贵州,贵阳,2024,28,2024-W28,1,中风险,4.5,24.0571,85.3371,3.99,4.8414,4.1,4.9,,,,,,,
贵州,贵阳,2024,29,2024-W29,1,中风险,4.25,22.8743,83.0971,2.89,4.6071,3.8,4.7,,,,,,,
贵州,贵阳,2024,30,2024-W30,1,中风险,4.2,24.3343,82.8257,40.22,1.9743,3.9,4.5,,,,,,,
贵州,贵阳,2024,31,2024-W31,1,中风险,4,22.5257,87.5343,100.34,2.4886,3.8,4.2,,,,,,,
贵州,贵阳,2024,32,2024-W32,1,中风险,3.7,23.5157,86.0357,25.98,3.53,3.5,3.9,,,,,,,
贵州,贵阳,2024,33,2024-W33,1,中风险,3.6,22.3943,82.1829,11.26,1.6957,3.6,3.6,,,,,,,
贵州,贵阳,2024,34,2024-W34,1,中风险,3.4,23.5443,82.9014,6.62,2.1757,3.6,3.2,,,,,,,
贵州,贵阳,2024,35,2024-W35,1,中风险,3.25,23.6986,82.7443,3.07,1.92,3.4,3.1,,,,,,,
贵州,贵阳,2024,36,2024-W36,1,中风险,3.3,22.8586,84.5771,35.05,2.3271,3.4,3.2,,,,,,,
贵州,贵阳,2024,37,2024-W37,1,中风险,4.9667,22.1443,84.5986,18.02,1.5771,3.4,3.5,8,,,,,,
贵州,贵阳,2024,38,2024-W38,1,中风险,3.1,21.34,84.22,7.88,2.5414,3.6,3.7,2,,,,,,
贵州,贵阳,2024,39,2024-W39,1,中风险,3.6333,20.4729,80.2214,13.61,2.4757,3.2,3.7,4,,,,,,
贵州,贵阳,2024,40,2024-W40,1,中风险,3.85,14.7414,81.2643,30.78,2.6514,3.6,4.1,,,,,,,
贵州,贵阳,2024,41,2024-W41,1,中风险,2.5,15.7314,84.1514,21.85,2.1229,3.2,3.3,1,,,,,,
贵州,贵阳,2024,42,2024-W42,1,中风险,5.7,17.6229,88.0043,59.97,2.6057,3.4,,8,,,,,,
贵州,贵阳,2024,43,2024-W43,1,中风险,5.15,14.6886,77.6429,4.34,2.73,3.3,,7,,,,,,
贵州,贵阳,2024,44,2024-W44,1,中风险,4.3,14.4843,80.2771,0.09,1.98,3.5,3.4,6,,,,,,
贵州,贵阳,2024,45,2024-W45,1,中风险,4.4,13.8129,80.2229,0.7,1.6857,3.6,3.6,6,,,,,,
贵州,贵阳,2024,46,2024-W46,1,中风险,8.4,16.7986,84.1829,0.6,2.8943,3.8,,13,,,,,,
贵州,贵阳,2024,47,2024-W47,1,中风险,12.05,9.3929,87.5471,10.44,2.5414,4.1,,20,,,,,,
贵州,贵阳,2024,48,2024-W48,1,中风险,12.9667,7.7986,81.3671,9.6,2.4086,4.4,3.5,31,,,,,,
贵州,贵阳,2024,49,2024-W49,1,中风险,16.0667,7.7729,88.24,20.35,2.4286,4.6,3.6,40,,,,,,
贵州,贵阳,2024,50,2024-W50,1,中风险,41.1333,3.3157,85.0514,7.94,2.81,5.4,4,114,,,,,,
贵州,贵阳,2024,51,2024-W51,1,中风险,81.25,3.8457,81.9,1.85,2.1486,6.5,,156,,,,,,
贵州,贵阳,2024,52,2024-W52,1,中风险,89.1,4.4357,84.12,2.46,2.1371,7.2,,171,,,,,,
贵州,贵阳,2025,1,2025-W01,1,中风险,53.2333,6.2286,83.8514,0.43,2.0586,7.5,7.2,145,,,,,,
贵州,贵阳,2025,2,2025-W02,1,中风险,43.7,3.0943,78.4986,7.4,2.4071,6.2,6.9,118,,,,,,
贵州,贵阳,2025,3,2025-W03,1,中风险,10.5333,5.1171,75.5957,0.41,2.1871,5.1,6.5,20,,,,,,
贵州,贵阳,2025,4,2025-W04,1,中风险,4.1667,7.98,85.3957,4.28,3.5729,4.2,5.3,3,,,,,,
贵州,贵阳,2025,5,2025-W05,1,中风险,6.45,4.8629,83.0029,6.69,2.68,5.5,7.4,,,,,,,
贵州,贵阳,2025,6,2025-W06,1,中风险,3.4667,2.8614,78.6514,3.5,2.6057,3.9,5.5,1,,,,,,
贵州,贵阳,2025,7,2025-W07,1,中风险,3.0333,5.8214,86.9443,11.03,3.1586,3.4,4.7,1,,,,,,
贵州,贵阳,2025,8,2025-W08,1,中风险,6.4667,5.0429,88.2557,20.97,2.6057,3.1,4.3,12,,,,,,
贵州,贵阳,2025,9,2025-W09,1,中风险,16.4333,11.2286,78.6129,2.26,4.2557,3.1,4.2,42,,,,,,
贵州,贵阳,2025,10,2025-W10,1,中风险,10.0333,6.4329,81.77,12.45,3.0071,3.2,3.9,23,,,,,,
贵州,贵阳,2025,11,2025-W11,1,中风险,6.7333,11.9371,82.3814,17.99,3.4729,3.2,4,13,,,,,,
贵州,贵阳,2025,12,2025-W12,1,中风险,3.8,9.0043,73.3329,4.32,2.4657,3.3,4.1,4,,,,,,
贵州,贵阳,2025,13,2025-W13,1,中风险,4.1667,12.48,67.0114,0.77,3.6857,3.4,4.1,5,,,,,,
贵州,贵阳,2025,14,2025-W14,1,中风险,3.4333,11.9086,74.2271,1.59,2.2271,3.4,3.9,3,,,,,,
贵州,贵阳,2025,15,2025-W15,1,中风险,3.55,17.1571,75.02,18.28,3.1,3.2,3.9,,,,,,,
贵州,贵阳,2025,16,2025-W16,1,中风险,3.7,19.8471,66.7243,21.96,3.1343,3.3,4.1,,,,,,,
贵州,贵阳,2025,17,2025-W17,1,中风险,3.6,17.3314,79.0014,30.63,3.4643,3.3,3.9,,,,,,,
贵州,贵阳,2025,18,2025-W18,1,中风险,3.8,18.4686,75.8786,42.14,2.7114,3.4,4.2,,,,,,,
贵州,贵阳,2025,19,2025-W19,1,中风险,3.6,17.7157,81.0614,66.66,2.8557,3.1,4.1,,,,,,,
贵州,贵阳,2025,20,2025-W20,1,中风险,2.9333,18.9043,80.2043,33.84,2.7386,3.1,4.7,1,,,,,,
贵州,贵阳,2025,21,2025-W21,1,中风险,5.3,19.84,83.4714,71.53,3.2686,3.2,4.7,8,,,,,,
贵州,贵阳,2025,22,2025-W22,1,中风险,3.9667,19.1729,85.8057,63.35,3.3971,3.1,4.8,4,,,,,,
贵州,贵阳,2025,23,2025-W23,1,中风险,3.2,21.5257,83.1471,27.56,2.7643,3.1,4.5,2,,,,,,
贵州,贵阳,2025,24,2025-W24,1,中风险,3.0667,21.4571,78.6271,12.56,2.1229,2.9,4.3,2,,,,,,
贵州,贵阳,2025,25,2025-W25,2,低风险,3.9444,22.2143,87.0729,132.22,2.73,2.9,4.3,1,1.5,15.4,2.9,0.1,0.7,6.7
贵州,贵阳,2025,26,2025-W26,2,低风险,3.9778,21.5371,89.8529,196.75,2.8571,3,4.3,2,1.6,14,3,0.2,0.8,6.9
贵州,贵阳,2025,27,2025-W27,2,低风险,3.6889,22.2571,85.44,25.4,3.1129,2.9,4.2,2,1.8,11.9,3.3,0.3,0.5,6.3
贵州,贵阳,2025,28,2025-W28,2,低风险,3.7778,22.9871,85.7214,27.71,2.26,2.7,4,1,1.8,13.4,3.3,0.2,0.8,6.8
贵州,贵阳,2025,29,2025-W29,2,低风险,4.1625,23.5971,81.97,10.57,2.1143,2.6,3.8,,2.4,14,4.3,0.5,0.6,5.1
贵州,贵阳,2025,30,2025-W30,2,低风险,3.8625,22.5386,87.1971,53.25,2.3114,2.6,3.6,,2.2,13.5,3.4,0.6,0.7,4.3
贵州,贵阳,2025,31,2025-W31,2,低风险,3.9625,23.9129,81.7171,20.45,1.3686,2.6,3.5,,2.3,13.6,3.8,0.6,0.9,4.4
贵州,贵阳,2025,32,2025-W32,2,低风险,3.4875,24.3614,85.1386,9,2.6829,2.5,3.5,,1.5,10.8,3.9,0.4,0.9,4.4
贵州,贵阳,2025,33,2025-W33,2,低风险,3.5111,22.2243,86.0329,63.28,1.8943,2.5,3.4,2,1.5,11.9,3.6,0.6,0.5,5.6
贵州,贵阳,2025,34,2025-W34,2,低风险,3.3375,21.7971,86.3171,48.6,3.7471,2.5,3.2,,1.9,10.5,3.2,0.5,0.6,4.3
贵州,贵阳,2025,35,2025-W35,2,低风险,3.1875,21.6314,84.4629,4.73,2.0714,2.5,3.1,,2.4,8.5,3.7,0.4,0.6,4.3
贵州,贵阳,2025,36,2025-W36,2,低风险,2.8444,22.9243,84.1057,4.89,2.8229,2.7,3.4,1,3.3,6.8,3.5,0.4,0.8,3.7
贵州,贵阳,2025,37,2025-W37,2,低风险,3.3875,22.0357,87.4886,74.82,2.71,2.8,3.6,,3.6,6.8,5.6,0.4,1,3.3
贵州,贵阳,2025,38,2025-W38,1,中风险,4.2889,21.36,85.4529,12.9,3.2186,2.9,3.8,13,3.5,5.3,5.9,0.3,1.1,2.8
贵州,贵阳,2025,39,2025-W39,1,中风险,4.5667,19.2971,87.7914,31.18,3.0629,2.9,3.8,16,4.1,3.6,7.6,0.2,1,1.9
贵州,贵阳,2025,40,2025-W40,1,中风险,3.8,21.1886,87.1743,25.36,3.8886,3.3,4.4,11,3,3.2,5.7,0.3,1.2,2.1
贵州,贵阳,2025,41,2025-W41,1,中风险,2.9111,20.6457,85.6714,10.77,3.85,2.8,4.1,4,3.5,2.3,6.7,0.3,1.1,1.4
贵州,贵阳,2025,42,2025-W42,1,中风险,8.4625,18.3314,87.7529,53.83,3.0629,2.7,,49,5.8,1.8,5.6,0.5,1.3,1
贵州,贵阳,2025,43,2025-W43,1,中风险,21.2875,10.0014,85.2114,2.7,2.8,3.6,,144,10.5,1.5,7,0.4,2.4,0.9
贵州,贵阳,2025,44,2025-W44,1,中风险,43.0889,12.1129,87.2386,23.71,2.13,5.1,4.6,347,17.5,1.4,6.6,0.4,4.2,1
贵州,贵阳,2025,45,2025-W45,0,高风险,75.6222,12.9314,89.7414,70.47,2.9486,6.1,5.5,621,29.8,1.1,6.1,0.5,9.8,0.7
贵州,贵阳,2025,46,2025-W46,0,高风险,127.3125,11.5043,85.1971,5.82,1.9443,7,,955,38.1,0.5,5,0.3,11.4,1.2
贵州,贵阳,2025,47,2025-W47,0,高风险,163.8,6.4186,78.6457,3.54,2.7157,8.6,,1234,44.8,0.6,4.3,0.6,16.4,1.1
贵州,贵阳,2025,48,2025-W48,0,高风险,203.2,7.4071,73.1129,0.04,2.5529,9.1,,1541,51.1,0.6,3.5,0.3,19,1
贵州,贵阳,2025,49,2025-W49,0,高风险,146.6111,7.4714,88.2557,2.15,2.2414,7.9,11.1,1219,54.2,0.3,4,0.2,22.1,0.7
贵州,贵阳,2025,50,2025-W50,0,高风险,82.9111,8.7957,87.6957,0.87,2.6071,6.3,9.7,651,50.2,0.5,4.9,0.2,22.5,0.9
贵州,贵阳,2025,51,2025-W51,0,高风险,34.2625,8.2171,88.8586,2.55,2.8757,4.9,,201,41.9,0.7,6.1,0.4,18.6,0.5
贵州,贵阳,2025,52,2025-W52,1,中风险,17.9875,5.7171,87.48,8.41,2.5229,4.2,,82,33.7,0.7,7.2,0.3,14.5,1.3
贵州,贵阳,2026,1,2026-W01,1,中风险,10.6444,4.4829,89.7029,14.06,2.5529,4.1,5.4,37,27.4,1.1,8.8,0.2,10.6,1.2
贵州,贵阳,2026,2,2026-W02,1,中风险,7.7889,3.5786,81.2171,0.52,2.2271,3.7,4.8,19,23.3,1.1,9.8,0.3,7.1,1
贵州,贵阳,2026,3,2026-W03,1,中风险,7.3222,8.3286,86.92,0.92,2.9486,3.5,4.7,18,21.3,0.9,9.3,0.3,6.9,1
贵州,贵阳,2026,4,2026-W04,1,中风险,5.9333,3.1314,86.3886,2.71,2.7814,3.4,4.3,8,18.8,1.5,8.3,0.2,7.7,1.2
贵州,贵阳,2026,5,2026-W05,1,中风险,5.2222,5.5043,86.9514,2.86,3.0957,3.3,4,4,17.1,2.3,7.9,0.2,6.4,1.8
贵州,贵阳,2026,6,2026-W06,1,中风险,4.6375,6.5257,85.8114,8.73,2.91,3,3.3,,13,2.2,8.6,0.2,5.1,1.7
贵州,贵阳,2026,7,2026-W07,1,中风险,3.8222,8.5814,86.7386,5.39,2.7129,2.9,3.6,1,11,1.7,8,0.2,4.9,1.1
贵州,贵阳,2026,8,2026-W08,1,中风险,4.425,9.0657,85.1957,6.53,2.7514,4.9,4.8,,10.5,1.3,8,0,4.4,1.5
贵州,贵阳,2026,9,2026-W09,1,中风险,3.95,14.3814,81.9743,21.26,3.9257,3,3,,11,2.3,6.6,0.2,4.1,1.4
贵州,贵阳,2026,10,2026-W10,1,中风险,3.6125,9.2629,85.5586,23.08,2.86,2.8,2.8,,9.4,2.6,6.8,0.2,3.3,1
贵州,贵阳,2026,11,2026-W11,1,中风险,4.0556,10.24,80.9886,19.19,2.9743,3,3,6,11.3,2.3,5.8,0.2,3.6,1.3
贵州,贵阳,2026,12,2026-W12,1,中风险,7.3556,12.2329,85.6257,15.7,3.3043,3.5,3.3,32,13.3,2.7,4.4,0.2,5.7,1.1
贵州,贵阳,2026,13,2026-W13,1,中风险,11.1667,14.8071,86.7929,46.52,3.0014,3.6,3.5,64,15.5,2.4,3.9,0.1,6.2,1.3
贵州,贵阳,2026,14,2026-W14,1,中风险,10.1778,15.85,81.5014,39.6,3.3386,3.6,3.6,56,16.3,2,4,0.2,5,0.9
贵州,贵阳,2026,15,2026-W15,1,中风险,6.2333,19.65,74.2271,12.08,3.7543,3.6,3.7,23,15.3,1.8,2.6,0.3,5.5,0.3
贵州,贵阳,2026,16,2026-W16,1,中风险,5.3778,18.1629,82.1971,41.98,3.0129,3.5,3.7,18,13.4,1.3,2.6,0.2,4.9,0.8
贵州,贵阳,2026,17,2026-W17,1,中风险,5.8,15.9557,82.4943,50.67,3.0271,3.7,3.9,20,14.8,1.3,2.3,0.2,5.3,0.7
贵州,贵阳,2026,18,2026-W18,1,中风险,5.7222,14.7629,86.0186,59.77,2.7986,3.3,4.1,22,13.3,1.5,1.7,0.1,4.9,0.6
贵州,贵阳,2026,19,2026-W19,1,中风险,3.9111,16.6129,83.1557,37.64,1.7257,3.6,4.1,7,12.2,1.4,2,0.1,4.2,0.6
贵州,贵阳,2026,20,2026-W20,1,中风险,5.0333,19.2883,87.94,68.39,1.3083,3.4,4.2,18,11.9,1.7,1.2,0.2,4,0.7
辽宁,沈阳,2024,1,2024-W01,1,中风险,8.4,-10.4943,83.3386,0.03,2.6714,7.1,9.7,,,,,,,
辽宁,沈阳,2024,2,2024-W02,1,中风险,7.5,-10.82,81.1771,0.69,3.3629,6.3,8.7,,,,,,,
辽宁,沈阳,2024,3,2024-W03,1,中风险,6.85,-11.0543,77.9971,1.6,4.3714,6,7.7,,,,,,,
辽宁,沈阳,2024,4,2024-W04,1,中风险,6.1,-13.6714,80.5886,0.02,2.0914,5.2,7,,,,,,,
辽宁,沈阳,2024,5,2024-W05,1,中风险,5.7,-14.2914,82.2571,5.37,2.93,5,6.4,,,,,,,
辽宁,沈阳,2024,6,2024-W06,1,中风险,6.8,-10.0571,81.7057,0,2.4657,5.7,7.9,,,,,,,
辽宁,沈阳,2024,7,2024-W07,1,中风险,6.65,-0.6814,76.8171,7.72,5.5457,5.7,7.6,,,,,,,
辽宁,沈阳,2024,8,2024-W08,1,中风险,5,-9.3586,63.1114,1.96,4.5043,4.3,5.7,,,,,,,
辽宁,沈阳,2024,9,2024-W09,1,中风险,4.1,-6.9386,64.7471,0.61,3.0629,4.3,5,3,,,,,,
辽宁,沈阳,2024,10,2024-W10,1,中风险,10.5333,-1.84,60.6229,0.01,2.7629,4.1,5.5,22,,,,,,
辽宁,沈阳,2024,11,2024-W11,1,中风险,10.8333,3.0971,62.6486,1.15,3.56,4.1,5.4,23,,,,,,
辽宁,沈阳,2024,12,2024-W12,1,中风险,6.3,2.4686,67.2814,10.68,3.1329,3.9,5,10,,,,,,
辽宁,沈阳,2024,13,2024-W13,1,中风险,6.8333,4.4771,56.0543,5.04,4.2471,3.8,4.7,12,,,,,,
辽宁,沈阳,2024,14,2024-W14,1,中风险,4.5,7.7286,55.49,0,3.0229,3.8,4.7,5,,,,,,
辽宁,沈阳,2024,15,2024-W15,1,中风险,3.9667,10.65,65.9714,3.61,5.2471,3.6,4.3,4,,,,,,
辽宁,沈阳,2024,16,2024-W16,1,中风险,4.3667,12.2386,63.9629,30.85,2.9229,3.5,4.6,5,,,,,,
辽宁,沈阳,2024,17,2024-W17,1,中风险,5.4333,13.5371,71.7886,8.49,3.3914,3.6,4.7,8,,,,,,
辽宁,沈阳,2024,18,2024-W18,1,中风险,4.4,14.4143,59.6971,4.7,3.7757,3.8,5,,,,,,,
辽宁,沈阳,2024,19,2024-W19,1,中风险,4.5,16.1371,56.9971,22.41,4.2929,3.6,4.9,5,,,,,,
辽宁,沈阳,2024,20,2024-W20,1,中风险,7.3667,16.3314,61.3586,23.12,3.33,4,5.1,13,,,,,,
辽宁,沈阳,2024,21,2024-W21,1,中风险,6.9,16.3186,69.6186,49.45,3.6771,3.9,4.8,12,,,,,,
辽宁,沈阳,2024,22,2024-W22,1,中风险,5.9667,17.9429,67.2257,13.05,3.2786,3.8,5.1,9,,,,,,
辽宁,沈阳,2024,23,2024-W23,1,中风险,3.6,21.1771,64.9614,3.52,3.4186,3.9,4.9,2,,,,,,
辽宁,沈阳,2024,24,2024-W24,1,中风险,4.3667,22.7757,67.1143,19.52,3.1243,4,5.1,4,,,,,,
辽宁,沈阳,2024,25,2024-W25,1,中风险,6.0333,23.92,66.6329,25.76,3.0014,3.9,5.2,9,,,,,,
辽宁,沈阳,2024,26,2024-W26,1,中风险,4.3,23.43,64.8271,15.42,3.3029,3.8,5.1,4,,,,,,
辽宁,沈阳,2024,27,2024-W27,1,中风险,4.6333,22.7729,79.7,82.36,2.8114,3.8,5.1,5,,,,,,
辽宁,沈阳,2024,28,2024-W28,1,中风险,4.5,24.51,72.96,8.9,1.6329,4.1,4.9,,,,,,,
辽宁,沈阳,2024,29,2024-W29,1,中风险,4.25,26.0043,81.02,73.44,3.1514,3.8,4.7,,,,,,,
辽宁,沈阳,2024,30,2024-W30,1,中风险,4.2,26.3971,90.7643,251.49,2.8529,3.9,4.5,,,,,,,
辽宁,沈阳,2024,31,2024-W31,1,中风险,4,27.0986,87.3386,57.16,2.6186,3.8,4.2,,,,,,,
辽宁,沈阳,2024,32,2024-W32,1,中风险,3.7,26.3886,85.0271,66.97,2.3057,3.5,3.9,,,,,,,
辽宁,沈阳,2024,33,2024-W33,1,中风险,3.6,25.71,83.9329,40.52,1.6657,3.6,3.6,,,,,,,
辽宁,沈阳,2024,34,2024-W34,1,中风险,3.4,24.7429,83.5729,53.5,1.3429,3.6,3.2,,,,,,,
辽宁,沈阳,2024,35,2024-W35,1,中风险,3.25,22.1229,77.0271,2.91,1.7971,3.4,3.1,,,,,,,
辽宁,沈阳,2024,36,2024-W36,1,中风险,3.3,20.1143,76.3286,26.04,1.8829,3.4,3.2,,,,,,,
辽宁,沈阳,2024,37,2024-W37,1,中风险,4.9667,17.9943,73.7871,36.01,2.8229,3.4,3.5,8,,,,,,
辽宁,沈阳,2024,38,2024-W38,1,中风险,3.1,16.1314,78.3443,12.28,2.5757,3.6,3.7,2,,,,,,
辽宁,沈阳,2024,39,2024-W39,1,中风险,3.6333,15.64,77.3957,1.28,2.2714,3.2,3.7,4,,,,,,
辽宁,沈阳,2024,40,2024-W40,1,中风险,3.85,11.2786,77.2014,15.57,2.7057,3.6,4.1,,,,,,,
辽宁,沈阳,2024,41,2024-W41,1,中风险,2.5,11.76,71.7943,6.95,2.41,3.2,3.3,1,,,,,,
辽宁,沈阳,2024,42,2024-W42,1,中风险,5.7,7.9729,69.2214,5.07,3.6429,3.4,,8,,,,,,
辽宁,沈阳,2024,43,2024-W43,1,中风险,5.15,7.1343,80.5786,9.5,2.8714,3.3,,7,,,,,,
辽宁,沈阳,2024,44,2024-W44,1,中风险,4.3,8.4071,79.3814,11.55,2.1457,3.5,3.4,6,,,,,,
辽宁,沈阳,2024,45,2024-W45,1,中风险,4.4,4.8157,78.6729,1.55,3.02,3.6,3.6,6,,,,,,
辽宁,沈阳,2024,46,2024-W46,1,中风险,8.4,4.5214,77.0214,28.23,2.7329,3.8,,13,,,,,,
辽宁,沈阳,2024,47,2024-W47,1,中风险,12.05,-0.8643,76.5757,0,2.38,4.1,,20,,,,,,
辽宁,沈阳,2024,48,2024-W48,1,中风险,12.9667,-3.3671,77.3829,18.24,3.3671,4.4,3.5,31,,,,,,
辽宁,沈阳,2024,49,2024-W49,1,中风险,16.0667,-7.7,70.8443,0.82,2.7043,4.6,3.6,40,,,,,,
辽宁,沈阳,2024,50,2024-W50,1,中风险,41.1333,-8.5,77.21,0,2.0657,5.4,4,114,,,,,,
辽宁,沈阳,2024,51,2024-W51,1,中风险,81.25,-9.8029,78.1157,0.07,2.42,6.5,,156,,,,,,
辽宁,沈阳,2024,52,2024-W52,1,中风险,89.1,-8.5643,76.29,0,3.0257,7.2,,171,,,,,,
辽宁,沈阳,2025,1,2025-W01,1,中风险,53.2333,-8.0257,77.1214,0.02,2.2529,7.5,7.2,145,,,,,,
辽宁,沈阳,2025,2,2025-W02,1,中风险,43.7,-12.6614,76.7986,0.06,1.8614,6.2,6.9,118,,,,,,
辽宁,沈阳,2025,3,2025-W03,1,中风险,10.5333,-7.3343,82.4443,0.07,3.0471,5.1,6.5,20,,,,,,
辽宁,沈阳,2025,4,2025-W04,1,中风险,4.1667,-6.2986,79.9014,3.04,1.8186,4.2,5.3,3,,,,,,
辽宁,沈阳,2025,5,2025-W05,1,中风险,6.45,-13.86,85.2071,14.67,3.1429,5.5,7.4,,,,,,,
辽宁,沈阳,2025,6,2025-W06,1,中风险,3.4667,-15.2186,78.0886,0.43,2.7471,3.9,5.5,1,,,,,,
辽宁,沈阳,2025,7,2025-W07,1,中风险,3.0333,-5.2157,79.0443,2.19,3.3914,3.4,4.7,1,,,,,,
辽宁,沈阳,2025,8,2025-W08,1,中风险,6.4667,-9.4743,69.94,0,2.6043,3.1,4.3,12,,,,,,
辽宁,沈阳,2025,9,2025-W09,1,中风险,16.4333,-1.6457,70.84,0,4.7629,3.1,4.2,42,,,,,,
辽宁,沈阳,2025,10,2025-W10,1,中风险,10.0333,-0.1557,69.8929,0,3.1514,3.2,3.9,23,,,,,,
辽宁,沈阳,2025,11,2025-W11,1,中风险,6.7333,1.6386,65.2514,0.5,4.5214,3.2,4,13,,,,,,
辽宁,沈阳,2025,12,2025-W12,1,中风险,3.8,4.7386,65.9943,0.01,3.0114,3.3,4.1,4,,,,,,
辽宁,沈阳,2025,13,2025-W13,1,中风险,4.1667,1.5186,59.9914,0.65,4.1029,3.4,4.1,5,,,,,,
辽宁,沈阳,2025,14,2025-W14,1,中风险,3.4333,6.1586,74.0286,12.91,3.4271,3.4,3.9,3,,,,,,
辽宁,沈阳,2025,15,2025-W15,1,中风险,3.55,8.28,72.6871,50.59,4.1443,3.2,3.9,,,,,,,
辽宁,沈阳,2025,16,2025-W16,1,中风险,3.7,9.3443,75.2486,9.33,2.7157,3.3,4.1,,,,,,,
辽宁,沈阳,2025,17,2025-W17,1,中风险,3.6,11.1014,58.3671,14.56,4.0786,3.3,3.9,,,,,,,
辽宁,沈阳,2025,18,2025-W18,1,中风险,3.8,10.6929,62.5071,14.08,3.2929,3.4,4.2,,,,,,,
辽宁,沈阳,2025,19,2025-W19,1,中风险,3.6,13.8729,68.5957,5.38,3.5329,3.1,4.1,,,,,,,
辽宁,沈阳,2025,20,2025-W20,1,中风险,2.9333,15.0057,70.8757,59.04,4.6486,3.1,4.7,1,,,,,,
辽宁,沈阳,2025,21,2025-W21,1,中风险,5.3,16.2443,64.8,1.43,2.7586,3.2,4.7,8,,,,,,
辽宁,沈阳,2025,22,2025-W22,1,中风险,3.9667,19.7743,68.0643,0.17,2.8614,3.1,4.8,4,,,,,,
辽宁,沈阳,2025,23,2025-W23,1,中风险,3.2,19.74,62.6686,10.88,3.2557,3.1,4.5,2,,,,,,
辽宁,沈阳,2025,24,2025-W24,1,中风险,3.0667,21.1371,70.5286,29.21,3.1743,2.9,4.3,2,,,,,,
辽宁,沈阳,2025,25,2025-W25,2,低风险,3.9444,22.3371,72.4943,45.28,2.6643,2.9,4.3,1,1.5,15.4,2.9,0.1,0.7,6.7
辽宁,沈阳,2025,26,2025-W26,2,低风险,3.9778,24.9,74.5229,15.59,1.7729,3,4.3,2,1.6,14,3,0.2,0.8,6.9
辽宁,沈阳,2025,27,2025-W27,2,低风险,3.6889,26.0386,85.0229,80.42,2.9843,2.9,4.2,2,1.8,11.9,3.3,0.3,0.5,6.3
辽宁,沈阳,2025,28,2025-W28,2,低风险,3.7778,26.9286,77.5086,21.83,2.3314,2.7,4,1,1.8,13.4,3.3,0.2,0.8,6.8
辽宁,沈阳,2025,29,2025-W29,2,低风险,4.1625,24.6157,79.51,20.32,1.9957,2.6,3.8,,2.4,14,4.3,0.5,0.6,5.1
辽宁,沈阳,2025,30,2025-W30,2,低风险,3.8625,26.5714,83.5771,26.24,2.9171,2.6,3.6,,2.2,13.5,3.4,0.6,0.7,4.3
辽宁,沈阳,2025,31,2025-W31,2,低风险,3.9625,25.4214,80.16,68.74,1.9371,2.6,3.5,,2.3,13.6,3.8,0.6,0.9,4.4
辽宁,沈阳,2025,32,2025-W32,2,低风险,3.4875,23.2314,81.0757,42.99,1.7943,2.5,3.5,,1.5,10.8,3.9,0.4,0.9,4.4
辽宁,沈阳,2025,33,2025-W33,2,低风险,3.5111,24.6586,83.0029,13.48,2.7886,2.5,3.4,2,1.5,11.9,3.6,0.6,0.5,5.6
辽宁,沈阳,2025,34,2025-W34,2,低风险,3.3375,25.3914,84.7971,67.43,2.2,2.5,3.2,,1.9,10.5,3.2,0.5,0.6,4.3
辽宁,沈阳,2025,35,2025-W35,2,低风险,3.1875,21.4957,87.7871,76.93,1.6657,2.5,3.1,,2.4,8.5,3.7,0.4,0.6,4.3
辽宁,沈阳,2025,36,2025-W36,2,低风险,2.8444,22.4671,79.16,23.08,1.9171,2.7,3.4,1,3.3,6.8,3.5,0.4,0.8,3.7
辽宁,沈阳,2025,37,2025-W37,2,低风险,3.3875,21.1471,77.2857,18.5,2.3357,2.8,3.6,,3.6,6.8,5.6,0.4,1,3.3
辽宁,沈阳,2025,38,2025-W38,1,中风险,4.2889,16.69,70.65,10.23,1.8686,2.9,3.8,13,3.5,5.3,5.9,0.3,1.1,2.8
辽宁,沈阳,2025,39,2025-W39,1,中风险,4.5667,18.6043,74.4586,23.53,1.8843,2.9,3.8,16,4.1,3.6,7.6,0.2,1,1.9
辽宁,沈阳,2025,40,2025-W40,1,中风险,3.8,18.7471,78.5457,3.53,2.7271,3.3,4.4,11,3,3.2,5.7,0.3,1.2,2.1
辽宁,沈阳,2025,41,2025-W41,1,中风险,2.9111,11.61,67.7857,2.97,2.47,2.8,4.1,4,3.5,2.3,6.7,0.3,1.1,1.4
辽宁,沈阳,2025,42,2025-W42,1,中风险,8.4625,7.0043,73.5143,0.33,2.6857,2.7,,49,5.8,1.8,5.6,0.5,1.3,1
辽宁,沈阳,2025,43,2025-W43,1,中风险,21.2875,2.3514,63.5029,0,2.0371,3.6,,144,10.5,1.5,7,0.4,2.4,0.9
辽宁,沈阳,2025,44,2025-W44,1,中风险,43.0889,3.5514,65.5914,3.33,2.7529,5.1,4.6,347,17.5,1.4,6.6,0.4,4.2,1
辽宁,沈阳,2025,45,2025-W45,0,高风险,75.6222,4.1871,72.9929,1.62,3.22,6.1,5.5,621,29.8,1.1,6.1,0.5,9.8,0.7
辽宁,沈阳,2025,46,2025-W46,0,高风险,127.3125,2.6186,67.2414,0.46,2.6614,7,,955,38.1,0.5,5,0.3,11.4,1.2
辽宁,沈阳,2025,47,2025-W47,0,高风险,163.8,0.0171,66.8157,0.02,2.91,8.6,,1234,44.8,0.6,4.3,0.6,16.4,1.1
辽宁,沈阳,2025,48,2025-W48,0,高风险,203.2,-1.7429,72.4071,6.59,3.4357,9.1,,1541,51.1,0.6,3.5,0.3,19,1
辽宁,沈阳,2025,49,2025-W49,0,高风险,146.6111,-7.31,64.4971,0.09,3.4414,7.9,11.1,1219,54.2,0.3,4,0.2,22.1,0.7
辽宁,沈阳,2025,50,2025-W50,0,高风险,82.9111,-8.9143,66.2643,2.16,2.28,6.3,9.7,651,50.2,0.5,4.9,0.2,22.5,0.9
辽宁,沈阳,2025,51,2025-W51,0,高风险,34.2625,-6.4171,74.4,0.2,3.4943,4.9,,201,41.9,0.7,6.1,0.4,18.6,0.5
辽宁,沈阳,2025,52,2025-W52,1,中风险,17.9875,-9.5814,73.4843,7.56,3.6086,4.2,,82,33.7,0.7,7.2,0.3,14.5,1.3
辽宁,沈阳,2026,1,2026-W01,1,中风险,10.6444,-13.4229,69.7186,0.19,2.37,4.1,5.4,37,27.4,1.1,8.8,0.2,10.6,1.2
辽宁,沈阳,2026,2,2026-W02,1,中风险,7.7889,-11.3543,75.07,4.72,3.3543,3.7,4.8,19,23.3,1.1,9.8,0.3,7.1,1
辽宁,沈阳,2026,3,2026-W03,1,中风险,7.3222,-13.3029,74.02,2.1,3.4929,3.5,4.7,18,21.3,0.9,9.3,0.3,6.9,1
辽宁,沈阳,2026,4,2026-W04,1,中风险,5.9333,-19.1971,73.0043,0,2.6586,3.4,4.3,8,18.8,1.5,8.3,0.2,7.7,1.2
辽宁,沈阳,2026,5,2026-W05,1,中风险,5.2222,-14.9414,73.9286,0,2.1843,3.3,4,4,17.1,2.3,7.9,0.2,6.4,1.8
辽宁,沈阳,2026,6,2026-W06,1,中风险,4.6375,-12.1814,69.7157,0.02,3.4943,3,3.3,,13,2.2,8.6,0.2,5.1,1.7
辽宁,沈阳,2026,7,2026-W07,1,中风险,3.8222,-3.06,74.2057,0.13,3.4929,2.9,3.6,1,11,1.7,8,0.2,4.9,1.1
辽宁,沈阳,2026,8,2026-W08,1,中风险,4.425,-1.5514,66.97,1.74,4.5986,4.9,4.8,,10.5,1.3,8,0,4.4,1.5
辽宁,沈阳,2026,9,2026-W09,1,中风险,3.95,-3.7429,59.3929,0.94,4.47,3,3,,11,2.3,6.6,0.2,4.1,1.4
辽宁,沈阳,2026,10,2026-W10,1,中风险,3.6125,-3.7657,65.5171,3.56,3.0571,2.8,2.8,,9.4,2.6,6.8,0.2,3.3,1
辽宁,沈阳,2026,11,2026-W11,1,中风险,4.0556,0.5529,59.4386,0.12,3.2529,3,3,6,11.3,2.3,5.8,0.2,3.6,1.3
辽宁,沈阳,2026,12,2026-W12,1,中风险,7.3556,1.8014,58.2343,5.55,3.4557,3.5,3.3,32,13.3,2.7,4.4,0.2,5.7,1.1
辽宁,沈阳,2026,13,2026-W13,1,中风险,11.1667,6.3843,62.8171,2.91,2.6529,3.6,3.5,64,15.5,2.4,3.9,0.1,6.2,1.3
辽宁,沈阳,2026,14,2026-W14,1,中风险,10.1778,5.6857,58.9414,28.8,3.6343,3.6,3.6,56,16.3,2,4,0.2,5,0.9
辽宁,沈阳,2026,15,2026-W15,1,中风险,6.2333,6.9143,59.8171,10.72,4.4614,3.6,3.7,23,15.3,1.8,2.6,0.3,5.5,0.3
辽宁,沈阳,2026,16,2026-W16,1,中风险,5.3778,11.4371,70.0886,6.55,3.8243,3.5,3.7,18,13.4,1.3,2.6,0.2,4.9,0.8
辽宁,沈阳,2026,17,2026-W17,1,中风险,5.8,11.68,50.6157,15.44,3.9843,3.7,3.9,20,14.8,1.3,2.3,0.2,5.3,0.7
辽宁,沈阳,2026,18,2026-W18,1,中风险,5.7222,13.0186,50.4186,5.49,2.8671,3.3,4.1,22,13.3,1.5,1.7,0.1,4.9,0.6
辽宁,沈阳,2026,19,2026-W19,1,中风险,3.9111,14.5114,56.01,25.06,4.2286,3.6,4.1,7,12.2,1.4,2,0.1,4.2,0.6
辽宁,沈阳,2026,20,2026-W20,1,中风险,5.0333,20.535,56.3683,0,3.765,3.4,4.2,18,11.9,1.7,1.2,0.2,4,0.7
重庆,重庆,2024,1,2024-W01,1,中风险,8.4,9.5086,86.7271,4.08,1.07,7.1,9.7,,,,,,,
重庆,重庆,2024,2,2024-W02,1,中风险,7.5,11.44,85.7886,0.28,1.1129,6.3,8.7,,,,,,,
重庆,重庆,2024,3,2024-W03,1,中风险,6.85,9.3486,86.24,15.99,1.5643,6,7.7,,,,,,,
重庆,重庆,2024,4,2024-W04,1,中风险,6.1,3.5929,76.0129,6.48,1.3971,5.2,7,,,,,,,
重庆,重庆,2024,5,2024-W05,1,中风险,5.7,6.48,84.7571,5.23,1.5757,5,6.4,,,,,,,
重庆,重庆,2024,6,2024-W06,1,中风险,6.8,7.5086,76.0343,3.23,1.2329,5.7,7.9,,,,,,,
重庆,重庆,2024,7,2024-W07,1,中风险,6.65,11.9643,76.1757,2.08,1.8786,5.7,7.6,,,,,,,
重庆,重庆,2024,8,2024-W08,1,中风险,5,8.42,75.8557,4.49,2.1,4.3,5.7,,,,,,,
重庆,重庆,2024,9,2024-W09,1,中风险,4.1,8.2886,76.4371,1.54,1.7643,4.3,5,3,,,,,,
重庆,重庆,2024,10,2024-W10,1,中风险,10.5333,11.6271,80.8086,2.06,1.4071,4.1,5.5,22,,,,,,
重庆,重庆,2024,11,2024-W11,1,中风险,10.8333,16.1543,76.4886,2.59,1.7771,4.1,5.4,23,,,,,,
重庆,重庆,2024,12,2024-W12,1,中风险,6.3,18.0214,70.5686,7.56,1.8486,3.9,5,10,,,,,,
重庆,重庆,2024,13,2024-W13,1,中风险,6.8333,19.9171,68.7229,9.96,2.1514,3.8,4.7,12,,,,,,
重庆,重庆,2024,14,2024-W14,1,中风险,4.5,19.5414,78.0471,63.09,2.1129,3.8,4.7,5,,,,,,
重庆,重庆,2024,15,2024-W15,1,中风险,3.9667,21.3957,77.0043,13.63,1.4357,3.6,4.3,4,,,,,,
重庆,重庆,2024,16,2024-W16,1,中风险,4.3667,22.3914,79.4586,50.84,1.7843,3.5,4.6,5,,,,,,
重庆,重庆,2024,17,2024-W17,1,中风险,5.4333,21.1343,78.6314,43.07,1.4629,3.6,4.7,8,,,,,,
重庆,重庆,2024,18,2024-W18,1,中风险,4.4,18.4971,79.5671,29.8,2.0314,3.8,5,,,,,,,
重庆,重庆,2024,19,2024-W19,1,中风险,4.5,21.7857,79.83,9.62,1.6171,3.6,4.9,5,,,,,,
重庆,重庆,2024,20,2024-W20,1,中风险,7.3667,23.8814,73.6257,35.44,1.5514,4,5.1,13,,,,,,
重庆,重庆,2024,21,2024-W21,1,中风险,6.9,26.55,72.5543,46.98,1.7229,3.9,4.8,12,,,,,,
重庆,重庆,2024,22,2024-W22,1,中风险,5.9667,24.2371,78.6971,50.59,2.0129,3.8,5.1,9,,,,,,
重庆,重庆,2024,23,2024-W23,1,中风险,3.6,22.7729,80.25,25.86,1.6171,3.9,4.9,2,,,,,,
重庆,重庆,2024,24,2024-W24,1,中风险,4.3667,26.3914,76.7257,11.93,1.2314,4,5.1,4,,,,,,
重庆,重庆,2024,25,2024-W25,1,中风险,6.0333,25.7086,82.9186,114.71,1.3729,3.9,5.2,9,,,,,,
重庆,重庆,2024,26,2024-W26,1,中风险,4.3,24.8843,83.7529,64.04,1.3714,3.8,5.1,4,,,,,,
重庆,重庆,2024,27,2024-W27,1,中风险,4.6333,27.8786,80.39,32.16,1.9557,3.8,5.1,5,,,,,,
重庆,重庆,2024,28,2024-W28,1,中风险,4.5,28.8957,82.6157,91.5,1.37,4.1,4.9,,,,,,,
重庆,重庆,2024,29,2024-W29,1,中风险,4.25,29.2429,76.56,6.48,2.9971,3.8,4.7,,,,,,,
重庆,重庆,2024,30,2024-W30,1,中风险,4.2,30.2114,76.1829,68.66,1.6714,3.9,4.5,,,,,,,
重庆,重庆,2024,31,2024-W31,1,中风险,4,28.8043,78.6986,12.85,1.4743,3.8,4.2,,,,,,,
重庆,重庆,2024,32,2024-W32,1,中风险,3.7,29.32,76.8686,19.55,1.9771,3.5,3.9,,,,,,,
重庆,重庆,2024,33,2024-W33,1,中风险,3.6,29.6343,69.91,17.43,0.99,3.6,3.6,,,,,,,
重庆,重庆,2024,34,2024-W34,1,中风险,3.4,31.16,63.8557,0.04,2.1014,3.6,3.2,,,,,,,
重庆,重庆,2024,35,2024-W35,1,中风险,3.25,32.83,58.6657,0.3,2.21,3.4,3.1,,,,,,,
重庆,重庆,2024,36,2024-W36,1,中风险,3.3,31.5271,62.32,15.93,2.1143,3.4,3.2,,,,,,,
重庆,重庆,2024,37,2024-W37,1,中风险,4.9667,30.7686,60.1371,4.55,2.1614,3.4,3.5,8,,,,,,
重庆,重庆,2024,38,2024-W38,1,中风险,3.1,29.9043,59.2557,11.42,1.8629,3.6,3.7,2,,,,,,
重庆,重庆,2024,39,2024-W39,1,中风险,3.6333,28.4514,58.2086,23.89,2.3943,3.2,3.7,4,,,,,,
重庆,重庆,2024,40,2024-W40,1,中风险,3.85,18.09,79.5343,74.21,1.72,3.6,4.1,,,,,,,
重庆,重庆,2024,41,2024-W41,1,中风险,2.5,18.9971,81.4343,31.78,1.0943,3.2,3.3,1,,,,,,
重庆,重庆,2024,42,2024-W42,1,中风险,5.7,20.3743,78.56,30.36,2.0486,3.4,,8,,,,,,
重庆,重庆,2024,43,2024-W43,1,中风险,5.15,19.1286,74.1471,2.91,1.4286,3.3,,7,,,,,,
重庆,重庆,2024,44,2024-W44,1,中风险,4.3,18.4357,77.57,1.69,1.3014,3.5,3.4,6,,,,,,
重庆,重庆,2024,45,2024-W45,1,中风险,4.4,17.6557,80.3157,11.66,1.24,3.6,3.6,6,,,,,,
重庆,重庆,2024,46,2024-W46,1,中风险,8.4,17.4471,82.6329,17.47,1.5371,3.8,,13,,,,,,
重庆,重庆,2024,47,2024-W47,1,中风险,12.05,12.8357,83.5586,14.42,1.25,4.1,,20,,,,,,
重庆,重庆,2024,48,2024-W48,1,中风险,12.9667,10.0229,73.0557,7.13,1.4414,4.4,3.5,31,,,,,,
重庆,重庆,2024,49,2024-W49,1,中风险,16.0667,10.3286,86.24,18.25,1.4414,4.6,3.6,40,,,,,,
重庆,重庆,2024,50,2024-W50,1,中风险,41.1333,6.3357,79.7371,7.46,1.4014,5.4,4,114,,,,,,
重庆,重庆,2024,51,2024-W51,1,中风险,81.25,6.3657,77.1043,1.91,1.5086,6.5,,156,,,,,,
重庆,重庆,2024,52,2024-W52,1,中风险,89.1,6.8414,77.3714,0.62,1.2229,7.2,,171,,,,,,
重庆,重庆,2025,1,2025-W01,1,中风险,53.2333,8.8229,77.3171,0.22,1.5786,7.5,7.2,145,,,,,,
重庆,重庆,2025,2,2025-W02,1,中风险,43.7,6.9471,80.8114,18.3,1.4429,6.2,6.9,118,,,,,,
重庆,重庆,2025,3,2025-W03,1,中风险,10.5333,8.3729,78.2229,1.37,1.3786,5.1,6.5,20,,,,,,
重庆,重庆,2025,4,2025-W04,1,中风险,4.1667,9.9886,81.5386,15.87,1.6114,4.2,5.3,3,,,,,,
重庆,重庆,2025,5,2025-W05,1,中风险,6.45,7.9229,80.3814,7.96,1.2,5.5,7.4,,,,,,,
重庆,重庆,2025,6,2025-W06,1,中风险,3.4667,7.6914,76.85,15.35,1.3543,3.9,5.5,1,,,,,,
重庆,重庆,2025,7,2025-W07,1,中风险,3.0333,7.8114,79.9114,5.02,1.36,3.4,4.7,1,,,,,,
重庆,重庆,2025,8,2025-W08,1,中风险,6.4667,9.3757,79.11,3.19,1.6471,3.1,4.3,12,,,,,,
重庆,重庆,2025,9,2025-W09,1,中风险,16.4333,11.5371,76.1914,2.85,1.8143,3.1,4.2,42,,,,,,
重庆,重庆,2025,10,2025-W10,1,中风险,10.0333,10.5314,76.1286,15.16,1.9014,3.2,3.9,23,,,,,,
重庆,重庆,2025,11,2025-W11,1,中风险,6.7333,13.0357,81.0457,18.21,1.7643,3.2,4,13,,,,,,
重庆,重庆,2025,12,2025-W12,1,中风险,3.8,11.6486,71.4386,8.4,1.44,3.3,4.1,4,,,,,,
重庆,重庆,2025,13,2025-W13,1,中风险,4.1667,15.8386,63.0514,11.8,2.2843,3.4,4.1,5,,,,,,
重庆,重庆,2025,14,2025-W14,1,中风险,3.4333,15.0986,75.4114,4.77,1.3757,3.4,3.9,3,,,,,,
重庆,重庆,2025,15,2025-W15,1,中风险,3.55,21.5157,62.5957,14.87,2.0071,3.2,3.9,,,,,,,
重庆,重庆,2025,16,2025-W16,1,中风险,3.7,24.2,63.9614,3,2.0629,3.3,4.1,,,,,,,
重庆,重庆,2025,17,2025-W17,1,中风险,3.6,19.9814,75.83,48.41,2.2029,3.3,3.9,,,,,,,
重庆,重庆,2025,18,2025-W18,1,中风险,3.8,22.6886,72.1714,31.27,1.9257,3.4,4.2,,,,,,,
重庆,重庆,2025,19,2025-W19,1,中风险,3.6,21.4129,69.5286,30.43,1.9414,3.1,4.1,,,,,,,
重庆,重庆,2025,20,2025-W20,1,中风险,2.9333,24.9229,68.7871,4.41,1.4029,3.1,4.7,1,,,,,,
重庆,重庆,2025,21,2025-W21,1,中风险,5.3,26.1786,66.7057,21.38,1.97,3.2,4.7,8,,,,,,
重庆,重庆,2025,22,2025-W22,1,中风险,3.9667,24.0529,73.6429,32.52,2.3386,3.1,4.8,4,,,,,,
重庆,重庆,2025,23,2025-W23,1,中风险,3.2,26.32,70.1443,5.94,1.3314,3.1,4.5,2,,,,,,
重庆,重庆,2025,24,2025-W24,1,中风险,3.0667,28.6514,57.4071,1.15,1.9329,2.9,4.3,2,,,,,,
重庆,重庆,2025,25,2025-W25,2,低风险,3.9444,28.49,69.7971,39.04,2.0157,2.9,4.3,1,1.5,15.4,2.9,0.1,0.7,6.7
重庆,重庆,2025,26,2025-W26,2,低风险,3.9778,27.7129,70.64,34.94,1.9186,3,4.3,2,1.6,14,3,0.2,0.8,6.9
重庆,重庆,2025,27,2025-W27,2,低风险,3.6889,29.5186,67.9957,32.75,2.6214,2.9,4.2,2,1.8,11.9,3.3,0.3,0.5,6.3
重庆,重庆,2025,28,2025-W28,2,低风险,3.7778,28.3986,79.7529,139.24,0.9157,2.7,4,1,1.8,13.4,3.3,0.2,0.8,6.8
重庆,重庆,2025,29,2025-W29,2,低风险,4.1625,31.0814,70.3371,48.09,1.43,2.6,3.8,,2.4,14,4.3,0.5,0.6,5.1
重庆,重庆,2025,30,2025-W30,2,低风险,3.8625,29.2129,77.1971,38.03,1.7457,2.6,3.6,,2.2,13.5,3.4,0.6,0.7,4.3
重庆,重庆,2025,31,2025-W31,2,低风险,3.9625,32.0314,62.9357,3.05,1.5271,2.6,3.5,,2.3,13.6,3.8,0.6,0.9,4.4
重庆,重庆,2025,32,2025-W32,2,低风险,3.4875,31.78,71.8243,75.08,1.6671,2.5,3.5,,1.5,10.8,3.9,0.4,0.9,4.4
重庆,重庆,2025,33,2025-W33,2,低风险,3.5111,27.5643,78.1843,80.48,1.6386,2.5,3.4,2,1.5,11.9,3.6,0.6,0.5,5.6
重庆,重庆,2025,34,2025-W34,2,低风险,3.3375,28.7657,75.1914,9.38,2.0629,2.5,3.2,,1.9,10.5,3.2,0.5,0.6,4.3
重庆,重庆,2025,35,2025-W35,2,低风险,3.1875,28.3286,66.5129,2.24,2.5671,2.5,3.1,,2.4,8.5,3.7,0.4,0.6,4.3
重庆,重庆,2025,36,2025-W36,2,低风险,2.8444,27.4314,73.6329,81.8,1.6643,2.7,3.4,1,3.3,6.8,3.5,0.4,0.8,3.7
重庆,重庆,2025,37,2025-W37,2,低风险,3.3875,26.3371,82.2557,85.8,0.9771,2.8,3.6,,3.6,6.8,5.6,0.4,1,3.3
重庆,重庆,2025,38,2025-W38,1,中风险,4.2889,25.0086,81.8286,25.44,1.8129,2.9,3.8,13,3.5,5.3,5.9,0.3,1.1,2.8
重庆,重庆,2025,39,2025-W39,1,中风险,4.5667,23.3157,83.0686,32.56,1.5629,2.9,3.8,16,4.1,3.6,7.6,0.2,1,1.9
重庆,重庆,2025,40,2025-W40,1,中风险,3.8,24.1829,83.7114,34.99,1.5343,3.3,4.4,11,3,3.2,5.7,0.3,1.2,2.1
重庆,重庆,2025,41,2025-W41,1,中风险,2.9111,26.1614,75.0657,4.2,2.5114,2.8,4.1,4,3.5,2.3,6.7,0.3,1.1,1.4
重庆,重庆,2025,42,2025-W42,1,中风险,8.4625,20.1686,85.2829,72.2,1.6014,2.7,,49,5.8,1.8,5.6,0.5,1.3,1
重庆,重庆,2025,43,2025-W43,1,中风险,21.2875,15.1386,80.47,30.37,1.8514,3.6,,144,10.5,1.5,7,0.4,2.4,0.9
重庆,重庆,2025,44,2025-W44,1,中风险,43.0889,15.7614,85.5429,15.5,1.0586,5.1,4.6,347,17.5,1.4,6.6,0.4,4.2,1
重庆,重庆,2025,45,2025-W45,0,高风险,75.6222,15.5557,86.8871,21.37,1.4543,6.1,5.5,621,29.8,1.1,6.1,0.5,9.8,0.7
重庆,重庆,2025,46,2025-W46,0,高风险,127.3125,15.3743,84.74,10.37,1.0229,7,,955,38.1,0.5,5,0.3,11.4,1.2
重庆,重庆,2025,47,2025-W47,0,高风险,163.8,9.7357,74.0871,13.83,1.6629,8.6,,1234,44.8,0.6,4.3,0.6,16.4,1.1
重庆,重庆,2025,48,2025-W48,0,高风险,203.2,10.13,76.1743,0.01,1.41,9.1,,1541,51.1,0.6,3.5,0.3,19,1
重庆,重庆,2025,49,2025-W49,0,高风险,146.6111,10.5371,85.3414,4.84,1.3371,7.9,11.1,1219,54.2,0.3,4,0.2,22.1,0.7
重庆,重庆,2025,50,2025-W50,0,高风险,82.9111,10.85,82.02,1.1,1.6571,6.3,9.7,651,50.2,0.5,4.9,0.2,22.5,0.9
重庆,重庆,2025,51,2025-W51,0,高风险,34.2625,9.9886,86.2743,3.95,1.39,4.9,,201,41.9,0.7,6.1,0.4,18.6,0.5
重庆,重庆,2025,52,2025-W52,1,中风险,17.9875,9.2643,83.3386,5.4,1.4029,4.2,,82,33.7,0.7,7.2,0.3,14.5,1.3
重庆,重庆,2026,1,2026-W01,1,中风险,10.6444,7.6229,84.6314,26.12,1.4786,4.1,5.4,37,27.4,1.1,8.8,0.2,10.6,1.2
重庆,重庆,2026,2,2026-W02,1,中风险,7.7889,6.8243,70.7943,0.02,1.3071,3.7,4.8,19,23.3,1.1,9.8,0.3,7.1,1
重庆,重庆,2026,3,2026-W03,1,中风险,7.3222,9.8557,83.8071,0.09,1.6729,3.5,4.7,18,21.3,0.9,9.3,0.3,6.9,1
重庆,重庆,2026,4,2026-W04,1,中风险,5.9333,5.4929,82.4843,13.85,1.7629,3.4,4.3,8,18.8,1.5,8.3,0.2,7.7,1.2
重庆,重庆,2026,5,2026-W05,1,中风险,5.2222,7.6329,85.2986,1.68,1.3429,3.3,4,4,17.1,2.3,7.9,0.2,6.4,1.8
重庆,重庆,2026,6,2026-W06,1,中风险,4.6375,9.08,81.0014,3.67,1.55,3,3.3,,13,2.2,8.6,0.2,5.1,1.7
重庆,重庆,2026,7,2026-W07,1,中风险,3.8222,9.57,78.6071,0.53,1.6957,2.9,3.6,1,11,1.7,8,0.2,4.9,1.1
重庆,重庆,2026,8,2026-W08,1,中风险,4.425,13.3571,75.0086,0.63,1.2843,4.9,4.8,,10.5,1.3,8,0,4.4,1.5
重庆,重庆,2026,9,2026-W09,1,中风险,3.95,14.4957,77.9957,3,2.1271,3,3,,11,2.3,6.6,0.2,4.1,1.4
重庆,重庆,2026,10,2026-W10,1,中风险,3.6125,14.2771,77.5543,10.08,1.9671,2.8,2.8,,9.4,2.6,6.8,0.2,3.3,1
重庆,重庆,2026,11,2026-W11,1,中风险,4.0556,14.46,73.4086,19.14,2.3886,3,3,6,11.3,2.3,5.8,0.2,3.6,1.3
重庆,重庆,2026,12,2026-W12,1,中风险,7.3556,13.7143,78.7386,15.19,1.5329,3.5,3.3,32,13.3,2.7,4.4,0.2,5.7,1.1
重庆,重庆,2026,13,2026-W13,1,中风险,11.1667,16.6557,81.0143,26.21,1.6557,3.6,3.5,64,15.5,2.4,3.9,0.1,6.2,1.3
重庆,重庆,2026,14,2026-W14,1,中风险,10.1778,18.6471,77.4143,30.16,1.8986,3.6,3.6,56,16.3,2,4,0.2,5,0.9
重庆,重庆,2026,15,2026-W15,1,中风险,6.2333,20.8971,79.0657,15.63,1.9114,3.6,3.7,23,15.3,1.8,2.6,0.3,5.5,0.3
重庆,重庆,2026,16,2026-W16,1,中风险,5.3778,21.0457,77.1629,44.66,2.0157,3.5,3.7,18,13.4,1.3,2.6,0.2,4.9,0.8
重庆,重庆,2026,17,2026-W17,1,中风险,5.8,19.6414,74.0486,38.58,1.7657,3.7,3.9,20,14.8,1.3,2.3,0.2,5.3,0.7
重庆,重庆,2026,18,2026-W18,1,中风险,5.7222,18.57,82.7971,54.27,2.0514,3.3,4.1,22,13.3,1.5,1.7,0.1,4.9,0.6
重庆,重庆,2026,19,2026-W19,1,中风险,3.9111,20.4543,78.9257,22.67,1.0871,3.6,4.1,7,12.2,1.4,2,0.1,4.2,0.6
重庆,重庆,2026,20,2026-W20,1,中风险,5.0333,22.2133,82.5567,40.15,0.9167,3.4,4.2,18,11.9,1.7,1.2,0.2,4,0.7
陕西,西安,2024,1,2024-W01,1,中风险,8.4,2.46,58.8286,0.09,1.3071,7.1,9.7,,,,,,,
陕西,西安,2024,2,2024-W02,1,中风险,7.5,4.3343,59.9257,0,1.2771,6.3,8.7,,,,,,,
陕西,西安,2024,3,2024-W03,1,中风险,6.85,-0.8914,80.2043,11.57,1.7957,6,7.7,,,,,,,
陕西,西安,2024,4,2024-W04,1,中风险,6.1,-3.1529,55.3386,0,1.1029,5.2,7,,,,,,,
陕西,西安,2024,5,2024-W05,1,中风险,5.7,-0.3829,77.6257,5.07,2.0071,5,6.4,,,,,,,
陕西,西安,2024,6,2024-W06,1,中风险,6.8,2.0129,62.2057,0.1,1.3743,5.7,7.9,,,,,,,
陕西,西安,2024,7,2024-W07,1,中风险,6.65,7.0814,60.6714,3.34,1.5114,5.7,7.6,,,,,,,
陕西,西安,2024,8,2024-W08,1,中风险,5,-0.72,72.4071,9.6,2.6214,4.3,5.7,,,,,,,
陕西,西安,2024,9,2024-W09,1,中风险,4.1,2.9343,71.7243,3.27,1.3671,4.3,5,3,,,,,,
陕西,西安,2024,10,2024-W10,1,中风险,10.5333,6.45,61.2129,2.4,1.4214,4.1,5.5,22,,,,,,
陕西,西安,2024,11,2024-W11,1,中风险,10.8333,11.0943,60.2443,10.38,1.85,4.1,5.4,23,,,,,,
陕西,西安,2024,12,2024-W12,1,中风险,6.3,12.2314,62.0814,26.78,2.0314,3.9,5,10,,,,,,
陕西,西安,2024,13,2024-W13,1,中风险,6.8333,15.9357,55.7729,0.78,1.55,3.8,4.7,12,,,,,,
陕西,西安,2024,14,2024-W14,1,中风险,4.5,15.5114,68.5743,11.42,1.6143,3.8,4.7,5,,,,,,
陕西,西安,2024,15,2024-W15,1,中风险,3.9667,18.1129,63.0286,16.74,1.3143,3.6,4.3,4,,,,,,
陕西,西安,2024,16,2024-W16,1,中风险,4.3667,18.3171,61.2843,10.88,1.58,3.5,4.6,5,,,,,,
陕西,西安,2024,17,2024-W17,1,中风险,5.4333,20.1071,55.1829,2.61,1.1171,3.6,4.7,8,,,,,,
陕西,西安,2024,18,2024-W18,1,中风险,4.4,15.0514,71.5914,37.57,1.6443,3.8,5,,,,,,,
陕西,西安,2024,19,2024-W19,1,中风险,4.5,21.4943,54.8929,1.26,1.3657,3.6,4.9,5,,,,,,
陕西,西安,2024,20,2024-W20,1,中风险,7.3667,25.4957,45.9743,0.71,1.6257,4,5.1,13,,,,,,
陕西,西安,2024,21,2024-W21,1,中风险,6.9,25.7586,51.6457,18.9,1.5943,3.9,4.8,12,,,,,,
陕西,西安,2024,22,2024-W22,1,中风险,5.9667,22.7814,57.5329,13.68,1.9071,3.8,5.1,9,,,,,,
陕西,西安,2024,23,2024-W23,1,中风险,3.6,22.8486,55.8586,3.28,1.3143,3.9,4.9,2,,,,,,
陕西,西安,2024,24,2024-W24,1,中风险,4.3667,28.3186,45.8914,9.91,1.2586,4,5.1,4,,,,,,
陕西,西安,2024,25,2024-W25,1,中风险,6.0333,27.7071,51.8686,22.19,1.4657,3.9,5.2,9,,,,,,
陕西,西安,2024,26,2024-W26,1,中风险,4.3,28.8529,47.6071,4.11,1.6514,3.8,5.1,4,,,,,,
陕西,西安,2024,27,2024-W27,1,中风险,4.6333,25.7386,63.8843,55.76,1.4086,3.8,5.1,5,,,,,,
陕西,西安,2024,28,2024-W28,1,中风险,4.5,26.0629,74.71,31.06,1.4014,4.1,4.9,,,,,,,
陕西,西安,2024,29,2024-W29,1,中风险,4.25,27.7014,77.1786,66.88,1.3329,3.8,4.7,,,,,,,
陕西,西安,2024,30,2024-W30,1,中风险,4.2,28.24,73.03,46.16,1.1971,3.9,4.5,,,,,,,
陕西,西安,2024,31,2024-W31,1,中风险,4,28.0157,73.2857,79.19,1.1186,3.8,4.2,,,,,,,
陕西,西安,2024,32,2024-W32,1,中风险,3.7,27.5829,71.0657,35.46,1.6471,3.5,3.9,,,,,,,
陕西,西安,2024,33,2024-W33,1,中风险,3.6,26.22,69.6171,18.92,0.9271,3.6,3.6,,,,,,,
陕西,西安,2024,34,2024-W34,1,中风险,3.4,27.8114,70.6771,21.63,1.2886,3.6,3.2,,,,,,,
陕西,西安,2024,35,2024-W35,1,中风险,3.25,27.8829,63.5057,2.59,1.6971,3.4,3.1,,,,,,,
陕西,西安,2024,36,2024-W36,1,中风险,3.3,27.5486,64.34,12.43,2.5071,3.4,3.2,,,,,,,
陕西,西安,2024,37,2024-W37,1,中风险,4.9667,26.0429,65.0614,9.72,2.1271,3.4,3.5,8,,,,,,
陕西,西安,2024,38,2024-W38,1,中风险,3.1,24.82,58.2157,4.84,2.2557,3.6,3.7,2,,,,,,
陕西,西安,2024,39,2024-W39,1,中风险,3.6333,22.6943,58.9886,58.89,2.0114,3.2,3.7,4,,,,,,
陕西,西安,2024,40,2024-W40,1,中风险,3.85,15.7257,62.7671,23.94,1.33,3.6,4.1,,,,,,,
陕西,西安,2024,41,2024-W41,1,中风险,2.5,17.4914,65.4857,2.92,1.0157,3.2,3.3,1,,,,,,
陕西,西安,2024,42,2024-W42,1,中风险,5.7,16.1757,72.9729,30.71,1.7071,3.4,,8,,,,,,
陕西,西安,2024,43,2024-W43,1,中风险,5.15,13.5986,67.5171,1.58,1.3829,3.3,,7,,,,,,
陕西,西安,2024,44,2024-W44,1,中风险,4.3,12.9743,77.0171,15.72,1.0271,3.5,3.4,6,,,,,,
陕西,西安,2024,45,2024-W45,1,中风险,4.4,12.8543,70.4171,0.01,1,3.6,3.6,6,,,,,,
陕西,西安,2024,46,2024-W46,1,中风险,8.4,11.8071,81.1571,27.86,1.3886,3.8,,13,,,,,,
陕西,西安,2024,47,2024-W47,1,中风险,12.05,6.3686,80.7929,17.85,1.4271,4.1,,20,,,,,,
陕西,西安,2024,48,2024-W48,1,中风险,12.9667,3.8129,54.5029,1.32,2.12,4.4,3.5,31,,,,,,
陕西,西安,2024,49,2024-W49,1,中风险,16.0667,2.88,60.3529,0.15,1.3029,4.6,3.6,40,,,,,,
陕西,西安,2024,50,2024-W50,1,中风险,41.1333,0.5057,62.6,1.93,1.14,5.4,4,114,,,,,,
陕西,西安,2024,51,2024-W51,1,中风险,81.25,0.5714,56.7171,0,1.4386,6.5,,156,,,,,,
陕西,西安,2024,52,2024-W52,1,中风险,89.1,0.1543,55.6329,0,1.2214,7.2,,171,,,,,,
陕西,西安,2025,1,2025-W01,1,中风险,53.2333,2.5143,54.7643,0.01,1.2486,7.5,7.2,145,,,,,,
陕西,西安,2025,2,2025-W02,1,中风险,43.7,0.7843,51.6343,0,1.5929,6.2,6.9,118,,,,,,
陕西,西安,2025,3,2025-W03,1,中风险,10.5333,1.6929,52.5429,0,1.3529,5.1,6.5,20,,,,,,
陕西,西安,2025,4,2025-W04,1,中风险,4.1667,2.5657,69.9471,23.71,1.8614,4.2,5.3,3,,,,,,
陕西,西安,2025,5,2025-W05,1,中风险,6.45,0.0043,71.7157,1.13,1.0929,5.5,7.4,,,,,,,
陕西,西安,2025,6,2025-W06,1,中风险,3.4667,-0.2743,48.3629,0,1.8014,3.9,5.5,1,,,,,,
陕西,西安,2025,7,2025-W07,1,中风险,3.0333,3.8143,50.1157,1.05,1.5114,3.4,4.7,1,,,,,,
陕西,西安,2025,8,2025-W08,1,中风险,6.4667,3.7143,67.2414,2.7,1.8043,3.1,4.3,12,,,,,,
陕西,西安,2025,9,2025-W09,1,中风险,16.4333,8.2057,65.0129,14.8,1.6929,3.1,4.2,42,,,,,,
陕西,西安,2025,10,2025-W10,1,中风险,10.0333,5.6557,68.4371,13.28,1.5757,3.2,3.9,23,,,,,,
陕西,西安,2025,11,2025-W11,1,中风险,6.7333,9.0443,58.0729,15.83,1.7629,3.2,4,13,,,,,,
陕西,西安,2025,12,2025-W12,1,中风险,3.8,10.2557,40.39,0,1.62,3.3,4.1,4,,,,,,
陕西,西安,2025,13,2025-W13,1,中风险,4.1667,10.7729,39.7314,2.41,2.2357,3.4,4.1,5,,,,,,
陕西,西安,2025,14,2025-W14,1,中风险,3.4333,13.7371,42.63,0,1.5171,3.4,3.9,3,,,,,,
陕西,西安,2025,15,2025-W15,1,中风险,3.55,18.1371,34.3557,0.27,2.7286,3.2,3.9,,,,,,,
陕西,西安,2025,16,2025-W16,1,中风险,3.7,22.3086,42.5257,0.04,2.16,3.3,4.1,,,,,,,
陕西,西安,2025,17,2025-W17,1,中风险,3.6,18.7371,45.55,13.84,1.7886,3.3,3.9,,,,,,,
陕西,西安,2025,18,2025-W18,1,中风险,3.8,21.96,38.9957,4.75,2.47,3.4,4.2,,,,,,,
陕西,西安,2025,19,2025-W19,1,中风险,3.6,19.52,43.7643,19.72,2.0771,3.1,4.1,,,,,,,
陕西,西安,2025,20,2025-W20,1,中风险,2.9333,24.7114,41.6114,0.52,1.4657,3.1,4.7,1,,,,,,
陕西,西安,2025,21,2025-W21,1,中风险,5.3,24.4414,46.45,37.33,1.9014,3.2,4.7,8,,,,,,
陕西,西安,2025,22,2025-W22,1,中风险,3.9667,22.1714,60.5614,9,1.7357,3.1,4.8,4,,,,,,
陕西,西安,2025,23,2025-W23,1,中风险,3.2,26.36,45.29,2.7,1.1771,3.1,4.5,2,,,,,,
陕西,西安,2025,24,2025-W24,1,中风险,3.0667,28.69,41.8386,12.91,2.0629,2.9,4.3,2,,,,,,
陕西,西安,2025,25,2025-W25,2,低风险,3.9444,27.4914,53.5843,12.82,1.6229,2.9,4.3,1,1.5,15.4,2.9,0.1,0.7,6.7
陕西,西安,2025,26,2025-W26,2,低风险,3.9778,26.3343,57.6829,24.89,1.3086,3,4.3,2,1.6,14,3,0.2,0.8,6.9
陕西,西安,2025,27,2025-W27,2,低风险,3.6889,27.5314,66.5671,40.95,1.3343,2.9,4.2,2,1.8,11.9,3.3,0.3,0.5,6.3
陕西,西安,2025,28,2025-W28,2,低风险,3.7778,26.6029,76.6186,85.35,1.93,2.7,4,1,1.8,13.4,3.3,0.2,0.8,6.8
陕西,西安,2025,29,2025-W29,2,低风险,4.1625,29.46,66.1657,77.03,1.4614,2.6,3.8,,2.4,14,4.3,0.5,0.6,5.1
陕西,西安,2025,30,2025-W30,2,低风险,3.8625,28.1414,73.5486,18.87,1.81,2.6,3.6,,2.2,13.5,3.4,0.6,0.7,4.3
陕西,西安,2025,31,2025-W31,2,低风险,3.9625,30.9786,54.0143,0.52,1.8743,2.6,3.5,,2.3,13.6,3.8,0.6,0.9,4.4
陕西,西安,2025,32,2025-W32,2,低风险,3.4875,28.4757,71.44,36.93,1.5971,2.5,3.5,,1.5,10.8,3.9,0.4,0.9,4.4
陕西,西安,2025,33,2025-W33,2,低风险,3.5111,28.1871,61.3771,17.4,1.4243,2.5,3.4,2,1.5,11.9,3.6,0.6,0.5,5.6
陕西,西安,2025,34,2025-W34,2,低风险,3.3375,26.8429,68.1457,65.84,1.7443,2.5,3.2,,1.9,10.5,3.2,0.5,0.6,4.3
陕西,西安,2025,35,2025-W35,2,低风险,3.1875,22.6129,81.1857,63.08,1.35,2.5,3.1,,2.4,8.5,3.7,0.4,0.6,4.3
陕西,西安,2025,36,2025-W36,2,低风险,2.8444,21.0143,80.1386,68.74,1.6371,2.7,3.4,1,3.3,6.8,3.5,0.4,0.8,3.7
陕西,西安,2025,37,2025-W37,2,低风险,3.3875,22.1114,80.4071,25.25,1.2257,2.8,3.6,,3.6,6.8,5.6,0.4,1,3.3
陕西,西安,2025,38,2025-W38,1,中风险,4.2889,18.1714,86.2586,108.31,2.1971,2.9,3.8,13,3.5,5.3,5.9,0.3,1.1,2.8
陕西,西安,2025,39,2025-W39,1,中风险,4.5667,16.94,84.2929,53.68,1.3986,2.9,3.8,16,4.1,3.6,7.6,0.2,1,1.9
陕西,西安,2025,40,2025-W40,1,中风险,3.8,17.7957,84.5486,58.85,1.6986,3.3,4.4,11,3,3.2,5.7,0.3,1.2,2.1
陕西,西安,2025,41,2025-W41,1,中风险,2.9111,17.4957,88.7314,73.61,1.8914,2.8,4.1,4,3.5,2.3,6.7,0.3,1.1,1.4
陕西,西安,2025,42,2025-W42,1,中风险,8.4625,14.0671,83.3557,43.2,1.7743,2.7,,49,5.8,1.8,5.6,0.5,1.3,1
陕西,西安,2025,43,2025-W43,1,中风险,21.2875,9.1671,83.6571,11.61,1.7014,3.6,,144,10.5,1.5,7,0.4,2.4,0.9
陕西,西安,2025,44,2025-W44,1,中风险,43.0889,12.3986,75.8143,1.63,0.8529,5.1,4.6,347,17.5,1.4,6.6,0.4,4.2,1
陕西,西安,2025,45,2025-W45,0,高风险,75.6222,11.6429,78.3714,6.19,1.48,6.1,5.5,621,29.8,1.1,6.1,0.5,9.8,0.7
陕西,西安,2025,46,2025-W46,0,高风险,127.3125,9.0871,66.0514,8.19,1.2429,7,,955,38.1,0.5,5,0.3,11.4,1.2
陕西,西安,2025,47,2025-W47,0,高风险,163.8,3.7486,61.0557,5.52,1.4543,8.6,,1234,44.8,0.6,4.3,0.6,16.4,1.1
陕西,西安,2025,48,2025-W48,0,高风险,203.2,6.1043,58.3414,0.03,2.1314,9.1,,1541,51.1,0.6,3.5,0.3,19,1
陕西,西安,2025,49,2025-W49,0,高风险,146.6111,4.1886,60.4286,0,1.2029,7.9,11.1,1219,54.2,0.3,4,0.2,22.1,0.7
陕西,西安,2025,50,2025-W50,0,高风险,82.9111,3.4186,65.41,5.37,1.7243,6.3,9.7,651,50.2,0.5,4.9,0.2,22.5,0.9
陕西,西安,2025,51,2025-W51,0,高风险,34.2625,4.0671,68.5814,0.11,1.2914,4.9,,201,41.9,0.7,6.1,0.4,18.6,0.5
陕西,西安,2025,52,2025-W52,1,中风险,17.9875,2.1671,68.2186,0.45,1.2886,4.2,,82,33.7,0.7,7.2,0.3,14.5,1.3
陕西,西安,2026,1,2026-W01,1,中风险,10.6444,-0.3557,76.3614,12.96,1.5686,4.1,5.4,37,27.4,1.1,8.8,0.2,10.6,1.2
陕西,西安,2026,2,2026-W02,1,中风险,7.7889,0.1114,62.8314,0.01,1.6971,3.7,4.8,19,23.3,1.1,9.8,0.3,7.1,1
陕西,西安,2026,3,2026-W03,1,中风险,7.3222,4.99,62.1857,0.04,1.8014,3.5,4.7,18,21.3,0.9,9.3,0.3,6.9,1
陕西,西安,2026,4,2026-W04,1,中风险,5.9333,-1.1029,69.9786,3.59,1.4557,3.4,4.3,8,18.8,1.5,8.3,0.2,7.7,1.2
陕西,西安,2026,5,2026-W05,1,中风险,5.2222,0.9529,72.6743,1.56,1.3229,3.3,4,4,17.1,2.3,7.9,0.2,6.4,1.8
陕西,西安,2026,6,2026-W06,1,中风险,4.6375,3.8014,61.1829,0.19,1.2871,3,3.3,,13,2.2,8.6,0.2,5.1,1.7
陕西,西安,2026,7,2026-W07,1,中风险,3.8222,5.7443,58.3843,1.48,1.8471,2.9,3.6,1,11,1.7,8,0.2,4.9,1.1
陕西,西安,2026,8,2026-W08,1,中风险,4.425,7.3686,57.9429,0.36,1.7771,4.9,4.8,,10.5,1.3,8,0,4.4,1.5
陕西,西安,2026,9,2026-W09,1,中风险,3.95,5.9729,83.7929,17.29,1.9429,3,3,,11,2.3,6.6,0.2,4.1,1.4
陕西,西安,2026,10,2026-W10,1,中风险,3.6125,6.2086,77.2657,2.33,1.58,2.8,2.8,,9.4,2.6,6.8,0.2,3.3,1
陕西,西安,2026,11,2026-W11,1,中风险,4.0556,8.6457,74.1486,21.87,1.8414,3,3,6,11.3,2.3,5.8,0.2,3.6,1.3
陕西,西安,2026,12,2026-W12,1,中风险,7.3556,8.1157,65.1486,8.78,1.39,3.5,3.3,32,13.3,2.7,4.4,0.2,5.7,1.1
陕西,西安,2026,13,2026-W13,1,中风险,11.1667,12.87,64.1157,8.31,1.3471,3.6,3.5,64,15.5,2.4,3.9,0.1,6.2,1.3
陕西,西安,2026,14,2026-W14,1,中风险,10.1778,15.5471,57.8914,2.33,1.5143,3.6,3.6,56,16.3,2,4,0.2,5,0.9
陕西,西安,2026,15,2026-W15,1,中风险,6.2333,16.2571,62.9871,4.8,1.4,3.6,3.7,23,15.3,1.8,2.6,0.3,5.5,0.3
陕西,西安,2026,16,2026-W16,1,中风险,5.3778,17.3829,66.8357,15.49,1.5157,3.5,3.7,18,13.4,1.3,2.6,0.2,4.9,0.8
陕西,西安,2026,17,2026-W17,1,中风险,5.8,15.1929,62.6857,23.74,1.3386,3.7,3.9,20,14.8,1.3,2.3,0.2,5.3,0.7
陕西,西安,2026,18,2026-W18,1,中风险,5.7222,16.5786,63.9571,30.96,1.5843,3.3,4.1,22,13.3,1.5,1.7,0.1,4.9,0.6
陕西,西安,2026,19,2026-W19,1,中风险,3.9111,19.2157,55.8957,17.48,1.3414,3.6,4.1,7,12.2,1.4,2,0.1,4.2,0.6
陕西,西安,2026,20,2026-W20,1,中风险,5.0333,20.6817,73.0517,20.2,0.9883,3.4,4.2,18,11.9,1.7,1.2,0.2,4,0.7
青海,西宁,2024,1,2024-W01,1,中风险,8.4,-4.99,41.85,0,1.55,7.1,9.7,,,,,,,
青海,西宁,2024,2,2024-W02,1,中风险,7.5,-4.7571,43.1771,0,1.78,6.3,8.7,,,,,,,
青海,西宁,2024,3,2024-W03,1,中风险,6.85,-5.56,52.2814,0.65,1.7214,6,7.7,,,,,,,
青海,西宁,2024,4,2024-W04,1,中风险,6.1,-10.8214,53.0943,0.16,1.8829,5.2,7,,,,,,,
青海,西宁,2024,5,2024-W05,1,中风险,5.7,-6.5657,59.9943,5.57,1.6886,5,6.4,,,,,,,
青海,西宁,2024,6,2024-W06,1,中风险,6.8,-6.1929,52.6614,0.25,2.1286,5.7,7.9,,,,,,,
青海,西宁,2024,7,2024-W07,1,中风险,6.65,-1.6771,43.6043,0.21,2.7614,5.7,7.6,,,,,,,
青海,西宁,2024,8,2024-W08,1,中风险,5,-6.5629,66.4043,2.86,2.1457,4.3,5.7,,,,,,,
青海,西宁,2024,9,2024-W09,1,中风险,4.1,-4.1986,58.0057,1.7,2.1043,4.3,5,3,,,,,,
青海,西宁,2024,10,2024-W10,1,中风险,10.5333,-1.1329,51.9543,2.47,2.3786,4.1,5.5,22,,,,,,
青海,西宁,2024,11,2024-W11,1,中风险,10.8333,0.9286,53.4614,1.42,1.9557,4.1,5.4,23,,,,,,
青海,西宁,2024,12,2024-W12,1,中风险,6.3,2.5829,46.0486,8.01,2.1157,3.9,5,10,,,,,,
青海,西宁,2024,13,2024-W13,1,中风险,6.8333,5.6529,43.1986,2.17,1.8143,3.8,4.7,12,,,,,,
青海,西宁,2024,14,2024-W14,1,中风险,4.5,5.0686,62.9671,21.83,1.9743,3.8,4.7,5,,,,,,
青海,西宁,2024,15,2024-W15,1,中风险,3.9667,7.2314,50.72,5.12,1.9986,3.6,4.3,4,,,,,,
青海,西宁,2024,16,2024-W16,1,中风险,4.3667,8.2557,62.5457,17.98,1.5843,3.5,4.6,5,,,,,,
青海,西宁,2024,17,2024-W17,1,中风险,5.4333,9.0229,48.7171,4.74,1.9314,3.6,4.7,8,,,,,,
青海,西宁,2024,18,2024-W18,1,中风险,4.4,6.6429,61.3714,10.23,1.6957,3.8,5,,,,,,,
青海,西宁,2024,19,2024-W19,1,中风险,4.5,12.2857,48.8529,12.56,1.7157,3.6,4.9,5,,,,,,
青海,西宁,2024,20,2024-W20,1,中风险,7.3667,14.2243,52.3729,1.41,1.9386,4,5.1,13,,,,,,
青海,西宁,2024,21,2024-W21,1,中风险,6.9,16.2614,49.7971,10.44,1.7557,3.9,4.8,12,,,,,,
青海,西宁,2024,22,2024-W22,1,中风险,5.9667,12.5271,62.6986,24.86,1.8157,3.8,5.1,9,,,,,,
青海,西宁,2024,23,2024-W23,1,中风险,3.6,12.8871,59.9514,32.49,1.8629,3.9,4.9,2,,,,,,
青海,西宁,2024,24,2024-W24,1,中风险,4.3667,15.0771,60.0114,18.02,1.2729,4,5.1,4,,,,,,
青海,西宁,2024,25,2024-W25,1,中风险,6.0333,15.56,65.9529,45.6,1.3271,3.9,5.2,9,,,,,,
青海,西宁,2024,26,2024-W26,1,中风险,4.3,16.0971,59.4814,12.32,1.2557,3.8,5.1,4,,,,,,
青海,西宁,2024,27,2024-W27,1,中风险,4.6333,14.9571,67.3814,31.29,1.56,3.8,5.1,5,,,,,,
青海,西宁,2024,28,2024-W28,1,中风险,4.5,16.5457,74.03,16.2,1.6414,4.1,4.9,,,,,,,
青海,西宁,2024,29,2024-W29,1,中风险,4.25,18.5657,73.3114,33.51,1.5629,3.8,4.7,,,,,,,
青海,西宁,2024,30,2024-W30,1,中风险,4.2,16.8271,71.5129,19.77,1.51,3.9,4.5,,,,,,,
青海,西宁,2024,31,2024-W31,1,中风险,4,16.8971,65.9886,31.55,1.3786,3.8,4.2,,,,,,,
青海,西宁,2024,32,2024-W32,1,中风险,3.7,16.4471,65.06,25.82,1.3357,3.5,3.9,,,,,,,
青海,西宁,2024,33,2024-W33,1,中风险,3.6,15.5186,63.3543,27.32,0.99,3.6,3.6,,,,,,,
青海,西宁,2024,34,2024-W34,1,中风险,3.4,17.6129,63.6414,30.86,1.3971,3.6,3.2,,,,,,,
青海,西宁,2024,35,2024-W35,1,中风险,3.25,17.6043,80.5471,18.08,1.4,3.4,3.1,,,,,,,
青海,西宁,2024,36,2024-W36,1,中风险,3.3,13.7829,83.1986,82.06,1.5371,3.4,3.2,,,,,,,
青海,西宁,2024,37,2024-W37,1,中风险,4.9667,11.9986,85.3029,34.16,1.7471,3.4,3.5,8,,,,,,
青海,西宁,2024,38,2024-W38,1,中风险,3.1,13.18,84.1186,20.55,1.0643,3.6,3.7,2,,,,,,
青海,西宁,2024,39,2024-W39,1,中风险,3.6333,12.2586,68.8414,27.36,1.4843,3.2,3.7,4,,,,,,
青海,西宁,2024,40,2024-W40,1,中风险,3.85,6.3957,72.3414,2.12,1.4057,3.6,4.1,,,,,,,
青海,西宁,2024,41,2024-W41,1,中风险,2.5,6.8629,71.5586,4.79,1.5114,3.2,3.3,1,,,,,,
青海,西宁,2024,42,2024-W42,1,中风险,5.7,6.1314,66.8014,12.22,1.53,3.4,,8,,,,,,
青海,西宁,2024,43,2024-W43,1,中风险,5.15,3.8686,60.1629,3.05,1.8043,3.3,,7,,,,,,
青海,西宁,2024,44,2024-W44,1,中风险,4.3,4.1514,63.4471,4.64,1.1386,3.5,3.4,6,,,,,,
青海,西宁,2024,45,2024-W45,1,中风险,4.4,3.8671,54.71,0.01,1.4857,3.6,3.6,6,,,,,,
青海,西宁,2024,46,2024-W46,1,中风险,8.4,0.5943,74.8329,4.92,1.6043,3.8,,13,,,,,,
青海,西宁,2024,47,2024-W47,1,中风险,12.05,-1.7343,69.8757,6.38,1.3186,4.1,,20,,,,,,
青海,西宁,2024,48,2024-W48,1,中风险,12.9667,-6.85,56.2071,1.95,2.0071,4.4,3.5,31,,,,,,
青海,西宁,2024,49,2024-W49,1,中风险,16.0667,-6.2743,71.3271,0.06,1.1014,4.6,3.6,40,,,,,,
青海,西宁,2024,50,2024-W50,1,中风险,41.1333,-9.3957,71.4757,2.28,1.4671,5.4,4,114,,,,,,
青海,西宁,2024,51,2024-W51,1,中风险,81.25,-6.7829,64.1457,0.05,1.2086,6.5,,156,,,,,,
青海,西宁,2024,52,2024-W52,1,中风险,89.1,-7.6529,58.8157,0.09,1.1371,7.2,,171,,,,,,
青海,西宁,2025,1,2025-W01,1,中风险,53.2333,-6.4057,55.17,2.79,1.7229,7.5,7.2,145,,,,,,
青海,西宁,2025,2,2025-W02,1,中风险,43.7,-8.8229,68.0671,1.01,1.9486,6.2,6.9,118,,,,,,
青海,西宁,2025,3,2025-W03,1,中风险,10.5333,-7.38,52.2329,0.01,1.5729,5.1,6.5,20,,,,,,
青海,西宁,2025,4,2025-W04,1,中风险,4.1667,-5.34,58.1814,4.21,1.9886,4.2,5.3,3,,,,,,
青海,西宁,2025,5,2025-W05,1,中风险,6.45,-8.1871,59.37,0.84,1.7486,5.5,7.4,,,,,,,
青海,西宁,2025,6,2025-W06,1,中风险,3.4667,-8.2814,58.9086,0.01,1.9443,3.9,5.5,1,,,,,,
青海,西宁,2025,7,2025-W07,1,中风险,3.0333,-5.7271,51.9714,1.05,1.7043,3.4,4.7,1,,,,,,
青海,西宁,2025,8,2025-W08,1,中风险,6.4667,-4.9329,63.2329,2.67,1.9671,3.1,4.3,12,,,,,,
青海,西宁,2025,9,2025-W09,1,中风险,16.4333,-2.02,57.2986,2.35,2.1843,3.1,4.2,42,,,,,,
青海,西宁,2025,10,2025-W10,1,中风险,10.0333,-1.74,49.45,1.37,2.0729,3.2,3.9,23,,,,,,
青海,西宁,2025,11,2025-W11,1,中风险,6.7333,-0.72,55.6371,4.69,1.9429,3.2,4,13,,,,,,
青海,西宁,2025,12,2025-W12,1,中风险,3.8,-0.8386,46.7429,0.5,2.0214,3.3,4.1,4,,,,,,
青海,西宁,2025,13,2025-W13,1,中风险,4.1667,1.14,47.6671,0.99,3.1814,3.4,4.1,5,,,,,,
青海,西宁,2025,14,2025-W14,1,中风险,3.4333,2.7471,45.8186,0.69,1.75,3.4,3.9,3,,,,,,
青海,西宁,2025,15,2025-W15,1,中风险,3.55,6.2886,40.7329,1.19,2.3329,3.2,3.9,,,,,,,
青海,西宁,2025,16,2025-W16,1,中风险,3.7,10.11,35.7757,1.47,2.27,3.3,4.1,,,,,,,
青海,西宁,2025,17,2025-W17,1,中风险,3.6,5.5486,62.45,18.67,1.8586,3.3,3.9,,,,,,,
青海,西宁,2025,18,2025-W18,1,中风险,3.8,10.2357,48.2243,2.19,2.27,3.4,4.2,,,,,,,
青海,西宁,2025,19,2025-W19,1,中风险,3.6,9.7814,39.7029,2.48,2.2186,3.1,4.1,,,,,,,
青海,西宁,2025,20,2025-W20,1,中风险,2.9333,12.7857,46.81,4.6,1.6643,3.1,4.7,1,,,,,,
青海,西宁,2025,21,2025-W21,1,中风险,5.3,12.3429,49.2614,10.53,1.9871,3.2,4.7,8,,,,,,
青海,西宁,2025,22,2025-W22,1,中风险,3.9667,13.3186,52.2071,14.57,2.1171,3.1,4.8,4,,,,,,
青海,西宁,2025,23,2025-W23,1,中风险,3.2,13.0486,51.9514,4.35,1.7571,3.1,4.5,2,,,,,,
青海,西宁,2025,24,2025-W24,1,中风险,3.0667,15.7329,48.9129,10.74,1.6814,2.9,4.3,2,,,,,,
青海,西宁,2025,25,2025-W25,2,低风险,3.9444,15.2543,56.9914,18.29,1.4357,2.9,4.3,1,1.5,15.4,2.9,0.1,0.7,6.7
青海,西宁,2025,26,2025-W26,2,低风险,3.9778,14.9786,63.3686,37.68,1.5129,3,4.3,2,1.6,14,3,0.2,0.8,6.9
青海,西宁,2025,27,2025-W27,2,低风险,3.6889,14.9257,63.1971,44.79,1.72,2.9,4.2,2,1.8,11.9,3.3,0.3,0.5,6.3
青海,西宁,2025,28,2025-W28,2,低风险,3.7778,18.4157,62.8829,16.11,1.5314,2.7,4,1,1.8,13.4,3.3,0.2,0.8,6.8
青海,西宁,2025,29,2025-W29,2,低风险,4.1625,19.5,71.7914,47.32,1.5543,2.6,3.8,,2.4,14,4.3,0.5,0.6,5.1
青海,西宁,2025,30,2025-W30,2,低风险,3.8625,18.6186,69.1729,17.12,1.4343,2.6,3.6,,2.2,13.5,3.4,0.6,0.7,4.3
青海,西宁,2025,31,2025-W31,2,低风险,3.9625,19.5457,71.1257,23.17,1.5971,2.6,3.5,,2.3,13.6,3.8,0.6,0.9,4.4
青海,西宁,2025,32,2025-W32,2,低风险,3.4875,16.6429,80.06,37.62,1.6586,2.5,3.5,,1.5,10.8,3.9,0.4,0.9,4.4
青海,西宁,2025,33,2025-W33,2,低风险,3.5111,17.0229,60.7829,17.49,1.06,2.5,3.4,2,1.5,11.9,3.6,0.6,0.5,5.6
青海,西宁,2025,34,2025-W34,2,低风险,3.3375,14.0129,77.6429,35.74,1.48,2.5,3.2,,1.9,10.5,3.2,0.5,0.6,4.3
青海,西宁,2025,35,2025-W35,2,低风险,3.1875,13.1957,71.3743,42.43,1.2043,2.5,3.1,,2.4,8.5,3.7,0.4,0.6,4.3
青海,西宁,2025,36,2025-W36,2,低风险,2.8444,12.9957,71.0057,31.05,1.2729,2.7,3.4,1,3.3,6.8,3.5,0.4,0.8,3.7
青海,西宁,2025,37,2025-W37,2,低风险,3.3875,14.1614,64.9157,3.61,1.0814,2.8,3.6,,3.6,6.8,5.6,0.4,1,3.3
青海,西宁,2025,38,2025-W38,1,中风险,4.2889,11.34,73.9714,9.71,1.6629,2.9,3.8,13,3.5,5.3,5.9,0.3,1.1,2.8
青海,西宁,2025,39,2025-W39,1,中风险,4.5667,10.49,71.8886,19.28,1.3714,2.9,3.8,16,4.1,3.6,7.6,0.2,1,1.9
青海,西宁,2025,40,2025-W40,1,中风险,3.8,9.0543,72.9114,31.37,1.4386,3.3,4.4,11,3,3.2,5.7,0.3,1.2,2.1
青海,西宁,2025,41,2025-W41,1,中风险,2.9111,7.2743,80.3629,26.93,1.8429,2.8,4.1,4,3.5,2.3,6.7,0.3,1.1,1.4
青海,西宁,2025,42,2025-W42,1,中风险,8.4625,6.0257,58.7014,2.18,1.4843,2.7,,49,5.8,1.8,5.6,0.5,1.3,1
青海,西宁,2025,43,2025-W43,1,中风险,21.2875,3.4743,74.9257,8.61,1.3329,3.6,,144,10.5,1.5,7,0.4,2.4,0.9
青海,西宁,2025,44,2025-W44,1,中风险,43.0889,3.08,57.8971,0.53,1.2186,5.1,4.6,347,17.5,1.4,6.6,0.4,4.2,1
青海,西宁,2025,45,2025-W45,0,高风险,75.6222,2.2757,65.82,2.35,1.3843,6.1,5.5,621,29.8,1.1,6.1,0.5,9.8,0.7
青海,西宁,2025,46,2025-W46,0,高风险,127.3125,-0.2314,59.6929,0.67,1.7386,7,,955,38.1,0.5,5,0.3,11.4,1.2
青海,西宁,2025,47,2025-W47,0,高风险,163.8,-4.3343,51.3357,1.27,1.9771,8.6,,1234,44.8,0.6,4.3,0.6,16.4,1.1
青海,西宁,2025,48,2025-W48,0,高风险,203.2,-4.56,44.6157,0.55,3.0614,9.1,,1541,51.1,0.6,3.5,0.3,19,1
青海,西宁,2025,49,2025-W49,0,高风险,146.6111,-4.6386,46.5629,0,1.6757,7.9,11.1,1219,54.2,0.3,4,0.2,22.1,0.7
青海,西宁,2025,50,2025-W50,0,高风险,82.9111,-3.9357,45.85,1.13,2.2043,6.3,9.7,651,50.2,0.5,4.9,0.2,22.5,0.9
青海,西宁,2025,51,2025-W51,0,高风险,34.2625,-2.7243,56.8386,0.64,1.6829,4.9,,201,41.9,0.7,6.1,0.4,18.6,0.5
青海,西宁,2025,52,2025-W52,1,中风险,17.9875,-4.6314,63.0629,0.31,1.6557,4.2,,82,33.7,0.7,7.2,0.3,14.5,1.3
青海,西宁,2026,1,2026-W01,1,中风险,10.6444,-7.7314,69.8457,0.09,1.2114,4.1,5.4,37,27.4,1.1,8.8,0.2,10.6,1.2
青海,西宁,2026,2,2026-W02,1,中风险,7.7889,-8.5357,47.3543,0.01,2.27,3.7,4.8,19,23.3,1.1,9.8,0.3,7.1,1
青海,西宁,2026,3,2026-W03,1,中风险,7.3222,-5.5229,44.5786,0,2.5271,3.5,4.7,18,21.3,0.9,9.3,0.3,6.9,1
青海,西宁,2026,4,2026-W04,1,中风险,5.9333,-6.2829,58.47,0,1.5871,3.4,4.3,8,18.8,1.5,8.3,0.2,7.7,1.2
青海,西宁,2026,5,2026-W05,1,中风险,5.2222,-5.3714,63.5843,0.14,1.4514,3.3,4,4,17.1,2.3,7.9,0.2,6.4,1.8
青海,西宁,2026,6,2026-W06,1,中风险,4.6375,-4.2357,57.8014,1.68,1.4857,3,3.3,,13,2.2,8.6,0.2,5.1,1.7
青海,西宁,2026,7,2026-W07,1,中风险,3.8222,-2.2743,42.9329,0.59,2.0329,2.9,3.6,1,11,1.7,8,0.2,4.9,1.1
青海,西宁,2026,8,2026-W08,1,中风险,4.425,-0.7957,48.4343,1.41,2.4971,4.9,4.8,,10.5,1.3,8,0,4.4,1.5
青海,西宁,2026,9,2026-W09,1,中风险,3.95,1.2286,38.6429,0.55,2.0614,3,3,,11,2.3,6.6,0.2,4.1,1.4
青海,西宁,2026,10,2026-W10,1,中风险,3.6125,1.0729,48.6129,3.89,2.1714,2.8,2.8,,9.4,2.6,6.8,0.2,3.3,1
青海,西宁,2026,11,2026-W11,1,中风险,4.0556,1.2829,51.94,2.86,2.39,3,3,6,11.3,2.3,5.8,0.2,3.6,1.3
青海,西宁,2026,12,2026-W12,1,中风险,7.3556,-0.2771,53.5429,5.48,2.3171,3.5,3.3,32,13.3,2.7,4.4,0.2,5.7,1.1
青海,西宁,2026,13,2026-W13,1,中风险,11.1667,1.63,57.6886,9.51,1.9529,3.6,3.5,64,15.5,2.4,3.9,0.1,6.2,1.3
青海,西宁,2026,14,2026-W14,1,中风险,10.1778,5.3129,46.7243,2.28,1.7743,3.6,3.6,56,16.3,2,4,0.2,5,0.9
青海,西宁,2026,15,2026-W15,1,中风险,6.2333,7.5986,46.3029,2.78,1.8357,3.6,3.7,23,15.3,1.8,2.6,0.3,5.5,0.3
青海,西宁,2026,16,2026-W16,1,中风险,5.3778,6.0871,53.3343,18.54,1.9914,3.5,3.7,18,13.4,1.3,2.6,0.2,4.9,0.8
青海,西宁,2026,17,2026-W17,1,中风险,5.8,7.6686,49.6386,2.19,1.9829,3.7,3.9,20,14.8,1.3,2.3,0.2,5.3,0.7
青海,西宁,2026,18,2026-W18,1,中风险,5.7222,5.2814,64.4014,38.81,1.7586,3.3,4.1,22,13.3,1.5,1.7,0.1,4.9,0.6
青海,西宁,2026,19,2026-W19,1,中风险,3.9111,9.3243,47.2386,6.08,1.3286,3.6,4.1,7,12.2,1.4,2,0.1,4.2,0.6
青海,西宁,2026,20,2026-W20,1,中风险,5.0333,10.71,50.6367,7.93,1.4733,3.4,4.2,18,11.9,1.7,1.2,0.2,4,0.7
黑龙江,哈尔滨,2024,1,2024-W01,1,中风险,8.4,-17.7114,95.5614,0.86,2.6471,7.1,9.7,,,,,,,
黑龙江,哈尔滨,2024,2,2024-W02,1,中风险,7.5,-19.9086,95.1443,1.79,3.1929,6.3,8.7,,,,,,,
黑龙江,哈尔滨,2024,3,2024-W03,1,中风险,6.85,-20.24,94.0871,0.51,2.8443,6,7.7,,,,,,,
黑龙江,哈尔滨,2024,4,2024-W04,1,中风险,6.1,-20.09,96.7914,0.59,2.0243,5.2,7,,,,,,,
黑龙江,哈尔滨,2024,5,2024-W05,1,中风险,5.7,-22.42,93.7757,0.29,2.1829,5,6.4,,,,,,,
黑龙江,哈尔滨,2024,6,2024-W06,1,中风险,6.8,-15.87,96.2886,0.11,1.5843,5.7,7.9,,,,,,,
黑龙江,哈尔滨,2024,7,2024-W07,1,中风险,6.65,-7.12,91.4986,1.6,5.0557,5.7,7.6,,,,,,,
黑龙江,哈尔滨,2024,8,2024-W08,1,中风险,5,-15.3943,83.2529,0.32,2.4386,4.3,5.7,,,,,,,
黑龙江,哈尔滨,2024,9,2024-W09,1,中风险,4.1,-13.4543,85.7043,2.02,2.6057,4.3,5,3,,,,,,
黑龙江,哈尔滨,2024,10,2024-W10,1,中风险,10.5333,-8.4943,76.47,0.37,2.4314,4.1,5.5,22,,,,,,
黑龙江,哈尔滨,2024,11,2024-W11,1,中风险,10.8333,-0.7871,73.0286,4.79,3.5614,4.1,5.4,23,,,,,,
黑龙江,哈尔滨,2024,12,2024-W12,1,中风险,6.3,-0.68,67.4243,0.8,2.6857,3.9,5,10,,,,,,
黑龙江,哈尔滨,2024,13,2024-W13,1,中风险,6.8333,1.8086,63.8886,6.53,4.1314,3.8,4.7,12,,,,,,
黑龙江,哈尔滨,2024,14,2024-W14,1,中风险,4.5,3.08,61.3471,0.68,4.0486,3.8,4.7,5,,,,,,
黑龙江,哈尔滨,2024,15,2024-W15,1,中风险,3.9667,8.9057,64.4,2.35,4.5371,3.6,4.3,4,,,,,,
黑龙江,哈尔滨,2024,16,2024-W16,1,中风险,4.3667,10.3443,64.2414,7.82,3.2457,3.5,4.6,5,,,,,,
黑龙江,哈尔滨,2024,17,2024-W17,1,中风险,5.4333,11.37,64.5786,4.24,3.4286,3.6,4.7,8,,,,,,
黑龙江,哈尔滨,2024,18,2024-W18,1,中风险,4.4,14.0557,51.81,0.29,3.54,3.8,5,,,,,,,
黑龙江,哈尔滨,2024,19,2024-W19,1,中风险,4.5,13.7671,58.1,23.47,4.5514,3.6,4.9,5,,,,,,
黑龙江,哈尔滨,2024,20,2024-W20,1,中风险,7.3667,13.7829,56.2114,3.36,3.1586,4,5.1,13,,,,,,
黑龙江,哈尔滨,2024,21,2024-W21,1,中风险,6.9,15.1914,61.0571,34.14,3.7129,3.9,4.8,12,,,,,,
黑龙江,哈尔滨,2024,22,2024-W22,1,中风险,5.9667,13.64,76.3086,28.6,2.9571,3.8,5.1,9,,,,,,
黑龙江,哈尔滨,2024,23,2024-W23,1,中风险,3.6,19.2357,73.4414,27.61,3.1757,3.9,4.9,2,,,,,,
黑龙江,哈尔滨,2024,24,2024-W24,1,中风险,4.3667,19.3629,76.1029,57.96,2.8,4,5.1,4,,,,,,
黑龙江,哈尔滨,2024,25,2024-W25,1,中风险,6.0333,18.8386,79.6729,76.58,3.4786,3.9,5.2,9,,,,,,
黑龙江,哈尔滨,2024,26,2024-W26,1,中风险,4.3,20.9743,78.4071,27.32,2.7286,3.8,5.1,4,,,,,,
黑龙江,哈尔滨,2024,27,2024-W27,1,中风险,4.6333,22.3071,77.5657,17.88,2.0414,3.8,5.1,5,,,,,,
黑龙江,哈尔滨,2024,28,2024-W28,1,中风险,4.5,22.1214,74.2329,0.42,1.9386,4.1,4.9,,,,,,,
黑龙江,哈尔滨,2024,29,2024-W29,1,中风险,4.25,25.0271,80.0686,36.35,3.2714,3.8,4.7,,,,,,,
黑龙江,哈尔滨,2024,30,2024-W30,1,中风险,4.2,24.4686,84.8057,45.08,2.1029,3.9,4.5,,,,,,,
黑龙江,哈尔滨,2024,31,2024-W31,1,中风险,4,23.8914,84.6314,74.57,2.3786,3.8,4.2,,,,,,,
黑龙江,哈尔滨,2024,32,2024-W32,1,中风险,3.7,25.3286,82.5943,53.5,2.3829,3.5,3.9,,,,,,,
黑龙江,哈尔滨,2024,33,2024-W33,1,中风险,3.6,24.0071,79.6157,4.87,1.2657,3.6,3.6,,,,,,,
黑龙江,哈尔滨,2024,34,2024-W34,1,中风险,3.4,21.5186,85.3957,30.03,2.7157,3.6,3.2,,,,,,,
黑龙江,哈尔滨,2024,35,2024-W35,1,中风险,3.25,20.0543,81.2186,32.25,2.4429,3.4,3.1,,,,,,,
黑龙江,哈尔滨,2024,36,2024-W36,1,中风险,3.3,18.4986,78.3357,6.97,3.1114,3.4,3.2,,,,,,,
黑龙江,哈尔滨,2024,37,2024-W37,1,中风险,4.9667,15.96,69.4886,4.52,3.14,3.4,3.5,8,,,,,,
黑龙江,哈尔滨,2024,38,2024-W38,1,中风险,3.1,13.2457,69.9614,0.64,2.2886,3.6,3.7,2,,,,,,
黑龙江,哈尔滨,2024,39,2024-W39,1,中风险,3.6333,14.1143,77.0586,13.92,2.7357,3.2,3.7,4,,,,,,
黑龙江,哈尔滨,2024,40,2024-W40,1,中风险,3.85,9.7357,70.5757,0.13,3.2714,3.6,4.1,,,,,,,
黑龙江,哈尔滨,2024,41,2024-W41,1,中风险,2.5,8.7214,66.9957,10.13,2.9457,3.2,3.3,1,,,,,,
黑龙江,哈尔滨,2024,42,2024-W42,1,中风险,5.7,4.6829,65.4771,8.38,3.81,3.4,,8,,,,,,
黑龙江,哈尔滨,2024,43,2024-W43,1,中风险,5.15,3.5286,77.2629,6.75,3.2271,3.3,,7,,,,,,
黑龙江,哈尔滨,2024,44,2024-W44,1,中风险,4.3,4.15,84.5014,3.53,2.37,3.5,3.4,6,,,,,,
黑龙江,哈尔滨,2024,45,2024-W45,1,中风险,4.4,-0.6543,76.8871,1.16,2.97,3.6,3.6,6,,,,,,
黑龙江,哈尔滨,2024,46,2024-W46,1,中风险,8.4,-1.0486,78.9229,1.43,3.3986,3.8,,13,,,,,,
黑龙江,哈尔滨,2024,47,2024-W47,1,中风险,12.05,-5.8586,74.7,0.21,2.8043,4.1,,20,,,,,,
黑龙江,哈尔滨,2024,48,2024-W48,1,中风险,12.9667,-8.0586,89.6729,21.81,3.7257,4.4,3.5,31,,,,,,
黑龙江,哈尔滨,2024,49,2024-W49,1,中风险,16.0667,-15.8,85.8443,0.68,3.2786,4.6,3.6,40,,,,,,
黑龙江,哈尔滨,2024,50,2024-W50,1,中风险,41.1333,-15.6071,91.1943,0.09,2.6443,5.4,4,114,,,,,,
黑龙江,哈尔滨,2024,51,2024-W51,1,中风险,81.25,-18.0829,89.8257,0.02,2.3529,6.5,,156,,,,,,
黑龙江,哈尔滨,2024,52,2024-W52,1,中风险,89.1,-16.9757,91.8543,0.2,2.9186,7.2,,171,,,,,,
黑龙江,哈尔滨,2025,1,2025-W01,1,中风险,53.2333,-17.1814,93.7257,0.65,1.8586,7.5,7.2,145,,,,,,
黑龙江,哈尔滨,2025,2,2025-W02,1,中风险,43.7,-21.1671,91.5443,1.06,2.0871,6.2,6.9,118,,,,,,
黑龙江,哈尔滨,2025,3,2025-W03,1,中风险,10.5333,-15.3343,92.4157,0.43,2.8929,5.1,6.5,20,,,,,,
黑龙江,哈尔滨,2025,4,2025-W04,1,中风险,4.1667,-14.4343,93.6814,1.39,1.6614,4.2,5.3,3,,,,,,
黑龙江,哈尔滨,2025,5,2025-W05,1,中风险,6.45,-14.4671,90.1043,1.76,2.5386,5.5,7.4,,,,,,,
黑龙江,哈尔滨,2025,6,2025-W06,1,中风险,3.4667,-17.9057,86.1043,2.03,2.7414,3.9,5.5,1,,,,,,
黑龙江,哈尔滨,2025,7,2025-W07,1,中风险,3.0333,-12.2214,90.5543,0.74,3.0357,3.4,4.7,1,,,,,,
黑龙江,哈尔滨,2025,8,2025-W08,1,中风险,6.4667,-15.5386,85.6714,0.19,2.9943,3.1,4.3,12,,,,,,
黑龙江,哈尔滨,2025,9,2025-W09,1,中风险,16.4333,-8.74,80.6671,0.16,4.1271,3.1,4.2,42,,,,,,
黑龙江,哈尔滨,2025,10,2025-W10,1,中风险,10.0333,-5.6443,81.3229,1.09,2.5486,3.2,3.9,23,,,,,,
黑龙江,哈尔滨,2025,11,2025-W11,1,中风险,6.7333,-1.2457,65.8714,7.3,4.6371,3.2,4,13,,,,,,
黑龙江,哈尔滨,2025,12,2025-W12,1,中风险,3.8,-0.0586,64.5257,0.86,3.3757,3.3,4.1,4,,,,,,
黑龙江,哈尔滨,2025,13,2025-W13,1,中风险,4.1667,-1.4614,63.9757,6.15,4.0529,3.4,4.1,5,,,,,,
黑龙江,哈尔滨,2025,14,2025-W14,1,中风险,3.4333,4.3629,75.45,10.02,2.86,3.4,3.9,3,,,,,,
黑龙江,哈尔滨,2025,15,2025-W15,1,中风险,3.55,9.3357,73.1586,11.56,4.7257,3.2,3.9,,,,,,,
黑龙江,哈尔滨,2025,16,2025-W16,1,中风险,3.7,7.2114,66.32,17.76,3.12,3.3,4.1,,,,,,,
黑龙江,哈尔滨,2025,17,2025-W17,1,中风险,3.6,7.1486,66.94,16.18,4.5571,3.3,3.9,,,,,,,
黑龙江,哈尔滨,2025,18,2025-W18,1,中风险,3.8,9.5143,59.7043,2.93,2.8929,3.4,4.2,,,,,,,
黑龙江,哈尔滨,2025,19,2025-W19,1,中风险,3.6,11.3529,67.3886,18.9,2.9414,3.1,4.1,,,,,,,
黑龙江,哈尔滨,2025,20,2025-W20,1,中风险,2.9333,13.5329,66.2514,18.7,4.0171,3.1,4.7,1,,,,,,
黑龙江,哈尔滨,2025,21,2025-W21,1,中风险,5.3,13.9214,61.6,2.98,2.43,3.2,4.7,8,,,,,,
黑龙江,哈尔滨,2025,22,2025-W22,1,中风险,3.9667,20.1986,61.8257,4.02,3.5943,3.1,4.8,4,,,,,,
黑龙江,哈尔滨,2025,23,2025-W23,1,中风险,3.2,16.4629,67.54,28.5,3.16,3.1,4.5,2,,,,,,
黑龙江,哈尔滨,2025,24,2025-W24,1,中风险,3.0667,19.02,74.2471,50.18,3.1943,2.9,4.3,2,,,,,,
黑龙江,哈尔滨,2025,25,2025-W25,2,低风险,3.9444,20.17,72.8886,35.06,3.1271,2.9,4.3,1,1.5,15.4,2.9,0.1,0.7,6.7
黑龙江,哈尔滨,2025,26,2025-W26,2,低风险,3.9778,25.9971,70.8714,6.87,2.2029,3,4.3,2,1.6,14,3,0.2,0.8,6.9
黑龙江,哈尔滨,2025,27,2025-W27,2,低风险,3.6889,25.3286,76.6143,56.29,3.1971,2.9,4.2,2,1.8,11.9,3.3,0.3,0.5,6.3
黑龙江,哈尔滨,2025,28,2025-W28,2,低风险,3.7778,25.2514,71.2171,6.13,2.9571,2.7,4,1,1.8,13.4,3.3,0.2,0.8,6.8
黑龙江,哈尔滨,2025,29,2025-W29,2,低风险,4.1625,24.7157,73.9443,24.03,2.5157,2.6,3.8,,2.4,14,4.3,0.5,0.6,5.1
黑龙江,哈尔滨,2025,30,2025-W30,2,低风险,3.8625,26.4014,73.6314,13.66,3.2257,2.6,3.6,,2.2,13.5,3.4,0.6,0.7,4.3
黑龙江,哈尔滨,2025,31,2025-W31,2,低风险,3.9625,23.8657,72.5243,67.34,2.5286,2.6,3.5,,2.3,13.6,3.8,0.6,0.9,4.4
黑龙江,哈尔滨,2025,32,2025-W32,2,低风险,3.4875,21.9057,76.31,43.7,1.9914,2.5,3.5,,1.5,10.8,3.9,0.4,0.9,4.4
黑龙江,哈尔滨,2025,33,2025-W33,2,低风险,3.5111,21.3971,80.4,34.9,2.5786,2.5,3.4,2,1.5,11.9,3.6,0.6,0.5,5.6
黑龙江,哈尔滨,2025,34,2025-W34,2,低风险,3.3375,21.6571,76.4443,30.39,2.09,2.5,3.2,,1.9,10.5,3.2,0.5,0.6,4.3
黑龙江,哈尔滨,2025,35,2025-W35,2,低风险,3.1875,21.3471,78.8657,23.97,1.6986,2.5,3.1,,2.4,8.5,3.7,0.4,0.6,4.3
黑龙江,哈尔滨,2025,36,2025-W36,2,低风险,2.8444,21.0757,74.8086,4.82,3.0557,2.7,3.4,1,3.3,6.8,3.5,0.4,0.8,3.7
黑龙江,哈尔滨,2025,37,2025-W37,1,中风险,3.3875,18.29,67.6357,8.73,3.1643,2.8,3.6,,3.6,6.8,5.6,0.4,1,3.3
黑龙江,哈尔滨,2025,38,2025-W38,1,中风险,4.2889,14.9057,66.4043,4.7,2.7586,2.9,3.8,13,3.5,5.3,5.9,0.3,1.1,2.8
黑龙江,哈尔滨,2025,39,2025-W39,1,中风险,4.5667,16.17,72.7829,11.44,2.8343,2.9,3.8,16,4.1,3.6,7.6,0.2,1,1.9
黑龙江,哈尔滨,2025,40,2025-W40,1,中风险,3.8,15.3129,68.8757,0.42,2.8543,3.3,4.4,11,3,3.2,5.7,0.3,1.2,2.1
黑龙江,哈尔滨,2025,41,2025-W41,1,中风险,2.9111,7.48,58.6729,0,2.4457,2.8,4.1,4,3.5,2.3,6.7,0.3,1.1,1.4
黑龙江,哈尔滨,2025,42,2025-W42,1,中风险,8.4625,0.7871,74.3571,18.2,2.5957,2.7,,49,5.8,1.8,5.6,0.5,1.3,1
黑龙江,哈尔滨,2025,43,2025-W43,1,中风险,21.2875,-0.2271,68.56,0.07,2.4414,3.6,,144,10.5,1.5,7,0.4,2.4,0.9
黑龙江,哈尔滨,2025,44,2025-W44,1,中风险,43.0889,-0.6171,75.7229,4.42,3.12,5.1,4.6,347,17.5,1.4,6.6,0.4,4.2,1
黑龙江,哈尔滨,2025,45,2025-W45,0,高风险,75.6222,-0.1857,73.9986,1.91,3.7157,6.1,5.5,621,29.8,1.1,6.1,0.5,9.8,0.7
黑龙江,哈尔滨,2025,46,2025-W46,0,高风险,127.3125,-2.7771,67.95,0.27,3.2443,7,,955,38.1,0.5,5,0.3,11.4,1.2
黑龙江,哈尔滨,2025,47,2025-W47,0,高风险,163.8,-4.1343,71.16,0.43,3.8771,8.6,,1234,44.8,0.6,4.3,0.6,16.4,1.1
黑龙江,哈尔滨,2025,48,2025-W48,0,高风险,203.2,-7.1429,76.2886,3.77,3.0886,9.1,,1541,51.1,0.6,3.5,0.3,19,1
黑龙江,哈尔滨,2025,49,2025-W49,0,高风险,146.6111,-12.6757,75.0743,1.23,3.1286,7.9,11.1,1219,54.2,0.3,4,0.2,22.1,0.7
黑龙江,哈尔滨,2025,50,2025-W50,0,高风险,82.9111,-14.6486,74.0214,0.01,2.8643,6.3,9.7,651,50.2,0.5,4.9,0.2,22.5,0.9
黑龙江,哈尔滨,2025,51,2025-W51,0,高风险,34.2625,-13.5814,79.4071,1.58,3.16,4.9,,201,41.9,0.7,6.1,0.4,18.6,0.5
黑龙江,哈尔滨,2025,52,2025-W52,1,中风险,17.9875,-17.91,84.3214,7.12,3.5257,4.2,,82,33.7,0.7,7.2,0.3,14.5,1.3
黑龙江,哈尔滨,2026,1,2026-W01,1,中风险,10.6444,-19.4429,84.8343,0.1,3.2886,4.1,5.4,37,27.4,1.1,8.8,0.2,10.6,1.2
黑龙江,哈尔滨,2026,2,2026-W02,1,中风险,7.7889,-17.92,84.1357,2.22,3.4086,3.7,4.8,19,23.3,1.1,9.8,0.3,7.1,1
黑龙江,哈尔滨,2026,3,2026-W03,1,中风险,7.3222,-21.27,82.1957,1.62,2.99,3.5,4.7,18,21.3,0.9,9.3,0.3,6.9,1
黑龙江,哈尔滨,2026,4,2026-W04,1,中风险,5.9333,-21.9843,81.8743,0.2,3.1014,3.4,4.3,8,18.8,1.5,8.3,0.2,7.7,1.2
黑龙江,哈尔滨,2026,5,2026-W05,1,中风险,5.2222,-17.7043,83.2157,0.37,2.3257,3.3,4,4,17.1,2.3,7.9,0.2,6.4,1.8
黑龙江,哈尔滨,2026,6,2026-W06,1,中风险,4.6375,-17.4714,80.0071,2.09,3.44,3,3.3,,13,2.2,8.6,0.2,5.1,1.7
黑龙江,哈尔滨,2026,7,2026-W07,1,中风险,3.8222,-10.5457,87.3757,0.4,2.85,2.9,3.6,1,11,1.7,8,0.2,4.9,1.1
黑龙江,哈尔滨,2026,8,2026-W08,1,中风险,4.425,-7.6157,82.33,5.64,3.8357,4.9,4.8,,10.5,1.3,8,0,4.4,1.5
黑龙江,哈尔滨,2026,9,2026-W09,1,中风险,3.95,-11.7257,65.6071,0.22,4.6971,3,3,,11,2.3,6.6,0.2,4.1,1.4
黑龙江,哈尔滨,2026,10,2026-W10,1,中风险,3.6125,-9.4043,71.5043,3.23,2.8,2.8,2.8,,9.4,2.6,6.8,0.2,3.3,1
黑龙江,哈尔滨,2026,11,2026-W11,1,中风险,4.0556,-2.8943,65.66,0.88,3.5271,3,3,6,11.3,2.3,5.8,0.2,3.6,1.3
黑龙江,哈尔滨,2026,12,2026-W12,1,中风险,7.3556,-2.4057,58.7029,0.33,3.9857,3.5,3.3,32,13.3,2.7,4.4,0.2,5.7,1.1
黑龙江,哈尔滨,2026,13,2026-W13,1,中风险,11.1667,5.1329,58.34,0.26,3.37,3.6,3.5,64,15.5,2.4,3.9,0.1,6.2,1.3
黑龙江,哈尔滨,2026,14,2026-W14,1,中风险,10.1778,2.2829,63.5586,9.69,3.5014,3.6,3.6,56,16.3,2,4,0.2,5,0.9
黑龙江,哈尔滨,2026,15,2026-W15,1,中风险,6.2333,4.8243,62.2043,6.74,3.9786,3.6,3.7,23,15.3,1.8,2.6,0.3,5.5,0.3
黑龙江,哈尔滨,2026,16,2026-W16,1,中风险,5.3778,7.7457,60.87,13.02,3.5029,3.5,3.7,18,13.4,1.3,2.6,0.2,4.9,0.8
黑龙江,哈尔滨,2026,17,2026-W17,1,中风险,5.8,6.1814,56.2857,3.66,4.2986,3.7,3.9,20,14.8,1.3,2.3,0.2,5.3,0.7
黑龙江,哈尔滨,2026,18,2026-W18,1,中风险,5.7222,12.1729,46.2043,0.03,3.3843,3.3,4.1,22,13.3,1.5,1.7,0.1,4.9,0.6
黑龙江,哈尔滨,2026,19,2026-W19,1,中风险,3.9111,14.3443,44.9486,4.4,3.0414,3.6,4.1,7,12.2,1.4,2,0.1,4.2,0.6
黑龙江,哈尔滨,2026,20,2026-W20,1,中风险,5.0333,19.6333,52.2267,4.03,3.65,3.4,4.2,18,11.9,1.7,1.2,0.2,4,0.7
