source_name,source_url,report_title,report_year,report_month,period_month,region,disease_name,disease_category,is_respiratory_focus,is_total_row,cases,deaths,incidence_rate,mortality_rate,crawl_time,raw_file
中国疾控中心全国法定传染病疫情情况,https://www.chinacdc.cn/jksj/jksj01/202604/t20260410_1834909.html,2026年3月全国传染病疫情概况,2026,3,2026-03,全国,甲乙丙类传染病总计,甲乙丙类总计,0,1,1063258,2000,,,2026-05-28 00:56:43,/Users/zhoujia/code/大数据期末实验/大模型助力大数据分析/呼吸道传染病监测与早期预警分析/data/raw/chinacdc_monthly/t20260410_1834909_85179dce1b8ed387.html
中国疾控中心全国法定传染病疫情情况,https://www.chinacdc.cn/jksj/jksj01/202604/t20260410_1834909.html,2026年3月全国传染病疫情概况,2026,3,2026-03,全国,甲乙类传染病合计,甲乙类合计,0,1,322577,1996,,,2026-05-28 00:56:43,/Users/zhoujia/code/大数据期末实验/大模型助力大数据分析/呼吸道传染病监测与早期预警分析/data/raw/chinacdc_monthly/t20260410_1834909_85179dce1b8ed387.html
中国疾控中心全国法定传染病疫情情况,https://www.chinacdc.cn/jksj/jksj01/202604/t20260410_1834909.html,2026年3月全国传染病疫情概况,2026,3,2026-03,全国,鼠疫,甲乙类合计,0,0,0,0,,,2026-05-28 00:56:43,/Users/zhoujia/code/大数据期末实验/大模型助力大数据分析/呼吸道传染病监测与早期预警分析/data/raw/chinacdc_monthly/t20260410_1834909_85179dce1b8ed387.html
中国疾控中心全国法定传染病疫情情况,https://www.chinacdc.cn/jksj/jksj01/202604/t20260410_1834909.html,2026年3月全国传染病疫情概况,2026,3,2026-03,全国,霍乱,甲乙类合计,0,0,0,0,,,2026-05-28 00:56:43,/Users/zhoujia/code/大数据期末实验/大模型助力大数据分析/呼吸道传染病监测与早期预警分析/data/raw/chinacdc_monthly/t20260410_1834909_85179dce1b8ed387.html
中国疾控中心全国法定传染病疫情情况,https://www.chinacdc.cn/jksj/jksj01/202604/t20260410_1834909.html,2026年3月全国传染病疫情概况,2026,3,2026-03,全国,新型冠状病毒感染,甲乙类合计,1,0,26306,2,,,2026-05-28 00:56:43,/Users/zhoujia/code/大数据期末实验/大模型助力大数据分析/呼吸道传染病监测与早期预警分析/data/raw/chinacdc_monthly/t20260410_1834909_85179dce1b8ed387.html
中国疾控中心全国法定传染病疫情情况,https://www.chinacdc.cn/jksj/jksj01/202604/t20260410_1834909.html,2026年3月全国传染病疫情概况,2026,3,2026-03,全国,传染性非典型肺炎,甲乙类合计,0,0,0,0,,,2026-05-28 00:56:43,/Users/zhoujia/code/大数据期末实验/大模型助力大数据分析/呼吸道传染病监测与早期预警分析/data/raw/chinacdc_monthly/t20260410_1834909_85179dce1b8ed387.html
中国疾控中心全国法定传染病疫情情况,https://www.chinacdc.cn/jksj/jksj01/202604/t20260410_1834909.html,2026年3月全国传染病疫情概况,2026,3,2026-03,全国,艾滋病,甲乙类合计,0,0,4821,1644,,,2026-05-28 00:56:43,/Users/zhoujia/code/大数据期末实验/大模型助力大数据分析/呼吸道传染病监测与早期预警分析/data/raw/chinacdc_monthly/t20260410_1834909_85179dce1b8ed387.html
中国疾控中心全国法定传染病疫情情况,https://www.chinacdc.cn/jksj/jksj01/202604/t20260410_1834909.html,2026年3月全国传染病疫情概况,2026,3,2026-03,全国,病毒性肝炎,甲乙类合计,0,0,145066,136,,,2026-05-28 00:56:43,/Users/zhoujia/code/大数据期末实验/大模型助力大数据分析/呼吸道传染病监测与早期预警分析/data/raw/chinacdc_monthly/t20260410_1834909_85179dce1b8ed387.html
中国疾控中心全国法定传染病疫情情况,https://www.chinacdc.cn/jksj/jksj01/202604/t20260410_1834909.html,2026年3月全国传染病疫情概况,2026,3,2026-03,全国,甲型肝炎,甲乙类合计,0,0,1382,0,,,2026-05-28 00:56:43,/Users/zhoujia/code/大数据期末实验/大模型助力大数据分析/呼吸道传染病监测与早期预警分析/data/raw/chinacdc_monthly/t20260410_1834909_85179dce1b8ed387.html
中国疾控中心全国法定传染病疫情情况,https://www.chinacdc.cn/jksj/jksj01/202604/t20260410_1834909.html,2026年3月全国传染病疫情概况,2026,3,2026-03,全国,乙型肝炎,甲乙类合计,0,0,123191,29,,,2026-05-28 00:56:43,/Users/zhoujia/code/大数据期末实验/大模型助力大数据分析/呼吸道传染病监测与早期预警分析/data/raw/chinacdc_monthly/t20260410_1834909_85179dce1b8ed387.html
中国疾控中心全国法定传染病疫情情况,https://www.chinacdc.cn/jksj/jksj01/202604/t20260410_1834909.html,2026年3月全国传染病疫情概况,2026,3,2026-03,全国,丙型肝炎,甲乙类合计,0,0,16305,107,,,2026-05-28 00:56:43,/Users/zhoujia/code/大数据期末实验/大模型助力大数据分析/呼吸道传染病监测与早期预警分析/data/raw/chinacdc_monthly/t20260410_1834909_85179dce1b8ed387.html
中国疾控中心全国法定传染病疫情情况,https://www.chinacdc.cn/jksj/jksj01/202604/t20260410_1834909.html,2026年3月全国传染病疫情概况,2026,3,2026-03,全国,丁型肝炎,甲乙类合计,0,0,28,0,,,2026-05-28 00:56:43,/Users/zhoujia/code/大数据期末实验/大模型助力大数据分析/呼吸道传染病监测与早期预警分析/data/raw/chinacdc_monthly/t20260410_1834909_85179dce1b8ed387.html
中国疾控中心全国法定传染病疫情情况,https://www.chinacdc.cn/jksj/jksj01/202604/t20260410_1834909.html,2026年3月全国传染病疫情概况,2026,3,2026-03,全国,戊型肝炎,甲乙类合计,0,0,3534,0,,,2026-05-28 00:56:43,/Users/zhoujia/code/大数据期末实验/大模型助力大数据分析/呼吸道传染病监测与早期预警分析/data/raw/chinacdc_monthly/t20260410_1834909_85179dce1b8ed387.html
中国疾控中心全国法定传染病疫情情况,https://www.chinacdc.cn/jksj/jksj01/202604/t20260410_1834909.html,2026年3月全国传染病疫情概况,2026,3,2026-03,全国,未分型肝炎,甲乙类合计,0,0,626,0,,,2026-05-28 00:56:43,/Users/zhoujia/code/大数据期末实验/大模型助力大数据分析/呼吸道传染病监测与早期预警分析/data/raw/chinacdc_monthly/t20260410_1834909_85179dce1b8ed387.html
中国疾控中心全国法定传染病疫情情况,https://www.chinacdc.cn/jksj/jksj01/202604/t20260410_1834909.html,2026年3月全国传染病疫情概况,2026,3,2026-03,全国,脊髓灰质炎,甲乙类合计,0,0,0,0,,,2026-05-28 00:56:43,/Users/zhoujia/code/大数据期末实验/大模型助力大数据分析/呼吸道传染病监测与早期预警分析/data/raw/chinacdc_monthly/t20260410_1834909_85179dce1b8ed387.html
中国疾控中心全国法定传染病疫情情况,https://www.chinacdc.cn/jksj/jksj01/202604/t20260410_1834909.html,2026年3月全国传染病疫情概况,2026,3,2026-03,全国,人感染新亚型流感,甲乙类合计,0,0,3,0,,,2026-05-28 00:56:43,/Users/zhoujia/code/大数据期末实验/大模型助力大数据分析/呼吸道传染病监测与早期预警分析/data/raw/chinacdc_monthly/t20260410_1834909_85179dce1b8ed387.html
中国疾控中心全国法定传染病疫情情况,https://www.chinacdc.cn/jksj/jksj01/202604/t20260410_1834909.html,2026年3月全国传染病疫情概况,2026,3,2026-03,全国,麻疹,甲乙类合计,1,0,117,0,,,2026-05-28 00:56:43,/Users/zhoujia/code/大数据期末实验/大模型助力大数据分析/呼吸道传染病监测与早期预警分析/data/raw/chinacdc_monthly/t20260410_1834909_85179dce1b8ed387.html
中国疾控中心全国法定传染病疫情情况,https://www.chinacdc.cn/jksj/jksj01/202604/t20260410_1834909.html,2026年3月全国传染病疫情概况,2026,3,2026-03,全国,流行性出血热,甲乙类合计,0,0,183,0,,,2026-05-28 00:56:43,/Users/zhoujia/code/大数据期末实验/大模型助力大数据分析/呼吸道传染病监测与早期预警分析/data/raw/chinacdc_monthly/t20260410_1834909_85179dce1b8ed387.html
中国疾控中心全国法定传染病疫情情况,https://www.chinacdc.cn/jksj/jksj01/202604/t20260410_1834909.html,2026年3月全国传染病疫情概况,2026,3,2026-03,全国,狂犬病,甲乙类合计,0,0,26,21,,,2026-05-28 00:56:43,/Users/zhoujia/code/大数据期末实验/大模型助力大数据分析/呼吸道传染病监测与早期预警分析/data/raw/chinacdc_monthly/t20260410_1834909_85179dce1b8ed387.html
中国疾控中心全国法定传染病疫情情况,https://www.chinacdc.cn/jksj/jksj01/202604/t20260410_1834909.html,2026年3月全国传染病疫情概况,2026,3,2026-03,全国,流行性乙型脑炎,甲乙类合计,0,0,0,0,,,2026-05-28 00:56:43,/Users/zhoujia/code/大数据期末实验/大模型助力大数据分析/呼吸道传染病监测与早期预警分析/data/raw/chinacdc_monthly/t20260410_1834909_85179dce1b8ed387.html
中国疾控中心全国法定传染病疫情情况,https://www.chinacdc.cn/jksj/jksj01/202604/t20260410_1834909.html,2026年3月全国传染病疫情概况,2026,3,2026-03,全国,登革热,甲乙类合计,0,0,92,0,,,2026-05-28 00:56:43,/Users/zhoujia/code/大数据期末实验/大模型助力大数据分析/呼吸道传染病监测与早期预警分析/data/raw/chinacdc_monthly/t20260410_1834909_85179dce1b8ed387.html
中国疾控中心全国法定传染病疫情情况,https://www.chinacdc.cn/jksj/jksj01/202604/t20260410_1834909.html,2026年3月全国传染病疫情概况,2026,3,2026-03,全国,猴痘,甲乙类合计,0,0,28,0,,,2026-05-28 00:56:43,/Users/zhoujia/code/大数据期末实验/大模型助力大数据分析/呼吸道传染病监测与早期预警分析/data/raw/chinacdc_monthly/t20260410_1834909_85179dce1b8ed387.html
中国疾控中心全国法定传染病疫情情况,https://www.chinacdc.cn/jksj/jksj01/202604/t20260410_1834909.html,2026年3月全国传染病疫情概况,2026,3,2026-03,全国,炭疽,甲乙类合计,0,0,21,0,,,2026-05-28 00:56:43,/Users/zhoujia/code/大数据期末实验/大模型助力大数据分析/呼吸道传染病监测与早期预警分析/data/raw/chinacdc_monthly/t20260410_1834909_85179dce1b8ed387.html
中国疾控中心全国法定传染病疫情情况,https://www.chinacdc.cn/jksj/jksj01/202604/t20260410_1834909.html,2026年3月全国传染病疫情概况,2026,3,2026-03,全国,细菌性和阿米巴性痢疾,甲乙类合计,0,0,1682,0,,,2026-05-28 00:56:43,/Users/zhoujia/code/大数据期末实验/大模型助力大数据分析/呼吸道传染病监测与早期预警分析/data/raw/chinacdc_monthly/t20260410_1834909_85179dce1b8ed387.html
中国疾控中心全国法定传染病疫情情况,https://www.chinacdc.cn/jksj/jksj01/202604/t20260410_1834909.html,2026年3月全国传染病疫情概况,2026,3,2026-03,全国,肺结核,甲乙类合计,1,0,63201,188,,,2026-05-28 00:56:43,/Users/zhoujia/code/大数据期末实验/大模型助力大数据分析/呼吸道传染病监测与早期预警分析/data/raw/chinacdc_monthly/t20260410_1834909_85179dce1b8ed387.html
中国疾控中心全国法定传染病疫情情况,https://www.chinacdc.cn/jksj/jksj01/202604/t20260410_1834909.html,2026年3月全国传染病疫情概况,2026,3,2026-03,全国,伤寒和副伤寒,甲乙类合计,0,0,247,0,,,2026-05-28 00:56:43,/Users/zhoujia/code/大数据期末实验/大模型助力大数据分析/呼吸道传染病监测与早期预警分析/data/raw/chinacdc_monthly/t20260410_1834909_85179dce1b8ed387.html
中国疾控中心全国法定传染病疫情情况,https://www.chinacdc.cn/jksj/jksj01/202604/t20260410_1834909.html,2026年3月全国传染病疫情概况,2026,3,2026-03,全国,流行性脑脊髓膜炎,甲乙类合计,0,0,19,1,,,2026-05-28 00:56:43,/Users/zhoujia/code/大数据期末实验/大模型助力大数据分析/呼吸道传染病监测与早期预警分析/data/raw/chinacdc_monthly/t20260410_1834909_85179dce1b8ed387.html
中国疾控中心全国法定传染病疫情情况,https://www.chinacdc.cn/jksj/jksj01/202604/t20260410_1834909.html,2026年3月全国传染病疫情概况,2026,3,2026-03,全国,百日咳,甲乙类合计,1,0,636,0,,,2026-05-28 00:56:43,/Users/zhoujia/code/大数据期末实验/大模型助力大数据分析/呼吸道传染病监测与早期预警分析/data/raw/chinacdc_monthly/t20260410_1834909_85179dce1b8ed387.html
中国疾控中心全国法定传染病疫情情况,https://www.chinacdc.cn/jksj/jksj01/202604/t20260410_1834909.html,2026年3月全国传染病疫情概况,2026,3,2026-03,全国,白喉,甲乙类合计,0,0,0,0,,,2026-05-28 00:56:43,/Users/zhoujia/code/大数据期末实验/大模型助力大数据分析/呼吸道传染病监测与早期预警分析/data/raw/chinacdc_monthly/t20260410_1834909_85179dce1b8ed387.html
中国疾控中心全国法定传染病疫情情况,https://www.chinacdc.cn/jksj/jksj01/202604/t20260410_1834909.html,2026年3月全国传染病疫情概况,2026,3,2026-03,全国,新生儿破伤风,甲乙类合计,0,0,2,0,,,2026-05-28 00:56:43,/Users/zhoujia/code/大数据期末实验/大模型助力大数据分析/呼吸道传染病监测与早期预警分析/data/raw/chinacdc_monthly/t20260410_1834909_85179dce1b8ed387.html
中国疾控中心全国法定传染病疫情情况,https://www.chinacdc.cn/jksj/jksj01/202604/t20260410_1834909.html,2026年3月全国传染病疫情概况,2026,3,2026-03,全国,猩红热,甲乙类合计,1,0,1471,0,,,2026-05-28 00:56:43,/Users/zhoujia/code/大数据期末实验/大模型助力大数据分析/呼吸道传染病监测与早期预警分析/data/raw/chinacdc_monthly/t20260410_1834909_85179dce1b8ed387.html
中国疾控中心全国法定传染病疫情情况,https://www.chinacdc.cn/jksj/jksj01/202604/t20260410_1834909.html,2026年3月全国传染病疫情概况,2026,3,2026-03,全国,布鲁氏菌病,甲乙类合计,0,0,5448,0,,,2026-05-28 00:56:43,/Users/zhoujia/code/大数据期末实验/大模型助力大数据分析/呼吸道传染病监测与早期预警分析/data/raw/chinacdc_monthly/t20260410_1834909_85179dce1b8ed387.html
中国疾控中心全国法定传染病疫情情况,https://www.chinacdc.cn/jksj/jksj01/202604/t20260410_1834909.html,2026年3月全国传染病疫情概况,2026,3,2026-03,全国,淋病,甲乙类合计,0,0,10197,0,,,2026-05-28 00:56:43,/Users/zhoujia/code/大数据期末实验/大模型助力大数据分析/呼吸道传染病监测与早期预警分析/data/raw/chinacdc_monthly/t20260410_1834909_85179dce1b8ed387.html
中国疾控中心全国法定传染病疫情情况,https://www.chinacdc.cn/jksj/jksj01/202604/t20260410_1834909.html,2026年3月全国传染病疫情概况,2026,3,2026-03,全国,梅毒,甲乙类合计,0,0,62781,3,,,2026-05-28 00:56:43,/Users/zhoujia/code/大数据期末实验/大模型助力大数据分析/呼吸道传染病监测与早期预警分析/data/raw/chinacdc_monthly/t20260410_1834909_85179dce1b8ed387.html
中国疾控中心全国法定传染病疫情情况,https://www.chinacdc.cn/jksj/jksj01/202604/t20260410_1834909.html,2026年3月全国传染病疫情概况,2026,3,2026-03,全国,钩端螺旋体病,甲乙类合计,0,0,8,0,,,2026-05-28 00:56:43,/Users/zhoujia/code/大数据期末实验/大模型助力大数据分析/呼吸道传染病监测与早期预警分析/data/raw/chinacdc_monthly/t20260410_1834909_85179dce1b8ed387.html
中国疾控中心全国法定传染病疫情情况,https://www.chinacdc.cn/jksj/jksj01/202604/t20260410_1834909.html,2026年3月全国传染病疫情概况,2026,3,2026-03,全国,血吸虫病,甲乙类合计,0,0,1,0,,,2026-05-28 00:56:43,/Users/zhoujia/code/大数据期末实验/大模型助力大数据分析/呼吸道传染病监测与早期预警分析/data/raw/chinacdc_monthly/t20260410_1834909_85179dce1b8ed387.html
中国疾控中心全国法定传染病疫情情况,https://www.chinacdc.cn/jksj/jksj01/202604/t20260410_1834909.html,2026年3月全国传染病疫情概况,2026,3,2026-03,全国,疟疾,甲乙类合计,0,0,221,1,,,2026-05-28 00:56:43,/Users/zhoujia/code/大数据期末实验/大模型助力大数据分析/呼吸道传染病监测与早期预警分析/data/raw/chinacdc_monthly/t20260410_1834909_85179dce1b8ed387.html
中国疾控中心全国法定传染病疫情情况,https://www.chinacdc.cn/jksj/jksj01/202604/t20260410_1834909.html,2026年3月全国传染病疫情概况,2026,3,2026-03,全国,丙类传染病合计,丙类合计,0,1,740681,4,,,2026-05-28 00:56:43,/Users/zhoujia/code/大数据期末实验/大模型助力大数据分析/呼吸道传染病监测与早期预警分析/data/raw/chinacdc_monthly/t20260410_1834909_85179dce1b8ed387.html
中国疾控中心全国法定传染病疫情情况,https://www.chinacdc.cn/jksj/jksj01/202604/t20260410_1834909.html,2026年3月全国传染病疫情概况,2026,3,2026-03,全国,流行性感冒,丙类合计,1,0,479991,2,,,2026-05-28 00:56:43,/Users/zhoujia/code/大数据期末实验/大模型助力大数据分析/呼吸道传染病监测与早期预警分析/data/raw/chinacdc_monthly/t20260410_1834909_85179dce1b8ed387.html
中国疾控中心全国法定传染病疫情情况,https://www.chinacdc.cn/jksj/jksj01/202604/t20260410_1834909.html,2026年3月全国传染病疫情概况,2026,3,2026-03,全国,流行性腮腺炎,丙类合计,1,0,6125,0,,,2026-05-28 00:56:43,/Users/zhoujia/code/大数据期末实验/大模型助力大数据分析/呼吸道传染病监测与早期预警分析/data/raw/chinacdc_monthly/t20260410_1834909_85179dce1b8ed387.html
中国疾控中心全国法定传染病疫情情况,https://www.chinacdc.cn/jksj/jksj01/202604/t20260410_1834909.html,2026年3月全国传染病疫情概况,2026,3,2026-03,全国,风疹,丙类合计,0,0,36,0,,,2026-05-28 00:56:43,/Users/zhoujia/code/大数据期末实验/大模型助力大数据分析/呼吸道传染病监测与早期预警分析/data/raw/chinacdc_monthly/t20260410_1834909_85179dce1b8ed387.html
中国疾控中心全国法定传染病疫情情况,https://www.chinacdc.cn/jksj/jksj01/202604/t20260410_1834909.html,2026年3月全国传染病疫情概况,2026,3,2026-03,全国,急性出血性结膜炎,丙类合计,0,0,1883,0,,,2026-05-28 00:56:43,/Users/zhoujia/code/大数据期末实验/大模型助力大数据分析/呼吸道传染病监测与早期预警分析/data/raw/chinacdc_monthly/t20260410_1834909_85179dce1b8ed387.html
中国疾控中心全国法定传染病疫情情况,https://www.chinacdc.cn/jksj/jksj01/202604/t20260410_1834909.html,2026年3月全国传染病疫情概况,2026,3,2026-03,全国,麻风病,丙类合计,0,0,35,0,,,2026-05-28 00:56:43,/Users/zhoujia/code/大数据期末实验/大模型助力大数据分析/呼吸道传染病监测与早期预警分析/data/raw/chinacdc_monthly/t20260410_1834909_85179dce1b8ed387.html
中国疾控中心全国法定传染病疫情情况,https://www.chinacdc.cn/jksj/jksj01/202604/t20260410_1834909.html,2026年3月全国传染病疫情概况,2026,3,2026-03,全国,流行性和地方性斑疹伤寒,丙类合计,0,0,59,0,,,2026-05-28 00:56:43,/Users/zhoujia/code/大数据期末实验/大模型助力大数据分析/呼吸道传染病监测与早期预警分析/data/raw/chinacdc_monthly/t20260410_1834909_85179dce1b8ed387.html
中国疾控中心全国法定传染病疫情情况,https://www.chinacdc.cn/jksj/jksj01/202604/t20260410_1834909.html,2026年3月全国传染病疫情概况,2026,3,2026-03,全国,黑热病,丙类合计,0,0,28,0,,,2026-05-28 00:56:43,/Users/zhoujia/code/大数据期末实验/大模型助力大数据分析/呼吸道传染病监测与早期预警分析/data/raw/chinacdc_monthly/t20260410_1834909_85179dce1b8ed387.html
中国疾控中心全国法定传染病疫情情况,https://www.chinacdc.cn/jksj/jksj01/202604/t20260410_1834909.html,2026年3月全国传染病疫情概况,2026,3,2026-03,全国,包虫病,丙类合计,0,0,411,2,,,2026-05-28 00:56:43,/Users/zhoujia/code/大数据期末实验/大模型助力大数据分析/呼吸道传染病监测与早期预警分析/data/raw/chinacdc_monthly/t20260410_1834909_85179dce1b8ed387.html
中国疾控中心全国法定传染病疫情情况,https://www.chinacdc.cn/jksj/jksj01/202604/t20260410_1834909.html,2026年3月全国传染病疫情概况,2026,3,2026-03,全国,丝虫病,丙类合计,0,0,0,0,,,2026-05-28 00:56:43,/Users/zhoujia/code/大数据期末实验/大模型助力大数据分析/呼吸道传染病监测与早期预警分析/data/raw/chinacdc_monthly/t20260410_1834909_85179dce1b8ed387.html
中国疾控中心全国法定传染病疫情情况,https://www.chinacdc.cn/jksj/jksj01/202604/t20260410_1834909.html,2026年3月全国传染病疫情概况,2026,3,2026-03,全国,手足口病,丙类合计,0,0,22484,0,,,2026-05-28 00:56:43,/Users/zhoujia/code/大数据期末实验/大模型助力大数据分析/呼吸道传染病监测与早期预警分析/data/raw/chinacdc_monthly/t20260410_1834909_85179dce1b8ed387.html
中国疾控中心全国法定传染病疫情情况,https://www.chinacdc.cn/jksj/jksj01/202604/t20260410_1834909.html,2026年3月全国传染病疫情概况,2026,3,2026-03,全国,其他感染性腹泻病,丙类合计,0,0,229629,0,,,2026-05-28 00:56:43,/Users/zhoujia/code/大数据期末实验/大模型助力大数据分析/呼吸道传染病监测与早期预警分析/data/raw/chinacdc_monthly/t20260410_1834909_85179dce1b8ed387.html
中国疾控中心全国法定传染病疫情情况,https://www.chinacdc.cn/jksj/jksj01/202604/t20260410_1834909.html,2026年3月全国传染病疫情概况,2026,3,2026-03,全国,重点监测其他传染病合计,重点监测其他传染病合计,0,1,43651,3,,,2026-05-28 00:56:43,/Users/zhoujia/code/大数据期末实验/大模型助力大数据分析/呼吸道传染病监测与早期预警分析/data/raw/chinacdc_monthly/t20260410_1834909_85179dce1b8ed387.html
中国疾控中心全国法定传染病疫情情况,https://www.chinacdc.cn/jksj/jksj01/202604/t20260410_1834909.html,2026年3月全国传染病疫情概况,2026,3,2026-03,全国,中东呼吸综合征（MERS）,重点监测其他传染病合计,0,0,0,0,,,2026-05-28 00:56:43,/Users/zhoujia/code/大数据期末实验/大模型助力大数据分析/呼吸道传染病监测与早期预警分析/data/raw/chinacdc_monthly/t20260410_1834909_85179dce1b8ed387.html
中国疾控中心全国法定传染病疫情情况,https://www.chinacdc.cn/jksj/jksj01/202604/t20260410_1834909.html,2026年3月全国传染病疫情概况,2026,3,2026-03,全国,埃博拉出血热,重点监测其他传染病合计,0,0,0,0,,,2026-05-28 00:56:43,/Users/zhoujia/code/大数据期末实验/大模型助力大数据分析/呼吸道传染病监测与早期预警分析/data/raw/chinacdc_monthly/t20260410_1834909_85179dce1b8ed387.html
中国疾控中心全国法定传染病疫情情况,https://www.chinacdc.cn/jksj/jksj01/202604/t20260410_1834909.html,2026年3月全国传染病疫情概况,2026,3,2026-03,全国,寨卡病毒病,重点监测其他传染病合计,0,0,0,0,,,2026-05-28 00:56:43,/Users/zhoujia/code/大数据期末实验/大模型助力大数据分析/呼吸道传染病监测与早期预警分析/data/raw/chinacdc_monthly/t20260410_1834909_85179dce1b8ed387.html
中国疾控中心全国法定传染病疫情情况,https://www.chinacdc.cn/jksj/jksj01/202604/t20260410_1834909.html,2026年3月全国传染病疫情概况,2026,3,2026-03,全国,基孔肯雅热,重点监测其他传染病合计,0,0,4,0,,,2026-05-28 00:56:43,/Users/zhoujia/code/大数据期末实验/大模型助力大数据分析/呼吸道传染病监测与早期预警分析/data/raw/chinacdc_monthly/t20260410_1834909_85179dce1b8ed387.html
中国疾控中心全国法定传染病疫情情况,https://www.chinacdc.cn/jksj/jksj01/202604/t20260410_1834909.html,2026年3月全国传染病疫情概况,2026,3,2026-03,全国,拉沙热,重点监测其他传染病合计,0,0,0,0,,,2026-05-28 00:56:43,/Users/zhoujia/code/大数据期末实验/大模型助力大数据分析/呼吸道传染病监测与早期预警分析/data/raw/chinacdc_monthly/t20260410_1834909_85179dce1b8ed387.html
中国疾控中心全国法定传染病疫情情况,https://www.chinacdc.cn/jksj/jksj01/202604/t20260410_1834909.html,2026年3月全国传染病疫情概况,2026,3,2026-03,全国,水痘,重点监测其他传染病合计,0,0,32936,0,,,2026-05-28 00:56:43,/Users/zhoujia/code/大数据期末实验/大模型助力大数据分析/呼吸道传染病监测与早期预警分析/data/raw/chinacdc_monthly/t20260410_1834909_85179dce1b8ed387.html
中国疾控中心全国法定传染病疫情情况,https://www.chinacdc.cn/jksj/jksj01/202604/t20260410_1834909.html,2026年3月全国传染病疫情概况,2026,3,2026-03,全国,肝吸虫病,重点监测其他传染病合计,0,0,10656,0,,,2026-05-28 00:56:43,/Users/zhoujia/code/大数据期末实验/大模型助力大数据分析/呼吸道传染病监测与早期预警分析/data/raw/chinacdc_monthly/t20260410_1834909_85179dce1b8ed387.html
中国疾控中心全国法定传染病疫情情况,https://www.chinacdc.cn/jksj/jksj01/202604/t20260410_1834909.html,2026年3月全国传染病疫情概况,2026,3,2026-03,全国,人感染猪链球菌病,重点监测其他传染病合计,0,0,17,0,,,2026-05-28 00:56:43,/Users/zhoujia/code/大数据期末实验/大模型助力大数据分析/呼吸道传染病监测与早期预警分析/data/raw/chinacdc_monthly/t20260410_1834909_85179dce1b8ed387.html
中国疾控中心全国法定传染病疫情情况,https://www.chinacdc.cn/jksj/jksj01/202604/t20260410_1834909.html,2026年3月全国传染病疫情概况,2026,3,2026-03,全国,发热伴血小板减少综合征,重点监测其他传染病合计,0,0,38,3,,,2026-05-28 00:56:43,/Users/zhoujia/code/大数据期末实验/大模型助力大数据分析/呼吸道传染病监测与早期预警分析/data/raw/chinacdc_monthly/t20260410_1834909_85179dce1b8ed387.html
中国疾控中心全国法定传染病疫情情况,https://www.chinacdc.cn/jksj/jksj01/202605/t20260514_1835765.html,2026年4月全国传染病疫情概况,2026,4,2026-04,全国,甲乙丙类传染病总计,甲乙丙类总计,0,1,1139033,1890,,,2026-05-28 00:56:43,/Users/zhoujia/code/大数据期末实验/大模型助力大数据分析/呼吸道传染病监测与早期预警分析/data/raw/chinacdc_monthly/t20260514_1835765_a2a208f2c273cd22.html
中国疾控中心全国法定传染病疫情情况,https://www.chinacdc.cn/jksj/jksj01/202605/t20260514_1835765.html,2026年4月全国传染病疫情概况,2026,4,2026-04,全国,甲乙类传染病合计,甲乙类合计,0,1,308891,1888,,,2026-05-28 00:56:43,/Users/zhoujia/code/大数据期末实验/大模型助力大数据分析/呼吸道传染病监测与早期预警分析/data/raw/chinacdc_monthly/t20260514_1835765_a2a208f2c273cd22.html
中国疾控中心全国法定传染病疫情情况,https://www.chinacdc.cn/jksj/jksj01/202605/t20260514_1835765.html,2026年4月全国传染病疫情概况,2026,4,2026-04,全国,鼠疫,甲乙类合计,0,0,0,0,,,2026-05-28 00:56:43,/Users/zhoujia/code/大数据期末实验/大模型助力大数据分析/呼吸道传染病监测与早期预警分析/data/raw/chinacdc_monthly/t20260514_1835765_a2a208f2c273cd22.html
中国疾控中心全国法定传染病疫情情况,https://www.chinacdc.cn/jksj/jksj01/202605/t20260514_1835765.html,2026年4月全国传染病疫情概况,2026,4,2026-04,全国,霍乱,甲乙类合计,0,0,0,0,,,2026-05-28 00:56:43,/Users/zhoujia/code/大数据期末实验/大模型助力大数据分析/呼吸道传染病监测与早期预警分析/data/raw/chinacdc_monthly/t20260514_1835765_a2a208f2c273cd22.html
中国疾控中心全国法定传染病疫情情况,https://www.chinacdc.cn/jksj/jksj01/202605/t20260514_1835765.html,2026年4月全国传染病疫情概况,2026,4,2026-04,全国,新型冠状病毒感染,甲乙类合计,1,0,23477,4,,,2026-05-28 00:56:43,/Users/zhoujia/code/大数据期末实验/大模型助力大数据分析/呼吸道传染病监测与早期预警分析/data/raw/chinacdc_monthly/t20260514_1835765_a2a208f2c273cd22.html
中国疾控中心全国法定传染病疫情情况,https://www.chinacdc.cn/jksj/jksj01/202605/t20260514_1835765.html,2026年4月全国传染病疫情概况,2026,4,2026-04,全国,传染性非典型肺炎,甲乙类合计,0,0,0,0,,,2026-05-28 00:56:43,/Users/zhoujia/code/大数据期末实验/大模型助力大数据分析/呼吸道传染病监测与早期预警分析/data/raw/chinacdc_monthly/t20260514_1835765_a2a208f2c273cd22.html
中国疾控中心全国法定传染病疫情情况,https://www.chinacdc.cn/jksj/jksj01/202605/t20260514_1835765.html,2026年4月全国传染病疫情概况,2026,4,2026-04,全国,艾滋病,甲乙类合计,0,0,4188,1479,,,2026-05-28 00:56:43,/Users/zhoujia/code/大数据期末实验/大模型助力大数据分析/呼吸道传染病监测与早期预警分析/data/raw/chinacdc_monthly/t20260514_1835765_a2a208f2c273cd22.html
中国疾控中心全国法定传染病疫情情况,https://www.chinacdc.cn/jksj/jksj01/202605/t20260514_1835765.html,2026年4月全国传染病疫情概况,2026,4,2026-04,全国,病毒性肝炎,甲乙类合计,0,0,135528,173,,,2026-05-28 00:56:43,/Users/zhoujia/code/大数据期末实验/大模型助力大数据分析/呼吸道传染病监测与早期预警分析/data/raw/chinacdc_monthly/t20260514_1835765_a2a208f2c273cd22.html
中国疾控中心全国法定传染病疫情情况,https://www.chinacdc.cn/jksj/jksj01/202605/t20260514_1835765.html,2026年4月全国传染病疫情概况,2026,4,2026-04,全国,甲型肝炎,甲乙类合计,0,0,1380,0,,,2026-05-28 00:56:43,/Users/zhoujia/code/大数据期末实验/大模型助力大数据分析/呼吸道传染病监测与早期预警分析/data/raw/chinacdc_monthly/t20260514_1835765_a2a208f2c273cd22.html
中国疾控中心全国法定传染病疫情情况,https://www.chinacdc.cn/jksj/jksj01/202605/t20260514_1835765.html,2026年4月全国传染病疫情概况,2026,4,2026-04,全国,乙型肝炎,甲乙类合计,0,0,114147,28,,,2026-05-28 00:56:43,/Users/zhoujia/code/大数据期末实验/大模型助力大数据分析/呼吸道传染病监测与早期预警分析/data/raw/chinacdc_monthly/t20260514_1835765_a2a208f2c273cd22.html
中国疾控中心全国法定传染病疫情情况,https://www.chinacdc.cn/jksj/jksj01/202605/t20260514_1835765.html,2026年4月全国传染病疫情概况,2026,4,2026-04,全国,丙型肝炎,甲乙类合计,0,0,16194,145,,,2026-05-28 00:56:43,/Users/zhoujia/code/大数据期末实验/大模型助力大数据分析/呼吸道传染病监测与早期预警分析/data/raw/chinacdc_monthly/t20260514_1835765_a2a208f2c273cd22.html
中国疾控中心全国法定传染病疫情情况,https://www.chinacdc.cn/jksj/jksj01/202605/t20260514_1835765.html,2026年4月全国传染病疫情概况,2026,4,2026-04,全国,丁型肝炎,甲乙类合计,0,0,42,0,,,2026-05-28 00:56:43,/Users/zhoujia/code/大数据期末实验/大模型助力大数据分析/呼吸道传染病监测与早期预警分析/data/raw/chinacdc_monthly/t20260514_1835765_a2a208f2c273cd22.html
中国疾控中心全国法定传染病疫情情况,https://www.chinacdc.cn/jksj/jksj01/202605/t20260514_1835765.html,2026年4月全国传染病疫情概况,2026,4,2026-04,全国,戊型肝炎,甲乙类合计,0,0,3194,0,,,2026-05-28 00:56:43,/Users/zhoujia/code/大数据期末实验/大模型助力大数据分析/呼吸道传染病监测与早期预警分析/data/raw/chinacdc_monthly/t20260514_1835765_a2a208f2c273cd22.html
中国疾控中心全国法定传染病疫情情况,https://www.chinacdc.cn/jksj/jksj01/202605/t20260514_1835765.html,2026年4月全国传染病疫情概况,2026,4,2026-04,全国,未分型肝炎,甲乙类合计,0,0,571,0,,,2026-05-28 00:56:43,/Users/zhoujia/code/大数据期末实验/大模型助力大数据分析/呼吸道传染病监测与早期预警分析/data/raw/chinacdc_monthly/t20260514_1835765_a2a208f2c273cd22.html
中国疾控中心全国法定传染病疫情情况,https://www.chinacdc.cn/jksj/jksj01/202605/t20260514_1835765.html,2026年4月全国传染病疫情概况,2026,4,2026-04,全国,脊髓灰质炎,甲乙类合计,0,0,0,0,,,2026-05-28 00:56:43,/Users/zhoujia/code/大数据期末实验/大模型助力大数据分析/呼吸道传染病监测与早期预警分析/data/raw/chinacdc_monthly/t20260514_1835765_a2a208f2c273cd22.html
中国疾控中心全国法定传染病疫情情况,https://www.chinacdc.cn/jksj/jksj01/202605/t20260514_1835765.html,2026年4月全国传染病疫情概况,2026,4,2026-04,全国,人感染新亚型流感,甲乙类合计,0,0,3,0,,,2026-05-28 00:56:43,/Users/zhoujia/code/大数据期末实验/大模型助力大数据分析/呼吸道传染病监测与早期预警分析/data/raw/chinacdc_monthly/t20260514_1835765_a2a208f2c273cd22.html
中国疾控中心全国法定传染病疫情情况,https://www.chinacdc.cn/jksj/jksj01/202605/t20260514_1835765.html,2026年4月全国传染病疫情概况,2026,4,2026-04,全国,麻疹,甲乙类合计,1,0,81,0,,,2026-05-28 00:56:43,/Users/zhoujia/code/大数据期末实验/大模型助力大数据分析/呼吸道传染病监测与早期预警分析/data/raw/chinacdc_monthly/t20260514_1835765_a2a208f2c273cd22.html
中国疾控中心全国法定传染病疫情情况,https://www.chinacdc.cn/jksj/jksj01/202605/t20260514_1835765.html,2026年4月全国传染病疫情概况,2026,4,2026-04,全国,流行性出血热,甲乙类合计,0,0,219,0,,,2026-05-28 00:56:43,/Users/zhoujia/code/大数据期末实验/大模型助力大数据分析/呼吸道传染病监测与早期预警分析/data/raw/chinacdc_monthly/t20260514_1835765_a2a208f2c273cd22.html
中国疾控中心全国法定传染病疫情情况,https://www.chinacdc.cn/jksj/jksj01/202605/t20260514_1835765.html,2026年4月全国传染病疫情概况,2026,4,2026-04,全国,狂犬病,甲乙类合计,0,0,17,14,,,2026-05-28 00:56:43,/Users/zhoujia/code/大数据期末实验/大模型助力大数据分析/呼吸道传染病监测与早期预警分析/data/raw/chinacdc_monthly/t20260514_1835765_a2a208f2c273cd22.html
中国疾控中心全国法定传染病疫情情况,https://www.chinacdc.cn/jksj/jksj01/202605/t20260514_1835765.html,2026年4月全国传染病疫情概况,2026,4,2026-04,全国,流行性乙型脑炎,甲乙类合计,0,0,1,0,,,2026-05-28 00:56:43,/Users/zhoujia/code/大数据期末实验/大模型助力大数据分析/呼吸道传染病监测与早期预警分析/data/raw/chinacdc_monthly/t20260514_1835765_a2a208f2c273cd22.html
中国疾控中心全国法定传染病疫情情况,https://www.chinacdc.cn/jksj/jksj01/202605/t20260514_1835765.html,2026年4月全国传染病疫情概况,2026,4,2026-04,全国,登革热,甲乙类合计,0,0,137,0,,,2026-05-28 00:56:43,/Users/zhoujia/code/大数据期末实验/大模型助力大数据分析/呼吸道传染病监测与早期预警分析/data/raw/chinacdc_monthly/t20260514_1835765_a2a208f2c273cd22.html
中国疾控中心全国法定传染病疫情情况,https://www.chinacdc.cn/jksj/jksj01/202605/t20260514_1835765.html,2026年4月全国传染病疫情概况,2026,4,2026-04,全国,猴痘,甲乙类合计,0,0,32,0,,,2026-05-28 00:56:43,/Users/zhoujia/code/大数据期末实验/大模型助力大数据分析/呼吸道传染病监测与早期预警分析/data/raw/chinacdc_monthly/t20260514_1835765_a2a208f2c273cd22.html
中国疾控中心全国法定传染病疫情情况,https://www.chinacdc.cn/jksj/jksj01/202605/t20260514_1835765.html,2026年4月全国传染病疫情概况,2026,4,2026-04,全国,基孔肯雅热,甲乙类合计,0,0,2,0,,,2026-05-28 00:56:43,/Users/zhoujia/code/大数据期末实验/大模型助力大数据分析/呼吸道传染病监测与早期预警分析/data/raw/chinacdc_monthly/t20260514_1835765_a2a208f2c273cd22.html
中国疾控中心全国法定传染病疫情情况,https://www.chinacdc.cn/jksj/jksj01/202605/t20260514_1835765.html,2026年4月全国传染病疫情概况,2026,4,2026-04,全国,发热伴血小板减少综合征,甲乙类合计,0,0,572,21,,,2026-05-28 00:56:43,/Users/zhoujia/code/大数据期末实验/大模型助力大数据分析/呼吸道传染病监测与早期预警分析/data/raw/chinacdc_monthly/t20260514_1835765_a2a208f2c273cd22.html
中国疾控中心全国法定传染病疫情情况,https://www.chinacdc.cn/jksj/jksj01/202605/t20260514_1835765.html,2026年4月全国传染病疫情概况,2026,4,2026-04,全国,炭疽,甲乙类合计,0,0,19,0,,,2026-05-28 00:56:43,/Users/zhoujia/code/大数据期末实验/大模型助力大数据分析/呼吸道传染病监测与早期预警分析/data/raw/chinacdc_monthly/t20260514_1835765_a2a208f2c273cd22.html
中国疾控中心全国法定传染病疫情情况,https://www.chinacdc.cn/jksj/jksj01/202605/t20260514_1835765.html,2026年4月全国传染病疫情概况,2026,4,2026-04,全国,细菌性和阿米巴性痢疾,甲乙类合计,0,0,1889,0,,,2026-05-28 00:56:43,/Users/zhoujia/code/大数据期末实验/大模型助力大数据分析/呼吸道传染病监测与早期预警分析/data/raw/chinacdc_monthly/t20260514_1835765_a2a208f2c273cd22.html
中国疾控中心全国法定传染病疫情情况,https://www.chinacdc.cn/jksj/jksj01/202605/t20260514_1835765.html,2026年4月全国传染病疫情概况,2026,4,2026-04,全国,肺结核,甲乙类合计,1,0,61668,188,,,2026-05-28 00:56:43,/Users/zhoujia/code/大数据期末实验/大模型助力大数据分析/呼吸道传染病监测与早期预警分析/data/raw/chinacdc_monthly/t20260514_1835765_a2a208f2c273cd22.html
中国疾控中心全国法定传染病疫情情况,https://www.chinacdc.cn/jksj/jksj01/202605/t20260514_1835765.html,2026年4月全国传染病疫情概况,2026,4,2026-04,全国,伤寒和副伤寒,甲乙类合计,0,0,311,0,,,2026-05-28 00:56:43,/Users/zhoujia/code/大数据期末实验/大模型助力大数据分析/呼吸道传染病监测与早期预警分析/data/raw/chinacdc_monthly/t20260514_1835765_a2a208f2c273cd22.html
中国疾控中心全国法定传染病疫情情况,https://www.chinacdc.cn/jksj/jksj01/202605/t20260514_1835765.html,2026年4月全国传染病疫情概况,2026,4,2026-04,全国,流行性脑脊髓膜炎,甲乙类合计,0,0,19,2,,,2026-05-28 00:56:43,/Users/zhoujia/code/大数据期末实验/大模型助力大数据分析/呼吸道传染病监测与早期预警分析/data/raw/chinacdc_monthly/t20260514_1835765_a2a208f2c273cd22.html
中国疾控中心全国法定传染病疫情情况,https://www.chinacdc.cn/jksj/jksj01/202605/t20260514_1835765.html,2026年4月全国传染病疫情概况,2026,4,2026-04,全国,百日咳,甲乙类合计,1,0,760,0,,,2026-05-28 00:56:43,/Users/zhoujia/code/大数据期末实验/大模型助力大数据分析/呼吸道传染病监测与早期预警分析/data/raw/chinacdc_monthly/t20260514_1835765_a2a208f2c273cd22.html
中国疾控中心全国法定传染病疫情情况,https://www.chinacdc.cn/jksj/jksj01/202605/t20260514_1835765.html,2026年4月全国传染病疫情概况,2026,4,2026-04,全国,白喉,甲乙类合计,0,0,0,0,,,2026-05-28 00:56:43,/Users/zhoujia/code/大数据期末实验/大模型助力大数据分析/呼吸道传染病监测与早期预警分析/data/raw/chinacdc_monthly/t20260514_1835765_a2a208f2c273cd22.html
中国疾控中心全国法定传染病疫情情况,https://www.chinacdc.cn/jksj/jksj01/202605/t20260514_1835765.html,2026年4月全国传染病疫情概况,2026,4,2026-04,全国,新生儿破伤风,甲乙类合计,0,0,0,0,,,2026-05-28 00:56:43,/Users/zhoujia/code/大数据期末实验/大模型助力大数据分析/呼吸道传染病监测与早期预警分析/data/raw/chinacdc_monthly/t20260514_1835765_a2a208f2c273cd22.html
中国疾控中心全国法定传染病疫情情况,https://www.chinacdc.cn/jksj/jksj01/202605/t20260514_1835765.html,2026年4月全国传染病疫情概况,2026,4,2026-04,全国,猩红热,甲乙类合计,1,0,1701,0,,,2026-05-28 00:56:43,/Users/zhoujia/code/大数据期末实验/大模型助力大数据分析/呼吸道传染病监测与早期预警分析/data/raw/chinacdc_monthly/t20260514_1835765_a2a208f2c273cd22.html
中国疾控中心全国法定传染病疫情情况,https://www.chinacdc.cn/jksj/jksj01/202605/t20260514_1835765.html,2026年4月全国传染病疫情概况,2026,4,2026-04,全国,布鲁氏菌病,甲乙类合计,0,0,6402,0,,,2026-05-28 00:56:43,/Users/zhoujia/code/大数据期末实验/大模型助力大数据分析/呼吸道传染病监测与早期预警分析/data/raw/chinacdc_monthly/t20260514_1835765_a2a208f2c273cd22.html
中国疾控中心全国法定传染病疫情情况,https://www.chinacdc.cn/jksj/jksj01/202605/t20260514_1835765.html,2026年4月全国传染病疫情概况,2026,4,2026-04,全国,淋病,甲乙类合计,0,0,10614,0,,,2026-05-28 00:56:43,/Users/zhoujia/code/大数据期末实验/大模型助力大数据分析/呼吸道传染病监测与早期预警分析/data/raw/chinacdc_monthly/t20260514_1835765_a2a208f2c273cd22.html
中国疾控中心全国法定传染病疫情情况,https://www.chinacdc.cn/jksj/jksj01/202605/t20260514_1835765.html,2026年4月全国传染病疫情概况,2026,4,2026-04,全国,梅毒,甲乙类合计,0,0,60972,6,,,2026-05-28 00:56:43,/Users/zhoujia/code/大数据期末实验/大模型助力大数据分析/呼吸道传染病监测与早期预警分析/data/raw/chinacdc_monthly/t20260514_1835765_a2a208f2c273cd22.html
中国疾控中心全国法定传染病疫情情况,https://www.chinacdc.cn/jksj/jksj01/202605/t20260514_1835765.html,2026年4月全国传染病疫情概况,2026,4,2026-04,全国,钩端螺旋体病,甲乙类合计,0,0,12,0,,,2026-05-28 00:56:43,/Users/zhoujia/code/大数据期末实验/大模型助力大数据分析/呼吸道传染病监测与早期预警分析/data/raw/chinacdc_monthly/t20260514_1835765_a2a208f2c273cd22.html
中国疾控中心全国法定传染病疫情情况,https://www.chinacdc.cn/jksj/jksj01/202605/t20260514_1835765.html,2026年4月全国传染病疫情概况,2026,4,2026-04,全国,血吸虫病,甲乙类合计,0,0,0,0,,,2026-05-28 00:56:43,/Users/zhoujia/code/大数据期末实验/大模型助力大数据分析/呼吸道传染病监测与早期预警分析/data/raw/chinacdc_monthly/t20260514_1835765_a2a208f2c273cd22.html
中国疾控中心全国法定传染病疫情情况,https://www.chinacdc.cn/jksj/jksj01/202605/t20260514_1835765.html,2026年4月全国传染病疫情概况,2026,4,2026-04,全国,疟疾,甲乙类合计,0,0,267,1,,,2026-05-28 00:56:43,/Users/zhoujia/code/大数据期末实验/大模型助力大数据分析/呼吸道传染病监测与早期预警分析/data/raw/chinacdc_monthly/t20260514_1835765_a2a208f2c273cd22.html
中国疾控中心全国法定传染病疫情情况,https://www.chinacdc.cn/jksj/jksj01/202605/t20260514_1835765.html,2026年4月全国传染病疫情概况,2026,4,2026-04,全国,丙类传染病合计,丙类合计,0,1,830142,2,,,2026-05-28 00:56:43,/Users/zhoujia/code/大数据期末实验/大模型助力大数据分析/呼吸道传染病监测与早期预警分析/data/raw/chinacdc_monthly/t20260514_1835765_a2a208f2c273cd22.html
中国疾控中心全国法定传染病疫情情况,https://www.chinacdc.cn/jksj/jksj01/202605/t20260514_1835765.html,2026年4月全国传染病疫情概况,2026,4,2026-04,全国,流行性感冒,丙类合计,1,0,596122,1,,,2026-05-28 00:56:43,/Users/zhoujia/code/大数据期末实验/大模型助力大数据分析/呼吸道传染病监测与早期预警分析/data/raw/chinacdc_monthly/t20260514_1835765_a2a208f2c273cd22.html
中国疾控中心全国法定传染病疫情情况,https://www.chinacdc.cn/jksj/jksj01/202605/t20260514_1835765.html,2026年4月全国传染病疫情概况,2026,4,2026-04,全国,流行性腮腺炎,丙类合计,1,0,7534,0,,,2026-05-28 00:56:43,/Users/zhoujia/code/大数据期末实验/大模型助力大数据分析/呼吸道传染病监测与早期预警分析/data/raw/chinacdc_monthly/t20260514_1835765_a2a208f2c273cd22.html
中国疾控中心全国法定传染病疫情情况,https://www.chinacdc.cn/jksj/jksj01/202605/t20260514_1835765.html,2026年4月全国传染病疫情概况,2026,4,2026-04,全国,风疹,丙类合计,0,0,54,0,,,2026-05-28 00:56:43,/Users/zhoujia/code/大数据期末实验/大模型助力大数据分析/呼吸道传染病监测与早期预警分析/data/raw/chinacdc_monthly/t20260514_1835765_a2a208f2c273cd22.html
中国疾控中心全国法定传染病疫情情况,https://www.chinacdc.cn/jksj/jksj01/202605/t20260514_1835765.html,2026年4月全国传染病疫情概况,2026,4,2026-04,全国,急性出血性结膜炎,丙类合计,0,0,2007,0,,,2026-05-28 00:56:43,/Users/zhoujia/code/大数据期末实验/大模型助力大数据分析/呼吸道传染病监测与早期预警分析/data/raw/chinacdc_monthly/t20260514_1835765_a2a208f2c273cd22.html
中国疾控中心全国法定传染病疫情情况,https://www.chinacdc.cn/jksj/jksj01/202605/t20260514_1835765.html,2026年4月全国传染病疫情概况,2026,4,2026-04,全国,麻风病,丙类合计,0,0,30,0,,,2026-05-28 00:56:43,/Users/zhoujia/code/大数据期末实验/大模型助力大数据分析/呼吸道传染病监测与早期预警分析/data/raw/chinacdc_monthly/t20260514_1835765_a2a208f2c273cd22.html
中国疾控中心全国法定传染病疫情情况,https://www.chinacdc.cn/jksj/jksj01/202605/t20260514_1835765.html,2026年4月全国传染病疫情概况,2026,4,2026-04,全国,流行性和地方性斑疹伤寒,丙类合计,0,0,106,0,,,2026-05-28 00:56:43,/Users/zhoujia/code/大数据期末实验/大模型助力大数据分析/呼吸道传染病监测与早期预警分析/data/raw/chinacdc_monthly/t20260514_1835765_a2a208f2c273cd22.html
中国疾控中心全国法定传染病疫情情况,https://www.chinacdc.cn/jksj/jksj01/202605/t20260514_1835765.html,2026年4月全国传染病疫情概况,2026,4,2026-04,全国,黑热病,丙类合计,0,0,35,0,,,2026-05-28 00:56:43,/Users/zhoujia/code/大数据期末实验/大模型助力大数据分析/呼吸道传染病监测与早期预警分析/data/raw/chinacdc_monthly/t20260514_1835765_a2a208f2c273cd22.html
中国疾控中心全国法定传染病疫情情况,https://www.chinacdc.cn/jksj/jksj01/202605/t20260514_1835765.html,2026年4月全国传染病疫情概况,2026,4,2026-04,全国,包虫病,丙类合计,0,0,382,1,,,2026-05-28 00:56:43,/Users/zhoujia/code/大数据期末实验/大模型助力大数据分析/呼吸道传染病监测与早期预警分析/data/raw/chinacdc_monthly/t20260514_1835765_a2a208f2c273cd22.html
中国疾控中心全国法定传染病疫情情况,https://www.chinacdc.cn/jksj/jksj01/202605/t20260514_1835765.html,2026年4月全国传染病疫情概况,2026,4,2026-04,全国,丝虫病,丙类合计,0,0,0,0,,,2026-05-28 00:56:43,/Users/zhoujia/code/大数据期末实验/大模型助力大数据分析/呼吸道传染病监测与早期预警分析/data/raw/chinacdc_monthly/t20260514_1835765_a2a208f2c273cd22.html
中国疾控中心全国法定传染病疫情情况,https://www.chinacdc.cn/jksj/jksj01/202605/t20260514_1835765.html,2026年4月全国传染病疫情概况,2026,4,2026-04,全国,手足口病,丙类合计,0,0,54850,0,,,2026-05-28 00:56:43,/Users/zhoujia/code/大数据期末实验/大模型助力大数据分析/呼吸道传染病监测与早期预警分析/data/raw/chinacdc_monthly/t20260514_1835765_a2a208f2c273cd22.html
中国疾控中心全国法定传染病疫情情况,https://www.chinacdc.cn/jksj/jksj01/202605/t20260514_1835765.html,2026年4月全国传染病疫情概况,2026,4,2026-04,全国,其他感染性腹泻病,丙类合计,0,0,169022,0,,,2026-05-28 00:56:43,/Users/zhoujia/code/大数据期末实验/大模型助力大数据分析/呼吸道传染病监测与早期预警分析/data/raw/chinacdc_monthly/t20260514_1835765_a2a208f2c273cd22.html
中国疾控中心全国法定传染病疫情情况,https://www.chinacdc.cn/jksj/jksj01/202605/t20260514_1835765.html,2026年4月全国传染病疫情概况,2026,4,2026-04,全国,重点监测的其他传染病合计1,重点监测其他传染病合计,0,1,49811,0,,,2026-05-28 00:56:43,/Users/zhoujia/code/大数据期末实验/大模型助力大数据分析/呼吸道传染病监测与早期预警分析/data/raw/chinacdc_monthly/t20260514_1835765_a2a208f2c273cd22.html
中国疾控中心全国法定传染病疫情情况,https://www.chinacdc.cn/jksj/jksj01/202605/t20260514_1835765.html,2026年4月全国传染病疫情概况,2026,4,2026-04,全国,中东呼吸综合征（MERS）,重点监测其他传染病合计,0,0,0,0,,,2026-05-28 00:56:43,/Users/zhoujia/code/大数据期末实验/大模型助力大数据分析/呼吸道传染病监测与早期预警分析/data/raw/chinacdc_monthly/t20260514_1835765_a2a208f2c273cd22.html
中国疾控中心全国法定传染病疫情情况,https://www.chinacdc.cn/jksj/jksj01/202605/t20260514_1835765.html,2026年4月全国传染病疫情概况,2026,4,2026-04,全国,埃博拉出血热,重点监测其他传染病合计,0,0,0,0,,,2026-05-28 00:56:43,/Users/zhoujia/code/大数据期末实验/大模型助力大数据分析/呼吸道传染病监测与早期预警分析/data/raw/chinacdc_monthly/t20260514_1835765_a2a208f2c273cd22.html
中国疾控中心全国法定传染病疫情情况,https://www.chinacdc.cn/jksj/jksj01/202605/t20260514_1835765.html,2026年4月全国传染病疫情概况,2026,4,2026-04,全国,寨卡病毒病,重点监测其他传染病合计,0,0,1,0,,,2026-05-28 00:56:43,/Users/zhoujia/code/大数据期末实验/大模型助力大数据分析/呼吸道传染病监测与早期预警分析/data/raw/chinacdc_monthly/t20260514_1835765_a2a208f2c273cd22.html
中国疾控中心全国法定传染病疫情情况,https://www.chinacdc.cn/jksj/jksj01/202605/t20260514_1835765.html,2026年4月全国传染病疫情概况,2026,4,2026-04,全国,拉沙热,重点监测其他传染病合计,0,0,0,0,,,2026-05-28 00:56:43,/Users/zhoujia/code/大数据期末实验/大模型助力大数据分析/呼吸道传染病监测与早期预警分析/data/raw/chinacdc_monthly/t20260514_1835765_a2a208f2c273cd22.html
中国疾控中心全国法定传染病疫情情况,https://www.chinacdc.cn/jksj/jksj01/202605/t20260514_1835765.html,2026年4月全国传染病疫情概况,2026,4,2026-04,全国,水痘,重点监测其他传染病合计,0,0,39026,0,,,2026-05-28 00:56:43,/Users/zhoujia/code/大数据期末实验/大模型助力大数据分析/呼吸道传染病监测与早期预警分析/data/raw/chinacdc_monthly/t20260514_1835765_a2a208f2c273cd22.html
中国疾控中心全国法定传染病疫情情况,https://www.chinacdc.cn/jksj/jksj01/202605/t20260514_1835765.html,2026年4月全国传染病疫情概况,2026,4,2026-04,全国,肝吸虫病,重点监测其他传染病合计,0,0,10761,0,,,2026-05-28 00:56:43,/Users/zhoujia/code/大数据期末实验/大模型助力大数据分析/呼吸道传染病监测与早期预警分析/data/raw/chinacdc_monthly/t20260514_1835765_a2a208f2c273cd22.html
中国疾控中心全国法定传染病疫情情况,https://www.chinacdc.cn/jksj/jksj01/202605/t20260514_1835765.html,2026年4月全国传染病疫情概况,2026,4,2026-04,全国,人感染猪链球菌病,重点监测其他传染病合计,0,0,23,0,,,2026-05-28 00:56:43,/Users/zhoujia/code/大数据期末实验/大模型助力大数据分析/呼吸道传染病监测与早期预警分析/data/raw/chinacdc_monthly/t20260514_1835765_a2a208f2c273cd22.html
中国疾控中心全国法定传染病疫情情况,https://www.chinacdc.cn/jksj/jksj01/202603/t20260312_315435.html,2026年2月全国传染病疫情概况,2026,2,2026-02,全国,甲乙丙类传染病总计,甲乙丙类总计,0,1,852909,1384,,,2026-05-28 00:56:43,/Users/zhoujia/code/大数据期末实验/大模型助力大数据分析/呼吸道传染病监测与早期预警分析/data/raw/chinacdc_monthly/t20260312_315435_1d79f8918b496e7a.html
中国疾控中心全国法定传染病疫情情况,https://www.chinacdc.cn/jksj/jksj01/202603/t20260312_315435.html,2026年2月全国传染病疫情概况,2026,2,2026-02,全国,甲乙类传染病合计,甲乙类合计,0,1,236525,1382,,,2026-05-28 00:56:43,/Users/zhoujia/code/大数据期末实验/大模型助力大数据分析/呼吸道传染病监测与早期预警分析/data/raw/chinacdc_monthly/t20260312_315435_1d79f8918b496e7a.html
中国疾控中心全国法定传染病疫情情况,https://www.chinacdc.cn/jksj/jksj01/202603/t20260312_315435.html,2026年2月全国传染病疫情概况,2026,2,2026-02,全国,鼠疫,甲乙类合计,0,0,0,0,,,2026-05-28 00:56:43,/Users/zhoujia/code/大数据期末实验/大模型助力大数据分析/呼吸道传染病监测与早期预警分析/data/raw/chinacdc_monthly/t20260312_315435_1d79f8918b496e7a.html
中国疾控中心全国法定传染病疫情情况,https://www.chinacdc.cn/jksj/jksj01/202603/t20260312_315435.html,2026年2月全国传染病疫情概况,2026,2,2026-02,全国,霍乱,甲乙类合计,0,0,0,0,,,2026-05-28 00:56:43,/Users/zhoujia/code/大数据期末实验/大模型助力大数据分析/呼吸道传染病监测与早期预警分析/data/raw/chinacdc_monthly/t20260312_315435_1d79f8918b496e7a.html
中国疾控中心全国法定传染病疫情情况,https://www.chinacdc.cn/jksj/jksj01/202603/t20260312_315435.html,2026年2月全国传染病疫情概况,2026,2,2026-02,全国,新型冠状病毒感染,甲乙类合计,1,0,19453,1,,,2026-05-28 00:56:43,/Users/zhoujia/code/大数据期末实验/大模型助力大数据分析/呼吸道传染病监测与早期预警分析/data/raw/chinacdc_monthly/t20260312_315435_1d79f8918b496e7a.html
中国疾控中心全国法定传染病疫情情况,https://www.chinacdc.cn/jksj/jksj01/202603/t20260312_315435.html,2026年2月全国传染病疫情概况,2026,2,2026-02,全国,传染性非典型肺炎,甲乙类合计,0,0,0,0,,,2026-05-28 00:56:43,/Users/zhoujia/code/大数据期末实验/大模型助力大数据分析/呼吸道传染病监测与早期预警分析/data/raw/chinacdc_monthly/t20260312_315435_1d79f8918b496e7a.html
中国疾控中心全国法定传染病疫情情况,https://www.chinacdc.cn/jksj/jksj01/202603/t20260312_315435.html,2026年2月全国传染病疫情概况,2026,2,2026-02,全国,艾滋病,甲乙类合计,0,0,2668,1165,,,2026-05-28 00:56:43,/Users/zhoujia/code/大数据期末实验/大模型助力大数据分析/呼吸道传染病监测与早期预警分析/data/raw/chinacdc_monthly/t20260312_315435_1d79f8918b496e7a.html
中国疾控中心全国法定传染病疫情情况,https://www.chinacdc.cn/jksj/jksj01/202603/t20260312_315435.html,2026年2月全国传染病疫情概况,2026,2,2026-02,全国,病毒性肝炎,甲乙类合计,0,0,111021,88,,,2026-05-28 00:56:43,/Users/zhoujia/code/大数据期末实验/大模型助力大数据分析/呼吸道传染病监测与早期预警分析/data/raw/chinacdc_monthly/t20260312_315435_1d79f8918b496e7a.html
中国疾控中心全国法定传染病疫情情况,https://www.chinacdc.cn/jksj/jksj01/202603/t20260312_315435.html,2026年2月全国传染病疫情概况,2026,2,2026-02,全国,甲型肝炎,甲乙类合计,0,0,939,0,,,2026-05-28 00:56:43,/Users/zhoujia/code/大数据期末实验/大模型助力大数据分析/呼吸道传染病监测与早期预警分析/data/raw/chinacdc_monthly/t20260312_315435_1d79f8918b496e7a.html
中国疾控中心全国法定传染病疫情情况,https://www.chinacdc.cn/jksj/jksj01/202603/t20260312_315435.html,2026年2月全国传染病疫情概况,2026,2,2026-02,全国,乙型肝炎,甲乙类合计,0,0,96310,39,,,2026-05-28 00:56:43,/Users/zhoujia/code/大数据期末实验/大模型助力大数据分析/呼吸道传染病监测与早期预警分析/data/raw/chinacdc_monthly/t20260312_315435_1d79f8918b496e7a.html
中国疾控中心全国法定传染病疫情情况,https://www.chinacdc.cn/jksj/jksj01/202603/t20260312_315435.html,2026年2月全国传染病疫情概况,2026,2,2026-02,全国,丙型肝炎,甲乙类合计,0,0,10900,49,,,2026-05-28 00:56:43,/Users/zhoujia/code/大数据期末实验/大模型助力大数据分析/呼吸道传染病监测与早期预警分析/data/raw/chinacdc_monthly/t20260312_315435_1d79f8918b496e7a.html
中国疾控中心全国法定传染病疫情情况,https://www.chinacdc.cn/jksj/jksj01/202603/t20260312_315435.html,2026年2月全国传染病疫情概况,2026,2,2026-02,全国,丁型肝炎,甲乙类合计,0,0,24,0,,,2026-05-28 00:56:43,/Users/zhoujia/code/大数据期末实验/大模型助力大数据分析/呼吸道传染病监测与早期预警分析/data/raw/chinacdc_monthly/t20260312_315435_1d79f8918b496e7a.html
中国疾控中心全国法定传染病疫情情况,https://www.chinacdc.cn/jksj/jksj01/202603/t20260312_315435.html,2026年2月全国传染病疫情概况,2026,2,2026-02,全国,戊型肝炎,甲乙类合计,0,0,2392,0,,,2026-05-28 00:56:43,/Users/zhoujia/code/大数据期末实验/大模型助力大数据分析/呼吸道传染病监测与早期预警分析/data/raw/chinacdc_monthly/t20260312_315435_1d79f8918b496e7a.html
中国疾控中心全国法定传染病疫情情况,https://www.chinacdc.cn/jksj/jksj01/202603/t20260312_315435.html,2026年2月全国传染病疫情概况,2026,2,2026-02,全国,未分型肝炎,甲乙类合计,0,0,456,0,,,2026-05-28 00:56:43,/Users/zhoujia/code/大数据期末实验/大模型助力大数据分析/呼吸道传染病监测与早期预警分析/data/raw/chinacdc_monthly/t20260312_315435_1d79f8918b496e7a.html
中国疾控中心全国法定传染病疫情情况,https://www.chinacdc.cn/jksj/jksj01/202603/t20260312_315435.html,2026年2月全国传染病疫情概况,2026,2,2026-02,全国,脊髓灰质炎,甲乙类合计,0,0,0,0,,,2026-05-28 00:56:43,/Users/zhoujia/code/大数据期末实验/大模型助力大数据分析/呼吸道传染病监测与早期预警分析/data/raw/chinacdc_monthly/t20260312_315435_1d79f8918b496e7a.html
中国疾控中心全国法定传染病疫情情况,https://www.chinacdc.cn/jksj/jksj01/202603/t20260312_315435.html,2026年2月全国传染病疫情概况,2026,2,2026-02,全国,人感染新亚型流感,甲乙类合计,0,0,4,0,,,2026-05-28 00:56:43,/Users/zhoujia/code/大数据期末实验/大模型助力大数据分析/呼吸道传染病监测与早期预警分析/data/raw/chinacdc_monthly/t20260312_315435_1d79f8918b496e7a.html
中国疾控中心全国法定传染病疫情情况,https://www.chinacdc.cn/jksj/jksj01/202603/t20260312_315435.html,2026年2月全国传染病疫情概况,2026,2,2026-02,全国,麻疹,甲乙类合计,1,0,131,0,,,2026-05-28 00:56:43,/Users/zhoujia/code/大数据期末实验/大模型助力大数据分析/呼吸道传染病监测与早期预警分析/data/raw/chinacdc_monthly/t20260312_315435_1d79f8918b496e7a.html
中国疾控中心全国法定传染病疫情情况,https://www.chinacdc.cn/jksj/jksj01/202603/t20260312_315435.html,2026年2月全国传染病疫情概况,2026,2,2026-02,全国,流行性出血热,甲乙类合计,0,0,180,0,,,2026-05-28 00:56:43,/Users/zhoujia/code/大数据期末实验/大模型助力大数据分析/呼吸道传染病监测与早期预警分析/data/raw/chinacdc_monthly/t20260312_315435_1d79f8918b496e7a.html
中国疾控中心全国法定传染病疫情情况,https://www.chinacdc.cn/jksj/jksj01/202603/t20260312_315435.html,2026年2月全国传染病疫情概况,2026,2,2026-02,全国,狂犬病,甲乙类合计,0,0,10,15,,,2026-05-28 00:56:43,/Users/zhoujia/code/大数据期末实验/大模型助力大数据分析/呼吸道传染病监测与早期预警分析/data/raw/chinacdc_monthly/t20260312_315435_1d79f8918b496e7a.html
中国疾控中心全国法定传染病疫情情况,https://www.chinacdc.cn/jksj/jksj01/202603/t20260312_315435.html,2026年2月全国传染病疫情概况,2026,2,2026-02,全国,流行性乙型脑炎,甲乙类合计,0,0,0,0,,,2026-05-28 00:56:43,/Users/zhoujia/code/大数据期末实验/大模型助力大数据分析/呼吸道传染病监测与早期预警分析/data/raw/chinacdc_monthly/t20260312_315435_1d79f8918b496e7a.html
中国疾控中心全国法定传染病疫情情况,https://www.chinacdc.cn/jksj/jksj01/202603/t20260312_315435.html,2026年2月全国传染病疫情概况,2026,2,2026-02,全国,登革热,甲乙类合计,0,0,94,0,,,2026-05-28 00:56:43,/Users/zhoujia/code/大数据期末实验/大模型助力大数据分析/呼吸道传染病监测与早期预警分析/data/raw/chinacdc_monthly/t20260312_315435_1d79f8918b496e7a.html
中国疾控中心全国法定传染病疫情情况,https://www.chinacdc.cn/jksj/jksj01/202603/t20260312_315435.html,2026年2月全国传染病疫情概况,2026,2,2026-02,全国,猴痘,甲乙类合计,0,0,27,0,,,2026-05-28 00:56:43,/Users/zhoujia/code/大数据期末实验/大模型助力大数据分析/呼吸道传染病监测与早期预警分析/data/raw/chinacdc_monthly/t20260312_315435_1d79f8918b496e7a.html
中国疾控中心全国法定传染病疫情情况,https://www.chinacdc.cn/jksj/jksj01/202603/t20260312_315435.html,2026年2月全国传染病疫情概况,2026,2,2026-02,全国,炭疽,甲乙类合计,0,0,14,0,,,2026-05-28 00:56:43,/Users/zhoujia/code/大数据期末实验/大模型助力大数据分析/呼吸道传染病监测与早期预警分析/data/raw/chinacdc_monthly/t20260312_315435_1d79f8918b496e7a.html
中国疾控中心全国法定传染病疫情情况,https://www.chinacdc.cn/jksj/jksj01/202603/t20260312_315435.html,2026年2月全国传染病疫情概况,2026,2,2026-02,全国,细菌性和阿米巴性痢疾,甲乙类合计,0,0,1503,0,,,2026-05-28 00:56:43,/Users/zhoujia/code/大数据期末实验/大模型助力大数据分析/呼吸道传染病监测与早期预警分析/data/raw/chinacdc_monthly/t20260312_315435_1d79f8918b496e7a.html
中国疾控中心全国法定传染病疫情情况,https://www.chinacdc.cn/jksj/jksj01/202603/t20260312_315435.html,2026年2月全国传染病疫情概况,2026,2,2026-02,全国,肺结核,甲乙类合计,1,0,44105,111,,,2026-05-28 00:56:43,/Users/zhoujia/code/大数据期末实验/大模型助力大数据分析/呼吸道传染病监测与早期预警分析/data/raw/chinacdc_monthly/t20260312_315435_1d79f8918b496e7a.html
中国疾控中心全国法定传染病疫情情况,https://www.chinacdc.cn/jksj/jksj01/202603/t20260312_315435.html,2026年2月全国传染病疫情概况,2026,2,2026-02,全国,伤寒和副伤寒,甲乙类合计,0,0,183,0,,,2026-05-28 00:56:43,/Users/zhoujia/code/大数据期末实验/大模型助力大数据分析/呼吸道传染病监测与早期预警分析/data/raw/chinacdc_monthly/t20260312_315435_1d79f8918b496e7a.html
中国疾控中心全国法定传染病疫情情况,https://www.chinacdc.cn/jksj/jksj01/202603/t20260312_315435.html,2026年2月全国传染病疫情概况,2026,2,2026-02,全国,流行性脑脊髓膜炎,甲乙类合计,0,0,13,0,,,2026-05-28 00:56:43,/Users/zhoujia/code/大数据期末实验/大模型助力大数据分析/呼吸道传染病监测与早期预警分析/data/raw/chinacdc_monthly/t20260312_315435_1d79f8918b496e7a.html
中国疾控中心全国法定传染病疫情情况,https://www.chinacdc.cn/jksj/jksj01/202603/t20260312_315435.html,2026年2月全国传染病疫情概况,2026,2,2026-02,全国,百日咳,甲乙类合计,1,0,666,0,,,2026-05-28 00:56:43,/Users/zhoujia/code/大数据期末实验/大模型助力大数据分析/呼吸道传染病监测与早期预警分析/data/raw/chinacdc_monthly/t20260312_315435_1d79f8918b496e7a.html
中国疾控中心全国法定传染病疫情情况,https://www.chinacdc.cn/jksj/jksj01/202603/t20260312_315435.html,2026年2月全国传染病疫情概况,2026,2,2026-02,全国,白喉,甲乙类合计,0,0,0,0,,,2026-05-28 00:56:43,/Users/zhoujia/code/大数据期末实验/大模型助力大数据分析/呼吸道传染病监测与早期预警分析/data/raw/chinacdc_monthly/t20260312_315435_1d79f8918b496e7a.html
中国疾控中心全国法定传染病疫情情况,https://www.chinacdc.cn/jksj/jksj01/202603/t20260312_315435.html,2026年2月全国传染病疫情概况,2026,2,2026-02,全国,新生儿破伤风,甲乙类合计,0,0,0,0,,,2026-05-28 00:56:43,/Users/zhoujia/code/大数据期末实验/大模型助力大数据分析/呼吸道传染病监测与早期预警分析/data/raw/chinacdc_monthly/t20260312_315435_1d79f8918b496e7a.html
中国疾控中心全国法定传染病疫情情况,https://www.chinacdc.cn/jksj/jksj01/202603/t20260312_315435.html,2026年2月全国传染病疫情概况,2026,2,2026-02,全国,猩红热,甲乙类合计,1,0,1197,0,,,2026-05-28 00:56:43,/Users/zhoujia/code/大数据期末实验/大模型助力大数据分析/呼吸道传染病监测与早期预警分析/data/raw/chinacdc_monthly/t20260312_315435_1d79f8918b496e7a.html
中国疾控中心全国法定传染病疫情情况,https://www.chinacdc.cn/jksj/jksj01/202603/t20260312_315435.html,2026年2月全国传染病疫情概况,2026,2,2026-02,全国,布鲁氏菌病,甲乙类合计,0,0,3447,0,,,2026-05-28 00:56:43,/Users/zhoujia/code/大数据期末实验/大模型助力大数据分析/呼吸道传染病监测与早期预警分析/data/raw/chinacdc_monthly/t20260312_315435_1d79f8918b496e7a.html
中国疾控中心全国法定传染病疫情情况,https://www.chinacdc.cn/jksj/jksj01/202603/t20260312_315435.html,2026年2月全国传染病疫情概况,2026,2,2026-02,全国,淋病,甲乙类合计,0,0,7640,0,,,2026-05-28 00:56:43,/Users/zhoujia/code/大数据期末实验/大模型助力大数据分析/呼吸道传染病监测与早期预警分析/data/raw/chinacdc_monthly/t20260312_315435_1d79f8918b496e7a.html
中国疾控中心全国法定传染病疫情情况,https://www.chinacdc.cn/jksj/jksj01/202603/t20260312_315435.html,2026年2月全国传染病疫情概况,2026,2,2026-02,全国,梅毒,甲乙类合计,0,0,43817,2,,,2026-05-28 00:56:43,/Users/zhoujia/code/大数据期末实验/大模型助力大数据分析/呼吸道传染病监测与早期预警分析/data/raw/chinacdc_monthly/t20260312_315435_1d79f8918b496e7a.html
中国疾控中心全国法定传染病疫情情况,https://www.chinacdc.cn/jksj/jksj01/202603/t20260312_315435.html,2026年2月全国传染病疫情概况,2026,2,2026-02,全国,钩端螺旋体病,甲乙类合计,0,0,2,0,,,2026-05-28 00:56:43,/Users/zhoujia/code/大数据期末实验/大模型助力大数据分析/呼吸道传染病监测与早期预警分析/data/raw/chinacdc_monthly/t20260312_315435_1d79f8918b496e7a.html
中国疾控中心全国法定传染病疫情情况,https://www.chinacdc.cn/jksj/jksj01/202603/t20260312_315435.html,2026年2月全国传染病疫情概况,2026,2,2026-02,全国,血吸虫病,甲乙类合计,0,0,2,0,,,2026-05-28 00:56:43,/Users/zhoujia/code/大数据期末实验/大模型助力大数据分析/呼吸道传染病监测与早期预警分析/data/raw/chinacdc_monthly/t20260312_315435_1d79f8918b496e7a.html
中国疾控中心全国法定传染病疫情情况,https://www.chinacdc.cn/jksj/jksj01/202603/t20260312_315435.html,2026年2月全国传染病疫情概况,2026,2,2026-02,全国,疟疾,甲乙类合计,0,0,348,0,,,2026-05-28 00:56:43,/Users/zhoujia/code/大数据期末实验/大模型助力大数据分析/呼吸道传染病监测与早期预警分析/data/raw/chinacdc_monthly/t20260312_315435_1d79f8918b496e7a.html
中国疾控中心全国法定传染病疫情情况,https://www.chinacdc.cn/jksj/jksj01/202603/t20260312_315435.html,2026年2月全国传染病疫情概况,2026,2,2026-02,全国,丙类传染病合计,丙类合计,0,1,616384,2,,,2026-05-28 00:56:43,/Users/zhoujia/code/大数据期末实验/大模型助力大数据分析/呼吸道传染病监测与早期预警分析/data/raw/chinacdc_monthly/t20260312_315435_1d79f8918b496e7a.html
中国疾控中心全国法定传染病疫情情况,https://www.chinacdc.cn/jksj/jksj01/202603/t20260312_315435.html,2026年2月全国传染病疫情概况,2026,2,2026-02,全国,流行性感冒,丙类合计,1,0,394141,1,,,2026-05-28 00:56:43,/Users/zhoujia/code/大数据期末实验/大模型助力大数据分析/呼吸道传染病监测与早期预警分析/data/raw/chinacdc_monthly/t20260312_315435_1d79f8918b496e7a.html
中国疾控中心全国法定传染病疫情情况,https://www.chinacdc.cn/jksj/jksj01/202603/t20260312_315435.html,2026年2月全国传染病疫情概况,2026,2,2026-02,全国,流行性腮腺炎,丙类合计,1,0,3142,0,,,2026-05-28 00:56:43,/Users/zhoujia/code/大数据期末实验/大模型助力大数据分析/呼吸道传染病监测与早期预警分析/data/raw/chinacdc_monthly/t20260312_315435_1d79f8918b496e7a.html
中国疾控中心全国法定传染病疫情情况,https://www.chinacdc.cn/jksj/jksj01/202603/t20260312_315435.html,2026年2月全国传染病疫情概况,2026,2,2026-02,全国,风疹,丙类合计,0,0,32,0,,,2026-05-28 00:56:43,/Users/zhoujia/code/大数据期末实验/大模型助力大数据分析/呼吸道传染病监测与早期预警分析/data/raw/chinacdc_monthly/t20260312_315435_1d79f8918b496e7a.html
中国疾控中心全国法定传染病疫情情况,https://www.chinacdc.cn/jksj/jksj01/202603/t20260312_315435.html,2026年2月全国传染病疫情概况,2026,2,2026-02,全国,急性出血性结膜炎,丙类合计,0,0,1297,0,,,2026-05-28 00:56:43,/Users/zhoujia/code/大数据期末实验/大模型助力大数据分析/呼吸道传染病监测与早期预警分析/data/raw/chinacdc_monthly/t20260312_315435_1d79f8918b496e7a.html
中国疾控中心全国法定传染病疫情情况,https://www.chinacdc.cn/jksj/jksj01/202603/t20260312_315435.html,2026年2月全国传染病疫情概况,2026,2,2026-02,全国,麻风病,丙类合计,0,0,22,0,,,2026-05-28 00:56:43,/Users/zhoujia/code/大数据期末实验/大模型助力大数据分析/呼吸道传染病监测与早期预警分析/data/raw/chinacdc_monthly/t20260312_315435_1d79f8918b496e7a.html
中国疾控中心全国法定传染病疫情情况,https://www.chinacdc.cn/jksj/jksj01/202603/t20260312_315435.html,2026年2月全国传染病疫情概况,2026,2,2026-02,全国,流行性和地方性斑疹伤寒,丙类合计,0,0,40,0,,,2026-05-28 00:56:43,/Users/zhoujia/code/大数据期末实验/大模型助力大数据分析/呼吸道传染病监测与早期预警分析/data/raw/chinacdc_monthly/t20260312_315435_1d79f8918b496e7a.html
中国疾控中心全国法定传染病疫情情况,https://www.chinacdc.cn/jksj/jksj01/202603/t20260312_315435.html,2026年2月全国传染病疫情概况,2026,2,2026-02,全国,黑热病,丙类合计,0,0,28,0,,,2026-05-28 00:56:43,/Users/zhoujia/code/大数据期末实验/大模型助力大数据分析/呼吸道传染病监测与早期预警分析/data/raw/chinacdc_monthly/t20260312_315435_1d79f8918b496e7a.html
中国疾控中心全国法定传染病疫情情况,https://www.chinacdc.cn/jksj/jksj01/202603/t20260312_315435.html,2026年2月全国传染病疫情概况,2026,2,2026-02,全国,包虫病,丙类合计,0,0,264,0,,,2026-05-28 00:56:43,/Users/zhoujia/code/大数据期末实验/大模型助力大数据分析/呼吸道传染病监测与早期预警分析/data/raw/chinacdc_monthly/t20260312_315435_1d79f8918b496e7a.html
中国疾控中心全国法定传染病疫情情况,https://www.chinacdc.cn/jksj/jksj01/202603/t20260312_315435.html,2026年2月全国传染病疫情概况,2026,2,2026-02,全国,丝虫病,丙类合计,0,0,0,0,,,2026-05-28 00:56:43,/Users/zhoujia/code/大数据期末实验/大模型助力大数据分析/呼吸道传染病监测与早期预警分析/data/raw/chinacdc_monthly/t20260312_315435_1d79f8918b496e7a.html
中国疾控中心全国法定传染病疫情情况,https://www.chinacdc.cn/jksj/jksj01/202603/t20260312_315435.html,2026年2月全国传染病疫情概况,2026,2,2026-02,全国,手足口病,丙类合计,0,0,22708,1,,,2026-05-28 00:56:43,/Users/zhoujia/code/大数据期末实验/大模型助力大数据分析/呼吸道传染病监测与早期预警分析/data/raw/chinacdc_monthly/t20260312_315435_1d79f8918b496e7a.html
中国疾控中心全国法定传染病疫情情况,https://www.chinacdc.cn/jksj/jksj01/202603/t20260312_315435.html,2026年2月全国传染病疫情概况,2026,2,2026-02,全国,其他感染性腹泻病,丙类合计,0,0,194710,0,,,2026-05-28 00:56:43,/Users/zhoujia/code/大数据期末实验/大模型助力大数据分析/呼吸道传染病监测与早期预警分析/data/raw/chinacdc_monthly/t20260312_315435_1d79f8918b496e7a.html
中国疾控中心全国法定传染病疫情情况,https://www.chinacdc.cn/jksj/jksj01/202603/t20260312_315435.html,2026年2月全国传染病疫情概况,2026,2,2026-02,全国,重点监测其他传染病合计,重点监测其他传染病合计,0,1,39559,1,,,2026-05-28 00:56:43,/Users/zhoujia/code/大数据期末实验/大模型助力大数据分析/呼吸道传染病监测与早期预警分析/data/raw/chinacdc_monthly/t20260312_315435_1d79f8918b496e7a.html
中国疾控中心全国法定传染病疫情情况,https://www.chinacdc.cn/jksj/jksj01/202603/t20260312_315435.html,2026年2月全国传染病疫情概况,2026,2,2026-02,全国,中东呼吸综合征（MERS）,重点监测其他传染病合计,0,0,0,0,,,2026-05-28 00:56:43,/Users/zhoujia/code/大数据期末实验/大模型助力大数据分析/呼吸道传染病监测与早期预警分析/data/raw/chinacdc_monthly/t20260312_315435_1d79f8918b496e7a.html
中国疾控中心全国法定传染病疫情情况,https://www.chinacdc.cn/jksj/jksj01/202603/t20260312_315435.html,2026年2月全国传染病疫情概况,2026,2,2026-02,全国,埃博拉出血热,重点监测其他传染病合计,0,0,0,0,,,2026-05-28 00:56:43,/Users/zhoujia/code/大数据期末实验/大模型助力大数据分析/呼吸道传染病监测与早期预警分析/data/raw/chinacdc_monthly/t20260312_315435_1d79f8918b496e7a.html
中国疾控中心全国法定传染病疫情情况,https://www.chinacdc.cn/jksj/jksj01/202603/t20260312_315435.html,2026年2月全国传染病疫情概况,2026,2,2026-02,全国,寨卡病毒病,重点监测其他传染病合计,0,0,2,0,,,2026-05-28 00:56:43,/Users/zhoujia/code/大数据期末实验/大模型助力大数据分析/呼吸道传染病监测与早期预警分析/data/raw/chinacdc_monthly/t20260312_315435_1d79f8918b496e7a.html
中国疾控中心全国法定传染病疫情情况,https://www.chinacdc.cn/jksj/jksj01/202603/t20260312_315435.html,2026年2月全国传染病疫情概况,2026,2,2026-02,全国,基孔肯雅热,重点监测其他传染病合计,0,0,2,0,,,2026-05-28 00:56:43,/Users/zhoujia/code/大数据期末实验/大模型助力大数据分析/呼吸道传染病监测与早期预警分析/data/raw/chinacdc_monthly/t20260312_315435_1d79f8918b496e7a.html
中国疾控中心全国法定传染病疫情情况,https://www.chinacdc.cn/jksj/jksj01/202603/t20260312_315435.html,2026年2月全国传染病疫情概况,2026,2,2026-02,全国,拉沙热,重点监测其他传染病合计,0,0,0,0,,,2026-05-28 00:56:43,/Users/zhoujia/code/大数据期末实验/大模型助力大数据分析/呼吸道传染病监测与早期预警分析/data/raw/chinacdc_monthly/t20260312_315435_1d79f8918b496e7a.html
中国疾控中心全国法定传染病疫情情况,https://www.chinacdc.cn/jksj/jksj01/202603/t20260312_315435.html,2026年2月全国传染病疫情概况,2026,2,2026-02,全国,水痘,重点监测其他传染病合计,0,0,33256,0,,,2026-05-28 00:56:43,/Users/zhoujia/code/大数据期末实验/大模型助力大数据分析/呼吸道传染病监测与早期预警分析/data/raw/chinacdc_monthly/t20260312_315435_1d79f8918b496e7a.html
中国疾控中心全国法定传染病疫情情况,https://www.chinacdc.cn/jksj/jksj01/202603/t20260312_315435.html,2026年2月全国传染病疫情概况,2026,2,2026-02,全国,肝吸虫病,重点监测其他传染病合计,0,0,6270,0,,,2026-05-28 00:56:43,/Users/zhoujia/code/大数据期末实验/大模型助力大数据分析/呼吸道传染病监测与早期预警分析/data/raw/chinacdc_monthly/t20260312_315435_1d79f8918b496e7a.html
中国疾控中心全国法定传染病疫情情况,https://www.chinacdc.cn/jksj/jksj01/202603/t20260312_315435.html,2026年2月全国传染病疫情概况,2026,2,2026-02,全国,人感染猪链球菌病,重点监测其他传染病合计,0,0,28,0,,,2026-05-28 00:56:43,/Users/zhoujia/code/大数据期末实验/大模型助力大数据分析/呼吸道传染病监测与早期预警分析/data/raw/chinacdc_monthly/t20260312_315435_1d79f8918b496e7a.html
中国疾控中心全国法定传染病疫情情况,https://www.chinacdc.cn/jksj/jksj01/202603/t20260312_315435.html,2026年2月全国传染病疫情概况,2026,2,2026-02,全国,发热伴血小板减少综合征,重点监测其他传染病合计,0,0,1,1,,,2026-05-28 00:56:43,/Users/zhoujia/code/大数据期末实验/大模型助力大数据分析/呼吸道传染病监测与早期预警分析/data/raw/chinacdc_monthly/t20260312_315435_1d79f8918b496e7a.html
中国疾控中心全国法定传染病疫情情况,https://www.chinacdc.cn/jksj/jksj01/202602/t20260210_315027.html,2026年1月全国传染病疫情概况,2026,1,2026-01,全国,甲乙丙类传染病总计,甲乙丙类总计,0,1,1898294,1930,,,2026-05-28 00:56:43,/Users/zhoujia/code/大数据期末实验/大模型助力大数据分析/呼吸道传染病监测与早期预警分析/data/raw/chinacdc_monthly/t20260210_315027_c9f2a6961abddb35.html
中国疾控中心全国法定传染病疫情情况,https://www.chinacdc.cn/jksj/jksj01/202602/t20260210_315027.html,2026年1月全国传染病疫情概况,2026,1,2026-01,全国,甲乙类传染病合计,甲乙类合计,0,1,277621,1927,,,2026-05-28 00:56:43,/Users/zhoujia/code/大数据期末实验/大模型助力大数据分析/呼吸道传染病监测与早期预警分析/data/raw/chinacdc_monthly/t20260210_315027_c9f2a6961abddb35.html
中国疾控中心全国法定传染病疫情情况,https://www.chinacdc.cn/jksj/jksj01/202602/t20260210_315027.html,2026年1月全国传染病疫情概况,2026,1,2026-01,全国,鼠疫,甲乙类合计,0,0,0,0,,,2026-05-28 00:56:43,/Users/zhoujia/code/大数据期末实验/大模型助力大数据分析/呼吸道传染病监测与早期预警分析/data/raw/chinacdc_monthly/t20260210_315027_c9f2a6961abddb35.html
中国疾控中心全国法定传染病疫情情况,https://www.chinacdc.cn/jksj/jksj01/202602/t20260210_315027.html,2026年1月全国传染病疫情概况,2026,1,2026-01,全国,霍乱,甲乙类合计,0,0,0,0,,,2026-05-28 00:56:43,/Users/zhoujia/code/大数据期末实验/大模型助力大数据分析/呼吸道传染病监测与早期预警分析/data/raw/chinacdc_monthly/t20260210_315027_c9f2a6961abddb35.html
中国疾控中心全国法定传染病疫情情况,https://www.chinacdc.cn/jksj/jksj01/202602/t20260210_315027.html,2026年1月全国传染病疫情概况,2026,1,2026-01,全国,新型冠状病毒感染,甲乙类合计,1,0,17916,1,,,2026-05-28 00:56:43,/Users/zhoujia/code/大数据期末实验/大模型助力大数据分析/呼吸道传染病监测与早期预警分析/data/raw/chinacdc_monthly/t20260210_315027_c9f2a6961abddb35.html
中国疾控中心全国法定传染病疫情情况,https://www.chinacdc.cn/jksj/jksj01/202602/t20260210_315027.html,2026年1月全国传染病疫情概况,2026,1,2026-01,全国,传染性非典型肺炎,甲乙类合计,0,0,0,0,,,2026-05-28 00:56:43,/Users/zhoujia/code/大数据期末实验/大模型助力大数据分析/呼吸道传染病监测与早期预警分析/data/raw/chinacdc_monthly/t20260210_315027_c9f2a6961abddb35.html
中国疾控中心全国法定传染病疫情情况,https://www.chinacdc.cn/jksj/jksj01/202602/t20260210_315027.html,2026年1月全国传染病疫情概况,2026,1,2026-01,全国,艾滋病,甲乙类合计,0,0,2805,1649,,,2026-05-28 00:56:43,/Users/zhoujia/code/大数据期末实验/大模型助力大数据分析/呼吸道传染病监测与早期预警分析/data/raw/chinacdc_monthly/t20260210_315027_c9f2a6961abddb35.html
中国疾控中心全国法定传染病疫情情况,https://www.chinacdc.cn/jksj/jksj01/202602/t20260210_315027.html,2026年1月全国传染病疫情概况,2026,1,2026-01,全国,病毒性肝炎,甲乙类合计,0,0,127961,70,,,2026-05-28 00:56:43,/Users/zhoujia/code/大数据期末实验/大模型助力大数据分析/呼吸道传染病监测与早期预警分析/data/raw/chinacdc_monthly/t20260210_315027_c9f2a6961abddb35.html
中国疾控中心全国法定传染病疫情情况,https://www.chinacdc.cn/jksj/jksj01/202602/t20260210_315027.html,2026年1月全国传染病疫情概况,2026,1,2026-01,全国,甲型肝炎,甲乙类合计,0,0,1167,0,,,2026-05-28 00:56:43,/Users/zhoujia/code/大数据期末实验/大模型助力大数据分析/呼吸道传染病监测与早期预警分析/data/raw/chinacdc_monthly/t20260210_315027_c9f2a6961abddb35.html
中国疾控中心全国法定传染病疫情情况,https://www.chinacdc.cn/jksj/jksj01/202602/t20260210_315027.html,2026年1月全国传染病疫情概况,2026,1,2026-01,全国,乙型肝炎,甲乙类合计,0,0,109248,37,,,2026-05-28 00:56:43,/Users/zhoujia/code/大数据期末实验/大模型助力大数据分析/呼吸道传染病监测与早期预警分析/data/raw/chinacdc_monthly/t20260210_315027_c9f2a6961abddb35.html
中国疾控中心全国法定传染病疫情情况,https://www.chinacdc.cn/jksj/jksj01/202602/t20260210_315027.html,2026年1月全国传染病疫情概况,2026,1,2026-01,全国,丙型肝炎,甲乙类合计,0,0,14084,31,,,2026-05-28 00:56:43,/Users/zhoujia/code/大数据期末实验/大模型助力大数据分析/呼吸道传染病监测与早期预警分析/data/raw/chinacdc_monthly/t20260210_315027_c9f2a6961abddb35.html
中国疾控中心全国法定传染病疫情情况,https://www.chinacdc.cn/jksj/jksj01/202602/t20260210_315027.html,2026年1月全国传染病疫情概况,2026,1,2026-01,全国,丁型肝炎,甲乙类合计,0,0,25,0,,,2026-05-28 00:56:43,/Users/zhoujia/code/大数据期末实验/大模型助力大数据分析/呼吸道传染病监测与早期预警分析/data/raw/chinacdc_monthly/t20260210_315027_c9f2a6961abddb35.html
中国疾控中心全国法定传染病疫情情况,https://www.chinacdc.cn/jksj/jksj01/202602/t20260210_315027.html,2026年1月全国传染病疫情概况,2026,1,2026-01,全国,戊型肝炎,甲乙类合计,0,0,2865,2,,,2026-05-28 00:56:43,/Users/zhoujia/code/大数据期末实验/大模型助力大数据分析/呼吸道传染病监测与早期预警分析/data/raw/chinacdc_monthly/t20260210_315027_c9f2a6961abddb35.html
中国疾控中心全国法定传染病疫情情况,https://www.chinacdc.cn/jksj/jksj01/202602/t20260210_315027.html,2026年1月全国传染病疫情概况,2026,1,2026-01,全国,未分型肝炎,甲乙类合计,0,0,572,0,,,2026-05-28 00:56:43,/Users/zhoujia/code/大数据期末实验/大模型助力大数据分析/呼吸道传染病监测与早期预警分析/data/raw/chinacdc_monthly/t20260210_315027_c9f2a6961abddb35.html
中国疾控中心全国法定传染病疫情情况,https://www.chinacdc.cn/jksj/jksj01/202602/t20260210_315027.html,2026年1月全国传染病疫情概况,2026,1,2026-01,全国,脊髓灰质炎,甲乙类合计,0,0,0,0,,,2026-05-28 00:56:43,/Users/zhoujia/code/大数据期末实验/大模型助力大数据分析/呼吸道传染病监测与早期预警分析/data/raw/chinacdc_monthly/t20260210_315027_c9f2a6961abddb35.html
中国疾控中心全国法定传染病疫情情况,https://www.chinacdc.cn/jksj/jksj01/202602/t20260210_315027.html,2026年1月全国传染病疫情概况,2026,1,2026-01,全国,人感染新亚型流感,甲乙类合计,0,0,3,0,,,2026-05-28 00:56:43,/Users/zhoujia/code/大数据期末实验/大模型助力大数据分析/呼吸道传染病监测与早期预警分析/data/raw/chinacdc_monthly/t20260210_315027_c9f2a6961abddb35.html
中国疾控中心全国法定传染病疫情情况,https://www.chinacdc.cn/jksj/jksj01/202602/t20260210_315027.html,2026年1月全国传染病疫情概况,2026,1,2026-01,全国,麻疹,甲乙类合计,1,0,138,0,,,2026-05-28 00:56:43,/Users/zhoujia/code/大数据期末实验/大模型助力大数据分析/呼吸道传染病监测与早期预警分析/data/raw/chinacdc_monthly/t20260210_315027_c9f2a6961abddb35.html
中国疾控中心全国法定传染病疫情情况,https://www.chinacdc.cn/jksj/jksj01/202602/t20260210_315027.html,2026年1月全国传染病疫情概况,2026,1,2026-01,全国,流行性出血热,甲乙类合计,0,0,336,6,,,2026-05-28 00:56:43,/Users/zhoujia/code/大数据期末实验/大模型助力大数据分析/呼吸道传染病监测与早期预警分析/data/raw/chinacdc_monthly/t20260210_315027_c9f2a6961abddb35.html
中国疾控中心全国法定传染病疫情情况,https://www.chinacdc.cn/jksj/jksj01/202602/t20260210_315027.html,2026年1月全国传染病疫情概况,2026,1,2026-01,全国,狂犬病,甲乙类合计,0,0,31,33,,,2026-05-28 00:56:43,/Users/zhoujia/code/大数据期末实验/大模型助力大数据分析/呼吸道传染病监测与早期预警分析/data/raw/chinacdc_monthly/t20260210_315027_c9f2a6961abddb35.html
中国疾控中心全国法定传染病疫情情况,https://www.chinacdc.cn/jksj/jksj01/202602/t20260210_315027.html,2026年1月全国传染病疫情概况,2026,1,2026-01,全国,流行性乙型脑炎,甲乙类合计,0,0,0,1,,,2026-05-28 00:56:43,/Users/zhoujia/code/大数据期末实验/大模型助力大数据分析/呼吸道传染病监测与早期预警分析/data/raw/chinacdc_monthly/t20260210_315027_c9f2a6961abddb35.html
中国疾控中心全国法定传染病疫情情况,https://www.chinacdc.cn/jksj/jksj01/202602/t20260210_315027.html,2026年1月全国传染病疫情概况,2026,1,2026-01,全国,登革热,甲乙类合计,0,0,93,0,,,2026-05-28 00:56:43,/Users/zhoujia/code/大数据期末实验/大模型助力大数据分析/呼吸道传染病监测与早期预警分析/data/raw/chinacdc_monthly/t20260210_315027_c9f2a6961abddb35.html
中国疾控中心全国法定传染病疫情情况,https://www.chinacdc.cn/jksj/jksj01/202602/t20260210_315027.html,2026年1月全国传染病疫情概况,2026,1,2026-01,全国,猴痘,甲乙类合计,0,0,28,0,,,2026-05-28 00:56:43,/Users/zhoujia/code/大数据期末实验/大模型助力大数据分析/呼吸道传染病监测与早期预警分析/data/raw/chinacdc_monthly/t20260210_315027_c9f2a6961abddb35.html
中国疾控中心全国法定传染病疫情情况,https://www.chinacdc.cn/jksj/jksj01/202602/t20260210_315027.html,2026年1月全国传染病疫情概况,2026,1,2026-01,全国,炭疽,甲乙类合计,0,0,12,0,,,2026-05-28 00:56:43,/Users/zhoujia/code/大数据期末实验/大模型助力大数据分析/呼吸道传染病监测与早期预警分析/data/raw/chinacdc_monthly/t20260210_315027_c9f2a6961abddb35.html
中国疾控中心全国法定传染病疫情情况,https://www.chinacdc.cn/jksj/jksj01/202602/t20260210_315027.html,2026年1月全国传染病疫情概况,2026,1,2026-01,全国,细菌性和阿米巴性痢疾,甲乙类合计,0,0,1481,0,,,2026-05-28 00:56:43,/Users/zhoujia/code/大数据期末实验/大模型助力大数据分析/呼吸道传染病监测与早期预警分析/data/raw/chinacdc_monthly/t20260210_315027_c9f2a6961abddb35.html
中国疾控中心全国法定传染病疫情情况,https://www.chinacdc.cn/jksj/jksj01/202602/t20260210_315027.html,2026年1月全国传染病疫情概况,2026,1,2026-01,全国,肺结核,甲乙类合计,1,0,52889,164,,,2026-05-28 00:56:43,/Users/zhoujia/code/大数据期末实验/大模型助力大数据分析/呼吸道传染病监测与早期预警分析/data/raw/chinacdc_monthly/t20260210_315027_c9f2a6961abddb35.html
中国疾控中心全国法定传染病疫情情况,https://www.chinacdc.cn/jksj/jksj01/202602/t20260210_315027.html,2026年1月全国传染病疫情概况,2026,1,2026-01,全国,伤寒和副伤寒,甲乙类合计,0,0,252,0,,,2026-05-28 00:56:43,/Users/zhoujia/code/大数据期末实验/大模型助力大数据分析/呼吸道传染病监测与早期预警分析/data/raw/chinacdc_monthly/t20260210_315027_c9f2a6961abddb35.html
中国疾控中心全国法定传染病疫情情况,https://www.chinacdc.cn/jksj/jksj01/202602/t20260210_315027.html,2026年1月全国传染病疫情概况,2026,1,2026-01,全国,流行性脑脊髓膜炎,甲乙类合计,0,0,23,2,,,2026-05-28 00:56:43,/Users/zhoujia/code/大数据期末实验/大模型助力大数据分析/呼吸道传染病监测与早期预警分析/data/raw/chinacdc_monthly/t20260210_315027_c9f2a6961abddb35.html
中国疾控中心全国法定传染病疫情情况,https://www.chinacdc.cn/jksj/jksj01/202602/t20260210_315027.html,2026年1月全国传染病疫情概况,2026,1,2026-01,全国,百日咳,甲乙类合计,1,0,971,0,,,2026-05-28 00:56:43,/Users/zhoujia/code/大数据期末实验/大模型助力大数据分析/呼吸道传染病监测与早期预警分析/data/raw/chinacdc_monthly/t20260210_315027_c9f2a6961abddb35.html
中国疾控中心全国法定传染病疫情情况,https://www.chinacdc.cn/jksj/jksj01/202602/t20260210_315027.html,2026年1月全国传染病疫情概况,2026,1,2026-01,全国,白喉,甲乙类合计,0,0,0,0,,,2026-05-28 00:56:43,/Users/zhoujia/code/大数据期末实验/大模型助力大数据分析/呼吸道传染病监测与早期预警分析/data/raw/chinacdc_monthly/t20260210_315027_c9f2a6961abddb35.html
中国疾控中心全国法定传染病疫情情况,https://www.chinacdc.cn/jksj/jksj01/202602/t20260210_315027.html,2026年1月全国传染病疫情概况,2026,1,2026-01,全国,新生儿破伤风,甲乙类合计,0,0,1,0,,,2026-05-28 00:56:43,/Users/zhoujia/code/大数据期末实验/大模型助力大数据分析/呼吸道传染病监测与早期预警分析/data/raw/chinacdc_monthly/t20260210_315027_c9f2a6961abddb35.html
中国疾控中心全国法定传染病疫情情况,https://www.chinacdc.cn/jksj/jksj01/202602/t20260210_315027.html,2026年1月全国传染病疫情概况,2026,1,2026-01,全国,猩红热,甲乙类合计,1,0,2935,0,,,2026-05-28 00:56:43,/Users/zhoujia/code/大数据期末实验/大模型助力大数据分析/呼吸道传染病监测与早期预警分析/data/raw/chinacdc_monthly/t20260210_315027_c9f2a6961abddb35.html
中国疾控中心全国法定传染病疫情情况,https://www.chinacdc.cn/jksj/jksj01/202602/t20260210_315027.html,2026年1月全国传染病疫情概况,2026,1,2026-01,全国,布鲁氏菌病,甲乙类合计,0,0,3766,0,,,2026-05-28 00:56:43,/Users/zhoujia/code/大数据期末实验/大模型助力大数据分析/呼吸道传染病监测与早期预警分析/data/raw/chinacdc_monthly/t20260210_315027_c9f2a6961abddb35.html
中国疾控中心全国法定传染病疫情情况,https://www.chinacdc.cn/jksj/jksj01/202602/t20260210_315027.html,2026年1月全国传染病疫情概况,2026,1,2026-01,全国,淋病,甲乙类合计,0,0,10415,0,,,2026-05-28 00:56:43,/Users/zhoujia/code/大数据期末实验/大模型助力大数据分析/呼吸道传染病监测与早期预警分析/data/raw/chinacdc_monthly/t20260210_315027_c9f2a6961abddb35.html
中国疾控中心全国法定传染病疫情情况,https://www.chinacdc.cn/jksj/jksj01/202602/t20260210_315027.html,2026年1月全国传染病疫情概况,2026,1,2026-01,全国,梅毒,甲乙类合计,0,0,55170,0,,,2026-05-28 00:56:43,/Users/zhoujia/code/大数据期末实验/大模型助力大数据分析/呼吸道传染病监测与早期预警分析/data/raw/chinacdc_monthly/t20260210_315027_c9f2a6961abddb35.html
中国疾控中心全国法定传染病疫情情况,https://www.chinacdc.cn/jksj/jksj01/202602/t20260210_315027.html,2026年1月全国传染病疫情概况,2026,1,2026-01,全国,钩端螺旋体病,甲乙类合计,0,0,11,1,,,2026-05-28 00:56:43,/Users/zhoujia/code/大数据期末实验/大模型助力大数据分析/呼吸道传染病监测与早期预警分析/data/raw/chinacdc_monthly/t20260210_315027_c9f2a6961abddb35.html
中国疾控中心全国法定传染病疫情情况,https://www.chinacdc.cn/jksj/jksj01/202602/t20260210_315027.html,2026年1月全国传染病疫情概况,2026,1,2026-01,全国,血吸虫病,甲乙类合计,0,0,1,0,,,2026-05-28 00:56:43,/Users/zhoujia/code/大数据期末实验/大模型助力大数据分析/呼吸道传染病监测与早期预警分析/data/raw/chinacdc_monthly/t20260210_315027_c9f2a6961abddb35.html
中国疾控中心全国法定传染病疫情情况,https://www.chinacdc.cn/jksj/jksj01/202602/t20260210_315027.html,2026年1月全国传染病疫情概况,2026,1,2026-01,全国,疟疾,甲乙类合计,0,0,383,0,,,2026-05-28 00:56:43,/Users/zhoujia/code/大数据期末实验/大模型助力大数据分析/呼吸道传染病监测与早期预警分析/data/raw/chinacdc_monthly/t20260210_315027_c9f2a6961abddb35.html
中国疾控中心全国法定传染病疫情情况,https://www.chinacdc.cn/jksj/jksj01/202602/t20260210_315027.html,2026年1月全国传染病疫情概况,2026,1,2026-01,全国,丙类传染病合计,丙类合计,0,1,1620673,3,,,2026-05-28 00:56:43,/Users/zhoujia/code/大数据期末实验/大模型助力大数据分析/呼吸道传染病监测与早期预警分析/data/raw/chinacdc_monthly/t20260210_315027_c9f2a6961abddb35.html
中国疾控中心全国法定传染病疫情情况,https://www.chinacdc.cn/jksj/jksj01/202602/t20260210_315027.html,2026年1月全国传染病疫情概况,2026,1,2026-01,全国,流行性感冒,丙类合计,1,0,1361570,3,,,2026-05-28 00:56:43,/Users/zhoujia/code/大数据期末实验/大模型助力大数据分析/呼吸道传染病监测与早期预警分析/data/raw/chinacdc_monthly/t20260210_315027_c9f2a6961abddb35.html
中国疾控中心全国法定传染病疫情情况,https://www.chinacdc.cn/jksj/jksj01/202602/t20260210_315027.html,2026年1月全国传染病疫情概况,2026,1,2026-01,全国,流行性腮腺炎,丙类合计,1,0,4842,0,,,2026-05-28 00:56:43,/Users/zhoujia/code/大数据期末实验/大模型助力大数据分析/呼吸道传染病监测与早期预警分析/data/raw/chinacdc_monthly/t20260210_315027_c9f2a6961abddb35.html
中国疾控中心全国法定传染病疫情情况,https://www.chinacdc.cn/jksj/jksj01/202602/t20260210_315027.html,2026年1月全国传染病疫情概况,2026,1,2026-01,全国,风疹,丙类合计,0,0,30,0,,,2026-05-28 00:56:43,/Users/zhoujia/code/大数据期末实验/大模型助力大数据分析/呼吸道传染病监测与早期预警分析/data/raw/chinacdc_monthly/t20260210_315027_c9f2a6961abddb35.html
中国疾控中心全国法定传染病疫情情况,https://www.chinacdc.cn/jksj/jksj01/202602/t20260210_315027.html,2026年1月全国传染病疫情概况,2026,1,2026-01,全国,急性出血性结膜炎,丙类合计,0,0,1634,0,,,2026-05-28 00:56:43,/Users/zhoujia/code/大数据期末实验/大模型助力大数据分析/呼吸道传染病监测与早期预警分析/data/raw/chinacdc_monthly/t20260210_315027_c9f2a6961abddb35.html
中国疾控中心全国法定传染病疫情情况,https://www.chinacdc.cn/jksj/jksj01/202602/t20260210_315027.html,2026年1月全国传染病疫情概况,2026,1,2026-01,全国,麻风病,丙类合计,0,0,24,0,,,2026-05-28 00:56:43,/Users/zhoujia/code/大数据期末实验/大模型助力大数据分析/呼吸道传染病监测与早期预警分析/data/raw/chinacdc_monthly/t20260210_315027_c9f2a6961abddb35.html
中国疾控中心全国法定传染病疫情情况,https://www.chinacdc.cn/jksj/jksj01/202602/t20260210_315027.html,2026年1月全国传染病疫情概况,2026,1,2026-01,全国,流行性和地方性斑疹伤寒,丙类合计,0,0,51,0,,,2026-05-28 00:56:43,/Users/zhoujia/code/大数据期末实验/大模型助力大数据分析/呼吸道传染病监测与早期预警分析/data/raw/chinacdc_monthly/t20260210_315027_c9f2a6961abddb35.html
中国疾控中心全国法定传染病疫情情况,https://www.chinacdc.cn/jksj/jksj01/202602/t20260210_315027.html,2026年1月全国传染病疫情概况,2026,1,2026-01,全国,黑热病,丙类合计,0,0,39,0,,,2026-05-28 00:56:43,/Users/zhoujia/code/大数据期末实验/大模型助力大数据分析/呼吸道传染病监测与早期预警分析/data/raw/chinacdc_monthly/t20260210_315027_c9f2a6961abddb35.html
中国疾控中心全国法定传染病疫情情况,https://www.chinacdc.cn/jksj/jksj01/202602/t20260210_315027.html,2026年1月全国传染病疫情概况,2026,1,2026-01,全国,包虫病,丙类合计,0,0,451,0,,,2026-05-28 00:56:43,/Users/zhoujia/code/大数据期末实验/大模型助力大数据分析/呼吸道传染病监测与早期预警分析/data/raw/chinacdc_monthly/t20260210_315027_c9f2a6961abddb35.html
中国疾控中心全国法定传染病疫情情况,https://www.chinacdc.cn/jksj/jksj01/202602/t20260210_315027.html,2026年1月全国传染病疫情概况,2026,1,2026-01,全国,丝虫病,丙类合计,0,0,0,0,,,2026-05-28 00:56:43,/Users/zhoujia/code/大数据期末实验/大模型助力大数据分析/呼吸道传染病监测与早期预警分析/data/raw/chinacdc_monthly/t20260210_315027_c9f2a6961abddb35.html
中国疾控中心全国法定传染病疫情情况,https://www.chinacdc.cn/jksj/jksj01/202602/t20260210_315027.html,2026年1月全国传染病疫情概况,2026,1,2026-01,全国,手足口病,丙类合计,0,0,66264,0,,,2026-05-28 00:56:43,/Users/zhoujia/code/大数据期末实验/大模型助力大数据分析/呼吸道传染病监测与早期预警分析/data/raw/chinacdc_monthly/t20260210_315027_c9f2a6961abddb35.html
中国疾控中心全国法定传染病疫情情况,https://www.chinacdc.cn/jksj/jksj01/202602/t20260210_315027.html,2026年1月全国传染病疫情概况,2026,1,2026-01,全国,其他感染性腹泻病,丙类合计,0,0,185768,0,,,2026-05-28 00:56:43,/Users/zhoujia/code/大数据期末实验/大模型助力大数据分析/呼吸道传染病监测与早期预警分析/data/raw/chinacdc_monthly/t20260210_315027_c9f2a6961abddb35.html
中国疾控中心全国法定传染病疫情情况,https://www.chinacdc.cn/jksj/jksj01/202602/t20260210_315027.html,2026年1月全国传染病疫情概况,2026,1,2026-01,全国,重点监测其他传染病合计,重点监测其他传染病合计,0,1,68366,2,,,2026-05-28 00:56:43,/Users/zhoujia/code/大数据期末实验/大模型助力大数据分析/呼吸道传染病监测与早期预警分析/data/raw/chinacdc_monthly/t20260210_315027_c9f2a6961abddb35.html
中国疾控中心全国法定传染病疫情情况,https://www.chinacdc.cn/jksj/jksj01/202602/t20260210_315027.html,2026年1月全国传染病疫情概况,2026,1,2026-01,全国,中东呼吸综合征（MERS）,重点监测其他传染病合计,0,0,0,0,,,2026-05-28 00:56:43,/Users/zhoujia/code/大数据期末实验/大模型助力大数据分析/呼吸道传染病监测与早期预警分析/data/raw/chinacdc_monthly/t20260210_315027_c9f2a6961abddb35.html
中国疾控中心全国法定传染病疫情情况,https://www.chinacdc.cn/jksj/jksj01/202602/t20260210_315027.html,2026年1月全国传染病疫情概况,2026,1,2026-01,全国,埃博拉出血热,重点监测其他传染病合计,0,0,0,0,,,2026-05-28 00:56:43,/Users/zhoujia/code/大数据期末实验/大模型助力大数据分析/呼吸道传染病监测与早期预警分析/data/raw/chinacdc_monthly/t20260210_315027_c9f2a6961abddb35.html
中国疾控中心全国法定传染病疫情情况,https://www.chinacdc.cn/jksj/jksj01/202602/t20260210_315027.html,2026年1月全国传染病疫情概况,2026,1,2026-01,全国,寨卡病毒病,重点监测其他传染病合计,0,0,0,0,,,2026-05-28 00:56:43,/Users/zhoujia/code/大数据期末实验/大模型助力大数据分析/呼吸道传染病监测与早期预警分析/data/raw/chinacdc_monthly/t20260210_315027_c9f2a6961abddb35.html
中国疾控中心全国法定传染病疫情情况,https://www.chinacdc.cn/jksj/jksj01/202602/t20260210_315027.html,2026年1月全国传染病疫情概况,2026,1,2026-01,全国,基孔肯雅热,重点监测其他传染病合计,0,0,4,0,,,2026-05-28 00:56:43,/Users/zhoujia/code/大数据期末实验/大模型助力大数据分析/呼吸道传染病监测与早期预警分析/data/raw/chinacdc_monthly/t20260210_315027_c9f2a6961abddb35.html
中国疾控中心全国法定传染病疫情情况,https://www.chinacdc.cn/jksj/jksj01/202602/t20260210_315027.html,2026年1月全国传染病疫情概况,2026,1,2026-01,全国,拉沙热,重点监测其他传染病合计,0,0,1,0,,,2026-05-28 00:56:43,/Users/zhoujia/code/大数据期末实验/大模型助力大数据分析/呼吸道传染病监测与早期预警分析/data/raw/chinacdc_monthly/t20260210_315027_c9f2a6961abddb35.html
中国疾控中心全国法定传染病疫情情况,https://www.chinacdc.cn/jksj/jksj01/202602/t20260210_315027.html,2026年1月全国传染病疫情概况,2026,1,2026-01,全国,水痘,重点监测其他传染病合计,0,0,58927,1,,,2026-05-28 00:56:43,/Users/zhoujia/code/大数据期末实验/大模型助力大数据分析/呼吸道传染病监测与早期预警分析/data/raw/chinacdc_monthly/t20260210_315027_c9f2a6961abddb35.html
中国疾控中心全国法定传染病疫情情况,https://www.chinacdc.cn/jksj/jksj01/202602/t20260210_315027.html,2026年1月全国传染病疫情概况,2026,1,2026-01,全国,肝吸虫病,重点监测其他传染病合计,0,0,9408,0,,,2026-05-28 00:56:43,/Users/zhoujia/code/大数据期末实验/大模型助力大数据分析/呼吸道传染病监测与早期预警分析/data/raw/chinacdc_monthly/t20260210_315027_c9f2a6961abddb35.html
中国疾控中心全国法定传染病疫情情况,https://www.chinacdc.cn/jksj/jksj01/202602/t20260210_315027.html,2026年1月全国传染病疫情概况,2026,1,2026-01,全国,人感染猪链球菌病,重点监测其他传染病合计,0,0,25,1,,,2026-05-28 00:56:43,/Users/zhoujia/code/大数据期末实验/大模型助力大数据分析/呼吸道传染病监测与早期预警分析/data/raw/chinacdc_monthly/t20260210_315027_c9f2a6961abddb35.html
中国疾控中心全国法定传染病疫情情况,https://www.chinacdc.cn/jksj/jksj01/202602/t20260210_315027.html,2026年1月全国传染病疫情概况,2026,1,2026-01,全国,发热伴血小板减少综合征,重点监测其他传染病合计,0,0,1,0,,,2026-05-28 00:56:43,/Users/zhoujia/code/大数据期末实验/大模型助力大数据分析/呼吸道传染病监测与早期预警分析/data/raw/chinacdc_monthly/t20260210_315027_c9f2a6961abddb35.html
中国疾控中心全国法定传染病疫情情况,https://www.chinacdc.cn/jksj/jksj01/202601/t20260109_314557.html,2025年12月全国法定传染病疫情概况,2025,12,2025-12,全国,甲乙丙类传染病总计,甲乙丙类总计,0,1,7236052,2896,,,2026-05-28 00:56:43,/Users/zhoujia/code/大数据期末实验/大模型助力大数据分析/呼吸道传染病监测与早期预警分析/data/raw/chinacdc_monthly/t20260109_314557_aed7a7d713288a4c.html
中国疾控中心全国法定传染病疫情情况,https://www.chinacdc.cn/jksj/jksj01/202601/t20260109_314557.html,2025年12月全国法定传染病疫情概况,2025,12,2025-12,全国,甲乙类传染病合计,甲乙类合计,0,1,274531,2882,,,2026-05-28 00:56:43,/Users/zhoujia/code/大数据期末实验/大模型助力大数据分析/呼吸道传染病监测与早期预警分析/data/raw/chinacdc_monthly/t20260109_314557_aed7a7d713288a4c.html
中国疾控中心全国法定传染病疫情情况,https://www.chinacdc.cn/jksj/jksj01/202601/t20260109_314557.html,2025年12月全国法定传染病疫情概况,2025,12,2025-12,全国,鼠疫,甲乙类合计,0,0,0,0,,,2026-05-28 00:56:43,/Users/zhoujia/code/大数据期末实验/大模型助力大数据分析/呼吸道传染病监测与早期预警分析/data/raw/chinacdc_monthly/t20260109_314557_aed7a7d713288a4c.html
中国疾控中心全国法定传染病疫情情况,https://www.chinacdc.cn/jksj/jksj01/202601/t20260109_314557.html,2025年12月全国法定传染病疫情概况,2025,12,2025-12,全国,霍乱,甲乙类合计,0,0,0,0,,,2026-05-28 00:56:43,/Users/zhoujia/code/大数据期末实验/大模型助力大数据分析/呼吸道传染病监测与早期预警分析/data/raw/chinacdc_monthly/t20260109_314557_aed7a7d713288a4c.html
中国疾控中心全国法定传染病疫情情况,https://www.chinacdc.cn/jksj/jksj01/202601/t20260109_314557.html,2025年12月全国法定传染病疫情概况,2025,12,2025-12,全国,新型冠状病毒感染,甲乙类合计,1,0,15129,1,,,2026-05-28 00:56:43,/Users/zhoujia/code/大数据期末实验/大模型助力大数据分析/呼吸道传染病监测与早期预警分析/data/raw/chinacdc_monthly/t20260109_314557_aed7a7d713288a4c.html
中国疾控中心全国法定传染病疫情情况,https://www.chinacdc.cn/jksj/jksj01/202601/t20260109_314557.html,2025年12月全国法定传染病疫情概况,2025,12,2025-12,全国,传染性非典型肺炎,甲乙类合计,0,0,0,0,,,2026-05-28 00:56:43,/Users/zhoujia/code/大数据期末实验/大模型助力大数据分析/呼吸道传染病监测与早期预警分析/data/raw/chinacdc_monthly/t20260109_314557_aed7a7d713288a4c.html
中国疾控中心全国法定传染病疫情情况,https://www.chinacdc.cn/jksj/jksj01/202601/t20260109_314557.html,2025年12月全国法定传染病疫情概况,2025,12,2025-12,全国,艾滋病,甲乙类合计,0,0,4560,2027,,,2026-05-28 00:56:43,/Users/zhoujia/code/大数据期末实验/大模型助力大数据分析/呼吸道传染病监测与早期预警分析/data/raw/chinacdc_monthly/t20260109_314557_aed7a7d713288a4c.html
中国疾控中心全国法定传染病疫情情况,https://www.chinacdc.cn/jksj/jksj01/202601/t20260109_314557.html,2025年12月全国法定传染病疫情概况,2025,12,2025-12,全国,病毒性肝炎,甲乙类合计,0,0,128222,585,,,2026-05-28 00:56:43,/Users/zhoujia/code/大数据期末实验/大模型助力大数据分析/呼吸道传染病监测与早期预警分析/data/raw/chinacdc_monthly/t20260109_314557_aed7a7d713288a4c.html
中国疾控中心全国法定传染病疫情情况,https://www.chinacdc.cn/jksj/jksj01/202601/t20260109_314557.html,2025年12月全国法定传染病疫情概况,2025,12,2025-12,全国,甲型肝炎,甲乙类合计,0,0,1204,0,,,2026-05-28 00:56:43,/Users/zhoujia/code/大数据期末实验/大模型助力大数据分析/呼吸道传染病监测与早期预警分析/data/raw/chinacdc_monthly/t20260109_314557_aed7a7d713288a4c.html
中国疾控中心全国法定传染病疫情情况,https://www.chinacdc.cn/jksj/jksj01/202601/t20260109_314557.html,2025年12月全国法定传染病疫情概况,2025,12,2025-12,全国,乙型肝炎,甲乙类合计,0,0,109580,39,,,2026-05-28 00:56:43,/Users/zhoujia/code/大数据期末实验/大模型助力大数据分析/呼吸道传染病监测与早期预警分析/data/raw/chinacdc_monthly/t20260109_314557_aed7a7d713288a4c.html
中国疾控中心全国法定传染病疫情情况,https://www.chinacdc.cn/jksj/jksj01/202601/t20260109_314557.html,2025年12月全国法定传染病疫情概况,2025,12,2025-12,全国,丙型肝炎,甲乙类合计,0,0,14159,545,,,2026-05-28 00:56:43,/Users/zhoujia/code/大数据期末实验/大模型助力大数据分析/呼吸道传染病监测与早期预警分析/data/raw/chinacdc_monthly/t20260109_314557_aed7a7d713288a4c.html
中国疾控中心全国法定传染病疫情情况,https://www.chinacdc.cn/jksj/jksj01/202601/t20260109_314557.html,2025年12月全国法定传染病疫情概况,2025,12,2025-12,全国,丁型肝炎,甲乙类合计,0,0,33,0,,,2026-05-28 00:56:43,/Users/zhoujia/code/大数据期末实验/大模型助力大数据分析/呼吸道传染病监测与早期预警分析/data/raw/chinacdc_monthly/t20260109_314557_aed7a7d713288a4c.html
中国疾控中心全国法定传染病疫情情况,https://www.chinacdc.cn/jksj/jksj01/202601/t20260109_314557.html,2025年12月全国法定传染病疫情概况,2025,12,2025-12,全国,戊型肝炎,甲乙类合计,0,0,2543,1,,,2026-05-28 00:56:43,/Users/zhoujia/code/大数据期末实验/大模型助力大数据分析/呼吸道传染病监测与早期预警分析/data/raw/chinacdc_monthly/t20260109_314557_aed7a7d713288a4c.html
中国疾控中心全国法定传染病疫情情况,https://www.chinacdc.cn/jksj/jksj01/202601/t20260109_314557.html,2025年12月全国法定传染病疫情概况,2025,12,2025-12,全国,未分型肝炎,甲乙类合计,0,0,703,0,,,2026-05-28 00:56:43,/Users/zhoujia/code/大数据期末实验/大模型助力大数据分析/呼吸道传染病监测与早期预警分析/data/raw/chinacdc_monthly/t20260109_314557_aed7a7d713288a4c.html
中国疾控中心全国法定传染病疫情情况,https://www.chinacdc.cn/jksj/jksj01/202601/t20260109_314557.html,2025年12月全国法定传染病疫情概况,2025,12,2025-12,全国,脊髓灰质炎,甲乙类合计,0,0,0,0,,,2026-05-28 00:56:43,/Users/zhoujia/code/大数据期末实验/大模型助力大数据分析/呼吸道传染病监测与早期预警分析/data/raw/chinacdc_monthly/t20260109_314557_aed7a7d713288a4c.html
中国疾控中心全国法定传染病疫情情况,https://www.chinacdc.cn/jksj/jksj01/202601/t20260109_314557.html,2025年12月全国法定传染病疫情概况,2025,12,2025-12,全国,人感染新亚型流感,甲乙类合计,0,0,3,0,,,2026-05-28 00:56:43,/Users/zhoujia/code/大数据期末实验/大模型助力大数据分析/呼吸道传染病监测与早期预警分析/data/raw/chinacdc_monthly/t20260109_314557_aed7a7d713288a4c.html
中国疾控中心全国法定传染病疫情情况,https://www.chinacdc.cn/jksj/jksj01/202601/t20260109_314557.html,2025年12月全国法定传染病疫情概况,2025,12,2025-12,全国,麻疹,甲乙类合计,1,0,90,0,,,2026-05-28 00:56:43,/Users/zhoujia/code/大数据期末实验/大模型助力大数据分析/呼吸道传染病监测与早期预警分析/data/raw/chinacdc_monthly/t20260109_314557_aed7a7d713288a4c.html
中国疾控中心全国法定传染病疫情情况,https://www.chinacdc.cn/jksj/jksj01/202601/t20260109_314557.html,2025年12月全国法定传染病疫情概况,2025,12,2025-12,全国,流行性出血热,甲乙类合计,0,0,617,6,,,2026-05-28 00:56:43,/Users/zhoujia/code/大数据期末实验/大模型助力大数据分析/呼吸道传染病监测与早期预警分析/data/raw/chinacdc_monthly/t20260109_314557_aed7a7d713288a4c.html
中国疾控中心全国法定传染病疫情情况,https://www.chinacdc.cn/jksj/jksj01/202601/t20260109_314557.html,2025年12月全国法定传染病疫情概况,2025,12,2025-12,全国,狂犬病,甲乙类合计,0,0,28,30,,,2026-05-28 00:56:43,/Users/zhoujia/code/大数据期末实验/大模型助力大数据分析/呼吸道传染病监测与早期预警分析/data/raw/chinacdc_monthly/t20260109_314557_aed7a7d713288a4c.html
中国疾控中心全国法定传染病疫情情况,https://www.chinacdc.cn/jksj/jksj01/202601/t20260109_314557.html,2025年12月全国法定传染病疫情概况,2025,12,2025-12,全国,流行性乙型脑炎,甲乙类合计,0,0,1,0,,,2026-05-28 00:56:43,/Users/zhoujia/code/大数据期末实验/大模型助力大数据分析/呼吸道传染病监测与早期预警分析/data/raw/chinacdc_monthly/t20260109_314557_aed7a7d713288a4c.html
中国疾控中心全国法定传染病疫情情况,https://www.chinacdc.cn/jksj/jksj01/202601/t20260109_314557.html,2025年12月全国法定传染病疫情概况,2025,12,2025-12,全国,登革热,甲乙类合计,0,0,151,0,,,2026-05-28 00:56:43,/Users/zhoujia/code/大数据期末实验/大模型助力大数据分析/呼吸道传染病监测与早期预警分析/data/raw/chinacdc_monthly/t20260109_314557_aed7a7d713288a4c.html
中国疾控中心全国法定传染病疫情情况,https://www.chinacdc.cn/jksj/jksj01/202601/t20260109_314557.html,2025年12月全国法定传染病疫情概况,2025,12,2025-12,全国,猴痘,甲乙类合计,0,0,43,0,,,2026-05-28 00:56:43,/Users/zhoujia/code/大数据期末实验/大模型助力大数据分析/呼吸道传染病监测与早期预警分析/data/raw/chinacdc_monthly/t20260109_314557_aed7a7d713288a4c.html
中国疾控中心全国法定传染病疫情情况,https://www.chinacdc.cn/jksj/jksj01/202601/t20260109_314557.html,2025年12月全国法定传染病疫情概况,2025,12,2025-12,全国,炭疽,甲乙类合计,0,0,23,0,,,2026-05-28 00:56:43,/Users/zhoujia/code/大数据期末实验/大模型助力大数据分析/呼吸道传染病监测与早期预警分析/data/raw/chinacdc_monthly/t20260109_314557_aed7a7d713288a4c.html
中国疾控中心全国法定传染病疫情情况,https://www.chinacdc.cn/jksj/jksj01/202601/t20260109_314557.html,2025年12月全国法定传染病疫情概况,2025,12,2025-12,全国,细菌性和阿米巴性痢疾,甲乙类合计,0,0,1509,0,,,2026-05-28 00:56:43,/Users/zhoujia/code/大数据期末实验/大模型助力大数据分析/呼吸道传染病监测与早期预警分析/data/raw/chinacdc_monthly/t20260109_314557_aed7a7d713288a4c.html
中国疾控中心全国法定传染病疫情情况,https://www.chinacdc.cn/jksj/jksj01/202601/t20260109_314557.html,2025年12月全国法定传染病疫情概况,2025,12,2025-12,全国,肺结核,甲乙类合计,1,0,52826,228,,,2026-05-28 00:56:43,/Users/zhoujia/code/大数据期末实验/大模型助力大数据分析/呼吸道传染病监测与早期预警分析/data/raw/chinacdc_monthly/t20260109_314557_aed7a7d713288a4c.html
中国疾控中心全国法定传染病疫情情况,https://www.chinacdc.cn/jksj/jksj01/202601/t20260109_314557.html,2025年12月全国法定传染病疫情概况,2025,12,2025-12,全国,伤寒和副伤寒,甲乙类合计,0,0,349,0,,,2026-05-28 00:56:43,/Users/zhoujia/code/大数据期末实验/大模型助力大数据分析/呼吸道传染病监测与早期预警分析/data/raw/chinacdc_monthly/t20260109_314557_aed7a7d713288a4c.html
中国疾控中心全国法定传染病疫情情况,https://www.chinacdc.cn/jksj/jksj01/202601/t20260109_314557.html,2025年12月全国法定传染病疫情概况,2025,12,2025-12,全国,流行性脑脊髓膜炎,甲乙类合计,0,0,29,0,,,2026-05-28 00:56:43,/Users/zhoujia/code/大数据期末实验/大模型助力大数据分析/呼吸道传染病监测与早期预警分析/data/raw/chinacdc_monthly/t20260109_314557_aed7a7d713288a4c.html
中国疾控中心全国法定传染病疫情情况,https://www.chinacdc.cn/jksj/jksj01/202601/t20260109_314557.html,2025年12月全国法定传染病疫情概况,2025,12,2025-12,全国,百日咳,甲乙类合计,1,0,1313,0,,,2026-05-28 00:56:43,/Users/zhoujia/code/大数据期末实验/大模型助力大数据分析/呼吸道传染病监测与早期预警分析/data/raw/chinacdc_monthly/t20260109_314557_aed7a7d713288a4c.html
中国疾控中心全国法定传染病疫情情况,https://www.chinacdc.cn/jksj/jksj01/202601/t20260109_314557.html,2025年12月全国法定传染病疫情概况,2025,12,2025-12,全国,白喉,甲乙类合计,0,0,0,0,,,2026-05-28 00:56:43,/Users/zhoujia/code/大数据期末实验/大模型助力大数据分析/呼吸道传染病监测与早期预警分析/data/raw/chinacdc_monthly/t20260109_314557_aed7a7d713288a4c.html
中国疾控中心全国法定传染病疫情情况,https://www.chinacdc.cn/jksj/jksj01/202601/t20260109_314557.html,2025年12月全国法定传染病疫情概况,2025,12,2025-12,全国,新生儿破伤风,甲乙类合计,0,0,0,0,,,2026-05-28 00:56:43,/Users/zhoujia/code/大数据期末实验/大模型助力大数据分析/呼吸道传染病监测与早期预警分析/data/raw/chinacdc_monthly/t20260109_314557_aed7a7d713288a4c.html
中国疾控中心全国法定传染病疫情情况,https://www.chinacdc.cn/jksj/jksj01/202601/t20260109_314557.html,2025年12月全国法定传染病疫情概况,2025,12,2025-12,全国,猩红热,甲乙类合计,1,0,3058,0,,,2026-05-28 00:56:43,/Users/zhoujia/code/大数据期末实验/大模型助力大数据分析/呼吸道传染病监测与早期预警分析/data/raw/chinacdc_monthly/t20260109_314557_aed7a7d713288a4c.html
中国疾控中心全国法定传染病疫情情况,https://www.chinacdc.cn/jksj/jksj01/202601/t20260109_314557.html,2025年12月全国法定传染病疫情概况,2025,12,2025-12,全国,布鲁氏菌病,甲乙类合计,0,0,3420,0,,,2026-05-28 00:56:43,/Users/zhoujia/code/大数据期末实验/大模型助力大数据分析/呼吸道传染病监测与早期预警分析/data/raw/chinacdc_monthly/t20260109_314557_aed7a7d713288a4c.html
中国疾控中心全国法定传染病疫情情况,https://www.chinacdc.cn/jksj/jksj01/202601/t20260109_314557.html,2025年12月全国法定传染病疫情概况,2025,12,2025-12,全国,淋病,甲乙类合计,0,0,10547,0,,,2026-05-28 00:56:43,/Users/zhoujia/code/大数据期末实验/大模型助力大数据分析/呼吸道传染病监测与早期预警分析/data/raw/chinacdc_monthly/t20260109_314557_aed7a7d713288a4c.html
中国疾控中心全国法定传染病疫情情况,https://www.chinacdc.cn/jksj/jksj01/202601/t20260109_314557.html,2025年12月全国法定传染病疫情概况,2025,12,2025-12,全国,梅毒,甲乙类合计,0,0,52197,3,,,2026-05-28 00:56:43,/Users/zhoujia/code/大数据期末实验/大模型助力大数据分析/呼吸道传染病监测与早期预警分析/data/raw/chinacdc_monthly/t20260109_314557_aed7a7d713288a4c.html
中国疾控中心全国法定传染病疫情情况,https://www.chinacdc.cn/jksj/jksj01/202601/t20260109_314557.html,2025年12月全国法定传染病疫情概况,2025,12,2025-12,全国,钩端螺旋体病,甲乙类合计,0,0,20,0,,,2026-05-28 00:56:43,/Users/zhoujia/code/大数据期末实验/大模型助力大数据分析/呼吸道传染病监测与早期预警分析/data/raw/chinacdc_monthly/t20260109_314557_aed7a7d713288a4c.html
中国疾控中心全国法定传染病疫情情况,https://www.chinacdc.cn/jksj/jksj01/202601/t20260109_314557.html,2025年12月全国法定传染病疫情概况,2025,12,2025-12,全国,血吸虫病,甲乙类合计,0,0,3,0,,,2026-05-28 00:56:43,/Users/zhoujia/code/大数据期末实验/大模型助力大数据分析/呼吸道传染病监测与早期预警分析/data/raw/chinacdc_monthly/t20260109_314557_aed7a7d713288a4c.html
中国疾控中心全国法定传染病疫情情况,https://www.chinacdc.cn/jksj/jksj01/202601/t20260109_314557.html,2025年12月全国法定传染病疫情概况,2025,12,2025-12,全国,疟疾,甲乙类合计,0,0,393,2,,,2026-05-28 00:56:43,/Users/zhoujia/code/大数据期末实验/大模型助力大数据分析/呼吸道传染病监测与早期预警分析/data/raw/chinacdc_monthly/t20260109_314557_aed7a7d713288a4c.html
中国疾控中心全国法定传染病疫情情况,https://www.chinacdc.cn/jksj/jksj01/202601/t20260109_314557.html,2025年12月全国法定传染病疫情概况,2025,12,2025-12,全国,丙类传染病合计,丙类合计,0,1,6961521,14,,,2026-05-28 00:56:43,/Users/zhoujia/code/大数据期末实验/大模型助力大数据分析/呼吸道传染病监测与早期预警分析/data/raw/chinacdc_monthly/t20260109_314557_aed7a7d713288a4c.html
中国疾控中心全国法定传染病疫情情况,https://www.chinacdc.cn/jksj/jksj01/202601/t20260109_314557.html,2025年12月全国法定传染病疫情概况,2025,12,2025-12,全国,流行性感冒,丙类合计,1,0,6727614,14,,,2026-05-28 00:56:43,/Users/zhoujia/code/大数据期末实验/大模型助力大数据分析/呼吸道传染病监测与早期预警分析/data/raw/chinacdc_monthly/t20260109_314557_aed7a7d713288a4c.html
中国疾控中心全国法定传染病疫情情况,https://www.chinacdc.cn/jksj/jksj01/202601/t20260109_314557.html,2025年12月全国法定传染病疫情概况,2025,12,2025-12,全国,流行性腮腺炎,丙类合计,1,0,6471,0,,,2026-05-28 00:56:43,/Users/zhoujia/code/大数据期末实验/大模型助力大数据分析/呼吸道传染病监测与早期预警分析/data/raw/chinacdc_monthly/t20260109_314557_aed7a7d713288a4c.html
中国疾控中心全国法定传染病疫情情况,https://www.chinacdc.cn/jksj/jksj01/202601/t20260109_314557.html,2025年12月全国法定传染病疫情概况,2025,12,2025-12,全国,风疹,丙类合计,0,0,38,0,,,2026-05-28 00:56:43,/Users/zhoujia/code/大数据期末实验/大模型助力大数据分析/呼吸道传染病监测与早期预警分析/data/raw/chinacdc_monthly/t20260109_314557_aed7a7d713288a4c.html
中国疾控中心全国法定传染病疫情情况,https://www.chinacdc.cn/jksj/jksj01/202601/t20260109_314557.html,2025年12月全国法定传染病疫情概况,2025,12,2025-12,全国,急性出血性结膜炎,丙类合计,0,0,1560,0,,,2026-05-28 00:56:43,/Users/zhoujia/code/大数据期末实验/大模型助力大数据分析/呼吸道传染病监测与早期预警分析/data/raw/chinacdc_monthly/t20260109_314557_aed7a7d713288a4c.html
中国疾控中心全国法定传染病疫情情况,https://www.chinacdc.cn/jksj/jksj01/202601/t20260109_314557.html,2025年12月全国法定传染病疫情概况,2025,12,2025-12,全国,麻风病,丙类合计,0,0,15,0,,,2026-05-28 00:56:43,/Users/zhoujia/code/大数据期末实验/大模型助力大数据分析/呼吸道传染病监测与早期预警分析/data/raw/chinacdc_monthly/t20260109_314557_aed7a7d713288a4c.html
中国疾控中心全国法定传染病疫情情况,https://www.chinacdc.cn/jksj/jksj01/202601/t20260109_314557.html,2025年12月全国法定传染病疫情概况,2025,12,2025-12,全国,流行性和地方性斑疹伤寒,丙类合计,0,0,65,0,,,2026-05-28 00:56:43,/Users/zhoujia/code/大数据期末实验/大模型助力大数据分析/呼吸道传染病监测与早期预警分析/data/raw/chinacdc_monthly/t20260109_314557_aed7a7d713288a4c.html
中国疾控中心全国法定传染病疫情情况,https://www.chinacdc.cn/jksj/jksj01/202601/t20260109_314557.html,2025年12月全国法定传染病疫情概况,2025,12,2025-12,全国,黑热病,丙类合计,0,0,31,0,,,2026-05-28 00:56:43,/Users/zhoujia/code/大数据期末实验/大模型助力大数据分析/呼吸道传染病监测与早期预警分析/data/raw/chinacdc_monthly/t20260109_314557_aed7a7d713288a4c.html
中国疾控中心全国法定传染病疫情情况,https://www.chinacdc.cn/jksj/jksj01/202601/t20260109_314557.html,2025年12月全国法定传染病疫情概况,2025,12,2025-12,全国,包虫病,丙类合计,0,0,373,0,,,2026-05-28 00:56:43,/Users/zhoujia/code/大数据期末实验/大模型助力大数据分析/呼吸道传染病监测与早期预警分析/data/raw/chinacdc_monthly/t20260109_314557_aed7a7d713288a4c.html
中国疾控中心全国法定传染病疫情情况,https://www.chinacdc.cn/jksj/jksj01/202601/t20260109_314557.html,2025年12月全国法定传染病疫情概况,2025,12,2025-12,全国,丝虫病,丙类合计,0,0,0,0,,,2026-05-28 00:56:43,/Users/zhoujia/code/大数据期末实验/大模型助力大数据分析/呼吸道传染病监测与早期预警分析/data/raw/chinacdc_monthly/t20260109_314557_aed7a7d713288a4c.html
中国疾控中心全国法定传染病疫情情况,https://www.chinacdc.cn/jksj/jksj01/202601/t20260109_314557.html,2025年12月全国法定传染病疫情概况,2025,12,2025-12,全国,手足口病,丙类合计,0,0,106825,0,,,2026-05-28 00:56:43,/Users/zhoujia/code/大数据期末实验/大模型助力大数据分析/呼吸道传染病监测与早期预警分析/data/raw/chinacdc_monthly/t20260109_314557_aed7a7d713288a4c.html
中国疾控中心全国法定传染病疫情情况,https://www.chinacdc.cn/jksj/jksj01/202601/t20260109_314557.html,2025年12月全国法定传染病疫情概况,2025,12,2025-12,全国,其他感染性腹泻病,丙类合计,0,0,118529,0,,,2026-05-28 00:56:43,/Users/zhoujia/code/大数据期末实验/大模型助力大数据分析/呼吸道传染病监测与早期预警分析/data/raw/chinacdc_monthly/t20260109_314557_aed7a7d713288a4c.html
中国疾控中心全国法定传染病疫情情况,https://www.chinacdc.cn/jksj/jksj01/202512/t20251205_314013.html,2025年11月全国法定传染病疫情概况,2025,11,2025-11,全国,甲乙丙类传染病总计,甲乙丙类总计,0,1,5399589,2160,,,2026-05-28 00:56:43,/Users/zhoujia/code/大数据期末实验/大模型助力大数据分析/呼吸道传染病监测与早期预警分析/data/raw/chinacdc_monthly/t20251205_314013_13da40748ad3378f.html
中国疾控中心全国法定传染病疫情情况,https://www.chinacdc.cn/jksj/jksj01/202512/t20251205_314013.html,2025年11月全国法定传染病疫情概况,2025,11,2025-11,全国,甲乙类传染病合计,甲乙类合计,0,1,256976,2154,,,2026-05-28 00:56:43,/Users/zhoujia/code/大数据期末实验/大模型助力大数据分析/呼吸道传染病监测与早期预警分析/data/raw/chinacdc_monthly/t20251205_314013_13da40748ad3378f.html
中国疾控中心全国法定传染病疫情情况,https://www.chinacdc.cn/jksj/jksj01/202512/t20251205_314013.html,2025年11月全国法定传染病疫情概况,2025,11,2025-11,全国,鼠疫,甲乙类合计,0,0,0,0,,,2026-05-28 00:56:43,/Users/zhoujia/code/大数据期末实验/大模型助力大数据分析/呼吸道传染病监测与早期预警分析/data/raw/chinacdc_monthly/t20251205_314013_13da40748ad3378f.html
中国疾控中心全国法定传染病疫情情况,https://www.chinacdc.cn/jksj/jksj01/202512/t20251205_314013.html,2025年11月全国法定传染病疫情概况,2025,11,2025-11,全国,霍乱,甲乙类合计,0,0,1,0,,,2026-05-28 00:56:43,/Users/zhoujia/code/大数据期末实验/大模型助力大数据分析/呼吸道传染病监测与早期预警分析/data/raw/chinacdc_monthly/t20251205_314013_13da40748ad3378f.html
中国疾控中心全国法定传染病疫情情况,https://www.chinacdc.cn/jksj/jksj01/202512/t20251205_314013.html,2025年11月全国法定传染病疫情概况,2025,11,2025-11,全国,新型冠状病毒感染,甲乙类合计,1,0,13959,1,,,2026-05-28 00:56:43,/Users/zhoujia/code/大数据期末实验/大模型助力大数据分析/呼吸道传染病监测与早期预警分析/data/raw/chinacdc_monthly/t20251205_314013_13da40748ad3378f.html
中国疾控中心全国法定传染病疫情情况,https://www.chinacdc.cn/jksj/jksj01/202512/t20251205_314013.html,2025年11月全国法定传染病疫情概况,2025,11,2025-11,全国,传染性非典型肺炎,甲乙类合计,0,0,0,0,,,2026-05-28 00:56:43,/Users/zhoujia/code/大数据期末实验/大模型助力大数据分析/呼吸道传染病监测与早期预警分析/data/raw/chinacdc_monthly/t20251205_314013_13da40748ad3378f.html
中国疾控中心全国法定传染病疫情情况,https://www.chinacdc.cn/jksj/jksj01/202512/t20251205_314013.html,2025年11月全国法定传染病疫情概况,2025,11,2025-11,全国,艾滋病,甲乙类合计,0,0,3816,1590,,,2026-05-28 00:56:43,/Users/zhoujia/code/大数据期末实验/大模型助力大数据分析/呼吸道传染病监测与早期预警分析/data/raw/chinacdc_monthly/t20251205_314013_13da40748ad3378f.html
中国疾控中心全国法定传染病疫情情况,https://www.chinacdc.cn/jksj/jksj01/202512/t20251205_314013.html,2025年11月全国法定传染病疫情概况,2025,11,2025-11,全国,病毒性肝炎,甲乙类合计,0,0,119225,299,,,2026-05-28 00:56:43,/Users/zhoujia/code/大数据期末实验/大模型助力大数据分析/呼吸道传染病监测与早期预警分析/data/raw/chinacdc_monthly/t20251205_314013_13da40748ad3378f.html
中国疾控中心全国法定传染病疫情情况,https://www.chinacdc.cn/jksj/jksj01/202512/t20251205_314013.html,2025年11月全国法定传染病疫情概况,2025,11,2025-11,全国,甲型肝炎,甲乙类合计,0,0,1062,0,,,2026-05-28 00:56:43,/Users/zhoujia/code/大数据期末实验/大模型助力大数据分析/呼吸道传染病监测与早期预警分析/data/raw/chinacdc_monthly/t20251205_314013_13da40748ad3378f.html
中国疾控中心全国法定传染病疫情情况,https://www.chinacdc.cn/jksj/jksj01/202512/t20251205_314013.html,2025年11月全国法定传染病疫情概况,2025,11,2025-11,全国,乙型肝炎,甲乙类合计,0,0,101715,42,,,2026-05-28 00:56:43,/Users/zhoujia/code/大数据期末实验/大模型助力大数据分析/呼吸道传染病监测与早期预警分析/data/raw/chinacdc_monthly/t20251205_314013_13da40748ad3378f.html
中国疾控中心全国法定传染病疫情情况,https://www.chinacdc.cn/jksj/jksj01/202512/t20251205_314013.html,2025年11月全国法定传染病疫情概况,2025,11,2025-11,全国,丙型肝炎,甲乙类合计,0,0,13572,256,,,2026-05-28 00:56:43,/Users/zhoujia/code/大数据期末实验/大模型助力大数据分析/呼吸道传染病监测与早期预警分析/data/raw/chinacdc_monthly/t20251205_314013_13da40748ad3378f.html
中国疾控中心全国法定传染病疫情情况,https://www.chinacdc.cn/jksj/jksj01/202512/t20251205_314013.html,2025年11月全国法定传染病疫情概况,2025,11,2025-11,全国,丁型肝炎,甲乙类合计,0,0,30,0,,,2026-05-28 00:56:43,/Users/zhoujia/code/大数据期末实验/大模型助力大数据分析/呼吸道传染病监测与早期预警分析/data/raw/chinacdc_monthly/t20251205_314013_13da40748ad3378f.html
中国疾控中心全国法定传染病疫情情况,https://www.chinacdc.cn/jksj/jksj01/202512/t20251205_314013.html,2025年11月全国法定传染病疫情概况,2025,11,2025-11,全国,戊型肝炎,甲乙类合计,0,0,2287,0,,,2026-05-28 00:56:43,/Users/zhoujia/code/大数据期末实验/大模型助力大数据分析/呼吸道传染病监测与早期预警分析/data/raw/chinacdc_monthly/t20251205_314013_13da40748ad3378f.html
中国疾控中心全国法定传染病疫情情况,https://www.chinacdc.cn/jksj/jksj01/202512/t20251205_314013.html,2025年11月全国法定传染病疫情概况,2025,11,2025-11,全国,未分型肝炎,甲乙类合计,0,0,559,1,,,2026-05-28 00:56:43,/Users/zhoujia/code/大数据期末实验/大模型助力大数据分析/呼吸道传染病监测与早期预警分析/data/raw/chinacdc_monthly/t20251205_314013_13da40748ad3378f.html
中国疾控中心全国法定传染病疫情情况,https://www.chinacdc.cn/jksj/jksj01/202512/t20251205_314013.html,2025年11月全国法定传染病疫情概况,2025,11,2025-11,全国,脊髓灰质炎,甲乙类合计,0,0,0,0,,,2026-05-28 00:56:43,/Users/zhoujia/code/大数据期末实验/大模型助力大数据分析/呼吸道传染病监测与早期预警分析/data/raw/chinacdc_monthly/t20251205_314013_13da40748ad3378f.html
中国疾控中心全国法定传染病疫情情况,https://www.chinacdc.cn/jksj/jksj01/202512/t20251205_314013.html,2025年11月全国法定传染病疫情概况,2025,11,2025-11,全国,人感染新亚型流感,甲乙类合计,0,0,4,0,,,2026-05-28 00:56:43,/Users/zhoujia/code/大数据期末实验/大模型助力大数据分析/呼吸道传染病监测与早期预警分析/data/raw/chinacdc_monthly/t20251205_314013_13da40748ad3378f.html
中国疾控中心全国法定传染病疫情情况,https://www.chinacdc.cn/jksj/jksj01/202512/t20251205_314013.html,2025年11月全国法定传染病疫情概况,2025,11,2025-11,全国,麻疹,甲乙类合计,1,0,75,0,,,2026-05-28 00:56:43,/Users/zhoujia/code/大数据期末实验/大模型助力大数据分析/呼吸道传染病监测与早期预警分析/data/raw/chinacdc_monthly/t20251205_314013_13da40748ad3378f.html
中国疾控中心全国法定传染病疫情情况,https://www.chinacdc.cn/jksj/jksj01/202512/t20251205_314013.html,2025年11月全国法定传染病疫情概况,2025,11,2025-11,全国,流行性出血热,甲乙类合计,0,0,540,5,,,2026-05-28 00:56:43,/Users/zhoujia/code/大数据期末实验/大模型助力大数据分析/呼吸道传染病监测与早期预警分析/data/raw/chinacdc_monthly/t20251205_314013_13da40748ad3378f.html
中国疾控中心全国法定传染病疫情情况,https://www.chinacdc.cn/jksj/jksj01/202512/t20251205_314013.html,2025年11月全国法定传染病疫情概况,2025,11,2025-11,全国,狂犬病,甲乙类合计,0,0,25,18,,,2026-05-28 00:56:43,/Users/zhoujia/code/大数据期末实验/大模型助力大数据分析/呼吸道传染病监测与早期预警分析/data/raw/chinacdc_monthly/t20251205_314013_13da40748ad3378f.html
中国疾控中心全国法定传染病疫情情况,https://www.chinacdc.cn/jksj/jksj01/202512/t20251205_314013.html,2025年11月全国法定传染病疫情概况,2025,11,2025-11,全国,流行性乙型脑炎,甲乙类合计,0,0,5,1,,,2026-05-28 00:56:43,/Users/zhoujia/code/大数据期末实验/大模型助力大数据分析/呼吸道传染病监测与早期预警分析/data/raw/chinacdc_monthly/t20251205_314013_13da40748ad3378f.html
中国疾控中心全国法定传染病疫情情况,https://www.chinacdc.cn/jksj/jksj01/202512/t20251205_314013.html,2025年11月全国法定传染病疫情概况,2025,11,2025-11,全国,登革热,甲乙类合计,0,0,849,0,,,2026-05-28 00:56:43,/Users/zhoujia/code/大数据期末实验/大模型助力大数据分析/呼吸道传染病监测与早期预警分析/data/raw/chinacdc_monthly/t20251205_314013_13da40748ad3378f.html
中国疾控中心全国法定传染病疫情情况,https://www.chinacdc.cn/jksj/jksj01/202512/t20251205_314013.html,2025年11月全国法定传染病疫情概况,2025,11,2025-11,全国,猴痘,甲乙类合计,0,0,65,0,,,2026-05-28 00:56:43,/Users/zhoujia/code/大数据期末实验/大模型助力大数据分析/呼吸道传染病监测与早期预警分析/data/raw/chinacdc_monthly/t20251205_314013_13da40748ad3378f.html
中国疾控中心全国法定传染病疫情情况,https://www.chinacdc.cn/jksj/jksj01/202512/t20251205_314013.html,2025年11月全国法定传染病疫情概况,2025,11,2025-11,全国,炭疽,甲乙类合计,0,0,30,0,,,2026-05-28 00:56:43,/Users/zhoujia/code/大数据期末实验/大模型助力大数据分析/呼吸道传染病监测与早期预警分析/data/raw/chinacdc_monthly/t20251205_314013_13da40748ad3378f.html
中国疾控中心全国法定传染病疫情情况,https://www.chinacdc.cn/jksj/jksj01/202512/t20251205_314013.html,2025年11月全国法定传染病疫情概况,2025,11,2025-11,全国,细菌性和阿米巴性痢疾,甲乙类合计,0,0,1683,1,,,2026-05-28 00:56:43,/Users/zhoujia/code/大数据期末实验/大模型助力大数据分析/呼吸道传染病监测与早期预警分析/data/raw/chinacdc_monthly/t20251205_314013_13da40748ad3378f.html
中国疾控中心全国法定传染病疫情情况,https://www.chinacdc.cn/jksj/jksj01/202512/t20251205_314013.html,2025年11月全国法定传染病疫情概况,2025,11,2025-11,全国,肺结核,甲乙类合计,1,0,48885,234,,,2026-05-28 00:56:43,/Users/zhoujia/code/大数据期末实验/大模型助力大数据分析/呼吸道传染病监测与早期预警分析/data/raw/chinacdc_monthly/t20251205_314013_13da40748ad3378f.html
中国疾控中心全国法定传染病疫情情况,https://www.chinacdc.cn/jksj/jksj01/202512/t20251205_314013.html,2025年11月全国法定传染病疫情概况,2025,11,2025-11,全国,伤寒和副伤寒,甲乙类合计,0,0,390,0,,,2026-05-28 00:56:43,/Users/zhoujia/code/大数据期末实验/大模型助力大数据分析/呼吸道传染病监测与早期预警分析/data/raw/chinacdc_monthly/t20251205_314013_13da40748ad3378f.html
中国疾控中心全国法定传染病疫情情况,https://www.chinacdc.cn/jksj/jksj01/202512/t20251205_314013.html,2025年11月全国法定传染病疫情概况,2025,11,2025-11,全国,流行性脑脊髓膜炎,甲乙类合计,0,0,15,0,,,2026-05-28 00:56:43,/Users/zhoujia/code/大数据期末实验/大模型助力大数据分析/呼吸道传染病监测与早期预警分析/data/raw/chinacdc_monthly/t20251205_314013_13da40748ad3378f.html
中国疾控中心全国法定传染病疫情情况,https://www.chinacdc.cn/jksj/jksj01/202512/t20251205_314013.html,2025年11月全国法定传染病疫情概况,2025,11,2025-11,全国,百日咳,甲乙类合计,1,0,1246,0,,,2026-05-28 00:56:43,/Users/zhoujia/code/大数据期末实验/大模型助力大数据分析/呼吸道传染病监测与早期预警分析/data/raw/chinacdc_monthly/t20251205_314013_13da40748ad3378f.html
中国疾控中心全国法定传染病疫情情况,https://www.chinacdc.cn/jksj/jksj01/202512/t20251205_314013.html,2025年11月全国法定传染病疫情概况,2025,11,2025-11,全国,白喉,甲乙类合计,0,0,0,0,,,2026-05-28 00:56:43,/Users/zhoujia/code/大数据期末实验/大模型助力大数据分析/呼吸道传染病监测与早期预警分析/data/raw/chinacdc_monthly/t20251205_314013_13da40748ad3378f.html
中国疾控中心全国法定传染病疫情情况,https://www.chinacdc.cn/jksj/jksj01/202512/t20251205_314013.html,2025年11月全国法定传染病疫情概况,2025,11,2025-11,全国,新生儿破伤风,甲乙类合计,0,0,1,0,,,2026-05-28 00:56:43,/Users/zhoujia/code/大数据期末实验/大模型助力大数据分析/呼吸道传染病监测与早期预警分析/data/raw/chinacdc_monthly/t20251205_314013_13da40748ad3378f.html
中国疾控中心全国法定传染病疫情情况,https://www.chinacdc.cn/jksj/jksj01/202512/t20251205_314013.html,2025年11月全国法定传染病疫情概况,2025,11,2025-11,全国,猩红热,甲乙类合计,1,0,2638,0,,,2026-05-28 00:56:43,/Users/zhoujia/code/大数据期末实验/大模型助力大数据分析/呼吸道传染病监测与早期预警分析/data/raw/chinacdc_monthly/t20251205_314013_13da40748ad3378f.html
中国疾控中心全国法定传染病疫情情况,https://www.chinacdc.cn/jksj/jksj01/202512/t20251205_314013.html,2025年11月全国法定传染病疫情概况,2025,11,2025-11,全国,布鲁氏菌病,甲乙类合计,0,0,3149,0,,,2026-05-28 00:56:43,/Users/zhoujia/code/大数据期末实验/大模型助力大数据分析/呼吸道传染病监测与早期预警分析/data/raw/chinacdc_monthly/t20251205_314013_13da40748ad3378f.html
中国疾控中心全国法定传染病疫情情况,https://www.chinacdc.cn/jksj/jksj01/202512/t20251205_314013.html,2025年11月全国法定传染病疫情概况,2025,11,2025-11,全国,淋病,甲乙类合计,0,0,9639,0,,,2026-05-28 00:56:43,/Users/zhoujia/code/大数据期末实验/大模型助力大数据分析/呼吸道传染病监测与早期预警分析/data/raw/chinacdc_monthly/t20251205_314013_13da40748ad3378f.html
中国疾控中心全国法定传染病疫情情况,https://www.chinacdc.cn/jksj/jksj01/202512/t20251205_314013.html,2025年11月全国法定传染病疫情概况,2025,11,2025-11,全国,梅毒,甲乙类合计,0,0,50385,5,,,2026-05-28 00:56:43,/Users/zhoujia/code/大数据期末实验/大模型助力大数据分析/呼吸道传染病监测与早期预警分析/data/raw/chinacdc_monthly/t20251205_314013_13da40748ad3378f.html
中国疾控中心全国法定传染病疫情情况,https://www.chinacdc.cn/jksj/jksj01/202512/t20251205_314013.html,2025年11月全国法定传染病疫情概况,2025,11,2025-11,全国,钩端螺旋体病,甲乙类合计,0,0,38,0,,,2026-05-28 00:56:43,/Users/zhoujia/code/大数据期末实验/大模型助力大数据分析/呼吸道传染病监测与早期预警分析/data/raw/chinacdc_monthly/t20251205_314013_13da40748ad3378f.html
中国疾控中心全国法定传染病疫情情况,https://www.chinacdc.cn/jksj/jksj01/202512/t20251205_314013.html,2025年11月全国法定传染病疫情概况,2025,11,2025-11,全国,血吸虫病,甲乙类合计,0,0,1,0,,,2026-05-28 00:56:43,/Users/zhoujia/code/大数据期末实验/大模型助力大数据分析/呼吸道传染病监测与早期预警分析/data/raw/chinacdc_monthly/t20251205_314013_13da40748ad3378f.html
中国疾控中心全国法定传染病疫情情况,https://www.chinacdc.cn/jksj/jksj01/202512/t20251205_314013.html,2025年11月全国法定传染病疫情概况,2025,11,2025-11,全国,疟疾,甲乙类合计,0,0,312,0,,,2026-05-28 00:56:43,/Users/zhoujia/code/大数据期末实验/大模型助力大数据分析/呼吸道传染病监测与早期预警分析/data/raw/chinacdc_monthly/t20251205_314013_13da40748ad3378f.html
中国疾控中心全国法定传染病疫情情况,https://www.chinacdc.cn/jksj/jksj01/202512/t20251205_314013.html,2025年11月全国法定传染病疫情概况,2025,11,2025-11,全国,丙类传染病合计,丙类合计,0,1,5142613,6,,,2026-05-28 00:56:43,/Users/zhoujia/code/大数据期末实验/大模型助力大数据分析/呼吸道传染病监测与早期预警分析/data/raw/chinacdc_monthly/t20251205_314013_13da40748ad3378f.html
中国疾控中心全国法定传染病疫情情况,https://www.chinacdc.cn/jksj/jksj01/202512/t20251205_314013.html,2025年11月全国法定传染病疫情概况,2025,11,2025-11,全国,流行性感冒,丙类合计,1,0,4778856,4,,,2026-05-28 00:56:43,/Users/zhoujia/code/大数据期末实验/大模型助力大数据分析/呼吸道传染病监测与早期预警分析/data/raw/chinacdc_monthly/t20251205_314013_13da40748ad3378f.html
中国疾控中心全国法定传染病疫情情况,https://www.chinacdc.cn/jksj/jksj01/202512/t20251205_314013.html,2025年11月全国法定传染病疫情概况,2025,11,2025-11,全国,流行性腮腺炎,丙类合计,1,0,6700,0,,,2026-05-28 00:56:43,/Users/zhoujia/code/大数据期末实验/大模型助力大数据分析/呼吸道传染病监测与早期预警分析/data/raw/chinacdc_monthly/t20251205_314013_13da40748ad3378f.html
中国疾控中心全国法定传染病疫情情况,https://www.chinacdc.cn/jksj/jksj01/202512/t20251205_314013.html,2025年11月全国法定传染病疫情概况,2025,11,2025-11,全国,风疹,丙类合计,0,0,48,0,,,2026-05-28 00:56:43,/Users/zhoujia/code/大数据期末实验/大模型助力大数据分析/呼吸道传染病监测与早期预警分析/data/raw/chinacdc_monthly/t20251205_314013_13da40748ad3378f.html
中国疾控中心全国法定传染病疫情情况,https://www.chinacdc.cn/jksj/jksj01/202512/t20251205_314013.html,2025年11月全国法定传染病疫情概况,2025,11,2025-11,全国,急性出血性结膜炎,丙类合计,0,0,1765,0,,,2026-05-28 00:56:43,/Users/zhoujia/code/大数据期末实验/大模型助力大数据分析/呼吸道传染病监测与早期预警分析/data/raw/chinacdc_monthly/t20251205_314013_13da40748ad3378f.html
中国疾控中心全国法定传染病疫情情况,https://www.chinacdc.cn/jksj/jksj01/202512/t20251205_314013.html,2025年11月全国法定传染病疫情概况,2025,11,2025-11,全国,麻风病,丙类合计,0,0,12,0,,,2026-05-28 00:56:43,/Users/zhoujia/code/大数据期末实验/大模型助力大数据分析/呼吸道传染病监测与早期预警分析/data/raw/chinacdc_monthly/t20251205_314013_13da40748ad3378f.html
中国疾控中心全国法定传染病疫情情况,https://www.chinacdc.cn/jksj/jksj01/202512/t20251205_314013.html,2025年11月全国法定传染病疫情概况,2025,11,2025-11,全国,流行性和地方性斑疹伤寒,丙类合计,0,0,154,0,,,2026-05-28 00:56:43,/Users/zhoujia/code/大数据期末实验/大模型助力大数据分析/呼吸道传染病监测与早期预警分析/data/raw/chinacdc_monthly/t20251205_314013_13da40748ad3378f.html
中国疾控中心全国法定传染病疫情情况,https://www.chinacdc.cn/jksj/jksj01/202512/t20251205_314013.html,2025年11月全国法定传染病疫情概况,2025,11,2025-11,全国,黑热病,丙类合计,0,0,32,0,,,2026-05-28 00:56:43,/Users/zhoujia/code/大数据期末实验/大模型助力大数据分析/呼吸道传染病监测与早期预警分析/data/raw/chinacdc_monthly/t20251205_314013_13da40748ad3378f.html
中国疾控中心全国法定传染病疫情情况,https://www.chinacdc.cn/jksj/jksj01/202512/t20251205_314013.html,2025年11月全国法定传染病疫情概况,2025,11,2025-11,全国,包虫病,丙类合计,0,0,315,1,,,2026-05-28 00:56:43,/Users/zhoujia/code/大数据期末实验/大模型助力大数据分析/呼吸道传染病监测与早期预警分析/data/raw/chinacdc_monthly/t20251205_314013_13da40748ad3378f.html
中国疾控中心全国法定传染病疫情情况,https://www.chinacdc.cn/jksj/jksj01/202512/t20251205_314013.html,2025年11月全国法定传染病疫情概况,2025,11,2025-11,全国,丝虫病,丙类合计,0,0,0,0,,,2026-05-28 00:56:43,/Users/zhoujia/code/大数据期末实验/大模型助力大数据分析/呼吸道传染病监测与早期预警分析/data/raw/chinacdc_monthly/t20251205_314013_13da40748ad3378f.html
中国疾控中心全国法定传染病疫情情况,https://www.chinacdc.cn/jksj/jksj01/202512/t20251205_314013.html,2025年11月全国法定传染病疫情概况,2025,11,2025-11,全国,手足口病,丙类合计,0,0,269337,1,,,2026-05-28 00:56:43,/Users/zhoujia/code/大数据期末实验/大模型助力大数据分析/呼吸道传染病监测与早期预警分析/data/raw/chinacdc_monthly/t20251205_314013_13da40748ad3378f.html
中国疾控中心全国法定传染病疫情情况,https://www.chinacdc.cn/jksj/jksj01/202512/t20251205_314013.html,2025年11月全国法定传染病疫情概况,2025,11,2025-11,全国,其他感染性腹泻病,丙类合计,0,0,85394,0,,,2026-05-28 00:56:43,/Users/zhoujia/code/大数据期末实验/大模型助力大数据分析/呼吸道传染病监测与早期预警分析/data/raw/chinacdc_monthly/t20251205_314013_13da40748ad3378f.html
中国疾控中心全国法定传染病疫情情况,https://www.chinacdc.cn/jksj/jksj01/202511/t20251106_313323.html,2025年10月全国法定传染病疫情概况,2025,10,2025-10,全国,甲乙丙类传染病总计,甲乙丙类总计,0,1,1191646,2054,,,2026-05-28 00:56:43,/Users/zhoujia/code/大数据期末实验/大模型助力大数据分析/呼吸道传染病监测与早期预警分析/data/raw/chinacdc_monthly/t20251106_313323_01edb08166525703.html
中国疾控中心全国法定传染病疫情情况,https://www.chinacdc.cn/jksj/jksj01/202511/t20251106_313323.html,2025年10月全国法定传染病疫情概况,2025,10,2025-10,全国,甲乙类传染病合计,甲乙类合计,0,1,263787,2054,,,2026-05-28 00:56:43,/Users/zhoujia/code/大数据期末实验/大模型助力大数据分析/呼吸道传染病监测与早期预警分析/data/raw/chinacdc_monthly/t20251106_313323_01edb08166525703.html
中国疾控中心全国法定传染病疫情情况,https://www.chinacdc.cn/jksj/jksj01/202511/t20251106_313323.html,2025年10月全国法定传染病疫情概况,2025,10,2025-10,全国,鼠疫,甲乙类合计,0,0,0,0,,,2026-05-28 00:56:43,/Users/zhoujia/code/大数据期末实验/大模型助力大数据分析/呼吸道传染病监测与早期预警分析/data/raw/chinacdc_monthly/t20251106_313323_01edb08166525703.html
中国疾控中心全国法定传染病疫情情况,https://www.chinacdc.cn/jksj/jksj01/202511/t20251106_313323.html,2025年10月全国法定传染病疫情概况,2025,10,2025-10,全国,霍乱,甲乙类合计,0,0,3,0,,,2026-05-28 00:56:43,/Users/zhoujia/code/大数据期末实验/大模型助力大数据分析/呼吸道传染病监测与早期预警分析/data/raw/chinacdc_monthly/t20251106_313323_01edb08166525703.html
中国疾控中心全国法定传染病疫情情况,https://www.chinacdc.cn/jksj/jksj01/202511/t20251106_313323.html,2025年10月全国法定传染病疫情概况,2025,10,2025-10,全国,新型冠状病毒感染,甲乙类合计,1,0,18704,3,,,2026-05-28 00:56:43,/Users/zhoujia/code/大数据期末实验/大模型助力大数据分析/呼吸道传染病监测与早期预警分析/data/raw/chinacdc_monthly/t20251106_313323_01edb08166525703.html
中国疾控中心全国法定传染病疫情情况,https://www.chinacdc.cn/jksj/jksj01/202511/t20251106_313323.html,2025年10月全国法定传染病疫情概况,2025,10,2025-10,全国,传染性非典型肺炎,甲乙类合计,0,0,0,0,,,2026-05-28 00:56:43,/Users/zhoujia/code/大数据期末实验/大模型助力大数据分析/呼吸道传染病监测与早期预警分析/data/raw/chinacdc_monthly/t20251106_313323_01edb08166525703.html
中国疾控中心全国法定传染病疫情情况,https://www.chinacdc.cn/jksj/jksj01/202511/t20251106_313323.html,2025年10月全国法定传染病疫情概况,2025,10,2025-10,全国,艾滋病,甲乙类合计,0,0,3749,1532,,,2026-05-28 00:56:43,/Users/zhoujia/code/大数据期末实验/大模型助力大数据分析/呼吸道传染病监测与早期预警分析/data/raw/chinacdc_monthly/t20251106_313323_01edb08166525703.html
中国疾控中心全国法定传染病疫情情况,https://www.chinacdc.cn/jksj/jksj01/202511/t20251106_313323.html,2025年10月全国法定传染病疫情概况,2025,10,2025-10,全国,病毒性肝炎,甲乙类合计,0,0,116746,247,,,2026-05-28 00:56:43,/Users/zhoujia/code/大数据期末实验/大模型助力大数据分析/呼吸道传染病监测与早期预警分析/data/raw/chinacdc_monthly/t20251106_313323_01edb08166525703.html
中国疾控中心全国法定传染病疫情情况,https://www.chinacdc.cn/jksj/jksj01/202511/t20251106_313323.html,2025年10月全国法定传染病疫情概况,2025,10,2025-10,全国,甲型肝炎,甲乙类合计,0,0,1036,0,,,2026-05-28 00:56:43,/Users/zhoujia/code/大数据期末实验/大模型助力大数据分析/呼吸道传染病监测与早期预警分析/data/raw/chinacdc_monthly/t20251106_313323_01edb08166525703.html
中国疾控中心全国法定传染病疫情情况,https://www.chinacdc.cn/jksj/jksj01/202511/t20251106_313323.html,2025年10月全国法定传染病疫情概况,2025,10,2025-10,全国,乙型肝炎,甲乙类合计,0,0,99645,42,,,2026-05-28 00:56:43,/Users/zhoujia/code/大数据期末实验/大模型助力大数据分析/呼吸道传染病监测与早期预警分析/data/raw/chinacdc_monthly/t20251106_313323_01edb08166525703.html
中国疾控中心全国法定传染病疫情情况,https://www.chinacdc.cn/jksj/jksj01/202511/t20251106_313323.html,2025年10月全国法定传染病疫情概况,2025,10,2025-10,全国,丙型肝炎,甲乙类合计,0,0,13170,205,,,2026-05-28 00:56:43,/Users/zhoujia/code/大数据期末实验/大模型助力大数据分析/呼吸道传染病监测与早期预警分析/data/raw/chinacdc_monthly/t20251106_313323_01edb08166525703.html
中国疾控中心全国法定传染病疫情情况,https://www.chinacdc.cn/jksj/jksj01/202511/t20251106_313323.html,2025年10月全国法定传染病疫情概况,2025,10,2025-10,全国,丁型肝炎,甲乙类合计,0,0,16,0,,,2026-05-28 00:56:43,/Users/zhoujia/code/大数据期末实验/大模型助力大数据分析/呼吸道传染病监测与早期预警分析/data/raw/chinacdc_monthly/t20251106_313323_01edb08166525703.html
中国疾控中心全国法定传染病疫情情况,https://www.chinacdc.cn/jksj/jksj01/202511/t20251106_313323.html,2025年10月全国法定传染病疫情概况,2025,10,2025-10,全国,戊型肝炎,甲乙类合计,0,0,2333,0,,,2026-05-28 00:56:43,/Users/zhoujia/code/大数据期末实验/大模型助力大数据分析/呼吸道传染病监测与早期预警分析/data/raw/chinacdc_monthly/t20251106_313323_01edb08166525703.html
中国疾控中心全国法定传染病疫情情况,https://www.chinacdc.cn/jksj/jksj01/202511/t20251106_313323.html,2025年10月全国法定传染病疫情概况,2025,10,2025-10,全国,未分型肝炎,甲乙类合计,0,0,546,0,,,2026-05-28 00:56:43,/Users/zhoujia/code/大数据期末实验/大模型助力大数据分析/呼吸道传染病监测与早期预警分析/data/raw/chinacdc_monthly/t20251106_313323_01edb08166525703.html
中国疾控中心全国法定传染病疫情情况,https://www.chinacdc.cn/jksj/jksj01/202511/t20251106_313323.html,2025年10月全国法定传染病疫情概况,2025,10,2025-10,全国,脊髓灰质炎,甲乙类合计,0,0,0,0,,,2026-05-28 00:56:43,/Users/zhoujia/code/大数据期末实验/大模型助力大数据分析/呼吸道传染病监测与早期预警分析/data/raw/chinacdc_monthly/t20251106_313323_01edb08166525703.html
中国疾控中心全国法定传染病疫情情况,https://www.chinacdc.cn/jksj/jksj01/202511/t20251106_313323.html,2025年10月全国法定传染病疫情概况,2025,10,2025-10,全国,人感染新亚型流感,甲乙类合计,0,0,5,0,,,2026-05-28 00:56:43,/Users/zhoujia/code/大数据期末实验/大模型助力大数据分析/呼吸道传染病监测与早期预警分析/data/raw/chinacdc_monthly/t20251106_313323_01edb08166525703.html
中国疾控中心全国法定传染病疫情情况,https://www.chinacdc.cn/jksj/jksj01/202511/t20251106_313323.html,2025年10月全国法定传染病疫情概况,2025,10,2025-10,全国,麻疹,甲乙类合计,1,0,65,0,,,2026-05-28 00:56:43,/Users/zhoujia/code/大数据期末实验/大模型助力大数据分析/呼吸道传染病监测与早期预警分析/data/raw/chinacdc_monthly/t20251106_313323_01edb08166525703.html
中国疾控中心全国法定传染病疫情情况,https://www.chinacdc.cn/jksj/jksj01/202511/t20251106_313323.html,2025年10月全国法定传染病疫情概况,2025,10,2025-10,全国,流行性出血热,甲乙类合计,0,0,233,0,,,2026-05-28 00:56:43,/Users/zhoujia/code/大数据期末实验/大模型助力大数据分析/呼吸道传染病监测与早期预警分析/data/raw/chinacdc_monthly/t20251106_313323_01edb08166525703.html
中国疾控中心全国法定传染病疫情情况,https://www.chinacdc.cn/jksj/jksj01/202511/t20251106_313323.html,2025年10月全国法定传染病疫情概况,2025,10,2025-10,全国,狂犬病,甲乙类合计,0,0,22,22,,,2026-05-28 00:56:43,/Users/zhoujia/code/大数据期末实验/大模型助力大数据分析/呼吸道传染病监测与早期预警分析/data/raw/chinacdc_monthly/t20251106_313323_01edb08166525703.html
中国疾控中心全国法定传染病疫情情况,https://www.chinacdc.cn/jksj/jksj01/202511/t20251106_313323.html,2025年10月全国法定传染病疫情概况,2025,10,2025-10,全国,流行性乙型脑炎,甲乙类合计,0,0,21,1,,,2026-05-28 00:56:43,/Users/zhoujia/code/大数据期末实验/大模型助力大数据分析/呼吸道传染病监测与早期预警分析/data/raw/chinacdc_monthly/t20251106_313323_01edb08166525703.html
中国疾控中心全国法定传染病疫情情况,https://www.chinacdc.cn/jksj/jksj01/202511/t20251106_313323.html,2025年10月全国法定传染病疫情概况,2025,10,2025-10,全国,登革热,甲乙类合计,0,0,3727,0,,,2026-05-28 00:56:43,/Users/zhoujia/code/大数据期末实验/大模型助力大数据分析/呼吸道传染病监测与早期预警分析/data/raw/chinacdc_monthly/t20251106_313323_01edb08166525703.html
中国疾控中心全国法定传染病疫情情况,https://www.chinacdc.cn/jksj/jksj01/202511/t20251106_313323.html,2025年10月全国法定传染病疫情概况,2025,10,2025-10,全国,猴痘,甲乙类合计,0,0,71,0,,,2026-05-28 00:56:43,/Users/zhoujia/code/大数据期末实验/大模型助力大数据分析/呼吸道传染病监测与早期预警分析/data/raw/chinacdc_monthly/t20251106_313323_01edb08166525703.html
中国疾控中心全国法定传染病疫情情况,https://www.chinacdc.cn/jksj/jksj01/202511/t20251106_313323.html,2025年10月全国法定传染病疫情概况,2025,10,2025-10,全国,炭疽,甲乙类合计,0,0,34,0,,,2026-05-28 00:56:43,/Users/zhoujia/code/大数据期末实验/大模型助力大数据分析/呼吸道传染病监测与早期预警分析/data/raw/chinacdc_monthly/t20251106_313323_01edb08166525703.html
中国疾控中心全国法定传染病疫情情况,https://www.chinacdc.cn/jksj/jksj01/202511/t20251106_313323.html,2025年10月全国法定传染病疫情概况,2025,10,2025-10,全国,细菌性和阿米巴性痢疾,甲乙类合计,0,0,2501,0,,,2026-05-28 00:56:43,/Users/zhoujia/code/大数据期末实验/大模型助力大数据分析/呼吸道传染病监测与早期预警分析/data/raw/chinacdc_monthly/t20251106_313323_01edb08166525703.html
中国疾控中心全国法定传染病疫情情况,https://www.chinacdc.cn/jksj/jksj01/202511/t20251106_313323.html,2025年10月全国法定传染病疫情概况,2025,10,2025-10,全国,肺结核,甲乙类合计,1,0,50265,240,,,2026-05-28 00:56:43,/Users/zhoujia/code/大数据期末实验/大模型助力大数据分析/呼吸道传染病监测与早期预警分析/data/raw/chinacdc_monthly/t20251106_313323_01edb08166525703.html
中国疾控中心全国法定传染病疫情情况,https://www.chinacdc.cn/jksj/jksj01/202511/t20251106_313323.html,2025年10月全国法定传染病疫情概况,2025,10,2025-10,全国,伤寒和副伤寒,甲乙类合计,0,0,511,0,,,2026-05-28 00:56:43,/Users/zhoujia/code/大数据期末实验/大模型助力大数据分析/呼吸道传染病监测与早期预警分析/data/raw/chinacdc_monthly/t20251106_313323_01edb08166525703.html
中国疾控中心全国法定传染病疫情情况,https://www.chinacdc.cn/jksj/jksj01/202511/t20251106_313323.html,2025年10月全国法定传染病疫情概况,2025,10,2025-10,全国,流行性脑脊髓膜炎,甲乙类合计,0,0,9,0,,,2026-05-28 00:56:43,/Users/zhoujia/code/大数据期末实验/大模型助力大数据分析/呼吸道传染病监测与早期预警分析/data/raw/chinacdc_monthly/t20251106_313323_01edb08166525703.html
中国疾控中心全国法定传染病疫情情况,https://www.chinacdc.cn/jksj/jksj01/202511/t20251106_313323.html,2025年10月全国法定传染病疫情概况,2025,10,2025-10,全国,百日咳,甲乙类合计,1,0,893,0,,,2026-05-28 00:56:43,/Users/zhoujia/code/大数据期末实验/大模型助力大数据分析/呼吸道传染病监测与早期预警分析/data/raw/chinacdc_monthly/t20251106_313323_01edb08166525703.html
中国疾控中心全国法定传染病疫情情况,https://www.chinacdc.cn/jksj/jksj01/202511/t20251106_313323.html,2025年10月全国法定传染病疫情概况,2025,10,2025-10,全国,白喉,甲乙类合计,0,0,0,0,,,2026-05-28 00:56:43,/Users/zhoujia/code/大数据期末实验/大模型助力大数据分析/呼吸道传染病监测与早期预警分析/data/raw/chinacdc_monthly/t20251106_313323_01edb08166525703.html
中国疾控中心全国法定传染病疫情情况,https://www.chinacdc.cn/jksj/jksj01/202511/t20251106_313323.html,2025年10月全国法定传染病疫情概况,2025,10,2025-10,全国,新生儿破伤风,甲乙类合计,0,0,0,0,,,2026-05-28 00:56:43,/Users/zhoujia/code/大数据期末实验/大模型助力大数据分析/呼吸道传染病监测与早期预警分析/data/raw/chinacdc_monthly/t20251106_313323_01edb08166525703.html
中国疾控中心全国法定传染病疫情情况,https://www.chinacdc.cn/jksj/jksj01/202511/t20251106_313323.html,2025年10月全国法定传染病疫情概况,2025,10,2025-10,全国,猩红热,甲乙类合计,1,0,2073,0,,,2026-05-28 00:56:43,/Users/zhoujia/code/大数据期末实验/大模型助力大数据分析/呼吸道传染病监测与早期预警分析/data/raw/chinacdc_monthly/t20251106_313323_01edb08166525703.html
中国疾控中心全国法定传染病疫情情况,https://www.chinacdc.cn/jksj/jksj01/202511/t20251106_313323.html,2025年10月全国法定传染病疫情概况,2025,10,2025-10,全国,布鲁氏菌病,甲乙类合计,0,0,3298,0,,,2026-05-28 00:56:43,/Users/zhoujia/code/大数据期末实验/大模型助力大数据分析/呼吸道传染病监测与早期预警分析/data/raw/chinacdc_monthly/t20251106_313323_01edb08166525703.html
中国疾控中心全国法定传染病疫情情况,https://www.chinacdc.cn/jksj/jksj01/202511/t20251106_313323.html,2025年10月全国法定传染病疫情概况,2025,10,2025-10,全国,淋病,甲乙类合计,0,0,10003,1,,,2026-05-28 00:56:43,/Users/zhoujia/code/大数据期末实验/大模型助力大数据分析/呼吸道传染病监测与早期预警分析/data/raw/chinacdc_monthly/t20251106_313323_01edb08166525703.html
中国疾控中心全国法定传染病疫情情况,https://www.chinacdc.cn/jksj/jksj01/202511/t20251106_313323.html,2025年10月全国法定传染病疫情概况,2025,10,2025-10,全国,梅毒,甲乙类合计,0,0,50354,7,,,2026-05-28 00:56:43,/Users/zhoujia/code/大数据期末实验/大模型助力大数据分析/呼吸道传染病监测与早期预警分析/data/raw/chinacdc_monthly/t20251106_313323_01edb08166525703.html
中国疾控中心全国法定传染病疫情情况,https://www.chinacdc.cn/jksj/jksj01/202511/t20251106_313323.html,2025年10月全国法定传染病疫情概况,2025,10,2025-10,全国,钩端螺旋体病,甲乙类合计,0,0,169,0,,,2026-05-28 00:56:43,/Users/zhoujia/code/大数据期末实验/大模型助力大数据分析/呼吸道传染病监测与早期预警分析/data/raw/chinacdc_monthly/t20251106_313323_01edb08166525703.html
中国疾控中心全国法定传染病疫情情况,https://www.chinacdc.cn/jksj/jksj01/202511/t20251106_313323.html,2025年10月全国法定传染病疫情概况,2025,10,2025-10,全国,血吸虫病,甲乙类合计,0,0,0,0,,,2026-05-28 00:56:43,/Users/zhoujia/code/大数据期末实验/大模型助力大数据分析/呼吸道传染病监测与早期预警分析/data/raw/chinacdc_monthly/t20251106_313323_01edb08166525703.html
中国疾控中心全国法定传染病疫情情况,https://www.chinacdc.cn/jksj/jksj01/202511/t20251106_313323.html,2025年10月全国法定传染病疫情概况,2025,10,2025-10,全国,疟疾,甲乙类合计,0,0,331,1,,,2026-05-28 00:56:43,/Users/zhoujia/code/大数据期末实验/大模型助力大数据分析/呼吸道传染病监测与早期预警分析/data/raw/chinacdc_monthly/t20251106_313323_01edb08166525703.html
中国疾控中心全国法定传染病疫情情况,https://www.chinacdc.cn/jksj/jksj01/202511/t20251106_313323.html,2025年10月全国法定传染病疫情概况,2025,10,2025-10,全国,丙类传染病合计,丙类合计,0,1,927859,0,,,2026-05-28 00:56:43,/Users/zhoujia/code/大数据期末实验/大模型助力大数据分析/呼吸道传染病监测与早期预警分析/data/raw/chinacdc_monthly/t20251106_313323_01edb08166525703.html
中国疾控中心全国法定传染病疫情情况,https://www.chinacdc.cn/jksj/jksj01/202511/t20251106_313323.html,2025年10月全国法定传染病疫情概况,2025,10,2025-10,全国,流行性感冒,丙类合计,1,0,427083,0,,,2026-05-28 00:56:43,/Users/zhoujia/code/大数据期末实验/大模型助力大数据分析/呼吸道传染病监测与早期预警分析/data/raw/chinacdc_monthly/t20251106_313323_01edb08166525703.html
中国疾控中心全国法定传染病疫情情况,https://www.chinacdc.cn/jksj/jksj01/202511/t20251106_313323.html,2025年10月全国法定传染病疫情概况,2025,10,2025-10,全国,流行性腮腺炎,丙类合计,1,0,7093,0,,,2026-05-28 00:56:43,/Users/zhoujia/code/大数据期末实验/大模型助力大数据分析/呼吸道传染病监测与早期预警分析/data/raw/chinacdc_monthly/t20251106_313323_01edb08166525703.html
中国疾控中心全国法定传染病疫情情况,https://www.chinacdc.cn/jksj/jksj01/202511/t20251106_313323.html,2025年10月全国法定传染病疫情概况,2025,10,2025-10,全国,风疹,丙类合计,0,0,53,0,,,2026-05-28 00:56:43,/Users/zhoujia/code/大数据期末实验/大模型助力大数据分析/呼吸道传染病监测与早期预警分析/data/raw/chinacdc_monthly/t20251106_313323_01edb08166525703.html
中国疾控中心全国法定传染病疫情情况,https://www.chinacdc.cn/jksj/jksj01/202511/t20251106_313323.html,2025年10月全国法定传染病疫情概况,2025,10,2025-10,全国,急性出血性结膜炎,丙类合计,0,0,1790,0,,,2026-05-28 00:56:43,/Users/zhoujia/code/大数据期末实验/大模型助力大数据分析/呼吸道传染病监测与早期预警分析/data/raw/chinacdc_monthly/t20251106_313323_01edb08166525703.html
中国疾控中心全国法定传染病疫情情况,https://www.chinacdc.cn/jksj/jksj01/202511/t20251106_313323.html,2025年10月全国法定传染病疫情概况,2025,10,2025-10,全国,麻风病,丙类合计,0,0,14,0,,,2026-05-28 00:56:43,/Users/zhoujia/code/大数据期末实验/大模型助力大数据分析/呼吸道传染病监测与早期预警分析/data/raw/chinacdc_monthly/t20251106_313323_01edb08166525703.html
中国疾控中心全国法定传染病疫情情况,https://www.chinacdc.cn/jksj/jksj01/202511/t20251106_313323.html,2025年10月全国法定传染病疫情概况,2025,10,2025-10,全国,流行性和地方性斑疹伤寒,丙类合计,0,0,165,0,,,2026-05-28 00:56:43,/Users/zhoujia/code/大数据期末实验/大模型助力大数据分析/呼吸道传染病监测与早期预警分析/data/raw/chinacdc_monthly/t20251106_313323_01edb08166525703.html
中国疾控中心全国法定传染病疫情情况,https://www.chinacdc.cn/jksj/jksj01/202511/t20251106_313323.html,2025年10月全国法定传染病疫情概况,2025,10,2025-10,全国,黑热病,丙类合计,0,0,25,0,,,2026-05-28 00:56:43,/Users/zhoujia/code/大数据期末实验/大模型助力大数据分析/呼吸道传染病监测与早期预警分析/data/raw/chinacdc_monthly/t20251106_313323_01edb08166525703.html
中国疾控中心全国法定传染病疫情情况,https://www.chinacdc.cn/jksj/jksj01/202511/t20251106_313323.html,2025年10月全国法定传染病疫情概况,2025,10,2025-10,全国,包虫病,丙类合计,0,0,242,0,,,2026-05-28 00:56:43,/Users/zhoujia/code/大数据期末实验/大模型助力大数据分析/呼吸道传染病监测与早期预警分析/data/raw/chinacdc_monthly/t20251106_313323_01edb08166525703.html
中国疾控中心全国法定传染病疫情情况,https://www.chinacdc.cn/jksj/jksj01/202511/t20251106_313323.html,2025年10月全国法定传染病疫情概况,2025,10,2025-10,全国,丝虫病,丙类合计,0,0,0,0,,,2026-05-28 00:56:43,/Users/zhoujia/code/大数据期末实验/大模型助力大数据分析/呼吸道传染病监测与早期预警分析/data/raw/chinacdc_monthly/t20251106_313323_01edb08166525703.html
中国疾控中心全国法定传染病疫情情况,https://www.chinacdc.cn/jksj/jksj01/202511/t20251106_313323.html,2025年10月全国法定传染病疫情概况,2025,10,2025-10,全国,手足口病,丙类合计,0,0,378738,0,,,2026-05-28 00:56:43,/Users/zhoujia/code/大数据期末实验/大模型助力大数据分析/呼吸道传染病监测与早期预警分析/data/raw/chinacdc_monthly/t20251106_313323_01edb08166525703.html
中国疾控中心全国法定传染病疫情情况,https://www.chinacdc.cn/jksj/jksj01/202511/t20251106_313323.html,2025年10月全国法定传染病疫情概况,2025,10,2025-10,全国,其他感染性腹泻病,丙类合计,0,0,112656,0,,,2026-05-28 00:56:43,/Users/zhoujia/code/大数据期末实验/大模型助力大数据分析/呼吸道传染病监测与早期预警分析/data/raw/chinacdc_monthly/t20251106_313323_01edb08166525703.html
中国疾控中心全国法定传染病疫情情况,https://www.chinacdc.cn/jksj/jksj01/202510/t20251011_312919.html,2025年9月全国法定传染病疫情概况,2025,9,2025-09,全国,甲乙丙类传染病总计,甲乙丙类总计,0,1,785983,2308,,,2026-05-28 00:56:43,/Users/zhoujia/code/大数据期末实验/大模型助力大数据分析/呼吸道传染病监测与早期预警分析/data/raw/chinacdc_monthly/t20251011_312919_c3dc11db266c07e2.html
中国疾控中心全国法定传染病疫情情况,https://www.chinacdc.cn/jksj/jksj01/202510/t20251011_312919.html,2025年9月全国法定传染病疫情概况,2025,9,2025-09,全国,甲乙类传染病合计,甲乙类合计,0,1,332321,2306,,,2026-05-28 00:56:43,/Users/zhoujia/code/大数据期末实验/大模型助力大数据分析/呼吸道传染病监测与早期预警分析/data/raw/chinacdc_monthly/t20251011_312919_c3dc11db266c07e2.html
中国疾控中心全国法定传染病疫情情况,https://www.chinacdc.cn/jksj/jksj01/202510/t20251011_312919.html,2025年9月全国法定传染病疫情概况,2025,9,2025-09,全国,鼠疫,甲乙类合计,0,0,0,0,,,2026-05-28 00:56:43,/Users/zhoujia/code/大数据期末实验/大模型助力大数据分析/呼吸道传染病监测与早期预警分析/data/raw/chinacdc_monthly/t20251011_312919_c3dc11db266c07e2.html
中国疾控中心全国法定传染病疫情情况,https://www.chinacdc.cn/jksj/jksj01/202510/t20251011_312919.html,2025年9月全国法定传染病疫情概况,2025,9,2025-09,全国,霍乱,甲乙类合计,0,0,1,0,,,2026-05-28 00:56:43,/Users/zhoujia/code/大数据期末实验/大模型助力大数据分析/呼吸道传染病监测与早期预警分析/data/raw/chinacdc_monthly/t20251011_312919_c3dc11db266c07e2.html
中国疾控中心全国法定传染病疫情情况,https://www.chinacdc.cn/jksj/jksj01/202510/t20251011_312919.html,2025年9月全国法定传染病疫情概况,2025,9,2025-09,全国,新型冠状病毒感染,甲乙类合计,1,0,66915,4,,,2026-05-28 00:56:43,/Users/zhoujia/code/大数据期末实验/大模型助力大数据分析/呼吸道传染病监测与早期预警分析/data/raw/chinacdc_monthly/t20251011_312919_c3dc11db266c07e2.html
中国疾控中心全国法定传染病疫情情况,https://www.chinacdc.cn/jksj/jksj01/202510/t20251011_312919.html,2025年9月全国法定传染病疫情概况,2025,9,2025-09,全国,传染性非典型肺炎,甲乙类合计,0,0,0,0,,,2026-05-28 00:56:43,/Users/zhoujia/code/大数据期末实验/大模型助力大数据分析/呼吸道传染病监测与早期预警分析/data/raw/chinacdc_monthly/t20251011_312919_c3dc11db266c07e2.html
中国疾控中心全国法定传染病疫情情况,https://www.chinacdc.cn/jksj/jksj01/202510/t20251011_312919.html,2025年9月全国法定传染病疫情概况,2025,9,2025-09,全国,艾滋病,甲乙类合计,0,0,4571,1675,,,2026-05-28 00:56:43,/Users/zhoujia/code/大数据期末实验/大模型助力大数据分析/呼吸道传染病监测与早期预警分析/data/raw/chinacdc_monthly/t20251011_312919_c3dc11db266c07e2.html
中国疾控中心全国法定传染病疫情情况,https://www.chinacdc.cn/jksj/jksj01/202510/t20251011_312919.html,2025年9月全国法定传染病疫情概况,2025,9,2025-09,全国,病毒性肝炎,甲乙类合计,0,0,125571,324,,,2026-05-28 00:56:43,/Users/zhoujia/code/大数据期末实验/大模型助力大数据分析/呼吸道传染病监测与早期预警分析/data/raw/chinacdc_monthly/t20251011_312919_c3dc11db266c07e2.html
中国疾控中心全国法定传染病疫情情况,https://www.chinacdc.cn/jksj/jksj01/202510/t20251011_312919.html,2025年9月全国法定传染病疫情概况,2025,9,2025-09,全国,甲型肝炎,甲乙类合计,0,0,1228,0,,,2026-05-28 00:56:43,/Users/zhoujia/code/大数据期末实验/大模型助力大数据分析/呼吸道传染病监测与早期预警分析/data/raw/chinacdc_monthly/t20251011_312919_c3dc11db266c07e2.html
中国疾控中心全国法定传染病疫情情况,https://www.chinacdc.cn/jksj/jksj01/202510/t20251011_312919.html,2025年9月全国法定传染病疫情概况,2025,9,2025-09,全国,乙型肝炎,甲乙类合计,0,0,105931,41,,,2026-05-28 00:56:43,/Users/zhoujia/code/大数据期末实验/大模型助力大数据分析/呼吸道传染病监测与早期预警分析/data/raw/chinacdc_monthly/t20251011_312919_c3dc11db266c07e2.html
中国疾控中心全国法定传染病疫情情况,https://www.chinacdc.cn/jksj/jksj01/202510/t20251011_312919.html,2025年9月全国法定传染病疫情概况,2025,9,2025-09,全国,丙型肝炎,甲乙类合计,0,0,14991,282,,,2026-05-28 00:56:43,/Users/zhoujia/code/大数据期末实验/大模型助力大数据分析/呼吸道传染病监测与早期预警分析/data/raw/chinacdc_monthly/t20251011_312919_c3dc11db266c07e2.html
中国疾控中心全国法定传染病疫情情况,https://www.chinacdc.cn/jksj/jksj01/202510/t20251011_312919.html,2025年9月全国法定传染病疫情概况,2025,9,2025-09,全国,丁型肝炎,甲乙类合计,0,0,27,0,,,2026-05-28 00:56:43,/Users/zhoujia/code/大数据期末实验/大模型助力大数据分析/呼吸道传染病监测与早期预警分析/data/raw/chinacdc_monthly/t20251011_312919_c3dc11db266c07e2.html
中国疾控中心全国法定传染病疫情情况,https://www.chinacdc.cn/jksj/jksj01/202510/t20251011_312919.html,2025年9月全国法定传染病疫情概况,2025,9,2025-09,全国,戊型肝炎,甲乙类合计,0,0,2798,0,,,2026-05-28 00:56:43,/Users/zhoujia/code/大数据期末实验/大模型助力大数据分析/呼吸道传染病监测与早期预警分析/data/raw/chinacdc_monthly/t20251011_312919_c3dc11db266c07e2.html
中国疾控中心全国法定传染病疫情情况,https://www.chinacdc.cn/jksj/jksj01/202510/t20251011_312919.html,2025年9月全国法定传染病疫情概况,2025,9,2025-09,全国,未分型肝炎,甲乙类合计,0,0,596,1,,,2026-05-28 00:56:43,/Users/zhoujia/code/大数据期末实验/大模型助力大数据分析/呼吸道传染病监测与早期预警分析/data/raw/chinacdc_monthly/t20251011_312919_c3dc11db266c07e2.html
中国疾控中心全国法定传染病疫情情况,https://www.chinacdc.cn/jksj/jksj01/202510/t20251011_312919.html,2025年9月全国法定传染病疫情概况,2025,9,2025-09,全国,脊髓灰质炎,甲乙类合计,0,0,0,0,,,2026-05-28 00:56:43,/Users/zhoujia/code/大数据期末实验/大模型助力大数据分析/呼吸道传染病监测与早期预警分析/data/raw/chinacdc_monthly/t20251011_312919_c3dc11db266c07e2.html
中国疾控中心全国法定传染病疫情情况,https://www.chinacdc.cn/jksj/jksj01/202510/t20251011_312919.html,2025年9月全国法定传染病疫情概况,2025,9,2025-09,全国,人感染新亚型流感,甲乙类合计,0,0,2,0,,,2026-05-28 00:56:43,/Users/zhoujia/code/大数据期末实验/大模型助力大数据分析/呼吸道传染病监测与早期预警分析/data/raw/chinacdc_monthly/t20251011_312919_c3dc11db266c07e2.html
中国疾控中心全国法定传染病疫情情况,https://www.chinacdc.cn/jksj/jksj01/202510/t20251011_312919.html,2025年9月全国法定传染病疫情概况,2025,9,2025-09,全国,麻疹,甲乙类合计,1,0,55,0,,,2026-05-28 00:56:43,/Users/zhoujia/code/大数据期末实验/大模型助力大数据分析/呼吸道传染病监测与早期预警分析/data/raw/chinacdc_monthly/t20251011_312919_c3dc11db266c07e2.html
中国疾控中心全国法定传染病疫情情况,https://www.chinacdc.cn/jksj/jksj01/202510/t20251011_312919.html,2025年9月全国法定传染病疫情概况,2025,9,2025-09,全国,流行性出血热,甲乙类合计,0,0,102,0,,,2026-05-28 00:56:43,/Users/zhoujia/code/大数据期末实验/大模型助力大数据分析/呼吸道传染病监测与早期预警分析/data/raw/chinacdc_monthly/t20251011_312919_c3dc11db266c07e2.html
中国疾控中心全国法定传染病疫情情况,https://www.chinacdc.cn/jksj/jksj01/202510/t20251011_312919.html,2025年9月全国法定传染病疫情概况,2025,9,2025-09,全国,狂犬病,甲乙类合计,0,0,26,29,,,2026-05-28 00:56:43,/Users/zhoujia/code/大数据期末实验/大模型助力大数据分析/呼吸道传染病监测与早期预警分析/data/raw/chinacdc_monthly/t20251011_312919_c3dc11db266c07e2.html
中国疾控中心全国法定传染病疫情情况,https://www.chinacdc.cn/jksj/jksj01/202510/t20251011_312919.html,2025年9月全国法定传染病疫情概况,2025,9,2025-09,全国,流行性乙型脑炎,甲乙类合计,0,0,66,3,,,2026-05-28 00:56:43,/Users/zhoujia/code/大数据期末实验/大模型助力大数据分析/呼吸道传染病监测与早期预警分析/data/raw/chinacdc_monthly/t20251011_312919_c3dc11db266c07e2.html
中国疾控中心全国法定传染病疫情情况,https://www.chinacdc.cn/jksj/jksj01/202510/t20251011_312919.html,2025年9月全国法定传染病疫情概况,2025,9,2025-09,全国,登革热,甲乙类合计,0,0,2321,0,,,2026-05-28 00:56:43,/Users/zhoujia/code/大数据期末实验/大模型助力大数据分析/呼吸道传染病监测与早期预警分析/data/raw/chinacdc_monthly/t20251011_312919_c3dc11db266c07e2.html
中国疾控中心全国法定传染病疫情情况,https://www.chinacdc.cn/jksj/jksj01/202510/t20251011_312919.html,2025年9月全国法定传染病疫情概况,2025,9,2025-09,全国,猴痘,甲乙类合计,0,0,84,0,,,2026-05-28 00:56:43,/Users/zhoujia/code/大数据期末实验/大模型助力大数据分析/呼吸道传染病监测与早期预警分析/data/raw/chinacdc_monthly/t20251011_312919_c3dc11db266c07e2.html
中国疾控中心全国法定传染病疫情情况,https://www.chinacdc.cn/jksj/jksj01/202510/t20251011_312919.html,2025年9月全国法定传染病疫情概况,2025,9,2025-09,全国,炭疽,甲乙类合计,0,0,68,1,,,2026-05-28 00:56:43,/Users/zhoujia/code/大数据期末实验/大模型助力大数据分析/呼吸道传染病监测与早期预警分析/data/raw/chinacdc_monthly/t20251011_312919_c3dc11db266c07e2.html
中国疾控中心全国法定传染病疫情情况,https://www.chinacdc.cn/jksj/jksj01/202510/t20251011_312919.html,2025年9月全国法定传染病疫情概况,2025,9,2025-09,全国,细菌性和阿米巴性痢疾,甲乙类合计,0,0,3064,0,,,2026-05-28 00:56:43,/Users/zhoujia/code/大数据期末实验/大模型助力大数据分析/呼吸道传染病监测与早期预警分析/data/raw/chinacdc_monthly/t20251011_312919_c3dc11db266c07e2.html
中国疾控中心全国法定传染病疫情情况,https://www.chinacdc.cn/jksj/jksj01/202510/t20251011_312919.html,2025年9月全国法定传染病疫情概况,2025,9,2025-09,全国,肺结核,甲乙类合计,1,0,56168,262,,,2026-05-28 00:56:43,/Users/zhoujia/code/大数据期末实验/大模型助力大数据分析/呼吸道传染病监测与早期预警分析/data/raw/chinacdc_monthly/t20251011_312919_c3dc11db266c07e2.html
中国疾控中心全国法定传染病疫情情况,https://www.chinacdc.cn/jksj/jksj01/202510/t20251011_312919.html,2025年9月全国法定传染病疫情概况,2025,9,2025-09,全国,伤寒和副伤寒,甲乙类合计,0,0,619,0,,,2026-05-28 00:56:43,/Users/zhoujia/code/大数据期末实验/大模型助力大数据分析/呼吸道传染病监测与早期预警分析/data/raw/chinacdc_monthly/t20251011_312919_c3dc11db266c07e2.html
中国疾控中心全国法定传染病疫情情况,https://www.chinacdc.cn/jksj/jksj01/202510/t20251011_312919.html,2025年9月全国法定传染病疫情概况,2025,9,2025-09,全国,流行性脑脊髓膜炎,甲乙类合计,0,0,10,0,,,2026-05-28 00:56:43,/Users/zhoujia/code/大数据期末实验/大模型助力大数据分析/呼吸道传染病监测与早期预警分析/data/raw/chinacdc_monthly/t20251011_312919_c3dc11db266c07e2.html
中国疾控中心全国法定传染病疫情情况,https://www.chinacdc.cn/jksj/jksj01/202510/t20251011_312919.html,2025年9月全国法定传染病疫情概况,2025,9,2025-09,全国,百日咳,甲乙类合计,1,0,1028,0,,,2026-05-28 00:56:43,/Users/zhoujia/code/大数据期末实验/大模型助力大数据分析/呼吸道传染病监测与早期预警分析/data/raw/chinacdc_monthly/t20251011_312919_c3dc11db266c07e2.html
中国疾控中心全国法定传染病疫情情况,https://www.chinacdc.cn/jksj/jksj01/202510/t20251011_312919.html,2025年9月全国法定传染病疫情概况,2025,9,2025-09,全国,白喉,甲乙类合计,0,0,0,0,,,2026-05-28 00:56:43,/Users/zhoujia/code/大数据期末实验/大模型助力大数据分析/呼吸道传染病监测与早期预警分析/data/raw/chinacdc_monthly/t20251011_312919_c3dc11db266c07e2.html
中国疾控中心全国法定传染病疫情情况,https://www.chinacdc.cn/jksj/jksj01/202510/t20251011_312919.html,2025年9月全国法定传染病疫情概况,2025,9,2025-09,全国,新生儿破伤风,甲乙类合计,0,0,0,0,,,2026-05-28 00:56:43,/Users/zhoujia/code/大数据期末实验/大模型助力大数据分析/呼吸道传染病监测与早期预警分析/data/raw/chinacdc_monthly/t20251011_312919_c3dc11db266c07e2.html
中国疾控中心全国法定传染病疫情情况,https://www.chinacdc.cn/jksj/jksj01/202510/t20251011_312919.html,2025年9月全国法定传染病疫情概况,2025,9,2025-09,全国,猩红热,甲乙类合计,1,0,1925,0,,,2026-05-28 00:56:43,/Users/zhoujia/code/大数据期末实验/大模型助力大数据分析/呼吸道传染病监测与早期预警分析/data/raw/chinacdc_monthly/t20251011_312919_c3dc11db266c07e2.html
中国疾控中心全国法定传染病疫情情况,https://www.chinacdc.cn/jksj/jksj01/202510/t20251011_312919.html,2025年9月全国法定传染病疫情概况,2025,9,2025-09,全国,布鲁氏菌病,甲乙类合计,0,0,4835,0,,,2026-05-28 00:56:43,/Users/zhoujia/code/大数据期末实验/大模型助力大数据分析/呼吸道传染病监测与早期预警分析/data/raw/chinacdc_monthly/t20251011_312919_c3dc11db266c07e2.html
中国疾控中心全国法定传染病疫情情况,https://www.chinacdc.cn/jksj/jksj01/202510/t20251011_312919.html,2025年9月全国法定传染病疫情概况,2025,9,2025-09,全国,淋病,甲乙类合计,0,0,10540,1,,,2026-05-28 00:56:43,/Users/zhoujia/code/大数据期末实验/大模型助力大数据分析/呼吸道传染病监测与早期预警分析/data/raw/chinacdc_monthly/t20251011_312919_c3dc11db266c07e2.html
中国疾控中心全国法定传染病疫情情况,https://www.chinacdc.cn/jksj/jksj01/202510/t20251011_312919.html,2025年9月全国法定传染病疫情概况,2025,9,2025-09,全国,梅毒,甲乙类合计,0,0,53818,5,,,2026-05-28 00:56:43,/Users/zhoujia/code/大数据期末实验/大模型助力大数据分析/呼吸道传染病监测与早期预警分析/data/raw/chinacdc_monthly/t20251011_312919_c3dc11db266c07e2.html
中国疾控中心全国法定传染病疫情情况,https://www.chinacdc.cn/jksj/jksj01/202510/t20251011_312919.html,2025年9月全国法定传染病疫情概况,2025,9,2025-09,全国,钩端螺旋体病,甲乙类合计,0,0,176,2,,,2026-05-28 00:56:43,/Users/zhoujia/code/大数据期末实验/大模型助力大数据分析/呼吸道传染病监测与早期预警分析/data/raw/chinacdc_monthly/t20251011_312919_c3dc11db266c07e2.html
中国疾控中心全国法定传染病疫情情况,https://www.chinacdc.cn/jksj/jksj01/202510/t20251011_312919.html,2025年9月全国法定传染病疫情概况,2025,9,2025-09,全国,血吸虫病,甲乙类合计,0,0,4,0,,,2026-05-28 00:56:43,/Users/zhoujia/code/大数据期末实验/大模型助力大数据分析/呼吸道传染病监测与早期预警分析/data/raw/chinacdc_monthly/t20251011_312919_c3dc11db266c07e2.html
中国疾控中心全国法定传染病疫情情况,https://www.chinacdc.cn/jksj/jksj01/202510/t20251011_312919.html,2025年9月全国法定传染病疫情概况,2025,9,2025-09,全国,疟疾,甲乙类合计,0,0,352,0,,,2026-05-28 00:56:43,/Users/zhoujia/code/大数据期末实验/大模型助力大数据分析/呼吸道传染病监测与早期预警分析/data/raw/chinacdc_monthly/t20251011_312919_c3dc11db266c07e2.html
中国疾控中心全国法定传染病疫情情况,https://www.chinacdc.cn/jksj/jksj01/202510/t20251011_312919.html,2025年9月全国法定传染病疫情概况,2025,9,2025-09,全国,丙类传染病合计,丙类合计,0,1,453662,2,,,2026-05-28 00:56:43,/Users/zhoujia/code/大数据期末实验/大模型助力大数据分析/呼吸道传染病监测与早期预警分析/data/raw/chinacdc_monthly/t20251011_312919_c3dc11db266c07e2.html
中国疾控中心全国法定传染病疫情情况,https://www.chinacdc.cn/jksj/jksj01/202510/t20251011_312919.html,2025年9月全国法定传染病疫情概况,2025,9,2025-09,全国,流行性感冒,丙类合计,1,0,157988,0,,,2026-05-28 00:56:43,/Users/zhoujia/code/大数据期末实验/大模型助力大数据分析/呼吸道传染病监测与早期预警分析/data/raw/chinacdc_monthly/t20251011_312919_c3dc11db266c07e2.html
中国疾控中心全国法定传染病疫情情况,https://www.chinacdc.cn/jksj/jksj01/202510/t20251011_312919.html,2025年9月全国法定传染病疫情概况,2025,9,2025-09,全国,流行性腮腺炎,丙类合计,1,0,9068,0,,,2026-05-28 00:56:43,/Users/zhoujia/code/大数据期末实验/大模型助力大数据分析/呼吸道传染病监测与早期预警分析/data/raw/chinacdc_monthly/t20251011_312919_c3dc11db266c07e2.html
中国疾控中心全国法定传染病疫情情况,https://www.chinacdc.cn/jksj/jksj01/202510/t20251011_312919.html,2025年9月全国法定传染病疫情概况,2025,9,2025-09,全国,风疹,丙类合计,0,0,45,0,,,2026-05-28 00:56:43,/Users/zhoujia/code/大数据期末实验/大模型助力大数据分析/呼吸道传染病监测与早期预警分析/data/raw/chinacdc_monthly/t20251011_312919_c3dc11db266c07e2.html
中国疾控中心全国法定传染病疫情情况,https://www.chinacdc.cn/jksj/jksj01/202510/t20251011_312919.html,2025年9月全国法定传染病疫情概况,2025,9,2025-09,全国,急性出血性结膜炎,丙类合计,0,0,2082,0,,,2026-05-28 00:56:43,/Users/zhoujia/code/大数据期末实验/大模型助力大数据分析/呼吸道传染病监测与早期预警分析/data/raw/chinacdc_monthly/t20251011_312919_c3dc11db266c07e2.html
中国疾控中心全国法定传染病疫情情况,https://www.chinacdc.cn/jksj/jksj01/202510/t20251011_312919.html,2025年9月全国法定传染病疫情概况,2025,9,2025-09,全国,麻风病,丙类合计,0,0,17,0,,,2026-05-28 00:56:43,/Users/zhoujia/code/大数据期末实验/大模型助力大数据分析/呼吸道传染病监测与早期预警分析/data/raw/chinacdc_monthly/t20251011_312919_c3dc11db266c07e2.html
中国疾控中心全国法定传染病疫情情况,https://www.chinacdc.cn/jksj/jksj01/202510/t20251011_312919.html,2025年9月全国法定传染病疫情概况,2025,9,2025-09,全国,流行性和地方性斑疹伤寒,丙类合计,0,0,195,0,,,2026-05-28 00:56:43,/Users/zhoujia/code/大数据期末实验/大模型助力大数据分析/呼吸道传染病监测与早期预警分析/data/raw/chinacdc_monthly/t20251011_312919_c3dc11db266c07e2.html
中国疾控中心全国法定传染病疫情情况,https://www.chinacdc.cn/jksj/jksj01/202510/t20251011_312919.html,2025年9月全国法定传染病疫情概况,2025,9,2025-09,全国,黑热病,丙类合计,0,0,27,0,,,2026-05-28 00:56:43,/Users/zhoujia/code/大数据期末实验/大模型助力大数据分析/呼吸道传染病监测与早期预警分析/data/raw/chinacdc_monthly/t20251011_312919_c3dc11db266c07e2.html
中国疾控中心全国法定传染病疫情情况,https://www.chinacdc.cn/jksj/jksj01/202510/t20251011_312919.html,2025年9月全国法定传染病疫情概况,2025,9,2025-09,全国,包虫病,丙类合计,0,0,357,2,,,2026-05-28 00:56:43,/Users/zhoujia/code/大数据期末实验/大模型助力大数据分析/呼吸道传染病监测与早期预警分析/data/raw/chinacdc_monthly/t20251011_312919_c3dc11db266c07e2.html
中国疾控中心全国法定传染病疫情情况,https://www.chinacdc.cn/jksj/jksj01/202510/t20251011_312919.html,2025年9月全国法定传染病疫情概况,2025,9,2025-09,全国,丝虫病,丙类合计,0,0,0,0,,,2026-05-28 00:56:43,/Users/zhoujia/code/大数据期末实验/大模型助力大数据分析/呼吸道传染病监测与早期预警分析/data/raw/chinacdc_monthly/t20251011_312919_c3dc11db266c07e2.html
中国疾控中心全国法定传染病疫情情况,https://www.chinacdc.cn/jksj/jksj01/202510/t20251011_312919.html,2025年9月全国法定传染病疫情概况,2025,9,2025-09,全国,手足口病,丙类合计,0,0,159828,0,,,2026-05-28 00:56:43,/Users/zhoujia/code/大数据期末实验/大模型助力大数据分析/呼吸道传染病监测与早期预警分析/data/raw/chinacdc_monthly/t20251011_312919_c3dc11db266c07e2.html
中国疾控中心全国法定传染病疫情情况,https://www.chinacdc.cn/jksj/jksj01/202510/t20251011_312919.html,2025年9月全国法定传染病疫情概况,2025,9,2025-09,全国,其他感染性腹泻病,丙类合计,0,0,124055,0,,,2026-05-28 00:56:43,/Users/zhoujia/code/大数据期末实验/大模型助力大数据分析/呼吸道传染病监测与早期预警分析/data/raw/chinacdc_monthly/t20251011_312919_c3dc11db266c07e2.html
中国疾控中心全国法定传染病疫情情况,https://www.chinacdc.cn/jksj/jksj01/202509/t20250905_310265.html,2025年8月全国法定传染病疫情概况,2025,8,2025-08,全国,甲乙丙类传染病总计,甲乙丙类总计,0,1,776879,1921,,,2026-05-28 00:56:43,/Users/zhoujia/code/大数据期末实验/大模型助力大数据分析/呼吸道传染病监测与早期预警分析/data/raw/chinacdc_monthly/t20250905_310265_cde4fa82c8befd8a.html
中国疾控中心全国法定传染病疫情情况,https://www.chinacdc.cn/jksj/jksj01/202509/t20250905_310265.html,2025年8月全国法定传染病疫情概况,2025,8,2025-08,全国,甲乙类传染病合计,甲乙类合计,0,1,434853,1919,,,2026-05-28 00:56:43,/Users/zhoujia/code/大数据期末实验/大模型助力大数据分析/呼吸道传染病监测与早期预警分析/data/raw/chinacdc_monthly/t20250905_310265_cde4fa82c8befd8a.html
中国疾控中心全国法定传染病疫情情况,https://www.chinacdc.cn/jksj/jksj01/202509/t20250905_310265.html,2025年8月全国法定传染病疫情概况,2025,8,2025-08,全国,鼠疫,甲乙类合计,0,0,0,0,,,2026-05-28 00:56:43,/Users/zhoujia/code/大数据期末实验/大模型助力大数据分析/呼吸道传染病监测与早期预警分析/data/raw/chinacdc_monthly/t20250905_310265_cde4fa82c8befd8a.html
中国疾控中心全国法定传染病疫情情况,https://www.chinacdc.cn/jksj/jksj01/202509/t20250905_310265.html,2025年8月全国法定传染病疫情概况,2025,8,2025-08,全国,霍乱,甲乙类合计,0,0,5,0,,,2026-05-28 00:56:43,/Users/zhoujia/code/大数据期末实验/大模型助力大数据分析/呼吸道传染病监测与早期预警分析/data/raw/chinacdc_monthly/t20250905_310265_cde4fa82c8befd8a.html
中国疾控中心全国法定传染病疫情情况,https://www.chinacdc.cn/jksj/jksj01/202509/t20250905_310265.html,2025年8月全国法定传染病疫情概况,2025,8,2025-08,全国,传染性非典型肺炎,甲乙类合计,0,0,0,0,,,2026-05-28 00:56:43,/Users/zhoujia/code/大数据期末实验/大模型助力大数据分析/呼吸道传染病监测与早期预警分析/data/raw/chinacdc_monthly/t20250905_310265_cde4fa82c8befd8a.html
中国疾控中心全国法定传染病疫情情况,https://www.chinacdc.cn/jksj/jksj01/202509/t20250905_310265.html,2025年8月全国法定传染病疫情概况,2025,8,2025-08,全国,艾滋病,甲乙类合计,0,0,3754,1402,,,2026-05-28 00:56:43,/Users/zhoujia/code/大数据期末实验/大模型助力大数据分析/呼吸道传染病监测与早期预警分析/data/raw/chinacdc_monthly/t20250905_310265_cde4fa82c8befd8a.html
中国疾控中心全国法定传染病疫情情况,https://www.chinacdc.cn/jksj/jksj01/202509/t20250905_310265.html,2025年8月全国法定传染病疫情概况,2025,8,2025-08,全国,病毒性肝炎,甲乙类合计,0,0,130104,227,,,2026-05-28 00:56:43,/Users/zhoujia/code/大数据期末实验/大模型助力大数据分析/呼吸道传染病监测与早期预警分析/data/raw/chinacdc_monthly/t20250905_310265_cde4fa82c8befd8a.html
中国疾控中心全国法定传染病疫情情况,https://www.chinacdc.cn/jksj/jksj01/202509/t20250905_310265.html,2025年8月全国法定传染病疫情概况,2025,8,2025-08,全国,甲型肝炎,甲乙类合计,0,0,1311,0,,,2026-05-28 00:56:43,/Users/zhoujia/code/大数据期末实验/大模型助力大数据分析/呼吸道传染病监测与早期预警分析/data/raw/chinacdc_monthly/t20250905_310265_cde4fa82c8befd8a.html
中国疾控中心全国法定传染病疫情情况,https://www.chinacdc.cn/jksj/jksj01/202509/t20250905_310265.html,2025年8月全国法定传染病疫情概况,2025,8,2025-08,全国,乙型肝炎,甲乙类合计,0,0,109355,37,,,2026-05-28 00:56:43,/Users/zhoujia/code/大数据期末实验/大模型助力大数据分析/呼吸道传染病监测与早期预警分析/data/raw/chinacdc_monthly/t20250905_310265_cde4fa82c8befd8a.html
中国疾控中心全国法定传染病疫情情况,https://www.chinacdc.cn/jksj/jksj01/202509/t20250905_310265.html,2025年8月全国法定传染病疫情概况,2025,8,2025-08,全国,丙型肝炎,甲乙类合计,0,0,16138,189,,,2026-05-28 00:56:43,/Users/zhoujia/code/大数据期末实验/大模型助力大数据分析/呼吸道传染病监测与早期预警分析/data/raw/chinacdc_monthly/t20250905_310265_cde4fa82c8befd8a.html
中国疾控中心全国法定传染病疫情情况,https://www.chinacdc.cn/jksj/jksj01/202509/t20250905_310265.html,2025年8月全国法定传染病疫情概况,2025,8,2025-08,全国,丁型肝炎,甲乙类合计,0,0,13,0,,,2026-05-28 00:56:43,/Users/zhoujia/code/大数据期末实验/大模型助力大数据分析/呼吸道传染病监测与早期预警分析/data/raw/chinacdc_monthly/t20250905_310265_cde4fa82c8befd8a.html
中国疾控中心全国法定传染病疫情情况,https://www.chinacdc.cn/jksj/jksj01/202509/t20250905_310265.html,2025年8月全国法定传染病疫情概况,2025,8,2025-08,全国,戊型肝炎,甲乙类合计,0,0,2712,1,,,2026-05-28 00:56:43,/Users/zhoujia/code/大数据期末实验/大模型助力大数据分析/呼吸道传染病监测与早期预警分析/data/raw/chinacdc_monthly/t20250905_310265_cde4fa82c8befd8a.html
中国疾控中心全国法定传染病疫情情况,https://www.chinacdc.cn/jksj/jksj01/202509/t20250905_310265.html,2025年8月全国法定传染病疫情概况,2025,8,2025-08,全国,未分型肝炎,甲乙类合计,0,0,575,0,,,2026-05-28 00:56:43,/Users/zhoujia/code/大数据期末实验/大模型助力大数据分析/呼吸道传染病监测与早期预警分析/data/raw/chinacdc_monthly/t20250905_310265_cde4fa82c8befd8a.html
中国疾控中心全国法定传染病疫情情况,https://www.chinacdc.cn/jksj/jksj01/202509/t20250905_310265.html,2025年8月全国法定传染病疫情概况,2025,8,2025-08,全国,脊髓灰质炎,甲乙类合计,0,0,0,0,,,2026-05-28 00:56:43,/Users/zhoujia/code/大数据期末实验/大模型助力大数据分析/呼吸道传染病监测与早期预警分析/data/raw/chinacdc_monthly/t20250905_310265_cde4fa82c8befd8a.html
中国疾控中心全国法定传染病疫情情况,https://www.chinacdc.cn/jksj/jksj01/202509/t20250905_310265.html,2025年8月全国法定传染病疫情概况,2025,8,2025-08,全国,人感染高致病性禽流感,甲乙类合计,0,0,0,0,,,2026-05-28 00:56:43,/Users/zhoujia/code/大数据期末实验/大模型助力大数据分析/呼吸道传染病监测与早期预警分析/data/raw/chinacdc_monthly/t20250905_310265_cde4fa82c8befd8a.html
中国疾控中心全国法定传染病疫情情况,https://www.chinacdc.cn/jksj/jksj01/202509/t20250905_310265.html,2025年8月全国法定传染病疫情概况,2025,8,2025-08,全国,麻疹,甲乙类合计,1,0,94,0,,,2026-05-28 00:56:43,/Users/zhoujia/code/大数据期末实验/大模型助力大数据分析/呼吸道传染病监测与早期预警分析/data/raw/chinacdc_monthly/t20250905_310265_cde4fa82c8befd8a.html
中国疾控中心全国法定传染病疫情情况,https://www.chinacdc.cn/jksj/jksj01/202509/t20250905_310265.html,2025年8月全国法定传染病疫情概况,2025,8,2025-08,全国,流行性出血热,甲乙类合计,0,0,122,0,,,2026-05-28 00:56:43,/Users/zhoujia/code/大数据期末实验/大模型助力大数据分析/呼吸道传染病监测与早期预警分析/data/raw/chinacdc_monthly/t20250905_310265_cde4fa82c8befd8a.html
中国疾控中心全国法定传染病疫情情况,https://www.chinacdc.cn/jksj/jksj01/202509/t20250905_310265.html,2025年8月全国法定传染病疫情概况,2025,8,2025-08,全国,狂犬病,甲乙类合计,0,0,32,27,,,2026-05-28 00:56:43,/Users/zhoujia/code/大数据期末实验/大模型助力大数据分析/呼吸道传染病监测与早期预警分析/data/raw/chinacdc_monthly/t20250905_310265_cde4fa82c8befd8a.html
中国疾控中心全国法定传染病疫情情况,https://www.chinacdc.cn/jksj/jksj01/202509/t20250905_310265.html,2025年8月全国法定传染病疫情概况,2025,8,2025-08,全国,流行性乙型脑炎,甲乙类合计,0,0,36,3,,,2026-05-28 00:56:43,/Users/zhoujia/code/大数据期末实验/大模型助力大数据分析/呼吸道传染病监测与早期预警分析/data/raw/chinacdc_monthly/t20250905_310265_cde4fa82c8befd8a.html
中国疾控中心全国法定传染病疫情情况,https://www.chinacdc.cn/jksj/jksj01/202509/t20250905_310265.html,2025年8月全国法定传染病疫情概况,2025,8,2025-08,全国,登革热,甲乙类合计,0,0,1702,0,,,2026-05-28 00:56:43,/Users/zhoujia/code/大数据期末实验/大模型助力大数据分析/呼吸道传染病监测与早期预警分析/data/raw/chinacdc_monthly/t20250905_310265_cde4fa82c8befd8a.html
中国疾控中心全国法定传染病疫情情况,https://www.chinacdc.cn/jksj/jksj01/202509/t20250905_310265.html,2025年8月全国法定传染病疫情概况,2025,8,2025-08,全国,炭疽,甲乙类合计,0,0,106,1,,,2026-05-28 00:56:43,/Users/zhoujia/code/大数据期末实验/大模型助力大数据分析/呼吸道传染病监测与早期预警分析/data/raw/chinacdc_monthly/t20250905_310265_cde4fa82c8befd8a.html
中国疾控中心全国法定传染病疫情情况,https://www.chinacdc.cn/jksj/jksj01/202509/t20250905_310265.html,2025年8月全国法定传染病疫情概况,2025,8,2025-08,全国,细菌性和阿米巴性痢疾,甲乙类合计,0,0,3686,0,,,2026-05-28 00:56:43,/Users/zhoujia/code/大数据期末实验/大模型助力大数据分析/呼吸道传染病监测与早期预警分析/data/raw/chinacdc_monthly/t20250905_310265_cde4fa82c8befd8a.html
中国疾控中心全国法定传染病疫情情况,https://www.chinacdc.cn/jksj/jksj01/202509/t20250905_310265.html,2025年8月全国法定传染病疫情概况,2025,8,2025-08,全国,肺结核,甲乙类合计,1,0,54614,246,,,2026-05-28 00:56:43,/Users/zhoujia/code/大数据期末实验/大模型助力大数据分析/呼吸道传染病监测与早期预警分析/data/raw/chinacdc_monthly/t20250905_310265_cde4fa82c8befd8a.html
中国疾控中心全国法定传染病疫情情况,https://www.chinacdc.cn/jksj/jksj01/202509/t20250905_310265.html,2025年8月全国法定传染病疫情概况,2025,8,2025-08,全国,伤寒和副伤寒,甲乙类合计,0,0,647,0,,,2026-05-28 00:56:43,/Users/zhoujia/code/大数据期末实验/大模型助力大数据分析/呼吸道传染病监测与早期预警分析/data/raw/chinacdc_monthly/t20250905_310265_cde4fa82c8befd8a.html
中国疾控中心全国法定传染病疫情情况,https://www.chinacdc.cn/jksj/jksj01/202509/t20250905_310265.html,2025年8月全国法定传染病疫情概况,2025,8,2025-08,全国,流行性脑脊髓膜炎,甲乙类合计,0,0,8,0,,,2026-05-28 00:56:43,/Users/zhoujia/code/大数据期末实验/大模型助力大数据分析/呼吸道传染病监测与早期预警分析/data/raw/chinacdc_monthly/t20250905_310265_cde4fa82c8befd8a.html
中国疾控中心全国法定传染病疫情情况,https://www.chinacdc.cn/jksj/jksj01/202509/t20250905_310265.html,2025年8月全国法定传染病疫情概况,2025,8,2025-08,全国,百日咳,甲乙类合计,1,0,1774,0,,,2026-05-28 00:56:43,/Users/zhoujia/code/大数据期末实验/大模型助力大数据分析/呼吸道传染病监测与早期预警分析/data/raw/chinacdc_monthly/t20250905_310265_cde4fa82c8befd8a.html
中国疾控中心全国法定传染病疫情情况,https://www.chinacdc.cn/jksj/jksj01/202509/t20250905_310265.html,2025年8月全国法定传染病疫情概况,2025,8,2025-08,全国,白喉,甲乙类合计,0,0,0,0,,,2026-05-28 00:56:43,/Users/zhoujia/code/大数据期末实验/大模型助力大数据分析/呼吸道传染病监测与早期预警分析/data/raw/chinacdc_monthly/t20250905_310265_cde4fa82c8befd8a.html
中国疾控中心全国法定传染病疫情情况,https://www.chinacdc.cn/jksj/jksj01/202509/t20250905_310265.html,2025年8月全国法定传染病疫情概况,2025,8,2025-08,全国,新生儿破伤风,甲乙类合计,0,0,0,0,,,2026-05-28 00:56:43,/Users/zhoujia/code/大数据期末实验/大模型助力大数据分析/呼吸道传染病监测与早期预警分析/data/raw/chinacdc_monthly/t20250905_310265_cde4fa82c8befd8a.html
中国疾控中心全国法定传染病疫情情况,https://www.chinacdc.cn/jksj/jksj01/202509/t20250905_310265.html,2025年8月全国法定传染病疫情概况,2025,8,2025-08,全国,猩红热,甲乙类合计,1,0,1884,0,,,2026-05-28 00:56:43,/Users/zhoujia/code/大数据期末实验/大模型助力大数据分析/呼吸道传染病监测与早期预警分析/data/raw/chinacdc_monthly/t20250905_310265_cde4fa82c8befd8a.html
中国疾控中心全国法定传染病疫情情况,https://www.chinacdc.cn/jksj/jksj01/202509/t20250905_310265.html,2025年8月全国法定传染病疫情概况,2025,8,2025-08,全国,布鲁氏菌病,甲乙类合计,0,0,6137,1,,,2026-05-28 00:56:43,/Users/zhoujia/code/大数据期末实验/大模型助力大数据分析/呼吸道传染病监测与早期预警分析/data/raw/chinacdc_monthly/t20250905_310265_cde4fa82c8befd8a.html
中国疾控中心全国法定传染病疫情情况,https://www.chinacdc.cn/jksj/jksj01/202509/t20250905_310265.html,2025年8月全国法定传染病疫情概况,2025,8,2025-08,全国,淋病,甲乙类合计,0,0,10477,0,,,2026-05-28 00:56:43,/Users/zhoujia/code/大数据期末实验/大模型助力大数据分析/呼吸道传染病监测与早期预警分析/data/raw/chinacdc_monthly/t20250905_310265_cde4fa82c8befd8a.html
中国疾控中心全国法定传染病疫情情况,https://www.chinacdc.cn/jksj/jksj01/202509/t20250905_310265.html,2025年8月全国法定传染病疫情概况,2025,8,2025-08,全国,梅毒,甲乙类合计,0,0,54387,4,,,2026-05-28 00:56:43,/Users/zhoujia/code/大数据期末实验/大模型助力大数据分析/呼吸道传染病监测与早期预警分析/data/raw/chinacdc_monthly/t20250905_310265_cde4fa82c8befd8a.html
中国疾控中心全国法定传染病疫情情况,https://www.chinacdc.cn/jksj/jksj01/202509/t20250905_310265.html,2025年8月全国法定传染病疫情概况,2025,8,2025-08,全国,钩端螺旋体病,甲乙类合计,0,0,156,0,,,2026-05-28 00:56:43,/Users/zhoujia/code/大数据期末实验/大模型助力大数据分析/呼吸道传染病监测与早期预警分析/data/raw/chinacdc_monthly/t20250905_310265_cde4fa82c8befd8a.html
中国疾控中心全国法定传染病疫情情况,https://www.chinacdc.cn/jksj/jksj01/202509/t20250905_310265.html,2025年8月全国法定传染病疫情概况,2025,8,2025-08,全国,血吸虫病,甲乙类合计,0,0,2,0,,,2026-05-28 00:56:43,/Users/zhoujia/code/大数据期末实验/大模型助力大数据分析/呼吸道传染病监测与早期预警分析/data/raw/chinacdc_monthly/t20250905_310265_cde4fa82c8befd8a.html
中国疾控中心全国法定传染病疫情情况,https://www.chinacdc.cn/jksj/jksj01/202509/t20250905_310265.html,2025年8月全国法定传染病疫情概况,2025,8,2025-08,全国,疟疾,甲乙类合计,0,0,420,1,,,2026-05-28 00:56:43,/Users/zhoujia/code/大数据期末实验/大模型助力大数据分析/呼吸道传染病监测与早期预警分析/data/raw/chinacdc_monthly/t20250905_310265_cde4fa82c8befd8a.html
中国疾控中心全国法定传染病疫情情况,https://www.chinacdc.cn/jksj/jksj01/202509/t20250905_310265.html,2025年8月全国法定传染病疫情概况,2025,8,2025-08,全国,人感染H7N9禽流感,甲乙类合计,0,0,0,0,,,2026-05-28 00:56:43,/Users/zhoujia/code/大数据期末实验/大模型助力大数据分析/呼吸道传染病监测与早期预警分析/data/raw/chinacdc_monthly/t20250905_310265_cde4fa82c8befd8a.html
中国疾控中心全国法定传染病疫情情况,https://www.chinacdc.cn/jksj/jksj01/202509/t20250905_310265.html,2025年8月全国法定传染病疫情概况,2025,8,2025-08,全国,新型冠状病毒感染,甲乙类合计,1,0,164625,7,,,2026-05-28 00:56:43,/Users/zhoujia/code/大数据期末实验/大模型助力大数据分析/呼吸道传染病监测与早期预警分析/data/raw/chinacdc_monthly/t20250905_310265_cde4fa82c8befd8a.html
中国疾控中心全国法定传染病疫情情况,https://www.chinacdc.cn/jksj/jksj01/202509/t20250905_310265.html,2025年8月全国法定传染病疫情概况,2025,8,2025-08,全国,猴痘,甲乙类合计,0,0,81,0,,,2026-05-28 00:56:43,/Users/zhoujia/code/大数据期末实验/大模型助力大数据分析/呼吸道传染病监测与早期预警分析/data/raw/chinacdc_monthly/t20250905_310265_cde4fa82c8befd8a.html
中国疾控中心全国法定传染病疫情情况,https://www.chinacdc.cn/jksj/jksj01/202509/t20250905_310265.html,2025年8月全国法定传染病疫情概况,2025,8,2025-08,全国,丙类传染病合计,丙类合计,0,1,342026,2,,,2026-05-28 00:56:43,/Users/zhoujia/code/大数据期末实验/大模型助力大数据分析/呼吸道传染病监测与早期预警分析/data/raw/chinacdc_monthly/t20250905_310265_cde4fa82c8befd8a.html
中国疾控中心全国法定传染病疫情情况,https://www.chinacdc.cn/jksj/jksj01/202509/t20250905_310265.html,2025年8月全国法定传染病疫情概况,2025,8,2025-08,全国,流行性感冒,丙类合计,1,0,85606,0,,,2026-05-28 00:56:43,/Users/zhoujia/code/大数据期末实验/大模型助力大数据分析/呼吸道传染病监测与早期预警分析/data/raw/chinacdc_monthly/t20250905_310265_cde4fa82c8befd8a.html
中国疾控中心全国法定传染病疫情情况,https://www.chinacdc.cn/jksj/jksj01/202509/t20250905_310265.html,2025年8月全国法定传染病疫情概况,2025,8,2025-08,全国,流行性腮腺炎,丙类合计,1,0,6009,0,,,2026-05-28 00:56:43,/Users/zhoujia/code/大数据期末实验/大模型助力大数据分析/呼吸道传染病监测与早期预警分析/data/raw/chinacdc_monthly/t20250905_310265_cde4fa82c8befd8a.html
中国疾控中心全国法定传染病疫情情况,https://www.chinacdc.cn/jksj/jksj01/202509/t20250905_310265.html,2025年8月全国法定传染病疫情概况,2025,8,2025-08,全国,风疹,丙类合计,0,0,51,0,,,2026-05-28 00:56:43,/Users/zhoujia/code/大数据期末实验/大模型助力大数据分析/呼吸道传染病监测与早期预警分析/data/raw/chinacdc_monthly/t20250905_310265_cde4fa82c8befd8a.html
中国疾控中心全国法定传染病疫情情况,https://www.chinacdc.cn/jksj/jksj01/202509/t20250905_310265.html,2025年8月全国法定传染病疫情概况,2025,8,2025-08,全国,急性出血性结膜炎,丙类合计,0,0,2044,0,,,2026-05-28 00:56:43,/Users/zhoujia/code/大数据期末实验/大模型助力大数据分析/呼吸道传染病监测与早期预警分析/data/raw/chinacdc_monthly/t20250905_310265_cde4fa82c8befd8a.html
中国疾控中心全国法定传染病疫情情况,https://www.chinacdc.cn/jksj/jksj01/202509/t20250905_310265.html,2025年8月全国法定传染病疫情概况,2025,8,2025-08,全国,麻风病,丙类合计,0,0,23,0,,,2026-05-28 00:56:43,/Users/zhoujia/code/大数据期末实验/大模型助力大数据分析/呼吸道传染病监测与早期预警分析/data/raw/chinacdc_monthly/t20250905_310265_cde4fa82c8befd8a.html
中国疾控中心全国法定传染病疫情情况,https://www.chinacdc.cn/jksj/jksj01/202509/t20250905_310265.html,2025年8月全国法定传染病疫情概况,2025,8,2025-08,全国,流行性和地方性斑疹伤寒,丙类合计,0,0,145,0,,,2026-05-28 00:56:43,/Users/zhoujia/code/大数据期末实验/大模型助力大数据分析/呼吸道传染病监测与早期预警分析/data/raw/chinacdc_monthly/t20250905_310265_cde4fa82c8befd8a.html
中国疾控中心全国法定传染病疫情情况,https://www.chinacdc.cn/jksj/jksj01/202509/t20250905_310265.html,2025年8月全国法定传染病疫情概况,2025,8,2025-08,全国,黑热病,丙类合计,0,0,33,0,,,2026-05-28 00:56:43,/Users/zhoujia/code/大数据期末实验/大模型助力大数据分析/呼吸道传染病监测与早期预警分析/data/raw/chinacdc_monthly/t20250905_310265_cde4fa82c8befd8a.html
中国疾控中心全国法定传染病疫情情况,https://www.chinacdc.cn/jksj/jksj01/202509/t20250905_310265.html,2025年8月全国法定传染病疫情概况,2025,8,2025-08,全国,包虫病,丙类合计,0,0,370,0,,,2026-05-28 00:56:43,/Users/zhoujia/code/大数据期末实验/大模型助力大数据分析/呼吸道传染病监测与早期预警分析/data/raw/chinacdc_monthly/t20250905_310265_cde4fa82c8befd8a.html
中国疾控中心全国法定传染病疫情情况,https://www.chinacdc.cn/jksj/jksj01/202509/t20250905_310265.html,2025年8月全国法定传染病疫情概况,2025,8,2025-08,全国,丝虫病,丙类合计,0,0,0,0,,,2026-05-28 00:56:43,/Users/zhoujia/code/大数据期末实验/大模型助力大数据分析/呼吸道传染病监测与早期预警分析/data/raw/chinacdc_monthly/t20250905_310265_cde4fa82c8befd8a.html
中国疾控中心全国法定传染病疫情情况,https://www.chinacdc.cn/jksj/jksj01/202509/t20250905_310265.html,2025年8月全国法定传染病疫情概况,2025,8,2025-08,全国,其他感染性腹泻病,丙类合计,0,0,144550,2,,,2026-05-28 00:56:43,/Users/zhoujia/code/大数据期末实验/大模型助力大数据分析/呼吸道传染病监测与早期预警分析/data/raw/chinacdc_monthly/t20250905_310265_cde4fa82c8befd8a.html
中国疾控中心全国法定传染病疫情情况,https://www.chinacdc.cn/jksj/jksj01/202509/t20250905_310265.html,2025年8月全国法定传染病疫情概况,2025,8,2025-08,全国,手足口病,丙类合计,0,0,103195,0,,,2026-05-28 00:56:43,/Users/zhoujia/code/大数据期末实验/大模型助力大数据分析/呼吸道传染病监测与早期预警分析/data/raw/chinacdc_monthly/t20250905_310265_cde4fa82c8befd8a.html
中国疾控中心全国法定传染病疫情情况,https://www.chinacdc.cn/jksj/jksj01/202508/t20250806_309203.html,2025年7月全国法定传染病疫情概况,2025,7,2025-07,全国,甲乙丙类传染病总计,甲乙丙类总计,0,1,946063,2060,,,2026-05-28 00:56:43,/Users/zhoujia/code/大数据期末实验/大模型助力大数据分析/呼吸道传染病监测与早期预警分析/data/raw/chinacdc_monthly/t20250806_309203_f5177324babebd41.html
中国疾控中心全国法定传染病疫情情况,https://www.chinacdc.cn/jksj/jksj01/202508/t20250806_309203.html,2025年7月全国法定传染病疫情概况,2025,7,2025-07,全国,甲乙类传染病合计,甲乙类合计,0,1,513768,2059,,,2026-05-28 00:56:43,/Users/zhoujia/code/大数据期末实验/大模型助力大数据分析/呼吸道传染病监测与早期预警分析/data/raw/chinacdc_monthly/t20250806_309203_f5177324babebd41.html
中国疾控中心全国法定传染病疫情情况,https://www.chinacdc.cn/jksj/jksj01/202508/t20250806_309203.html,2025年7月全国法定传染病疫情概况,2025,7,2025-07,全国,鼠疫,甲乙类合计,0,0,0,0,,,2026-05-28 00:56:43,/Users/zhoujia/code/大数据期末实验/大模型助力大数据分析/呼吸道传染病监测与早期预警分析/data/raw/chinacdc_monthly/t20250806_309203_f5177324babebd41.html
中国疾控中心全国法定传染病疫情情况,https://www.chinacdc.cn/jksj/jksj01/202508/t20250806_309203.html,2025年7月全国法定传染病疫情概况,2025,7,2025-07,全国,霍乱,甲乙类合计,0,0,3,0,,,2026-05-28 00:56:43,/Users/zhoujia/code/大数据期末实验/大模型助力大数据分析/呼吸道传染病监测与早期预警分析/data/raw/chinacdc_monthly/t20250806_309203_f5177324babebd41.html
中国疾控中心全国法定传染病疫情情况,https://www.chinacdc.cn/jksj/jksj01/202508/t20250806_309203.html,2025年7月全国法定传染病疫情概况,2025,7,2025-07,全国,传染性非典型肺炎,甲乙类合计,0,0,0,0,,,2026-05-28 00:56:43,/Users/zhoujia/code/大数据期末实验/大模型助力大数据分析/呼吸道传染病监测与早期预警分析/data/raw/chinacdc_monthly/t20250806_309203_f5177324babebd41.html
中国疾控中心全国法定传染病疫情情况,https://www.chinacdc.cn/jksj/jksj01/202508/t20250806_309203.html,2025年7月全国法定传染病疫情概况,2025,7,2025-07,全国,艾滋病,甲乙类合计,0,0,4134,1464,,,2026-05-28 00:56:43,/Users/zhoujia/code/大数据期末实验/大模型助力大数据分析/呼吸道传染病监测与早期预警分析/data/raw/chinacdc_monthly/t20250806_309203_f5177324babebd41.html
中国疾控中心全国法定传染病疫情情况,https://www.chinacdc.cn/jksj/jksj01/202508/t20250806_309203.html,2025年7月全国法定传染病疫情概况,2025,7,2025-07,全国,病毒性肝炎,甲乙类合计,0,0,136194,283,,,2026-05-28 00:56:43,/Users/zhoujia/code/大数据期末实验/大模型助力大数据分析/呼吸道传染病监测与早期预警分析/data/raw/chinacdc_monthly/t20250806_309203_f5177324babebd41.html
中国疾控中心全国法定传染病疫情情况,https://www.chinacdc.cn/jksj/jksj01/202508/t20250806_309203.html,2025年7月全国法定传染病疫情概况,2025,7,2025-07,全国,甲型肝炎,甲乙类合计,0,0,1635,0,,,2026-05-28 00:56:43,/Users/zhoujia/code/大数据期末实验/大模型助力大数据分析/呼吸道传染病监测与早期预警分析/data/raw/chinacdc_monthly/t20250806_309203_f5177324babebd41.html
中国疾控中心全国法定传染病疫情情况,https://www.chinacdc.cn/jksj/jksj01/202508/t20250806_309203.html,2025年7月全国法定传染病疫情概况,2025,7,2025-07,全国,乙型肝炎,甲乙类合计,0,0,113578,39,,,2026-05-28 00:56:43,/Users/zhoujia/code/大数据期末实验/大模型助力大数据分析/呼吸道传染病监测与早期预警分析/data/raw/chinacdc_monthly/t20250806_309203_f5177324babebd41.html
中国疾控中心全国法定传染病疫情情况,https://www.chinacdc.cn/jksj/jksj01/202508/t20250806_309203.html,2025年7月全国法定传染病疫情概况,2025,7,2025-07,全国,丙型肝炎,甲乙类合计,0,0,17538,243,,,2026-05-28 00:56:43,/Users/zhoujia/code/大数据期末实验/大模型助力大数据分析/呼吸道传染病监测与早期预警分析/data/raw/chinacdc_monthly/t20250806_309203_f5177324babebd41.html
中国疾控中心全国法定传染病疫情情况,https://www.chinacdc.cn/jksj/jksj01/202508/t20250806_309203.html,2025年7月全国法定传染病疫情概况,2025,7,2025-07,全国,丁型肝炎,甲乙类合计,0,0,20,0,,,2026-05-28 00:56:43,/Users/zhoujia/code/大数据期末实验/大模型助力大数据分析/呼吸道传染病监测与早期预警分析/data/raw/chinacdc_monthly/t20250806_309203_f5177324babebd41.html
中国疾控中心全国法定传染病疫情情况,https://www.chinacdc.cn/jksj/jksj01/202508/t20250806_309203.html,2025年7月全国法定传染病疫情概况,2025,7,2025-07,全国,戊型肝炎,甲乙类合计,0,0,2837,1,,,2026-05-28 00:56:43,/Users/zhoujia/code/大数据期末实验/大模型助力大数据分析/呼吸道传染病监测与早期预警分析/data/raw/chinacdc_monthly/t20250806_309203_f5177324babebd41.html
中国疾控中心全国法定传染病疫情情况,https://www.chinacdc.cn/jksj/jksj01/202508/t20250806_309203.html,2025年7月全国法定传染病疫情概况,2025,7,2025-07,全国,未分型肝炎,甲乙类合计,0,0,586,0,,,2026-05-28 00:56:43,/Users/zhoujia/code/大数据期末实验/大模型助力大数据分析/呼吸道传染病监测与早期预警分析/data/raw/chinacdc_monthly/t20250806_309203_f5177324babebd41.html
中国疾控中心全国法定传染病疫情情况,https://www.chinacdc.cn/jksj/jksj01/202508/t20250806_309203.html,2025年7月全国法定传染病疫情概况,2025,7,2025-07,全国,脊髓灰质炎,甲乙类合计,0,0,0,0,,,2026-05-28 00:56:43,/Users/zhoujia/code/大数据期末实验/大模型助力大数据分析/呼吸道传染病监测与早期预警分析/data/raw/chinacdc_monthly/t20250806_309203_f5177324babebd41.html
中国疾控中心全国法定传染病疫情情况,https://www.chinacdc.cn/jksj/jksj01/202508/t20250806_309203.html,2025年7月全国法定传染病疫情概况,2025,7,2025-07,全国,人感染高致病性禽流感,甲乙类合计,0,0,0,0,,,2026-05-28 00:56:43,/Users/zhoujia/code/大数据期末实验/大模型助力大数据分析/呼吸道传染病监测与早期预警分析/data/raw/chinacdc_monthly/t20250806_309203_f5177324babebd41.html
中国疾控中心全国法定传染病疫情情况,https://www.chinacdc.cn/jksj/jksj01/202508/t20250806_309203.html,2025年7月全国法定传染病疫情概况,2025,7,2025-07,全国,麻疹,甲乙类合计,1,0,135,0,,,2026-05-28 00:56:43,/Users/zhoujia/code/大数据期末实验/大模型助力大数据分析/呼吸道传染病监测与早期预警分析/data/raw/chinacdc_monthly/t20250806_309203_f5177324babebd41.html
中国疾控中心全国法定传染病疫情情况,https://www.chinacdc.cn/jksj/jksj01/202508/t20250806_309203.html,2025年7月全国法定传染病疫情概况,2025,7,2025-07,全国,流行性出血热,甲乙类合计,0,0,205,0,,,2026-05-28 00:56:43,/Users/zhoujia/code/大数据期末实验/大模型助力大数据分析/呼吸道传染病监测与早期预警分析/data/raw/chinacdc_monthly/t20250806_309203_f5177324babebd41.html
中国疾控中心全国法定传染病疫情情况,https://www.chinacdc.cn/jksj/jksj01/202508/t20250806_309203.html,2025年7月全国法定传染病疫情概况,2025,7,2025-07,全国,狂犬病,甲乙类合计,0,0,27,21,,,2026-05-28 00:56:43,/Users/zhoujia/code/大数据期末实验/大模型助力大数据分析/呼吸道传染病监测与早期预警分析/data/raw/chinacdc_monthly/t20250806_309203_f5177324babebd41.html
中国疾控中心全国法定传染病疫情情况,https://www.chinacdc.cn/jksj/jksj01/202508/t20250806_309203.html,2025年7月全国法定传染病疫情概况,2025,7,2025-07,全国,流行性乙型脑炎,甲乙类合计,0,0,3,0,,,2026-05-28 00:56:43,/Users/zhoujia/code/大数据期末实验/大模型助力大数据分析/呼吸道传染病监测与早期预警分析/data/raw/chinacdc_monthly/t20250806_309203_f5177324babebd41.html
中国疾控中心全国法定传染病疫情情况,https://www.chinacdc.cn/jksj/jksj01/202508/t20250806_309203.html,2025年7月全国法定传染病疫情概况,2025,7,2025-07,全国,登革热,甲乙类合计,0,0,694,0,,,2026-05-28 00:56:43,/Users/zhoujia/code/大数据期末实验/大模型助力大数据分析/呼吸道传染病监测与早期预警分析/data/raw/chinacdc_monthly/t20250806_309203_f5177324babebd41.html
中国疾控中心全国法定传染病疫情情况,https://www.chinacdc.cn/jksj/jksj01/202508/t20250806_309203.html,2025年7月全国法定传染病疫情概况,2025,7,2025-07,全国,炭疽,甲乙类合计,0,0,87,0,,,2026-05-28 00:56:43,/Users/zhoujia/code/大数据期末实验/大模型助力大数据分析/呼吸道传染病监测与早期预警分析/data/raw/chinacdc_monthly/t20250806_309203_f5177324babebd41.html
中国疾控中心全国法定传染病疫情情况,https://www.chinacdc.cn/jksj/jksj01/202508/t20250806_309203.html,2025年7月全国法定传染病疫情概况,2025,7,2025-07,全国,细菌性和阿米巴性痢疾,甲乙类合计,0,0,3899,0,,,2026-05-28 00:56:43,/Users/zhoujia/code/大数据期末实验/大模型助力大数据分析/呼吸道传染病监测与早期预警分析/data/raw/chinacdc_monthly/t20250806_309203_f5177324babebd41.html
中国疾控中心全国法定传染病疫情情况,https://www.chinacdc.cn/jksj/jksj01/202508/t20250806_309203.html,2025年7月全国法定传染病疫情概况,2025,7,2025-07,全国,肺结核,甲乙类合计,1,0,57585,282,,,2026-05-28 00:56:43,/Users/zhoujia/code/大数据期末实验/大模型助力大数据分析/呼吸道传染病监测与早期预警分析/data/raw/chinacdc_monthly/t20250806_309203_f5177324babebd41.html
中国疾控中心全国法定传染病疫情情况,https://www.chinacdc.cn/jksj/jksj01/202508/t20250806_309203.html,2025年7月全国法定传染病疫情概况,2025,7,2025-07,全国,伤寒和副伤寒,甲乙类合计,0,0,672,0,,,2026-05-28 00:56:43,/Users/zhoujia/code/大数据期末实验/大模型助力大数据分析/呼吸道传染病监测与早期预警分析/data/raw/chinacdc_monthly/t20250806_309203_f5177324babebd41.html
中国疾控中心全国法定传染病疫情情况,https://www.chinacdc.cn/jksj/jksj01/202508/t20250806_309203.html,2025年7月全国法定传染病疫情概况,2025,7,2025-07,全国,流行性脑脊髓膜炎,甲乙类合计,0,0,12,1,,,2026-05-28 00:56:43,/Users/zhoujia/code/大数据期末实验/大模型助力大数据分析/呼吸道传染病监测与早期预警分析/data/raw/chinacdc_monthly/t20250806_309203_f5177324babebd41.html
中国疾控中心全国法定传染病疫情情况,https://www.chinacdc.cn/jksj/jksj01/202508/t20250806_309203.html,2025年7月全国法定传染病疫情概况,2025,7,2025-07,全国,百日咳,甲乙类合计,1,0,2974,0,,,2026-05-28 00:56:43,/Users/zhoujia/code/大数据期末实验/大模型助力大数据分析/呼吸道传染病监测与早期预警分析/data/raw/chinacdc_monthly/t20250806_309203_f5177324babebd41.html
中国疾控中心全国法定传染病疫情情况,https://www.chinacdc.cn/jksj/jksj01/202508/t20250806_309203.html,2025年7月全国法定传染病疫情概况,2025,7,2025-07,全国,白喉,甲乙类合计,0,0,0,0,,,2026-05-28 00:56:43,/Users/zhoujia/code/大数据期末实验/大模型助力大数据分析/呼吸道传染病监测与早期预警分析/data/raw/chinacdc_monthly/t20250806_309203_f5177324babebd41.html
中国疾控中心全国法定传染病疫情情况,https://www.chinacdc.cn/jksj/jksj01/202508/t20250806_309203.html,2025年7月全国法定传染病疫情概况,2025,7,2025-07,全国,新生儿破伤风,甲乙类合计,0,0,3,1,,,2026-05-28 00:56:43,/Users/zhoujia/code/大数据期末实验/大模型助力大数据分析/呼吸道传染病监测与早期预警分析/data/raw/chinacdc_monthly/t20250806_309203_f5177324babebd41.html
中国疾控中心全国法定传染病疫情情况,https://www.chinacdc.cn/jksj/jksj01/202508/t20250806_309203.html,2025年7月全国法定传染病疫情概况,2025,7,2025-07,全国,猩红热,甲乙类合计,1,0,4268,0,,,2026-05-28 00:56:43,/Users/zhoujia/code/大数据期末实验/大模型助力大数据分析/呼吸道传染病监测与早期预警分析/data/raw/chinacdc_monthly/t20250806_309203_f5177324babebd41.html
中国疾控中心全国法定传染病疫情情况,https://www.chinacdc.cn/jksj/jksj01/202508/t20250806_309203.html,2025年7月全国法定传染病疫情概况,2025,7,2025-07,全国,布鲁氏菌病,甲乙类合计,0,0,7301,1,,,2026-05-28 00:56:43,/Users/zhoujia/code/大数据期末实验/大模型助力大数据分析/呼吸道传染病监测与早期预警分析/data/raw/chinacdc_monthly/t20250806_309203_f5177324babebd41.html
中国疾控中心全国法定传染病疫情情况,https://www.chinacdc.cn/jksj/jksj01/202508/t20250806_309203.html,2025年7月全国法定传染病疫情概况,2025,7,2025-07,全国,淋病,甲乙类合计,0,0,10992,0,,,2026-05-28 00:56:43,/Users/zhoujia/code/大数据期末实验/大模型助力大数据分析/呼吸道传染病监测与早期预警分析/data/raw/chinacdc_monthly/t20250806_309203_f5177324babebd41.html
中国疾控中心全国法定传染病疫情情况,https://www.chinacdc.cn/jksj/jksj01/202508/t20250806_309203.html,2025年7月全国法定传染病疫情概况,2025,7,2025-07,全国,梅毒,甲乙类合计,0,0,57384,3,,,2026-05-28 00:56:43,/Users/zhoujia/code/大数据期末实验/大模型助力大数据分析/呼吸道传染病监测与早期预警分析/data/raw/chinacdc_monthly/t20250806_309203_f5177324babebd41.html
中国疾控中心全国法定传染病疫情情况,https://www.chinacdc.cn/jksj/jksj01/202508/t20250806_309203.html,2025年7月全国法定传染病疫情概况,2025,7,2025-07,全国,钩端螺旋体病,甲乙类合计,0,0,68,0,,,2026-05-28 00:56:43,/Users/zhoujia/code/大数据期末实验/大模型助力大数据分析/呼吸道传染病监测与早期预警分析/data/raw/chinacdc_monthly/t20250806_309203_f5177324babebd41.html
中国疾控中心全国法定传染病疫情情况,https://www.chinacdc.cn/jksj/jksj01/202508/t20250806_309203.html,2025年7月全国法定传染病疫情概况,2025,7,2025-07,全国,血吸虫病,甲乙类合计,0,0,2,0,,,2026-05-28 00:56:43,/Users/zhoujia/code/大数据期末实验/大模型助力大数据分析/呼吸道传染病监测与早期预警分析/data/raw/chinacdc_monthly/t20250806_309203_f5177324babebd41.html
中国疾控中心全国法定传染病疫情情况,https://www.chinacdc.cn/jksj/jksj01/202508/t20250806_309203.html,2025年7月全国法定传染病疫情概况,2025,7,2025-07,全国,疟疾,甲乙类合计,0,0,424,1,,,2026-05-28 00:56:43,/Users/zhoujia/code/大数据期末实验/大模型助力大数据分析/呼吸道传染病监测与早期预警分析/data/raw/chinacdc_monthly/t20250806_309203_f5177324babebd41.html
中国疾控中心全国法定传染病疫情情况,https://www.chinacdc.cn/jksj/jksj01/202508/t20250806_309203.html,2025年7月全国法定传染病疫情概况,2025,7,2025-07,全国,人感染H7N9禽流感,甲乙类合计,0,0,0,0,,,2026-05-28 00:56:43,/Users/zhoujia/code/大数据期末实验/大模型助力大数据分析/呼吸道传染病监测与早期预警分析/data/raw/chinacdc_monthly/t20250806_309203_f5177324babebd41.html
中国疾控中心全国法定传染病疫情情况,https://www.chinacdc.cn/jksj/jksj01/202508/t20250806_309203.html,2025年7月全国法定传染病疫情概况,2025,7,2025-07,全国,新型冠状病毒感染,甲乙类合计,1,0,226567,2,,,2026-05-28 00:56:43,/Users/zhoujia/code/大数据期末实验/大模型助力大数据分析/呼吸道传染病监测与早期预警分析/data/raw/chinacdc_monthly/t20250806_309203_f5177324babebd41.html
中国疾控中心全国法定传染病疫情情况,https://www.chinacdc.cn/jksj/jksj01/202508/t20250806_309203.html,2025年7月全国法定传染病疫情概况,2025,7,2025-07,全国,猴痘,甲乙类合计,0,0,135,0,,,2026-05-28 00:56:43,/Users/zhoujia/code/大数据期末实验/大模型助力大数据分析/呼吸道传染病监测与早期预警分析/data/raw/chinacdc_monthly/t20250806_309203_f5177324babebd41.html
中国疾控中心全国法定传染病疫情情况,https://www.chinacdc.cn/jksj/jksj01/202508/t20250806_309203.html,2025年7月全国法定传染病疫情概况,2025,7,2025-07,全国,丙类传染病合计,丙类合计,0,1,432295,1,,,2026-05-28 00:56:43,/Users/zhoujia/code/大数据期末实验/大模型助力大数据分析/呼吸道传染病监测与早期预警分析/data/raw/chinacdc_monthly/t20250806_309203_f5177324babebd41.html
中国疾控中心全国法定传染病疫情情况,https://www.chinacdc.cn/jksj/jksj01/202508/t20250806_309203.html,2025年7月全国法定传染病疫情概况,2025,7,2025-07,全国,流行性感冒,丙类合计,1,0,78790,0,,,2026-05-28 00:56:43,/Users/zhoujia/code/大数据期末实验/大模型助力大数据分析/呼吸道传染病监测与早期预警分析/data/raw/chinacdc_monthly/t20250806_309203_f5177324babebd41.html
中国疾控中心全国法定传染病疫情情况,https://www.chinacdc.cn/jksj/jksj01/202508/t20250806_309203.html,2025年7月全国法定传染病疫情概况,2025,7,2025-07,全国,流行性腮腺炎,丙类合计,1,0,6907,0,,,2026-05-28 00:56:43,/Users/zhoujia/code/大数据期末实验/大模型助力大数据分析/呼吸道传染病监测与早期预警分析/data/raw/chinacdc_monthly/t20250806_309203_f5177324babebd41.html
中国疾控中心全国法定传染病疫情情况,https://www.chinacdc.cn/jksj/jksj01/202508/t20250806_309203.html,2025年7月全国法定传染病疫情概况,2025,7,2025-07,全国,风疹,丙类合计,0,0,65,0,,,2026-05-28 00:56:43,/Users/zhoujia/code/大数据期末实验/大模型助力大数据分析/呼吸道传染病监测与早期预警分析/data/raw/chinacdc_monthly/t20250806_309203_f5177324babebd41.html
中国疾控中心全国法定传染病疫情情况,https://www.chinacdc.cn/jksj/jksj01/202508/t20250806_309203.html,2025年7月全国法定传染病疫情概况,2025,7,2025-07,全国,急性出血性结膜炎,丙类合计,0,0,2639,0,,,2026-05-28 00:56:43,/Users/zhoujia/code/大数据期末实验/大模型助力大数据分析/呼吸道传染病监测与早期预警分析/data/raw/chinacdc_monthly/t20250806_309203_f5177324babebd41.html
中国疾控中心全国法定传染病疫情情况,https://www.chinacdc.cn/jksj/jksj01/202508/t20250806_309203.html,2025年7月全国法定传染病疫情概况,2025,7,2025-07,全国,麻风病,丙类合计,0,0,27,0,,,2026-05-28 00:56:43,/Users/zhoujia/code/大数据期末实验/大模型助力大数据分析/呼吸道传染病监测与早期预警分析/data/raw/chinacdc_monthly/t20250806_309203_f5177324babebd41.html
中国疾控中心全国法定传染病疫情情况,https://www.chinacdc.cn/jksj/jksj01/202508/t20250806_309203.html,2025年7月全国法定传染病疫情概况,2025,7,2025-07,全国,流行性和地方性斑疹伤寒,丙类合计,0,0,164,0,,,2026-05-28 00:56:43,/Users/zhoujia/code/大数据期末实验/大模型助力大数据分析/呼吸道传染病监测与早期预警分析/data/raw/chinacdc_monthly/t20250806_309203_f5177324babebd41.html
中国疾控中心全国法定传染病疫情情况,https://www.chinacdc.cn/jksj/jksj01/202508/t20250806_309203.html,2025年7月全国法定传染病疫情概况,2025,7,2025-07,全国,黑热病,丙类合计,0,0,31,1,,,2026-05-28 00:56:43,/Users/zhoujia/code/大数据期末实验/大模型助力大数据分析/呼吸道传染病监测与早期预警分析/data/raw/chinacdc_monthly/t20250806_309203_f5177324babebd41.html
中国疾控中心全国法定传染病疫情情况,https://www.chinacdc.cn/jksj/jksj01/202508/t20250806_309203.html,2025年7月全国法定传染病疫情概况,2025,7,2025-07,全国,包虫病,丙类合计,0,0,412,0,,,2026-05-28 00:56:43,/Users/zhoujia/code/大数据期末实验/大模型助力大数据分析/呼吸道传染病监测与早期预警分析/data/raw/chinacdc_monthly/t20250806_309203_f5177324babebd41.html
中国疾控中心全国法定传染病疫情情况,https://www.chinacdc.cn/jksj/jksj01/202508/t20250806_309203.html,2025年7月全国法定传染病疫情概况,2025,7,2025-07,全国,丝虫病,丙类合计,0,0,0,0,,,2026-05-28 00:56:43,/Users/zhoujia/code/大数据期末实验/大模型助力大数据分析/呼吸道传染病监测与早期预警分析/data/raw/chinacdc_monthly/t20250806_309203_f5177324babebd41.html
中国疾控中心全国法定传染病疫情情况,https://www.chinacdc.cn/jksj/jksj01/202508/t20250806_309203.html,2025年7月全国法定传染病疫情概况,2025,7,2025-07,全国,其他感染性腹泻病,丙类合计,0,0,148551,0,,,2026-05-28 00:56:43,/Users/zhoujia/code/大数据期末实验/大模型助力大数据分析/呼吸道传染病监测与早期预警分析/data/raw/chinacdc_monthly/t20250806_309203_f5177324babebd41.html
中国疾控中心全国法定传染病疫情情况,https://www.chinacdc.cn/jksj/jksj01/202508/t20250806_309203.html,2025年7月全国法定传染病疫情概况,2025,7,2025-07,全国,手足口病,丙类合计,0,0,194709,0,,,2026-05-28 00:56:43,/Users/zhoujia/code/大数据期末实验/大模型助力大数据分析/呼吸道传染病监测与早期预警分析/data/raw/chinacdc_monthly/t20250806_309203_f5177324babebd41.html
中国疾控中心全国法定传染病疫情情况,https://www.chinacdc.cn/jksj/jksj01/202507/t20250705_308213.html,2025年6月全国法定传染病疫情概况,2025,6,2025-06,全国,甲乙丙类传染病总计,甲乙丙类总计,0,1,1015490,2313,,,2026-05-28 00:56:43,/Users/zhoujia/code/大数据期末实验/大模型助力大数据分析/呼吸道传染病监测与早期预警分析/data/raw/chinacdc_monthly/t20250705_308213_6feb39cab75e4b7a.html
中国疾控中心全国法定传染病疫情情况,https://www.chinacdc.cn/jksj/jksj01/202507/t20250705_308213.html,2025年6月全国法定传染病疫情概况,2025,6,2025-06,全国,甲乙类传染病合计,甲乙类合计,0,1,605194,2311,,,2026-05-28 00:56:43,/Users/zhoujia/code/大数据期末实验/大模型助力大数据分析/呼吸道传染病监测与早期预警分析/data/raw/chinacdc_monthly/t20250705_308213_6feb39cab75e4b7a.html
中国疾控中心全国法定传染病疫情情况,https://www.chinacdc.cn/jksj/jksj01/202507/t20250705_308213.html,2025年6月全国法定传染病疫情概况,2025,6,2025-06,全国,鼠疫,甲乙类合计,0,0,0,0,,,2026-05-28 00:56:43,/Users/zhoujia/code/大数据期末实验/大模型助力大数据分析/呼吸道传染病监测与早期预警分析/data/raw/chinacdc_monthly/t20250705_308213_6feb39cab75e4b7a.html
中国疾控中心全国法定传染病疫情情况,https://www.chinacdc.cn/jksj/jksj01/202507/t20250705_308213.html,2025年6月全国法定传染病疫情概况,2025,6,2025-06,全国,霍乱,甲乙类合计,0,0,2,0,,,2026-05-28 00:56:43,/Users/zhoujia/code/大数据期末实验/大模型助力大数据分析/呼吸道传染病监测与早期预警分析/data/raw/chinacdc_monthly/t20250705_308213_6feb39cab75e4b7a.html
中国疾控中心全国法定传染病疫情情况,https://www.chinacdc.cn/jksj/jksj01/202507/t20250705_308213.html,2025年6月全国法定传染病疫情概况,2025,6,2025-06,全国,传染性非典型肺炎,甲乙类合计,0,0,0,0,,,2026-05-28 00:56:43,/Users/zhoujia/code/大数据期末实验/大模型助力大数据分析/呼吸道传染病监测与早期预警分析/data/raw/chinacdc_monthly/t20250705_308213_6feb39cab75e4b7a.html
中国疾控中心全国法定传染病疫情情况,https://www.chinacdc.cn/jksj/jksj01/202507/t20250705_308213.html,2025年6月全国法定传染病疫情概况,2025,6,2025-06,全国,艾滋病,甲乙类合计,0,0,4783,1641,,,2026-05-28 00:56:43,/Users/zhoujia/code/大数据期末实验/大模型助力大数据分析/呼吸道传染病监测与早期预警分析/data/raw/chinacdc_monthly/t20250705_308213_6feb39cab75e4b7a.html
中国疾控中心全国法定传染病疫情情况,https://www.chinacdc.cn/jksj/jksj01/202507/t20250705_308213.html,2025年6月全国法定传染病疫情概况,2025,6,2025-06,全国,病毒性肝炎,甲乙类合计,0,0,126144,336,,,2026-05-28 00:56:43,/Users/zhoujia/code/大数据期末实验/大模型助力大数据分析/呼吸道传染病监测与早期预警分析/data/raw/chinacdc_monthly/t20250705_308213_6feb39cab75e4b7a.html
中国疾控中心全国法定传染病疫情情况,https://www.chinacdc.cn/jksj/jksj01/202507/t20250705_308213.html,2025年6月全国法定传染病疫情概况,2025,6,2025-06,全国,甲型肝炎,甲乙类合计,0,0,1803,0,,,2026-05-28 00:56:43,/Users/zhoujia/code/大数据期末实验/大模型助力大数据分析/呼吸道传染病监测与早期预警分析/data/raw/chinacdc_monthly/t20250705_308213_6feb39cab75e4b7a.html
中国疾控中心全国法定传染病疫情情况,https://www.chinacdc.cn/jksj/jksj01/202507/t20250705_308213.html,2025年6月全国法定传染病疫情概况,2025,6,2025-06,全国,乙型肝炎,甲乙类合计,0,0,105033,38,,,2026-05-28 00:56:43,/Users/zhoujia/code/大数据期末实验/大模型助力大数据分析/呼吸道传染病监测与早期预警分析/data/raw/chinacdc_monthly/t20250705_308213_6feb39cab75e4b7a.html
中国疾控中心全国法定传染病疫情情况,https://www.chinacdc.cn/jksj/jksj01/202507/t20250705_308213.html,2025年6月全国法定传染病疫情概况,2025,6,2025-06,全国,丙型肝炎,甲乙类合计,0,0,15898,297,,,2026-05-28 00:56:43,/Users/zhoujia/code/大数据期末实验/大模型助力大数据分析/呼吸道传染病监测与早期预警分析/data/raw/chinacdc_monthly/t20250705_308213_6feb39cab75e4b7a.html
中国疾控中心全国法定传染病疫情情况,https://www.chinacdc.cn/jksj/jksj01/202507/t20250705_308213.html,2025年6月全国法定传染病疫情概况,2025,6,2025-06,全国,丁型肝炎,甲乙类合计,0,0,19,0,,,2026-05-28 00:56:43,/Users/zhoujia/code/大数据期末实验/大模型助力大数据分析/呼吸道传染病监测与早期预警分析/data/raw/chinacdc_monthly/t20250705_308213_6feb39cab75e4b7a.html
中国疾控中心全国法定传染病疫情情况,https://www.chinacdc.cn/jksj/jksj01/202507/t20250705_308213.html,2025年6月全国法定传染病疫情概况,2025,6,2025-06,全国,戊型肝炎,甲乙类合计,0,0,2820,1,,,2026-05-28 00:56:43,/Users/zhoujia/code/大数据期末实验/大模型助力大数据分析/呼吸道传染病监测与早期预警分析/data/raw/chinacdc_monthly/t20250705_308213_6feb39cab75e4b7a.html
中国疾控中心全国法定传染病疫情情况,https://www.chinacdc.cn/jksj/jksj01/202507/t20250705_308213.html,2025年6月全国法定传染病疫情概况,2025,6,2025-06,全国,未分型肝炎,甲乙类合计,0,0,571,0,,,2026-05-28 00:56:43,/Users/zhoujia/code/大数据期末实验/大模型助力大数据分析/呼吸道传染病监测与早期预警分析/data/raw/chinacdc_monthly/t20250705_308213_6feb39cab75e4b7a.html
中国疾控中心全国法定传染病疫情情况,https://www.chinacdc.cn/jksj/jksj01/202507/t20250705_308213.html,2025年6月全国法定传染病疫情概况,2025,6,2025-06,全国,脊髓灰质炎,甲乙类合计,0,0,0,0,,,2026-05-28 00:56:43,/Users/zhoujia/code/大数据期末实验/大模型助力大数据分析/呼吸道传染病监测与早期预警分析/data/raw/chinacdc_monthly/t20250705_308213_6feb39cab75e4b7a.html
中国疾控中心全国法定传染病疫情情况,https://www.chinacdc.cn/jksj/jksj01/202507/t20250705_308213.html,2025年6月全国法定传染病疫情概况,2025,6,2025-06,全国,人感染高致病性禽流感,甲乙类合计,0,0,0,0,,,2026-05-28 00:56:43,/Users/zhoujia/code/大数据期末实验/大模型助力大数据分析/呼吸道传染病监测与早期预警分析/data/raw/chinacdc_monthly/t20250705_308213_6feb39cab75e4b7a.html
中国疾控中心全国法定传染病疫情情况,https://www.chinacdc.cn/jksj/jksj01/202507/t20250705_308213.html,2025年6月全国法定传染病疫情概况,2025,6,2025-06,全国,麻疹,甲乙类合计,1,0,156,0,,,2026-05-28 00:56:43,/Users/zhoujia/code/大数据期末实验/大模型助力大数据分析/呼吸道传染病监测与早期预警分析/data/raw/chinacdc_monthly/t20250705_308213_6feb39cab75e4b7a.html
中国疾控中心全国法定传染病疫情情况,https://www.chinacdc.cn/jksj/jksj01/202507/t20250705_308213.html,2025年6月全国法定传染病疫情概况,2025,6,2025-06,全国,流行性出血热,甲乙类合计,0,0,354,1,,,2026-05-28 00:56:43,/Users/zhoujia/code/大数据期末实验/大模型助力大数据分析/呼吸道传染病监测与早期预警分析/data/raw/chinacdc_monthly/t20250705_308213_6feb39cab75e4b7a.html
中国疾控中心全国法定传染病疫情情况,https://www.chinacdc.cn/jksj/jksj01/202507/t20250705_308213.html,2025年6月全国法定传染病疫情概况,2025,6,2025-06,全国,狂犬病,甲乙类合计,0,0,23,20,,,2026-05-28 00:56:43,/Users/zhoujia/code/大数据期末实验/大模型助力大数据分析/呼吸道传染病监测与早期预警分析/data/raw/chinacdc_monthly/t20250705_308213_6feb39cab75e4b7a.html
中国疾控中心全国法定传染病疫情情况,https://www.chinacdc.cn/jksj/jksj01/202507/t20250705_308213.html,2025年6月全国法定传染病疫情概况,2025,6,2025-06,全国,流行性乙型脑炎,甲乙类合计,0,0,1,0,,,2026-05-28 00:56:43,/Users/zhoujia/code/大数据期末实验/大模型助力大数据分析/呼吸道传染病监测与早期预警分析/data/raw/chinacdc_monthly/t20250705_308213_6feb39cab75e4b7a.html
中国疾控中心全国法定传染病疫情情况,https://www.chinacdc.cn/jksj/jksj01/202507/t20250705_308213.html,2025年6月全国法定传染病疫情概况,2025,6,2025-06,全国,登革热,甲乙类合计,0,0,225,0,,,2026-05-28 00:56:43,/Users/zhoujia/code/大数据期末实验/大模型助力大数据分析/呼吸道传染病监测与早期预警分析/data/raw/chinacdc_monthly/t20250705_308213_6feb39cab75e4b7a.html
中国疾控中心全国法定传染病疫情情况,https://www.chinacdc.cn/jksj/jksj01/202507/t20250705_308213.html,2025年6月全国法定传染病疫情概况,2025,6,2025-06,全国,炭疽,甲乙类合计,0,0,32,1,,,2026-05-28 00:56:43,/Users/zhoujia/code/大数据期末实验/大模型助力大数据分析/呼吸道传染病监测与早期预警分析/data/raw/chinacdc_monthly/t20250705_308213_6feb39cab75e4b7a.html
中国疾控中心全国法定传染病疫情情况,https://www.chinacdc.cn/jksj/jksj01/202507/t20250705_308213.html,2025年6月全国法定传染病疫情概况,2025,6,2025-06,全国,细菌性和阿米巴性痢疾,甲乙类合计,0,0,3670,0,,,2026-05-28 00:56:43,/Users/zhoujia/code/大数据期末实验/大模型助力大数据分析/呼吸道传染病监测与早期预警分析/data/raw/chinacdc_monthly/t20250705_308213_6feb39cab75e4b7a.html
中国疾控中心全国法定传染病疫情情况,https://www.chinacdc.cn/jksj/jksj01/202507/t20250705_308213.html,2025年6月全国法定传染病疫情概况,2025,6,2025-06,全国,肺结核,甲乙类合计,1,0,53180,296,,,2026-05-28 00:56:43,/Users/zhoujia/code/大数据期末实验/大模型助力大数据分析/呼吸道传染病监测与早期预警分析/data/raw/chinacdc_monthly/t20250705_308213_6feb39cab75e4b7a.html
中国疾控中心全国法定传染病疫情情况,https://www.chinacdc.cn/jksj/jksj01/202507/t20250705_308213.html,2025年6月全国法定传染病疫情概况,2025,6,2025-06,全国,伤寒和副伤寒,甲乙类合计,0,0,564,0,,,2026-05-28 00:56:43,/Users/zhoujia/code/大数据期末实验/大模型助力大数据分析/呼吸道传染病监测与早期预警分析/data/raw/chinacdc_monthly/t20250705_308213_6feb39cab75e4b7a.html
中国疾控中心全国法定传染病疫情情况,https://www.chinacdc.cn/jksj/jksj01/202507/t20250705_308213.html,2025年6月全国法定传染病疫情概况,2025,6,2025-06,全国,流行性脑脊髓膜炎,甲乙类合计,0,0,7,1,,,2026-05-28 00:56:43,/Users/zhoujia/code/大数据期末实验/大模型助力大数据分析/呼吸道传染病监测与早期预警分析/data/raw/chinacdc_monthly/t20250705_308213_6feb39cab75e4b7a.html
中国疾控中心全国法定传染病疫情情况,https://www.chinacdc.cn/jksj/jksj01/202507/t20250705_308213.html,2025年6月全国法定传染病疫情概况,2025,6,2025-06,全国,百日咳,甲乙类合计,1,0,3590,0,,,2026-05-28 00:56:43,/Users/zhoujia/code/大数据期末实验/大模型助力大数据分析/呼吸道传染病监测与早期预警分析/data/raw/chinacdc_monthly/t20250705_308213_6feb39cab75e4b7a.html
中国疾控中心全国法定传染病疫情情况,https://www.chinacdc.cn/jksj/jksj01/202507/t20250705_308213.html,2025年6月全国法定传染病疫情概况,2025,6,2025-06,全国,白喉,甲乙类合计,0,0,0,0,,,2026-05-28 00:56:43,/Users/zhoujia/code/大数据期末实验/大模型助力大数据分析/呼吸道传染病监测与早期预警分析/data/raw/chinacdc_monthly/t20250705_308213_6feb39cab75e4b7a.html
中国疾控中心全国法定传染病疫情情况,https://www.chinacdc.cn/jksj/jksj01/202507/t20250705_308213.html,2025年6月全国法定传染病疫情概况,2025,6,2025-06,全国,新生儿破伤风,甲乙类合计,0,0,0,0,,,2026-05-28 00:56:43,/Users/zhoujia/code/大数据期末实验/大模型助力大数据分析/呼吸道传染病监测与早期预警分析/data/raw/chinacdc_monthly/t20250705_308213_6feb39cab75e4b7a.html
中国疾控中心全国法定传染病疫情情况,https://www.chinacdc.cn/jksj/jksj01/202507/t20250705_308213.html,2025年6月全国法定传染病疫情概况,2025,6,2025-06,全国,猩红热,甲乙类合计,1,0,8718,0,,,2026-05-28 00:56:43,/Users/zhoujia/code/大数据期末实验/大模型助力大数据分析/呼吸道传染病监测与早期预警分析/data/raw/chinacdc_monthly/t20250705_308213_6feb39cab75e4b7a.html
中国疾控中心全国法定传染病疫情情况,https://www.chinacdc.cn/jksj/jksj01/202507/t20250705_308213.html,2025年6月全国法定传染病疫情概况,2025,6,2025-06,全国,布鲁氏菌病,甲乙类合计,0,0,7187,0,,,2026-05-28 00:56:43,/Users/zhoujia/code/大数据期末实验/大模型助力大数据分析/呼吸道传染病监测与早期预警分析/data/raw/chinacdc_monthly/t20250705_308213_6feb39cab75e4b7a.html
中国疾控中心全国法定传染病疫情情况,https://www.chinacdc.cn/jksj/jksj01/202507/t20250705_308213.html,2025年6月全国法定传染病疫情概况,2025,6,2025-06,全国,淋病,甲乙类合计,0,0,10011,0,,,2026-05-28 00:56:43,/Users/zhoujia/code/大数据期末实验/大模型助力大数据分析/呼吸道传染病监测与早期预警分析/data/raw/chinacdc_monthly/t20250705_308213_6feb39cab75e4b7a.html
中国疾控中心全国法定传染病疫情情况,https://www.chinacdc.cn/jksj/jksj01/202507/t20250705_308213.html,2025年6月全国法定传染病疫情概况,2025,6,2025-06,全国,梅毒,甲乙类合计,0,0,52760,7,,,2026-05-28 00:56:43,/Users/zhoujia/code/大数据期末实验/大模型助力大数据分析/呼吸道传染病监测与早期预警分析/data/raw/chinacdc_monthly/t20250705_308213_6feb39cab75e4b7a.html
中国疾控中心全国法定传染病疫情情况,https://www.chinacdc.cn/jksj/jksj01/202507/t20250705_308213.html,2025年6月全国法定传染病疫情概况,2025,6,2025-06,全国,钩端螺旋体病,甲乙类合计,0,0,18,0,,,2026-05-28 00:56:43,/Users/zhoujia/code/大数据期末实验/大模型助力大数据分析/呼吸道传染病监测与早期预警分析/data/raw/chinacdc_monthly/t20250705_308213_6feb39cab75e4b7a.html
中国疾控中心全国法定传染病疫情情况,https://www.chinacdc.cn/jksj/jksj01/202507/t20250705_308213.html,2025年6月全国法定传染病疫情概况,2025,6,2025-06,全国,血吸虫病,甲乙类合计,0,0,1,0,,,2026-05-28 00:56:43,/Users/zhoujia/code/大数据期末实验/大模型助力大数据分析/呼吸道传染病监测与早期预警分析/data/raw/chinacdc_monthly/t20250705_308213_6feb39cab75e4b7a.html
中国疾控中心全国法定传染病疫情情况,https://www.chinacdc.cn/jksj/jksj01/202507/t20250705_308213.html,2025年6月全国法定传染病疫情概况,2025,6,2025-06,全国,疟疾,甲乙类合计,0,0,437,0,,,2026-05-28 00:56:43,/Users/zhoujia/code/大数据期末实验/大模型助力大数据分析/呼吸道传染病监测与早期预警分析/data/raw/chinacdc_monthly/t20250705_308213_6feb39cab75e4b7a.html
中国疾控中心全国法定传染病疫情情况,https://www.chinacdc.cn/jksj/jksj01/202507/t20250705_308213.html,2025年6月全国法定传染病疫情概况,2025,6,2025-06,全国,人感染H7N9禽流感,甲乙类合计,0,0,0,0,,,2026-05-28 00:56:43,/Users/zhoujia/code/大数据期末实验/大模型助力大数据分析/呼吸道传染病监测与早期预警分析/data/raw/chinacdc_monthly/t20250705_308213_6feb39cab75e4b7a.html
中国疾控中心全国法定传染病疫情情况,https://www.chinacdc.cn/jksj/jksj01/202507/t20250705_308213.html,2025年6月全国法定传染病疫情概况,2025,6,2025-06,全国,新型冠状病毒感染,甲乙类合计,1,0,333229,8,,,2026-05-28 00:56:43,/Users/zhoujia/code/大数据期末实验/大模型助力大数据分析/呼吸道传染病监测与早期预警分析/data/raw/chinacdc_monthly/t20250705_308213_6feb39cab75e4b7a.html
中国疾控中心全国法定传染病疫情情况,https://www.chinacdc.cn/jksj/jksj01/202507/t20250705_308213.html,2025年6月全国法定传染病疫情概况,2025,6,2025-06,全国,猴痘,甲乙类合计,0,0,102,0,,,2026-05-28 00:56:43,/Users/zhoujia/code/大数据期末实验/大模型助力大数据分析/呼吸道传染病监测与早期预警分析/data/raw/chinacdc_monthly/t20250705_308213_6feb39cab75e4b7a.html
中国疾控中心全国法定传染病疫情情况,https://www.chinacdc.cn/jksj/jksj01/202507/t20250705_308213.html,2025年6月全国法定传染病疫情概况,2025,6,2025-06,全国,丙类传染病合计,丙类合计,0,1,410296,2,,,2026-05-28 00:56:43,/Users/zhoujia/code/大数据期末实验/大模型助力大数据分析/呼吸道传染病监测与早期预警分析/data/raw/chinacdc_monthly/t20250705_308213_6feb39cab75e4b7a.html
中国疾控中心全国法定传染病疫情情况,https://www.chinacdc.cn/jksj/jksj01/202507/t20250705_308213.html,2025年6月全国法定传染病疫情概况,2025,6,2025-06,全国,流行性感冒,丙类合计,1,0,92292,1,,,2026-05-28 00:56:43,/Users/zhoujia/code/大数据期末实验/大模型助力大数据分析/呼吸道传染病监测与早期预警分析/data/raw/chinacdc_monthly/t20250705_308213_6feb39cab75e4b7a.html
中国疾控中心全国法定传染病疫情情况,https://www.chinacdc.cn/jksj/jksj01/202507/t20250705_308213.html,2025年6月全国法定传染病疫情概况,2025,6,2025-06,全国,流行性腮腺炎,丙类合计,1,0,9406,0,,,2026-05-28 00:56:43,/Users/zhoujia/code/大数据期末实验/大模型助力大数据分析/呼吸道传染病监测与早期预警分析/data/raw/chinacdc_monthly/t20250705_308213_6feb39cab75e4b7a.html
中国疾控中心全国法定传染病疫情情况,https://www.chinacdc.cn/jksj/jksj01/202507/t20250705_308213.html,2025年6月全国法定传染病疫情概况,2025,6,2025-06,全国,风疹,丙类合计,0,0,53,0,,,2026-05-28 00:56:43,/Users/zhoujia/code/大数据期末实验/大模型助力大数据分析/呼吸道传染病监测与早期预警分析/data/raw/chinacdc_monthly/t20250705_308213_6feb39cab75e4b7a.html
中国疾控中心全国法定传染病疫情情况,https://www.chinacdc.cn/jksj/jksj01/202507/t20250705_308213.html,2025年6月全国法定传染病疫情概况,2025,6,2025-06,全国,急性出血性结膜炎,丙类合计,0,0,2819,0,,,2026-05-28 00:56:43,/Users/zhoujia/code/大数据期末实验/大模型助力大数据分析/呼吸道传染病监测与早期预警分析/data/raw/chinacdc_monthly/t20250705_308213_6feb39cab75e4b7a.html
中国疾控中心全国法定传染病疫情情况,https://www.chinacdc.cn/jksj/jksj01/202507/t20250705_308213.html,2025年6月全国法定传染病疫情概况,2025,6,2025-06,全国,麻风病,丙类合计,0,0,22,0,,,2026-05-28 00:56:43,/Users/zhoujia/code/大数据期末实验/大模型助力大数据分析/呼吸道传染病监测与早期预警分析/data/raw/chinacdc_monthly/t20250705_308213_6feb39cab75e4b7a.html
中国疾控中心全国法定传染病疫情情况,https://www.chinacdc.cn/jksj/jksj01/202507/t20250705_308213.html,2025年6月全国法定传染病疫情概况,2025,6,2025-06,全国,流行性和地方性斑疹伤寒,丙类合计,0,0,135,0,,,2026-05-28 00:56:43,/Users/zhoujia/code/大数据期末实验/大模型助力大数据分析/呼吸道传染病监测与早期预警分析/data/raw/chinacdc_monthly/t20250705_308213_6feb39cab75e4b7a.html
中国疾控中心全国法定传染病疫情情况,https://www.chinacdc.cn/jksj/jksj01/202507/t20250705_308213.html,2025年6月全国法定传染病疫情概况,2025,6,2025-06,全国,黑热病,丙类合计,0,0,23,0,,,2026-05-28 00:56:43,/Users/zhoujia/code/大数据期末实验/大模型助力大数据分析/呼吸道传染病监测与早期预警分析/data/raw/chinacdc_monthly/t20250705_308213_6feb39cab75e4b7a.html
中国疾控中心全国法定传染病疫情情况,https://www.chinacdc.cn/jksj/jksj01/202507/t20250705_308213.html,2025年6月全国法定传染病疫情概况,2025,6,2025-06,全国,包虫病,丙类合计,0,0,285,0,,,2026-05-28 00:56:43,/Users/zhoujia/code/大数据期末实验/大模型助力大数据分析/呼吸道传染病监测与早期预警分析/data/raw/chinacdc_monthly/t20250705_308213_6feb39cab75e4b7a.html
中国疾控中心全国法定传染病疫情情况,https://www.chinacdc.cn/jksj/jksj01/202507/t20250705_308213.html,2025年6月全国法定传染病疫情概况,2025,6,2025-06,全国,丝虫病,丙类合计,0,0,0,0,,,2026-05-28 00:56:43,/Users/zhoujia/code/大数据期末实验/大模型助力大数据分析/呼吸道传染病监测与早期预警分析/data/raw/chinacdc_monthly/t20250705_308213_6feb39cab75e4b7a.html
中国疾控中心全国法定传染病疫情情况,https://www.chinacdc.cn/jksj/jksj01/202507/t20250705_308213.html,2025年6月全国法定传染病疫情概况,2025,6,2025-06,全国,其他感染性腹泻病,丙类合计,0,0,154704,1,,,2026-05-28 00:56:43,/Users/zhoujia/code/大数据期末实验/大模型助力大数据分析/呼吸道传染病监测与早期预警分析/data/raw/chinacdc_monthly/t20250705_308213_6feb39cab75e4b7a.html
中国疾控中心全国法定传染病疫情情况,https://www.chinacdc.cn/jksj/jksj01/202507/t20250705_308213.html,2025年6月全国法定传染病疫情概况,2025,6,2025-06,全国,手足口病,丙类合计,0,0,150557,0,,,2026-05-28 00:56:43,/Users/zhoujia/code/大数据期末实验/大模型助力大数据分析/呼吸道传染病监测与早期预警分析/data/raw/chinacdc_monthly/t20250705_308213_6feb39cab75e4b7a.html
中国疾控中心全国法定传染病疫情情况,https://www.chinacdc.cn/jksj/jksj01/202506/t20250606_307411.html,2025年5月全国法定传染病疫情概况,2025,5,2025-05,全国,甲乙丙类传染病总计,甲乙丙类总计,0,1,1077760,2043,,,2026-05-28 00:56:43,/Users/zhoujia/code/大数据期末实验/大模型助力大数据分析/呼吸道传染病监测与早期预警分析/data/raw/chinacdc_monthly/t20250606_307411_dd514bbe3a04856f.html
中国疾控中心全国法定传染病疫情情况,https://www.chinacdc.cn/jksj/jksj01/202506/t20250606_307411.html,2025年5月全国法定传染病疫情概况,2025,5,2025-05,全国,甲乙类传染病合计,甲乙类合计,0,1,718470,2042,,,2026-05-28 00:56:43,/Users/zhoujia/code/大数据期末实验/大模型助力大数据分析/呼吸道传染病监测与早期预警分析/data/raw/chinacdc_monthly/t20250606_307411_dd514bbe3a04856f.html
中国疾控中心全国法定传染病疫情情况,https://www.chinacdc.cn/jksj/jksj01/202506/t20250606_307411.html,2025年5月全国法定传染病疫情概况,2025,5,2025-05,全国,鼠疫,甲乙类合计,0,0,0,0,,,2026-05-28 00:56:43,/Users/zhoujia/code/大数据期末实验/大模型助力大数据分析/呼吸道传染病监测与早期预警分析/data/raw/chinacdc_monthly/t20250606_307411_dd514bbe3a04856f.html
中国疾控中心全国法定传染病疫情情况,https://www.chinacdc.cn/jksj/jksj01/202506/t20250606_307411.html,2025年5月全国法定传染病疫情概况,2025,5,2025-05,全国,霍乱,甲乙类合计,0,0,2,0,,,2026-05-28 00:56:43,/Users/zhoujia/code/大数据期末实验/大模型助力大数据分析/呼吸道传染病监测与早期预警分析/data/raw/chinacdc_monthly/t20250606_307411_dd514bbe3a04856f.html
中国疾控中心全国法定传染病疫情情况,https://www.chinacdc.cn/jksj/jksj01/202506/t20250606_307411.html,2025年5月全国法定传染病疫情概况,2025,5,2025-05,全国,传染性非典型肺炎,甲乙类合计,0,0,0,0,,,2026-05-28 00:56:43,/Users/zhoujia/code/大数据期末实验/大模型助力大数据分析/呼吸道传染病监测与早期预警分析/data/raw/chinacdc_monthly/t20250606_307411_dd514bbe3a04856f.html
中国疾控中心全国法定传染病疫情情况,https://www.chinacdc.cn/jksj/jksj01/202506/t20250606_307411.html,2025年5月全国法定传染病疫情概况,2025,5,2025-05,全国,艾滋病,甲乙类合计,0,0,4240,1573,,,2026-05-28 00:56:43,/Users/zhoujia/code/大数据期末实验/大模型助力大数据分析/呼吸道传染病监测与早期预警分析/data/raw/chinacdc_monthly/t20250606_307411_dd514bbe3a04856f.html
中国疾控中心全国法定传染病疫情情况,https://www.chinacdc.cn/jksj/jksj01/202506/t20250606_307411.html,2025年5月全国法定传染病疫情概况,2025,5,2025-05,全国,病毒性肝炎,甲乙类合计,0,0,130327,208,,,2026-05-28 00:56:43,/Users/zhoujia/code/大数据期末实验/大模型助力大数据分析/呼吸道传染病监测与早期预警分析/data/raw/chinacdc_monthly/t20250606_307411_dd514bbe3a04856f.html
中国疾控中心全国法定传染病疫情情况,https://www.chinacdc.cn/jksj/jksj01/202506/t20250606_307411.html,2025年5月全国法定传染病疫情概况,2025,5,2025-05,全国,甲型肝炎,甲乙类合计,0,0,1862,0,,,2026-05-28 00:56:43,/Users/zhoujia/code/大数据期末实验/大模型助力大数据分析/呼吸道传染病监测与早期预警分析/data/raw/chinacdc_monthly/t20250606_307411_dd514bbe3a04856f.html
中国疾控中心全国法定传染病疫情情况,https://www.chinacdc.cn/jksj/jksj01/202506/t20250606_307411.html,2025年5月全国法定传染病疫情概况,2025,5,2025-05,全国,乙型肝炎,甲乙类合计,0,0,108245,32,,,2026-05-28 00:56:43,/Users/zhoujia/code/大数据期末实验/大模型助力大数据分析/呼吸道传染病监测与早期预警分析/data/raw/chinacdc_monthly/t20250606_307411_dd514bbe3a04856f.html
中国疾控中心全国法定传染病疫情情况,https://www.chinacdc.cn/jksj/jksj01/202506/t20250606_307411.html,2025年5月全国法定传染病疫情概况,2025,5,2025-05,全国,丙型肝炎,甲乙类合计,0,0,16525,176,,,2026-05-28 00:56:43,/Users/zhoujia/code/大数据期末实验/大模型助力大数据分析/呼吸道传染病监测与早期预警分析/data/raw/chinacdc_monthly/t20250606_307411_dd514bbe3a04856f.html
中国疾控中心全国法定传染病疫情情况,https://www.chinacdc.cn/jksj/jksj01/202506/t20250606_307411.html,2025年5月全国法定传染病疫情概况,2025,5,2025-05,全国,丁型肝炎,甲乙类合计,0,0,20,0,,,2026-05-28 00:56:43,/Users/zhoujia/code/大数据期末实验/大模型助力大数据分析/呼吸道传染病监测与早期预警分析/data/raw/chinacdc_monthly/t20250606_307411_dd514bbe3a04856f.html
中国疾控中心全国法定传染病疫情情况,https://www.chinacdc.cn/jksj/jksj01/202506/t20250606_307411.html,2025年5月全国法定传染病疫情概况,2025,5,2025-05,全国,戊型肝炎,甲乙类合计,0,0,3089,0,,,2026-05-28 00:56:43,/Users/zhoujia/code/大数据期末实验/大模型助力大数据分析/呼吸道传染病监测与早期预警分析/data/raw/chinacdc_monthly/t20250606_307411_dd514bbe3a04856f.html
中国疾控中心全国法定传染病疫情情况,https://www.chinacdc.cn/jksj/jksj01/202506/t20250606_307411.html,2025年5月全国法定传染病疫情概况,2025,5,2025-05,全国,未分型肝炎,甲乙类合计,0,0,586,0,,,2026-05-28 00:56:43,/Users/zhoujia/code/大数据期末实验/大模型助力大数据分析/呼吸道传染病监测与早期预警分析/data/raw/chinacdc_monthly/t20250606_307411_dd514bbe3a04856f.html
中国疾控中心全国法定传染病疫情情况,https://www.chinacdc.cn/jksj/jksj01/202506/t20250606_307411.html,2025年5月全国法定传染病疫情概况,2025,5,2025-05,全国,脊髓灰质炎,甲乙类合计,0,0,0,0,,,2026-05-28 00:56:43,/Users/zhoujia/code/大数据期末实验/大模型助力大数据分析/呼吸道传染病监测与早期预警分析/data/raw/chinacdc_monthly/t20250606_307411_dd514bbe3a04856f.html
中国疾控中心全国法定传染病疫情情况,https://www.chinacdc.cn/jksj/jksj01/202506/t20250606_307411.html,2025年5月全国法定传染病疫情概况,2025,5,2025-05,全国,人感染高致病性禽流感,甲乙类合计,0,0,0,0,,,2026-05-28 00:56:43,/Users/zhoujia/code/大数据期末实验/大模型助力大数据分析/呼吸道传染病监测与早期预警分析/data/raw/chinacdc_monthly/t20250606_307411_dd514bbe3a04856f.html
中国疾控中心全国法定传染病疫情情况,https://www.chinacdc.cn/jksj/jksj01/202506/t20250606_307411.html,2025年5月全国法定传染病疫情概况,2025,5,2025-05,全国,麻疹,甲乙类合计,1,0,200,0,,,2026-05-28 00:56:43,/Users/zhoujia/code/大数据期末实验/大模型助力大数据分析/呼吸道传染病监测与早期预警分析/data/raw/chinacdc_monthly/t20250606_307411_dd514bbe3a04856f.html
中国疾控中心全国法定传染病疫情情况,https://www.chinacdc.cn/jksj/jksj01/202506/t20250606_307411.html,2025年5月全国法定传染病疫情概况,2025,5,2025-05,全国,流行性出血热,甲乙类合计,0,0,268,0,,,2026-05-28 00:56:43,/Users/zhoujia/code/大数据期末实验/大模型助力大数据分析/呼吸道传染病监测与早期预警分析/data/raw/chinacdc_monthly/t20250606_307411_dd514bbe3a04856f.html
中国疾控中心全国法定传染病疫情情况,https://www.chinacdc.cn/jksj/jksj01/202506/t20250606_307411.html,2025年5月全国法定传染病疫情概况,2025,5,2025-05,全国,狂犬病,甲乙类合计,0,0,19,18,,,2026-05-28 00:56:43,/Users/zhoujia/code/大数据期末实验/大模型助力大数据分析/呼吸道传染病监测与早期预警分析/data/raw/chinacdc_monthly/t20250606_307411_dd514bbe3a04856f.html
中国疾控中心全国法定传染病疫情情况,https://www.chinacdc.cn/jksj/jksj01/202506/t20250606_307411.html,2025年5月全国法定传染病疫情概况,2025,5,2025-05,全国,流行性乙型脑炎,甲乙类合计,0,0,1,0,,,2026-05-28 00:56:43,/Users/zhoujia/code/大数据期末实验/大模型助力大数据分析/呼吸道传染病监测与早期预警分析/data/raw/chinacdc_monthly/t20250606_307411_dd514bbe3a04856f.html
中国疾控中心全国法定传染病疫情情况,https://www.chinacdc.cn/jksj/jksj01/202506/t20250606_307411.html,2025年5月全国法定传染病疫情概况,2025,5,2025-05,全国,登革热,甲乙类合计,0,0,126,0,,,2026-05-28 00:56:43,/Users/zhoujia/code/大数据期末实验/大模型助力大数据分析/呼吸道传染病监测与早期预警分析/data/raw/chinacdc_monthly/t20250606_307411_dd514bbe3a04856f.html
中国疾控中心全国法定传染病疫情情况,https://www.chinacdc.cn/jksj/jksj01/202506/t20250606_307411.html,2025年5月全国法定传染病疫情概况,2025,5,2025-05,全国,炭疽,甲乙类合计,0,0,23,0,,,2026-05-28 00:56:43,/Users/zhoujia/code/大数据期末实验/大模型助力大数据分析/呼吸道传染病监测与早期预警分析/data/raw/chinacdc_monthly/t20250606_307411_dd514bbe3a04856f.html
中国疾控中心全国法定传染病疫情情况,https://www.chinacdc.cn/jksj/jksj01/202506/t20250606_307411.html,2025年5月全国法定传染病疫情概况,2025,5,2025-05,全国,细菌性和阿米巴性痢疾,甲乙类合计,0,0,2978,0,,,2026-05-28 00:56:43,/Users/zhoujia/code/大数据期末实验/大模型助力大数据分析/呼吸道传染病监测与早期预警分析/data/raw/chinacdc_monthly/t20250606_307411_dd514bbe3a04856f.html
中国疾控中心全国法定传染病疫情情况,https://www.chinacdc.cn/jksj/jksj01/202506/t20250606_307411.html,2025年5月全国法定传染病疫情概况,2025,5,2025-05,全国,肺结核,甲乙类合计,1,0,55165,228,,,2026-05-28 00:56:43,/Users/zhoujia/code/大数据期末实验/大模型助力大数据分析/呼吸道传染病监测与早期预警分析/data/raw/chinacdc_monthly/t20250606_307411_dd514bbe3a04856f.html
中国疾控中心全国法定传染病疫情情况,https://www.chinacdc.cn/jksj/jksj01/202506/t20250606_307411.html,2025年5月全国法定传染病疫情概况,2025,5,2025-05,全国,伤寒和副伤寒,甲乙类合计,0,0,459,0,,,2026-05-28 00:56:43,/Users/zhoujia/code/大数据期末实验/大模型助力大数据分析/呼吸道传染病监测与早期预警分析/data/raw/chinacdc_monthly/t20250606_307411_dd514bbe3a04856f.html
中国疾控中心全国法定传染病疫情情况,https://www.chinacdc.cn/jksj/jksj01/202506/t20250606_307411.html,2025年5月全国法定传染病疫情概况,2025,5,2025-05,全国,流行性脑脊髓膜炎,甲乙类合计,0,0,14,1,,,2026-05-28 00:56:43,/Users/zhoujia/code/大数据期末实验/大模型助力大数据分析/呼吸道传染病监测与早期预警分析/data/raw/chinacdc_monthly/t20250606_307411_dd514bbe3a04856f.html
中国疾控中心全国法定传染病疫情情况,https://www.chinacdc.cn/jksj/jksj01/202506/t20250606_307411.html,2025年5月全国法定传染病疫情概况,2025,5,2025-05,全国,百日咳,甲乙类合计,1,0,4260,0,,,2026-05-28 00:56:43,/Users/zhoujia/code/大数据期末实验/大模型助力大数据分析/呼吸道传染病监测与早期预警分析/data/raw/chinacdc_monthly/t20250606_307411_dd514bbe3a04856f.html
中国疾控中心全国法定传染病疫情情况,https://www.chinacdc.cn/jksj/jksj01/202506/t20250606_307411.html,2025年5月全国法定传染病疫情概况,2025,5,2025-05,全国,白喉,甲乙类合计,0,0,0,0,,,2026-05-28 00:56:43,/Users/zhoujia/code/大数据期末实验/大模型助力大数据分析/呼吸道传染病监测与早期预警分析/data/raw/chinacdc_monthly/t20250606_307411_dd514bbe3a04856f.html
中国疾控中心全国法定传染病疫情情况,https://www.chinacdc.cn/jksj/jksj01/202506/t20250606_307411.html,2025年5月全国法定传染病疫情概况,2025,5,2025-05,全国,新生儿破伤风,甲乙类合计,0,0,1,0,,,2026-05-28 00:56:43,/Users/zhoujia/code/大数据期末实验/大模型助力大数据分析/呼吸道传染病监测与早期预警分析/data/raw/chinacdc_monthly/t20250606_307411_dd514bbe3a04856f.html
中国疾控中心全国法定传染病疫情情况,https://www.chinacdc.cn/jksj/jksj01/202506/t20250606_307411.html,2025年5月全国法定传染病疫情概况,2025,5,2025-05,全国,猩红热,甲乙类合计,1,0,7844,0,,,2026-05-28 00:56:43,/Users/zhoujia/code/大数据期末实验/大模型助力大数据分析/呼吸道传染病监测与早期预警分析/data/raw/chinacdc_monthly/t20250606_307411_dd514bbe3a04856f.html
中国疾控中心全国法定传染病疫情情况,https://www.chinacdc.cn/jksj/jksj01/202506/t20250606_307411.html,2025年5月全国法定传染病疫情概况,2025,5,2025-05,全国,布鲁氏菌病,甲乙类合计,0,0,6982,0,,,2026-05-28 00:56:43,/Users/zhoujia/code/大数据期末实验/大模型助力大数据分析/呼吸道传染病监测与早期预警分析/data/raw/chinacdc_monthly/t20250606_307411_dd514bbe3a04856f.html
中国疾控中心全国法定传染病疫情情况,https://www.chinacdc.cn/jksj/jksj01/202506/t20250606_307411.html,2025年5月全国法定传染病疫情概况,2025,5,2025-05,全国,淋病,甲乙类合计,0,0,9533,0,,,2026-05-28 00:56:43,/Users/zhoujia/code/大数据期末实验/大模型助力大数据分析/呼吸道传染病监测与早期预警分析/data/raw/chinacdc_monthly/t20250606_307411_dd514bbe3a04856f.html
中国疾控中心全国法定传染病疫情情况,https://www.chinacdc.cn/jksj/jksj01/202506/t20250606_307411.html,2025年5月全国法定传染病疫情概况,2025,5,2025-05,全国,梅毒,甲乙类合计,0,0,54898,6,,,2026-05-28 00:56:43,/Users/zhoujia/code/大数据期末实验/大模型助力大数据分析/呼吸道传染病监测与早期预警分析/data/raw/chinacdc_monthly/t20250606_307411_dd514bbe3a04856f.html
中国疾控中心全国法定传染病疫情情况,https://www.chinacdc.cn/jksj/jksj01/202506/t20250606_307411.html,2025年5月全国法定传染病疫情概况,2025,5,2025-05,全国,钩端螺旋体病,甲乙类合计,0,0,12,0,,,2026-05-28 00:56:43,/Users/zhoujia/code/大数据期末实验/大模型助力大数据分析/呼吸道传染病监测与早期预警分析/data/raw/chinacdc_monthly/t20250606_307411_dd514bbe3a04856f.html
中国疾控中心全国法定传染病疫情情况,https://www.chinacdc.cn/jksj/jksj01/202506/t20250606_307411.html,2025年5月全国法定传染病疫情概况,2025,5,2025-05,全国,血吸虫病,甲乙类合计,0,0,1,0,,,2026-05-28 00:56:43,/Users/zhoujia/code/大数据期末实验/大模型助力大数据分析/呼吸道传染病监测与早期预警分析/data/raw/chinacdc_monthly/t20250606_307411_dd514bbe3a04856f.html
中国疾控中心全国法定传染病疫情情况,https://www.chinacdc.cn/jksj/jksj01/202506/t20250606_307411.html,2025年5月全国法定传染病疫情概况,2025,5,2025-05,全国,疟疾,甲乙类合计,0,0,343,1,,,2026-05-28 00:56:43,/Users/zhoujia/code/大数据期末实验/大模型助力大数据分析/呼吸道传染病监测与早期预警分析/data/raw/chinacdc_monthly/t20250606_307411_dd514bbe3a04856f.html
中国疾控中心全国法定传染病疫情情况,https://www.chinacdc.cn/jksj/jksj01/202506/t20250606_307411.html,2025年5月全国法定传染病疫情概况,2025,5,2025-05,全国,人感染H7N9禽流感,甲乙类合计,0,0,0,0,,,2026-05-28 00:56:43,/Users/zhoujia/code/大数据期末实验/大模型助力大数据分析/呼吸道传染病监测与早期预警分析/data/raw/chinacdc_monthly/t20250606_307411_dd514bbe3a04856f.html
中国疾控中心全国法定传染病疫情情况,https://www.chinacdc.cn/jksj/jksj01/202506/t20250606_307411.html,2025年5月全国法定传染病疫情概况,2025,5,2025-05,全国,新型冠状病毒感染,甲乙类合计,1,0,440662,7,,,2026-05-28 00:56:43,/Users/zhoujia/code/大数据期末实验/大模型助力大数据分析/呼吸道传染病监测与早期预警分析/data/raw/chinacdc_monthly/t20250606_307411_dd514bbe3a04856f.html
中国疾控中心全国法定传染病疫情情况,https://www.chinacdc.cn/jksj/jksj01/202506/t20250606_307411.html,2025年5月全国法定传染病疫情概况,2025,5,2025-05,全国,猴痘,甲乙类合计,0,0,112,0,,,2026-05-28 00:56:43,/Users/zhoujia/code/大数据期末实验/大模型助力大数据分析/呼吸道传染病监测与早期预警分析/data/raw/chinacdc_monthly/t20250606_307411_dd514bbe3a04856f.html
中国疾控中心全国法定传染病疫情情况,https://www.chinacdc.cn/jksj/jksj01/202506/t20250606_307411.html,2025年5月全国法定传染病疫情概况,2025,5,2025-05,全国,丙类传染病合计,丙类合计,0,1,359290,1,,,2026-05-28 00:56:43,/Users/zhoujia/code/大数据期末实验/大模型助力大数据分析/呼吸道传染病监测与早期预警分析/data/raw/chinacdc_monthly/t20250606_307411_dd514bbe3a04856f.html
中国疾控中心全国法定传染病疫情情况,https://www.chinacdc.cn/jksj/jksj01/202506/t20250606_307411.html,2025年5月全国法定传染病疫情概况,2025,5,2025-05,全国,流行性感冒,丙类合计,1,0,115573,0,,,2026-05-28 00:56:43,/Users/zhoujia/code/大数据期末实验/大模型助力大数据分析/呼吸道传染病监测与早期预警分析/data/raw/chinacdc_monthly/t20250606_307411_dd514bbe3a04856f.html
中国疾控中心全国法定传染病疫情情况,https://www.chinacdc.cn/jksj/jksj01/202506/t20250606_307411.html,2025年5月全国法定传染病疫情概况,2025,5,2025-05,全国,流行性腮腺炎,丙类合计,1,0,8962,0,,,2026-05-28 00:56:43,/Users/zhoujia/code/大数据期末实验/大模型助力大数据分析/呼吸道传染病监测与早期预警分析/data/raw/chinacdc_monthly/t20250606_307411_dd514bbe3a04856f.html
中国疾控中心全国法定传染病疫情情况,https://www.chinacdc.cn/jksj/jksj01/202506/t20250606_307411.html,2025年5月全国法定传染病疫情概况,2025,5,2025-05,全国,风疹,丙类合计,0,0,66,0,,,2026-05-28 00:56:43,/Users/zhoujia/code/大数据期末实验/大模型助力大数据分析/呼吸道传染病监测与早期预警分析/data/raw/chinacdc_monthly/t20250606_307411_dd514bbe3a04856f.html
中国疾控中心全国法定传染病疫情情况,https://www.chinacdc.cn/jksj/jksj01/202506/t20250606_307411.html,2025年5月全国法定传染病疫情概况,2025,5,2025-05,全国,急性出血性结膜炎,丙类合计,0,0,2659,0,,,2026-05-28 00:56:43,/Users/zhoujia/code/大数据期末实验/大模型助力大数据分析/呼吸道传染病监测与早期预警分析/data/raw/chinacdc_monthly/t20250606_307411_dd514bbe3a04856f.html
中国疾控中心全国法定传染病疫情情况,https://www.chinacdc.cn/jksj/jksj01/202506/t20250606_307411.html,2025年5月全国法定传染病疫情概况,2025,5,2025-05,全国,麻风病,丙类合计,0,0,31,0,,,2026-05-28 00:56:43,/Users/zhoujia/code/大数据期末实验/大模型助力大数据分析/呼吸道传染病监测与早期预警分析/data/raw/chinacdc_monthly/t20250606_307411_dd514bbe3a04856f.html
中国疾控中心全国法定传染病疫情情况,https://www.chinacdc.cn/jksj/jksj01/202506/t20250606_307411.html,2025年5月全国法定传染病疫情概况,2025,5,2025-05,全国,流行性和地方性斑疹伤寒,丙类合计,0,0,218,0,,,2026-05-28 00:56:43,/Users/zhoujia/code/大数据期末实验/大模型助力大数据分析/呼吸道传染病监测与早期预警分析/data/raw/chinacdc_monthly/t20250606_307411_dd514bbe3a04856f.html
中国疾控中心全国法定传染病疫情情况,https://www.chinacdc.cn/jksj/jksj01/202506/t20250606_307411.html,2025年5月全国法定传染病疫情概况,2025,5,2025-05,全国,黑热病,丙类合计,0,0,35,0,,,2026-05-28 00:56:43,/Users/zhoujia/code/大数据期末实验/大模型助力大数据分析/呼吸道传染病监测与早期预警分析/data/raw/chinacdc_monthly/t20250606_307411_dd514bbe3a04856f.html
中国疾控中心全国法定传染病疫情情况,https://www.chinacdc.cn/jksj/jksj01/202506/t20250606_307411.html,2025年5月全国法定传染病疫情概况,2025,5,2025-05,全国,包虫病,丙类合计,0,0,292,0,,,2026-05-28 00:56:43,/Users/zhoujia/code/大数据期末实验/大模型助力大数据分析/呼吸道传染病监测与早期预警分析/data/raw/chinacdc_monthly/t20250606_307411_dd514bbe3a04856f.html
中国疾控中心全国法定传染病疫情情况,https://www.chinacdc.cn/jksj/jksj01/202506/t20250606_307411.html,2025年5月全国法定传染病疫情概况,2025,5,2025-05,全国,丝虫病,丙类合计,0,0,0,0,,,2026-05-28 00:56:43,/Users/zhoujia/code/大数据期末实验/大模型助力大数据分析/呼吸道传染病监测与早期预警分析/data/raw/chinacdc_monthly/t20250606_307411_dd514bbe3a04856f.html
中国疾控中心全国法定传染病疫情情况,https://www.chinacdc.cn/jksj/jksj01/202506/t20250606_307411.html,2025年5月全国法定传染病疫情概况,2025,5,2025-05,全国,其他感染性腹泻病,丙类合计,0,0,179418,1,,,2026-05-28 00:56:43,/Users/zhoujia/code/大数据期末实验/大模型助力大数据分析/呼吸道传染病监测与早期预警分析/data/raw/chinacdc_monthly/t20250606_307411_dd514bbe3a04856f.html
中国疾控中心全国法定传染病疫情情况,https://www.chinacdc.cn/jksj/jksj01/202506/t20250606_307411.html,2025年5月全国法定传染病疫情概况,2025,5,2025-05,全国,手足口病,丙类合计,0,0,52036,0,,,2026-05-28 00:56:43,/Users/zhoujia/code/大数据期末实验/大模型助力大数据分析/呼吸道传染病监测与早期预警分析/data/raw/chinacdc_monthly/t20250606_307411_dd514bbe3a04856f.html
中国疾控中心全国法定传染病疫情情况,https://www.chinacdc.cn/jksj/jksj01/202505/t20250523_307013.html,2025年4月全国法定传染病疫情概况,2025,4,2025-04,全国,甲乙丙类传染病总计,甲乙丙类总计,0,1,866477,2139,,,2026-05-28 00:56:43,/Users/zhoujia/code/大数据期末实验/大模型助力大数据分析/呼吸道传染病监测与早期预警分析/data/raw/chinacdc_monthly/t20250523_307013_b4514ba4a244e05d.html
中国疾控中心全国法定传染病疫情情况,https://www.chinacdc.cn/jksj/jksj01/202505/t20250523_307013.html,2025年4月全国法定传染病疫情概况,2025,4,2025-04,全国,甲乙类传染病合计,甲乙类合计,0,1,457090,2138,,,2026-05-28 00:56:43,/Users/zhoujia/code/大数据期末实验/大模型助力大数据分析/呼吸道传染病监测与早期预警分析/data/raw/chinacdc_monthly/t20250523_307013_b4514ba4a244e05d.html
中国疾控中心全国法定传染病疫情情况,https://www.chinacdc.cn/jksj/jksj01/202505/t20250523_307013.html,2025年4月全国法定传染病疫情概况,2025,4,2025-04,全国,鼠疫,甲乙类合计,0,0,0,0,,,2026-05-28 00:56:43,/Users/zhoujia/code/大数据期末实验/大模型助力大数据分析/呼吸道传染病监测与早期预警分析/data/raw/chinacdc_monthly/t20250523_307013_b4514ba4a244e05d.html
中国疾控中心全国法定传染病疫情情况,https://www.chinacdc.cn/jksj/jksj01/202505/t20250523_307013.html,2025年4月全国法定传染病疫情概况,2025,4,2025-04,全国,霍乱,甲乙类合计,0,0,0,0,,,2026-05-28 00:56:43,/Users/zhoujia/code/大数据期末实验/大模型助力大数据分析/呼吸道传染病监测与早期预警分析/data/raw/chinacdc_monthly/t20250523_307013_b4514ba4a244e05d.html
中国疾控中心全国法定传染病疫情情况,https://www.chinacdc.cn/jksj/jksj01/202505/t20250523_307013.html,2025年4月全国法定传染病疫情概况,2025,4,2025-04,全国,传染性非典型肺炎,甲乙类合计,0,0,0,0,,,2026-05-28 00:56:43,/Users/zhoujia/code/大数据期末实验/大模型助力大数据分析/呼吸道传染病监测与早期预警分析/data/raw/chinacdc_monthly/t20250523_307013_b4514ba4a244e05d.html
中国疾控中心全国法定传染病疫情情况,https://www.chinacdc.cn/jksj/jksj01/202505/t20250523_307013.html,2025年4月全国法定传染病疫情概况,2025,4,2025-04,全国,艾滋病,甲乙类合计,0,0,4534,1642,,,2026-05-28 00:56:43,/Users/zhoujia/code/大数据期末实验/大模型助力大数据分析/呼吸道传染病监测与早期预警分析/data/raw/chinacdc_monthly/t20250523_307013_b4514ba4a244e05d.html
中国疾控中心全国法定传染病疫情情况,https://www.chinacdc.cn/jksj/jksj01/202505/t20250523_307013.html,2025年4月全国法定传染病疫情概况,2025,4,2025-04,全国,病毒性肝炎,甲乙类合计,0,0,137442,212,,,2026-05-28 00:56:43,/Users/zhoujia/code/大数据期末实验/大模型助力大数据分析/呼吸道传染病监测与早期预警分析/data/raw/chinacdc_monthly/t20250523_307013_b4514ba4a244e05d.html
中国疾控中心全国法定传染病疫情情况,https://www.chinacdc.cn/jksj/jksj01/202505/t20250523_307013.html,2025年4月全国法定传染病疫情概况,2025,4,2025-04,全国,甲型肝炎,甲乙类合计,0,0,1596,0,,,2026-05-28 00:56:43,/Users/zhoujia/code/大数据期末实验/大模型助力大数据分析/呼吸道传染病监测与早期预警分析/data/raw/chinacdc_monthly/t20250523_307013_b4514ba4a244e05d.html
中国疾控中心全国法定传染病疫情情况,https://www.chinacdc.cn/jksj/jksj01/202505/t20250523_307013.html,2025年4月全国法定传染病疫情概况,2025,4,2025-04,全国,乙型肝炎,甲乙类合计,0,0,113974,34,,,2026-05-28 00:56:43,/Users/zhoujia/code/大数据期末实验/大模型助力大数据分析/呼吸道传染病监测与早期预警分析/data/raw/chinacdc_monthly/t20250523_307013_b4514ba4a244e05d.html
中国疾控中心全国法定传染病疫情情况,https://www.chinacdc.cn/jksj/jksj01/202505/t20250523_307013.html,2025年4月全国法定传染病疫情概况,2025,4,2025-04,全国,丙型肝炎,甲乙类合计,0,0,17894,176,,,2026-05-28 00:56:43,/Users/zhoujia/code/大数据期末实验/大模型助力大数据分析/呼吸道传染病监测与早期预警分析/data/raw/chinacdc_monthly/t20250523_307013_b4514ba4a244e05d.html
中国疾控中心全国法定传染病疫情情况,https://www.chinacdc.cn/jksj/jksj01/202505/t20250523_307013.html,2025年4月全国法定传染病疫情概况,2025,4,2025-04,全国,丁型肝炎,甲乙类合计,0,0,16,0,,,2026-05-28 00:56:43,/Users/zhoujia/code/大数据期末实验/大模型助力大数据分析/呼吸道传染病监测与早期预警分析/data/raw/chinacdc_monthly/t20250523_307013_b4514ba4a244e05d.html
中国疾控中心全国法定传染病疫情情况,https://www.chinacdc.cn/jksj/jksj01/202505/t20250523_307013.html,2025年4月全国法定传染病疫情概况,2025,4,2025-04,全国,戊型肝炎,甲乙类合计,0,0,3339,2,,,2026-05-28 00:56:43,/Users/zhoujia/code/大数据期末实验/大模型助力大数据分析/呼吸道传染病监测与早期预警分析/data/raw/chinacdc_monthly/t20250523_307013_b4514ba4a244e05d.html
中国疾控中心全国法定传染病疫情情况,https://www.chinacdc.cn/jksj/jksj01/202505/t20250523_307013.html,2025年4月全国法定传染病疫情概况,2025,4,2025-04,全国,未分型肝炎,甲乙类合计,0,0,623,0,,,2026-05-28 00:56:43,/Users/zhoujia/code/大数据期末实验/大模型助力大数据分析/呼吸道传染病监测与早期预警分析/data/raw/chinacdc_monthly/t20250523_307013_b4514ba4a244e05d.html
中国疾控中心全国法定传染病疫情情况,https://www.chinacdc.cn/jksj/jksj01/202505/t20250523_307013.html,2025年4月全国法定传染病疫情概况,2025,4,2025-04,全国,脊髓灰质炎,甲乙类合计,0,0,0,0,,,2026-05-28 00:56:43,/Users/zhoujia/code/大数据期末实验/大模型助力大数据分析/呼吸道传染病监测与早期预警分析/data/raw/chinacdc_monthly/t20250523_307013_b4514ba4a244e05d.html
中国疾控中心全国法定传染病疫情情况,https://www.chinacdc.cn/jksj/jksj01/202505/t20250523_307013.html,2025年4月全国法定传染病疫情概况,2025,4,2025-04,全国,人感染高致病性禽流感,甲乙类合计,0,0,0,0,,,2026-05-28 00:56:43,/Users/zhoujia/code/大数据期末实验/大模型助力大数据分析/呼吸道传染病监测与早期预警分析/data/raw/chinacdc_monthly/t20250523_307013_b4514ba4a244e05d.html
中国疾控中心全国法定传染病疫情情况,https://www.chinacdc.cn/jksj/jksj01/202505/t20250523_307013.html,2025年4月全国法定传染病疫情概况,2025,4,2025-04,全国,麻疹,甲乙类合计,1,0,234,0,,,2026-05-28 00:56:43,/Users/zhoujia/code/大数据期末实验/大模型助力大数据分析/呼吸道传染病监测与早期预警分析/data/raw/chinacdc_monthly/t20250523_307013_b4514ba4a244e05d.html
中国疾控中心全国法定传染病疫情情况,https://www.chinacdc.cn/jksj/jksj01/202505/t20250523_307013.html,2025年4月全国法定传染病疫情概况,2025,4,2025-04,全国,流行性出血热,甲乙类合计,0,0,244,0,,,2026-05-28 00:56:43,/Users/zhoujia/code/大数据期末实验/大模型助力大数据分析/呼吸道传染病监测与早期预警分析/data/raw/chinacdc_monthly/t20250523_307013_b4514ba4a244e05d.html
中国疾控中心全国法定传染病疫情情况,https://www.chinacdc.cn/jksj/jksj01/202505/t20250523_307013.html,2025年4月全国法定传染病疫情概况,2025,4,2025-04,全国,狂犬病,甲乙类合计,0,0,13,11,,,2026-05-28 00:56:43,/Users/zhoujia/code/大数据期末实验/大模型助力大数据分析/呼吸道传染病监测与早期预警分析/data/raw/chinacdc_monthly/t20250523_307013_b4514ba4a244e05d.html
中国疾控中心全国法定传染病疫情情况,https://www.chinacdc.cn/jksj/jksj01/202505/t20250523_307013.html,2025年4月全国法定传染病疫情概况,2025,4,2025-04,全国,流行性乙型脑炎,甲乙类合计,0,0,0,0,,,2026-05-28 00:56:43,/Users/zhoujia/code/大数据期末实验/大模型助力大数据分析/呼吸道传染病监测与早期预警分析/data/raw/chinacdc_monthly/t20250523_307013_b4514ba4a244e05d.html
中国疾控中心全国法定传染病疫情情况,https://www.chinacdc.cn/jksj/jksj01/202505/t20250523_307013.html,2025年4月全国法定传染病疫情概况,2025,4,2025-04,全国,登革热,甲乙类合计,0,0,74,0,,,2026-05-28 00:56:43,/Users/zhoujia/code/大数据期末实验/大模型助力大数据分析/呼吸道传染病监测与早期预警分析/data/raw/chinacdc_monthly/t20250523_307013_b4514ba4a244e05d.html
中国疾控中心全国法定传染病疫情情况,https://www.chinacdc.cn/jksj/jksj01/202505/t20250523_307013.html,2025年4月全国法定传染病疫情概况,2025,4,2025-04,全国,炭疽,甲乙类合计,0,0,18,0,,,2026-05-28 00:56:43,/Users/zhoujia/code/大数据期末实验/大模型助力大数据分析/呼吸道传染病监测与早期预警分析/data/raw/chinacdc_monthly/t20250523_307013_b4514ba4a244e05d.html
中国疾控中心全国法定传染病疫情情况,https://www.chinacdc.cn/jksj/jksj01/202505/t20250523_307013.html,2025年4月全国法定传染病疫情概况,2025,4,2025-04,全国,细菌性和阿米巴性痢疾,甲乙类合计,0,0,2235,0,,,2026-05-28 00:56:43,/Users/zhoujia/code/大数据期末实验/大模型助力大数据分析/呼吸道传染病监测与早期预警分析/data/raw/chinacdc_monthly/t20250523_307013_b4514ba4a244e05d.html
中国疾控中心全国法定传染病疫情情况,https://www.chinacdc.cn/jksj/jksj01/202505/t20250523_307013.html,2025年4月全国法定传染病疫情概况,2025,4,2025-04,全国,肺结核,甲乙类合计,1,0,59246,252,,,2026-05-28 00:56:43,/Users/zhoujia/code/大数据期末实验/大模型助力大数据分析/呼吸道传染病监测与早期预警分析/data/raw/chinacdc_monthly/t20250523_307013_b4514ba4a244e05d.html
中国疾控中心全国法定传染病疫情情况,https://www.chinacdc.cn/jksj/jksj01/202505/t20250523_307013.html,2025年4月全国法定传染病疫情概况,2025,4,2025-04,全国,伤寒和副伤寒,甲乙类合计,0,0,293,0,,,2026-05-28 00:56:43,/Users/zhoujia/code/大数据期末实验/大模型助力大数据分析/呼吸道传染病监测与早期预警分析/data/raw/chinacdc_monthly/t20250523_307013_b4514ba4a244e05d.html
中国疾控中心全国法定传染病疫情情况,https://www.chinacdc.cn/jksj/jksj01/202505/t20250523_307013.html,2025年4月全国法定传染病疫情概况,2025,4,2025-04,全国,流行性脑脊髓膜炎,甲乙类合计,0,0,24,2,,,2026-05-28 00:56:43,/Users/zhoujia/code/大数据期末实验/大模型助力大数据分析/呼吸道传染病监测与早期预警分析/data/raw/chinacdc_monthly/t20250523_307013_b4514ba4a244e05d.html
中国疾控中心全国法定传染病疫情情况,https://www.chinacdc.cn/jksj/jksj01/202505/t20250523_307013.html,2025年4月全国法定传染病疫情概况,2025,4,2025-04,全国,百日咳,甲乙类合计,1,0,4506,0,,,2026-05-28 00:56:43,/Users/zhoujia/code/大数据期末实验/大模型助力大数据分析/呼吸道传染病监测与早期预警分析/data/raw/chinacdc_monthly/t20250523_307013_b4514ba4a244e05d.html
中国疾控中心全国法定传染病疫情情况,https://www.chinacdc.cn/jksj/jksj01/202505/t20250523_307013.html,2025年4月全国法定传染病疫情概况,2025,4,2025-04,全国,白喉,甲乙类合计,0,0,0,0,,,2026-05-28 00:56:43,/Users/zhoujia/code/大数据期末实验/大模型助力大数据分析/呼吸道传染病监测与早期预警分析/data/raw/chinacdc_monthly/t20250523_307013_b4514ba4a244e05d.html
中国疾控中心全国法定传染病疫情情况,https://www.chinacdc.cn/jksj/jksj01/202505/t20250523_307013.html,2025年4月全国法定传染病疫情概况,2025,4,2025-04,全国,新生儿破伤风,甲乙类合计,0,0,1,0,,,2026-05-28 00:56:43,/Users/zhoujia/code/大数据期末实验/大模型助力大数据分析/呼吸道传染病监测与早期预警分析/data/raw/chinacdc_monthly/t20250523_307013_b4514ba4a244e05d.html
中国疾控中心全国法定传染病疫情情况,https://www.chinacdc.cn/jksj/jksj01/202505/t20250523_307013.html,2025年4月全国法定传染病疫情概况,2025,4,2025-04,全国,猩红热,甲乙类合计,1,0,6465,0,,,2026-05-28 00:56:43,/Users/zhoujia/code/大数据期末实验/大模型助力大数据分析/呼吸道传染病监测与早期预警分析/data/raw/chinacdc_monthly/t20250523_307013_b4514ba4a244e05d.html
中国疾控中心全国法定传染病疫情情况,https://www.chinacdc.cn/jksj/jksj01/202505/t20250523_307013.html,2025年4月全国法定传染病疫情概况,2025,4,2025-04,全国,布鲁氏菌病,甲乙类合计,0,0,6487,0,,,2026-05-28 00:56:43,/Users/zhoujia/code/大数据期末实验/大模型助力大数据分析/呼吸道传染病监测与早期预警分析/data/raw/chinacdc_monthly/t20250523_307013_b4514ba4a244e05d.html
中国疾控中心全国法定传染病疫情情况,https://www.chinacdc.cn/jksj/jksj01/202505/t20250523_307013.html,2025年4月全国法定传染病疫情概况,2025,4,2025-04,全国,淋病,甲乙类合计,0,0,8975,0,,,2026-05-28 00:56:43,/Users/zhoujia/code/大数据期末实验/大模型助力大数据分析/呼吸道传染病监测与早期预警分析/data/raw/chinacdc_monthly/t20250523_307013_b4514ba4a244e05d.html
中国疾控中心全国法定传染病疫情情况,https://www.chinacdc.cn/jksj/jksj01/202505/t20250523_307013.html,2025年4月全国法定传染病疫情概况,2025,4,2025-04,全国,梅毒,甲乙类合计,0,0,57441,8,,,2026-05-28 00:56:43,/Users/zhoujia/code/大数据期末实验/大模型助力大数据分析/呼吸道传染病监测与早期预警分析/data/raw/chinacdc_monthly/t20250523_307013_b4514ba4a244e05d.html
中国疾控中心全国法定传染病疫情情况,https://www.chinacdc.cn/jksj/jksj01/202505/t20250523_307013.html,2025年4月全国法定传染病疫情概况,2025,4,2025-04,全国,钩端螺旋体病,甲乙类合计,0,0,7,0,,,2026-05-28 00:56:43,/Users/zhoujia/code/大数据期末实验/大模型助力大数据分析/呼吸道传染病监测与早期预警分析/data/raw/chinacdc_monthly/t20250523_307013_b4514ba4a244e05d.html
中国疾控中心全国法定传染病疫情情况,https://www.chinacdc.cn/jksj/jksj01/202505/t20250523_307013.html,2025年4月全国法定传染病疫情概况,2025,4,2025-04,全国,血吸虫病,甲乙类合计,0,0,1,0,,,2026-05-28 00:56:43,/Users/zhoujia/code/大数据期末实验/大模型助力大数据分析/呼吸道传染病监测与早期预警分析/data/raw/chinacdc_monthly/t20250523_307013_b4514ba4a244e05d.html
中国疾控中心全国法定传染病疫情情况,https://www.chinacdc.cn/jksj/jksj01/202505/t20250523_307013.html,2025年4月全国法定传染病疫情概况,2025,4,2025-04,全国,疟疾,甲乙类合计,0,0,257,2,,,2026-05-28 00:56:43,/Users/zhoujia/code/大数据期末实验/大模型助力大数据分析/呼吸道传染病监测与早期预警分析/data/raw/chinacdc_monthly/t20250523_307013_b4514ba4a244e05d.html
中国疾控中心全国法定传染病疫情情况,https://www.chinacdc.cn/jksj/jksj01/202505/t20250523_307013.html,2025年4月全国法定传染病疫情概况,2025,4,2025-04,全国,人感染H7N9禽流感,甲乙类合计,0,0,0,0,,,2026-05-28 00:56:43,/Users/zhoujia/code/大数据期末实验/大模型助力大数据分析/呼吸道传染病监测与早期预警分析/data/raw/chinacdc_monthly/t20250523_307013_b4514ba4a244e05d.html
中国疾控中心全国法定传染病疫情情况,https://www.chinacdc.cn/jksj/jksj01/202505/t20250523_307013.html,2025年4月全国法定传染病疫情概况,2025,4,2025-04,全国,新型冠状病毒感染,甲乙类合计,1,0,168507,9,,,2026-05-28 00:56:43,/Users/zhoujia/code/大数据期末实验/大模型助力大数据分析/呼吸道传染病监测与早期预警分析/data/raw/chinacdc_monthly/t20250523_307013_b4514ba4a244e05d.html
中国疾控中心全国法定传染病疫情情况,https://www.chinacdc.cn/jksj/jksj01/202505/t20250523_307013.html,2025年4月全国法定传染病疫情概况,2025,4,2025-04,全国,猴痘,甲乙类合计,0,0,86,0,,,2026-05-28 00:56:43,/Users/zhoujia/code/大数据期末实验/大模型助力大数据分析/呼吸道传染病监测与早期预警分析/data/raw/chinacdc_monthly/t20250523_307013_b4514ba4a244e05d.html
中国疾控中心全国法定传染病疫情情况,https://www.chinacdc.cn/jksj/jksj01/202505/t20250523_307013.html,2025年4月全国法定传染病疫情概况,2025,4,2025-04,全国,丙类传染病合计,丙类合计,0,1,409387,1,,,2026-05-28 00:56:43,/Users/zhoujia/code/大数据期末实验/大模型助力大数据分析/呼吸道传染病监测与早期预警分析/data/raw/chinacdc_monthly/t20250523_307013_b4514ba4a244e05d.html
中国疾控中心全国法定传染病疫情情况,https://www.chinacdc.cn/jksj/jksj01/202505/t20250523_307013.html,2025年4月全国法定传染病疫情概况,2025,4,2025-04,全国,流行性感冒,丙类合计,1,0,143986,0,,,2026-05-28 00:56:43,/Users/zhoujia/code/大数据期末实验/大模型助力大数据分析/呼吸道传染病监测与早期预警分析/data/raw/chinacdc_monthly/t20250523_307013_b4514ba4a244e05d.html
中国疾控中心全国法定传染病疫情情况,https://www.chinacdc.cn/jksj/jksj01/202505/t20250523_307013.html,2025年4月全国法定传染病疫情概况,2025,4,2025-04,全国,流行性腮腺炎,丙类合计,1,0,8641,0,,,2026-05-28 00:56:43,/Users/zhoujia/code/大数据期末实验/大模型助力大数据分析/呼吸道传染病监测与早期预警分析/data/raw/chinacdc_monthly/t20250523_307013_b4514ba4a244e05d.html
中国疾控中心全国法定传染病疫情情况,https://www.chinacdc.cn/jksj/jksj01/202505/t20250523_307013.html,2025年4月全国法定传染病疫情概况,2025,4,2025-04,全国,风疹,丙类合计,0,0,75,0,,,2026-05-28 00:56:43,/Users/zhoujia/code/大数据期末实验/大模型助力大数据分析/呼吸道传染病监测与早期预警分析/data/raw/chinacdc_monthly/t20250523_307013_b4514ba4a244e05d.html
中国疾控中心全国法定传染病疫情情况,https://www.chinacdc.cn/jksj/jksj01/202505/t20250523_307013.html,2025年4月全国法定传染病疫情概况,2025,4,2025-04,全国,急性出血性结膜炎,丙类合计,0,0,2262,0,,,2026-05-28 00:56:43,/Users/zhoujia/code/大数据期末实验/大模型助力大数据分析/呼吸道传染病监测与早期预警分析/data/raw/chinacdc_monthly/t20250523_307013_b4514ba4a244e05d.html
中国疾控中心全国法定传染病疫情情况,https://www.chinacdc.cn/jksj/jksj01/202505/t20250523_307013.html,2025年4月全国法定传染病疫情概况,2025,4,2025-04,全国,麻风病,丙类合计,0,0,38,0,,,2026-05-28 00:56:43,/Users/zhoujia/code/大数据期末实验/大模型助力大数据分析/呼吸道传染病监测与早期预警分析/data/raw/chinacdc_monthly/t20250523_307013_b4514ba4a244e05d.html
中国疾控中心全国法定传染病疫情情况,https://www.chinacdc.cn/jksj/jksj01/202505/t20250523_307013.html,2025年4月全国法定传染病疫情概况,2025,4,2025-04,全国,流行性和地方性斑疹伤寒,丙类合计,0,0,89,0,,,2026-05-28 00:56:43,/Users/zhoujia/code/大数据期末实验/大模型助力大数据分析/呼吸道传染病监测与早期预警分析/data/raw/chinacdc_monthly/t20250523_307013_b4514ba4a244e05d.html
中国疾控中心全国法定传染病疫情情况,https://www.chinacdc.cn/jksj/jksj01/202505/t20250523_307013.html,2025年4月全国法定传染病疫情概况,2025,4,2025-04,全国,黑热病,丙类合计,0,0,34,0,,,2026-05-28 00:56:43,/Users/zhoujia/code/大数据期末实验/大模型助力大数据分析/呼吸道传染病监测与早期预警分析/data/raw/chinacdc_monthly/t20250523_307013_b4514ba4a244e05d.html
中国疾控中心全国法定传染病疫情情况,https://www.chinacdc.cn/jksj/jksj01/202505/t20250523_307013.html,2025年4月全国法定传染病疫情概况,2025,4,2025-04,全国,包虫病,丙类合计,0,0,441,1,,,2026-05-28 00:56:43,/Users/zhoujia/code/大数据期末实验/大模型助力大数据分析/呼吸道传染病监测与早期预警分析/data/raw/chinacdc_monthly/t20250523_307013_b4514ba4a244e05d.html
中国疾控中心全国法定传染病疫情情况,https://www.chinacdc.cn/jksj/jksj01/202505/t20250523_307013.html,2025年4月全国法定传染病疫情概况,2025,4,2025-04,全国,丝虫病,丙类合计,0,0,0,0,,,2026-05-28 00:56:43,/Users/zhoujia/code/大数据期末实验/大模型助力大数据分析/呼吸道传染病监测与早期预警分析/data/raw/chinacdc_monthly/t20250523_307013_b4514ba4a244e05d.html
中国疾控中心全国法定传染病疫情情况,https://www.chinacdc.cn/jksj/jksj01/202505/t20250523_307013.html,2025年4月全国法定传染病疫情概况,2025,4,2025-04,全国,其他感染性腹泻病,丙类合计,0,0,227604,0,,,2026-05-28 00:56:43,/Users/zhoujia/code/大数据期末实验/大模型助力大数据分析/呼吸道传染病监测与早期预警分析/data/raw/chinacdc_monthly/t20250523_307013_b4514ba4a244e05d.html
中国疾控中心全国法定传染病疫情情况,https://www.chinacdc.cn/jksj/jksj01/202505/t20250523_307013.html,2025年4月全国法定传染病疫情概况,2025,4,2025-04,全国,手足口病,丙类合计,0,0,26217,0,,,2026-05-28 00:56:43,/Users/zhoujia/code/大数据期末实验/大模型助力大数据分析/呼吸道传染病监测与早期预警分析/data/raw/chinacdc_monthly/t20250523_307013_b4514ba4a244e05d.html
中国疾控中心全国法定传染病疫情情况,https://www.chinacdc.cn/jksj/jksj01/202504/t20250429_306351.html,2025年3月全国法定传染病疫情概况,2025,3,2025-03,全国,甲乙丙类总计,甲乙丙类总计,0,1,971168,2137,,,2026-05-28 00:56:43,/Users/zhoujia/code/大数据期末实验/大模型助力大数据分析/呼吸道传染病监测与早期预警分析/data/raw/chinacdc_monthly/t20250429_306351_a22d76d69a70ab02.html
中国疾控中心全国法定传染病疫情情况,https://www.chinacdc.cn/jksj/jksj01/202504/t20250429_306351.html,2025年3月全国法定传染病疫情概况,2025,3,2025-03,全国,甲乙类传染病合计,甲乙类合计,0,1,355602,2135,,,2026-05-28 00:56:43,/Users/zhoujia/code/大数据期末实验/大模型助力大数据分析/呼吸道传染病监测与早期预警分析/data/raw/chinacdc_monthly/t20250429_306351_a22d76d69a70ab02.html
中国疾控中心全国法定传染病疫情情况,https://www.chinacdc.cn/jksj/jksj01/202504/t20250429_306351.html,2025年3月全国法定传染病疫情概况,2025,3,2025-03,全国,鼠疫,甲乙类合计,0,0,0,0,,,2026-05-28 00:56:43,/Users/zhoujia/code/大数据期末实验/大模型助力大数据分析/呼吸道传染病监测与早期预警分析/data/raw/chinacdc_monthly/t20250429_306351_a22d76d69a70ab02.html
中国疾控中心全国法定传染病疫情情况,https://www.chinacdc.cn/jksj/jksj01/202504/t20250429_306351.html,2025年3月全国法定传染病疫情概况,2025,3,2025-03,全国,霍乱,甲乙类合计,0,0,0,0,,,2026-05-28 00:56:43,/Users/zhoujia/code/大数据期末实验/大模型助力大数据分析/呼吸道传染病监测与早期预警分析/data/raw/chinacdc_monthly/t20250429_306351_a22d76d69a70ab02.html
中国疾控中心全国法定传染病疫情情况,https://www.chinacdc.cn/jksj/jksj01/202504/t20250429_306351.html,2025年3月全国法定传染病疫情概况,2025,3,2025-03,全国,传染性非典型肺炎,甲乙类合计,0,0,0,0,,,2026-05-28 00:56:43,/Users/zhoujia/code/大数据期末实验/大模型助力大数据分析/呼吸道传染病监测与早期预警分析/data/raw/chinacdc_monthly/t20250429_306351_a22d76d69a70ab02.html
中国疾控中心全国法定传染病疫情情况,https://www.chinacdc.cn/jksj/jksj01/202504/t20250429_306351.html,2025年3月全国法定传染病疫情概况,2025,3,2025-03,全国,艾滋病,甲乙类合计,0,0,4852,1709,,,2026-05-28 00:56:43,/Users/zhoujia/code/大数据期末实验/大模型助力大数据分析/呼吸道传染病监测与早期预警分析/data/raw/chinacdc_monthly/t20250429_306351_a22d76d69a70ab02.html
中国疾控中心全国法定传染病疫情情况,https://www.chinacdc.cn/jksj/jksj01/202504/t20250429_306351.html,2025年3月全国法定传染病疫情概况,2025,3,2025-03,全国,病毒性肝炎,甲乙类合计,0,0,153083,163,,,2026-05-28 00:56:43,/Users/zhoujia/code/大数据期末实验/大模型助力大数据分析/呼吸道传染病监测与早期预警分析/data/raw/chinacdc_monthly/t20250429_306351_a22d76d69a70ab02.html
中国疾控中心全国法定传染病疫情情况,https://www.chinacdc.cn/jksj/jksj01/202504/t20250429_306351.html,2025年3月全国法定传染病疫情概况,2025,3,2025-03,全国,甲型肝炎,甲乙类合计,0,0,1919,0,,,2026-05-28 00:56:43,/Users/zhoujia/code/大数据期末实验/大模型助力大数据分析/呼吸道传染病监测与早期预警分析/data/raw/chinacdc_monthly/t20250429_306351_a22d76d69a70ab02.html
中国疾控中心全国法定传染病疫情情况,https://www.chinacdc.cn/jksj/jksj01/202504/t20250429_306351.html,2025年3月全国法定传染病疫情概况,2025,3,2025-03,全国,乙型肝炎,甲乙类合计,0,0,128992,41,,,2026-05-28 00:56:43,/Users/zhoujia/code/大数据期末实验/大模型助力大数据分析/呼吸道传染病监测与早期预警分析/data/raw/chinacdc_monthly/t20250429_306351_a22d76d69a70ab02.html
中国疾控中心全国法定传染病疫情情况,https://www.chinacdc.cn/jksj/jksj01/202504/t20250429_306351.html,2025年3月全国法定传染病疫情概况,2025,3,2025-03,全国,丙型肝炎,甲乙类合计,0,0,17661,122,,,2026-05-28 00:56:43,/Users/zhoujia/code/大数据期末实验/大模型助力大数据分析/呼吸道传染病监测与早期预警分析/data/raw/chinacdc_monthly/t20250429_306351_a22d76d69a70ab02.html
中国疾控中心全国法定传染病疫情情况,https://www.chinacdc.cn/jksj/jksj01/202504/t20250429_306351.html,2025年3月全国法定传染病疫情概况,2025,3,2025-03,全国,丁型肝炎,甲乙类合计,0,0,18,0,,,2026-05-28 00:56:43,/Users/zhoujia/code/大数据期末实验/大模型助力大数据分析/呼吸道传染病监测与早期预警分析/data/raw/chinacdc_monthly/t20250429_306351_a22d76d69a70ab02.html
中国疾控中心全国法定传染病疫情情况,https://www.chinacdc.cn/jksj/jksj01/202504/t20250429_306351.html,2025年3月全国法定传染病疫情概况,2025,3,2025-03,全国,戊型肝炎,甲乙类合计,0,0,3748,0,,,2026-05-28 00:56:43,/Users/zhoujia/code/大数据期末实验/大模型助力大数据分析/呼吸道传染病监测与早期预警分析/data/raw/chinacdc_monthly/t20250429_306351_a22d76d69a70ab02.html
中国疾控中心全国法定传染病疫情情况,https://www.chinacdc.cn/jksj/jksj01/202504/t20250429_306351.html,2025年3月全国法定传染病疫情概况,2025,3,2025-03,全国,未分型肝炎,甲乙类合计,0,0,745,0,,,2026-05-28 00:56:43,/Users/zhoujia/code/大数据期末实验/大模型助力大数据分析/呼吸道传染病监测与早期预警分析/data/raw/chinacdc_monthly/t20250429_306351_a22d76d69a70ab02.html
中国疾控中心全国法定传染病疫情情况,https://www.chinacdc.cn/jksj/jksj01/202504/t20250429_306351.html,2025年3月全国法定传染病疫情概况,2025,3,2025-03,全国,脊髓灰质炎,甲乙类合计,0,0,0,0,,,2026-05-28 00:56:43,/Users/zhoujia/code/大数据期末实验/大模型助力大数据分析/呼吸道传染病监测与早期预警分析/data/raw/chinacdc_monthly/t20250429_306351_a22d76d69a70ab02.html
中国疾控中心全国法定传染病疫情情况,https://www.chinacdc.cn/jksj/jksj01/202504/t20250429_306351.html,2025年3月全国法定传染病疫情概况,2025,3,2025-03,全国,人感染高致病性禽流感,甲乙类合计,0,0,0,0,,,2026-05-28 00:56:43,/Users/zhoujia/code/大数据期末实验/大模型助力大数据分析/呼吸道传染病监测与早期预警分析/data/raw/chinacdc_monthly/t20250429_306351_a22d76d69a70ab02.html
中国疾控中心全国法定传染病疫情情况,https://www.chinacdc.cn/jksj/jksj01/202504/t20250429_306351.html,2025年3月全国法定传染病疫情概况,2025,3,2025-03,全国,麻疹,甲乙类合计,1,0,272,0,,,2026-05-28 00:56:43,/Users/zhoujia/code/大数据期末实验/大模型助力大数据分析/呼吸道传染病监测与早期预警分析/data/raw/chinacdc_monthly/t20250429_306351_a22d76d69a70ab02.html
中国疾控中心全国法定传染病疫情情况,https://www.chinacdc.cn/jksj/jksj01/202504/t20250429_306351.html,2025年3月全国法定传染病疫情概况,2025,3,2025-03,全国,流行性出血热,甲乙类合计,0,0,229,0,,,2026-05-28 00:56:43,/Users/zhoujia/code/大数据期末实验/大模型助力大数据分析/呼吸道传染病监测与早期预警分析/data/raw/chinacdc_monthly/t20250429_306351_a22d76d69a70ab02.html
中国疾控中心全国法定传染病疫情情况,https://www.chinacdc.cn/jksj/jksj01/202504/t20250429_306351.html,2025年3月全国法定传染病疫情概况,2025,3,2025-03,全国,狂犬病,甲乙类合计,0,0,13,9,,,2026-05-28 00:56:43,/Users/zhoujia/code/大数据期末实验/大模型助力大数据分析/呼吸道传染病监测与早期预警分析/data/raw/chinacdc_monthly/t20250429_306351_a22d76d69a70ab02.html
中国疾控中心全国法定传染病疫情情况,https://www.chinacdc.cn/jksj/jksj01/202504/t20250429_306351.html,2025年3月全国法定传染病疫情概况,2025,3,2025-03,全国,流行性乙型脑炎,甲乙类合计,0,0,0,0,,,2026-05-28 00:56:43,/Users/zhoujia/code/大数据期末实验/大模型助力大数据分析/呼吸道传染病监测与早期预警分析/data/raw/chinacdc_monthly/t20250429_306351_a22d76d69a70ab02.html
中国疾控中心全国法定传染病疫情情况,https://www.chinacdc.cn/jksj/jksj01/202504/t20250429_306351.html,2025年3月全国法定传染病疫情概况,2025,3,2025-03,全国,登革热,甲乙类合计,0,0,38,0,,,2026-05-28 00:56:43,/Users/zhoujia/code/大数据期末实验/大模型助力大数据分析/呼吸道传染病监测与早期预警分析/data/raw/chinacdc_monthly/t20250429_306351_a22d76d69a70ab02.html
中国疾控中心全国法定传染病疫情情况,https://www.chinacdc.cn/jksj/jksj01/202504/t20250429_306351.html,2025年3月全国法定传染病疫情概况,2025,3,2025-03,全国,炭疽,甲乙类合计,0,0,13,0,,,2026-05-28 00:56:43,/Users/zhoujia/code/大数据期末实验/大模型助力大数据分析/呼吸道传染病监测与早期预警分析/data/raw/chinacdc_monthly/t20250429_306351_a22d76d69a70ab02.html
中国疾控中心全国法定传染病疫情情况,https://www.chinacdc.cn/jksj/jksj01/202504/t20250429_306351.html,2025年3月全国法定传染病疫情概况,2025,3,2025-03,全国,细菌性和阿米巴性痢疾,甲乙类合计,0,0,2036,0,,,2026-05-28 00:56:43,/Users/zhoujia/code/大数据期末实验/大模型助力大数据分析/呼吸道传染病监测与早期预警分析/data/raw/chinacdc_monthly/t20250429_306351_a22d76d69a70ab02.html
中国疾控中心全国法定传染病疫情情况,https://www.chinacdc.cn/jksj/jksj01/202504/t20250429_306351.html,2025年3月全国法定传染病疫情概况,2025,3,2025-03,全国,肺结核,甲乙类合计,1,0,59479,239,,,2026-05-28 00:56:43,/Users/zhoujia/code/大数据期末实验/大模型助力大数据分析/呼吸道传染病监测与早期预警分析/data/raw/chinacdc_monthly/t20250429_306351_a22d76d69a70ab02.html
中国疾控中心全国法定传染病疫情情况,https://www.chinacdc.cn/jksj/jksj01/202504/t20250429_306351.html,2025年3月全国法定传染病疫情概况,2025,3,2025-03,全国,伤寒和副伤寒,甲乙类合计,0,0,270,0,,,2026-05-28 00:56:43,/Users/zhoujia/code/大数据期末实验/大模型助力大数据分析/呼吸道传染病监测与早期预警分析/data/raw/chinacdc_monthly/t20250429_306351_a22d76d69a70ab02.html
中国疾控中心全国法定传染病疫情情况,https://www.chinacdc.cn/jksj/jksj01/202504/t20250429_306351.html,2025年3月全国法定传染病疫情概况,2025,3,2025-03,全国,流行性脑脊髓膜炎,甲乙类合计,0,0,17,1,,,2026-05-28 00:56:43,/Users/zhoujia/code/大数据期末实验/大模型助力大数据分析/呼吸道传染病监测与早期预警分析/data/raw/chinacdc_monthly/t20250429_306351_a22d76d69a70ab02.html
中国疾控中心全国法定传染病疫情情况,https://www.chinacdc.cn/jksj/jksj01/202504/t20250429_306351.html,2025年3月全国法定传染病疫情概况,2025,3,2025-03,全国,百日咳,甲乙类合计,1,0,4186,0,,,2026-05-28 00:56:43,/Users/zhoujia/code/大数据期末实验/大模型助力大数据分析/呼吸道传染病监测与早期预警分析/data/raw/chinacdc_monthly/t20250429_306351_a22d76d69a70ab02.html
中国疾控中心全国法定传染病疫情情况,https://www.chinacdc.cn/jksj/jksj01/202504/t20250429_306351.html,2025年3月全国法定传染病疫情概况,2025,3,2025-03,全国,白喉,甲乙类合计,0,0,0,0,,,2026-05-28 00:56:43,/Users/zhoujia/code/大数据期末实验/大模型助力大数据分析/呼吸道传染病监测与早期预警分析/data/raw/chinacdc_monthly/t20250429_306351_a22d76d69a70ab02.html
中国疾控中心全国法定传染病疫情情况,https://www.chinacdc.cn/jksj/jksj01/202504/t20250429_306351.html,2025年3月全国法定传染病疫情概况,2025,3,2025-03,全国,新生儿破伤风,甲乙类合计,0,0,3,0,,,2026-05-28 00:56:43,/Users/zhoujia/code/大数据期末实验/大模型助力大数据分析/呼吸道传染病监测与早期预警分析/data/raw/chinacdc_monthly/t20250429_306351_a22d76d69a70ab02.html
中国疾控中心全国法定传染病疫情情况,https://www.chinacdc.cn/jksj/jksj01/202504/t20250429_306351.html,2025年3月全国法定传染病疫情概况,2025,3,2025-03,全国,猩红热,甲乙类合计,1,0,4689,0,,,2026-05-28 00:56:43,/Users/zhoujia/code/大数据期末实验/大模型助力大数据分析/呼吸道传染病监测与早期预警分析/data/raw/chinacdc_monthly/t20250429_306351_a22d76d69a70ab02.html
中国疾控中心全国法定传染病疫情情况,https://www.chinacdc.cn/jksj/jksj01/202504/t20250429_306351.html,2025年3月全国法定传染病疫情概况,2025,3,2025-03,全国,布鲁氏菌病,甲乙类合计,0,0,5575,0,,,2026-05-28 00:56:43,/Users/zhoujia/code/大数据期末实验/大模型助力大数据分析/呼吸道传染病监测与早期预警分析/data/raw/chinacdc_monthly/t20250429_306351_a22d76d69a70ab02.html
中国疾控中心全国法定传染病疫情情况,https://www.chinacdc.cn/jksj/jksj01/202504/t20250429_306351.html,2025年3月全国法定传染病疫情概况,2025,3,2025-03,全国,淋病,甲乙类合计,0,0,8367,0,,,2026-05-28 00:56:43,/Users/zhoujia/code/大数据期末实验/大模型助力大数据分析/呼吸道传染病监测与早期预警分析/data/raw/chinacdc_monthly/t20250429_306351_a22d76d69a70ab02.html
中国疾控中心全国法定传染病疫情情况,https://www.chinacdc.cn/jksj/jksj01/202504/t20250429_306351.html,2025年3月全国法定传染病疫情概况,2025,3,2025-03,全国,梅毒,甲乙类合计,0,0,55907,6,,,2026-05-28 00:56:43,/Users/zhoujia/code/大数据期末实验/大模型助力大数据分析/呼吸道传染病监测与早期预警分析/data/raw/chinacdc_monthly/t20250429_306351_a22d76d69a70ab02.html
中国疾控中心全国法定传染病疫情情况,https://www.chinacdc.cn/jksj/jksj01/202504/t20250429_306351.html,2025年3月全国法定传染病疫情概况,2025,3,2025-03,全国,钩端螺旋体病,甲乙类合计,0,0,2,0,,,2026-05-28 00:56:43,/Users/zhoujia/code/大数据期末实验/大模型助力大数据分析/呼吸道传染病监测与早期预警分析/data/raw/chinacdc_monthly/t20250429_306351_a22d76d69a70ab02.html
中国疾控中心全国法定传染病疫情情况,https://www.chinacdc.cn/jksj/jksj01/202504/t20250429_306351.html,2025年3月全国法定传染病疫情概况,2025,3,2025-03,全国,血吸虫病,甲乙类合计,0,0,1,0,,,2026-05-28 00:56:43,/Users/zhoujia/code/大数据期末实验/大模型助力大数据分析/呼吸道传染病监测与早期预警分析/data/raw/chinacdc_monthly/t20250429_306351_a22d76d69a70ab02.html
中国疾控中心全国法定传染病疫情情况,https://www.chinacdc.cn/jksj/jksj01/202504/t20250429_306351.html,2025年3月全国法定传染病疫情概况,2025,3,2025-03,全国,疟疾,甲乙类合计,0,0,213,1,,,2026-05-28 00:56:43,/Users/zhoujia/code/大数据期末实验/大模型助力大数据分析/呼吸道传染病监测与早期预警分析/data/raw/chinacdc_monthly/t20250429_306351_a22d76d69a70ab02.html
中国疾控中心全国法定传染病疫情情况,https://www.chinacdc.cn/jksj/jksj01/202504/t20250429_306351.html,2025年3月全国法定传染病疫情概况,2025,3,2025-03,全国,人感染H7N9禽流感,甲乙类合计,0,0,0,0,,,2026-05-28 00:56:43,/Users/zhoujia/code/大数据期末实验/大模型助力大数据分析/呼吸道传染病监测与早期预警分析/data/raw/chinacdc_monthly/t20250429_306351_a22d76d69a70ab02.html
中国疾控中心全国法定传染病疫情情况,https://www.chinacdc.cn/jksj/jksj01/202504/t20250429_306351.html,2025年3月全国法定传染病疫情概况,2025,3,2025-03,全国,新型冠状病毒感染,甲乙类合计,1,0,56286,7,,,2026-05-28 00:56:43,/Users/zhoujia/code/大数据期末实验/大模型助力大数据分析/呼吸道传染病监测与早期预警分析/data/raw/chinacdc_monthly/t20250429_306351_a22d76d69a70ab02.html
中国疾控中心全国法定传染病疫情情况,https://www.chinacdc.cn/jksj/jksj01/202504/t20250429_306351.html,2025年3月全国法定传染病疫情概况,2025,3,2025-03,全国,猴痘,甲乙类合计,0,0,71,0,,,2026-05-28 00:56:43,/Users/zhoujia/code/大数据期末实验/大模型助力大数据分析/呼吸道传染病监测与早期预警分析/data/raw/chinacdc_monthly/t20250429_306351_a22d76d69a70ab02.html
中国疾控中心全国法定传染病疫情情况,https://www.chinacdc.cn/jksj/jksj01/202504/t20250429_306351.html,2025年3月全国法定传染病疫情概况,2025,3,2025-03,全国,丙类传染病合计,丙类合计,0,1,615566,2,,,2026-05-28 00:56:43,/Users/zhoujia/code/大数据期末实验/大模型助力大数据分析/呼吸道传染病监测与早期预警分析/data/raw/chinacdc_monthly/t20250429_306351_a22d76d69a70ab02.html
中国疾控中心全国法定传染病疫情情况,https://www.chinacdc.cn/jksj/jksj01/202504/t20250429_306351.html,2025年3月全国法定传染病疫情概况,2025,3,2025-03,全国,流行性感冒,丙类合计,1,0,354842,1,,,2026-05-28 00:56:43,/Users/zhoujia/code/大数据期末实验/大模型助力大数据分析/呼吸道传染病监测与早期预警分析/data/raw/chinacdc_monthly/t20250429_306351_a22d76d69a70ab02.html
中国疾控中心全国法定传染病疫情情况,https://www.chinacdc.cn/jksj/jksj01/202504/t20250429_306351.html,2025年3月全国法定传染病疫情概况,2025,3,2025-03,全国,流行性腮腺炎,丙类合计,1,0,6652,0,,,2026-05-28 00:56:43,/Users/zhoujia/code/大数据期末实验/大模型助力大数据分析/呼吸道传染病监测与早期预警分析/data/raw/chinacdc_monthly/t20250429_306351_a22d76d69a70ab02.html
中国疾控中心全国法定传染病疫情情况,https://www.chinacdc.cn/jksj/jksj01/202504/t20250429_306351.html,2025年3月全国法定传染病疫情概况,2025,3,2025-03,全国,风疹,丙类合计,0,0,63,0,,,2026-05-28 00:56:43,/Users/zhoujia/code/大数据期末实验/大模型助力大数据分析/呼吸道传染病监测与早期预警分析/data/raw/chinacdc_monthly/t20250429_306351_a22d76d69a70ab02.html
中国疾控中心全国法定传染病疫情情况,https://www.chinacdc.cn/jksj/jksj01/202504/t20250429_306351.html,2025年3月全国法定传染病疫情概况,2025,3,2025-03,全国,急性出血性结膜炎,丙类合计,0,0,2044,0,,,2026-05-28 00:56:43,/Users/zhoujia/code/大数据期末实验/大模型助力大数据分析/呼吸道传染病监测与早期预警分析/data/raw/chinacdc_monthly/t20250429_306351_a22d76d69a70ab02.html
中国疾控中心全国法定传染病疫情情况,https://www.chinacdc.cn/jksj/jksj01/202504/t20250429_306351.html,2025年3月全国法定传染病疫情概况,2025,3,2025-03,全国,麻风病,丙类合计,0,0,34,0,,,2026-05-28 00:56:43,/Users/zhoujia/code/大数据期末实验/大模型助力大数据分析/呼吸道传染病监测与早期预警分析/data/raw/chinacdc_monthly/t20250429_306351_a22d76d69a70ab02.html
中国疾控中心全国法定传染病疫情情况,https://www.chinacdc.cn/jksj/jksj01/202504/t20250429_306351.html,2025年3月全国法定传染病疫情概况,2025,3,2025-03,全国,流行性和地方性斑疹伤寒,丙类合计,0,0,33,0,,,2026-05-28 00:56:43,/Users/zhoujia/code/大数据期末实验/大模型助力大数据分析/呼吸道传染病监测与早期预警分析/data/raw/chinacdc_monthly/t20250429_306351_a22d76d69a70ab02.html
中国疾控中心全国法定传染病疫情情况,https://www.chinacdc.cn/jksj/jksj01/202504/t20250429_306351.html,2025年3月全国法定传染病疫情概况,2025,3,2025-03,全国,黑热病,丙类合计,0,0,26,0,,,2026-05-28 00:56:43,/Users/zhoujia/code/大数据期末实验/大模型助力大数据分析/呼吸道传染病监测与早期预警分析/data/raw/chinacdc_monthly/t20250429_306351_a22d76d69a70ab02.html
中国疾控中心全国法定传染病疫情情况,https://www.chinacdc.cn/jksj/jksj01/202504/t20250429_306351.html,2025年3月全国法定传染病疫情概况,2025,3,2025-03,全国,包虫病,丙类合计,0,0,445,0,,,2026-05-28 00:56:43,/Users/zhoujia/code/大数据期末实验/大模型助力大数据分析/呼吸道传染病监测与早期预警分析/data/raw/chinacdc_monthly/t20250429_306351_a22d76d69a70ab02.html
中国疾控中心全国法定传染病疫情情况,https://www.chinacdc.cn/jksj/jksj01/202504/t20250429_306351.html,2025年3月全国法定传染病疫情概况,2025,3,2025-03,全国,丝虫病,丙类合计,0,0,0,0,,,2026-05-28 00:56:43,/Users/zhoujia/code/大数据期末实验/大模型助力大数据分析/呼吸道传染病监测与早期预警分析/data/raw/chinacdc_monthly/t20250429_306351_a22d76d69a70ab02.html
中国疾控中心全国法定传染病疫情情况,https://www.chinacdc.cn/jksj/jksj01/202504/t20250429_306351.html,2025年3月全国法定传染病疫情概况,2025,3,2025-03,全国,其他感染性腹泻病,丙类合计,0,0,239224,1,,,2026-05-28 00:56:43,/Users/zhoujia/code/大数据期末实验/大模型助力大数据分析/呼吸道传染病监测与早期预警分析/data/raw/chinacdc_monthly/t20250429_306351_a22d76d69a70ab02.html
中国疾控中心全国法定传染病疫情情况,https://www.chinacdc.cn/jksj/jksj01/202504/t20250429_306351.html,2025年3月全国法定传染病疫情概况,2025,3,2025-03,全国,手足口病,丙类合计,0,0,12203,0,,,2026-05-28 00:56:43,/Users/zhoujia/code/大数据期末实验/大模型助力大数据分析/呼吸道传染病监测与早期预警分析/data/raw/chinacdc_monthly/t20250429_306351_a22d76d69a70ab02.html
中国疾控中心全国法定传染病疫情情况,https://www.chinacdc.cn/jksj/jksj01/202504/t20250407_305788.html,2025年2月全国法定传染病疫情概况,2025,2,2025-02,全国,甲乙丙类总计,甲乙丙类总计,0,1,1898332,1964,,,2026-05-28 00:56:43,/Users/zhoujia/code/大数据期末实验/大模型助力大数据分析/呼吸道传染病监测与早期预警分析/data/raw/chinacdc_monthly/t20250407_305788_468b43d9e5d473ad.html
中国疾控中心全国法定传染病疫情情况,https://www.chinacdc.cn/jksj/jksj01/202504/t20250407_305788.html,2025年2月全国法定传染病疫情概况,2025,2,2025-02,全国,甲乙类传染病合计,甲乙类合计,0,1,295625,1949,,,2026-05-28 00:56:43,/Users/zhoujia/code/大数据期末实验/大模型助力大数据分析/呼吸道传染病监测与早期预警分析/data/raw/chinacdc_monthly/t20250407_305788_468b43d9e5d473ad.html
中国疾控中心全国法定传染病疫情情况,https://www.chinacdc.cn/jksj/jksj01/202504/t20250407_305788.html,2025年2月全国法定传染病疫情概况,2025,2,2025-02,全国,鼠疫,甲乙类合计,0,0,0,0,,,2026-05-28 00:56:43,/Users/zhoujia/code/大数据期末实验/大模型助力大数据分析/呼吸道传染病监测与早期预警分析/data/raw/chinacdc_monthly/t20250407_305788_468b43d9e5d473ad.html
中国疾控中心全国法定传染病疫情情况,https://www.chinacdc.cn/jksj/jksj01/202504/t20250407_305788.html,2025年2月全国法定传染病疫情概况,2025,2,2025-02,全国,霍乱,甲乙类合计,0,0,0,0,,,2026-05-28 00:56:43,/Users/zhoujia/code/大数据期末实验/大模型助力大数据分析/呼吸道传染病监测与早期预警分析/data/raw/chinacdc_monthly/t20250407_305788_468b43d9e5d473ad.html
中国疾控中心全国法定传染病疫情情况,https://www.chinacdc.cn/jksj/jksj01/202504/t20250407_305788.html,2025年2月全国法定传染病疫情概况,2025,2,2025-02,全国,传染性非典型肺炎,甲乙类合计,0,0,0,0,,,2026-05-28 00:56:43,/Users/zhoujia/code/大数据期末实验/大模型助力大数据分析/呼吸道传染病监测与早期预警分析/data/raw/chinacdc_monthly/t20250407_305788_468b43d9e5d473ad.html
中国疾控中心全国法定传染病疫情情况,https://www.chinacdc.cn/jksj/jksj01/202504/t20250407_305788.html,2025年2月全国法定传染病疫情概况,2025,2,2025-02,全国,艾滋病,甲乙类合计,0,0,3931,1609,,,2026-05-28 00:56:43,/Users/zhoujia/code/大数据期末实验/大模型助力大数据分析/呼吸道传染病监测与早期预警分析/data/raw/chinacdc_monthly/t20250407_305788_468b43d9e5d473ad.html
中国疾控中心全国法定传染病疫情情况,https://www.chinacdc.cn/jksj/jksj01/202504/t20250407_305788.html,2025年2月全国法定传染病疫情概况,2025,2,2025-02,全国,病毒性肝炎,甲乙类合计,0,0,142691,116,,,2026-05-28 00:56:43,/Users/zhoujia/code/大数据期末实验/大模型助力大数据分析/呼吸道传染病监测与早期预警分析/data/raw/chinacdc_monthly/t20250407_305788_468b43d9e5d473ad.html
中国疾控中心全国法定传染病疫情情况,https://www.chinacdc.cn/jksj/jksj01/202504/t20250407_305788.html,2025年2月全国法定传染病疫情概况,2025,2,2025-02,全国,甲型肝炎,甲乙类合计,0,0,2222,0,,,2026-05-28 00:56:43,/Users/zhoujia/code/大数据期末实验/大模型助力大数据分析/呼吸道传染病监测与早期预警分析/data/raw/chinacdc_monthly/t20250407_305788_468b43d9e5d473ad.html
中国疾控中心全国法定传染病疫情情况,https://www.chinacdc.cn/jksj/jksj01/202504/t20250407_305788.html,2025年2月全国法定传染病疫情概况,2025,2,2025-02,全国,乙型肝炎,甲乙类合计,0,0,120756,35,,,2026-05-28 00:56:43,/Users/zhoujia/code/大数据期末实验/大模型助力大数据分析/呼吸道传染病监测与早期预警分析/data/raw/chinacdc_monthly/t20250407_305788_468b43d9e5d473ad.html
中国疾控中心全国法定传染病疫情情况,https://www.chinacdc.cn/jksj/jksj01/202504/t20250407_305788.html,2025年2月全国法定传染病疫情概况,2025,2,2025-02,全国,丙型肝炎,甲乙类合计,0,0,15806,78,,,2026-05-28 00:56:43,/Users/zhoujia/code/大数据期末实验/大模型助力大数据分析/呼吸道传染病监测与早期预警分析/data/raw/chinacdc_monthly/t20250407_305788_468b43d9e5d473ad.html
中国疾控中心全国法定传染病疫情情况,https://www.chinacdc.cn/jksj/jksj01/202504/t20250407_305788.html,2025年2月全国法定传染病疫情概况,2025,2,2025-02,全国,丁型肝炎,甲乙类合计,0,0,19,0,,,2026-05-28 00:56:43,/Users/zhoujia/code/大数据期末实验/大模型助力大数据分析/呼吸道传染病监测与早期预警分析/data/raw/chinacdc_monthly/t20250407_305788_468b43d9e5d473ad.html
中国疾控中心全国法定传染病疫情情况,https://www.chinacdc.cn/jksj/jksj01/202504/t20250407_305788.html,2025年2月全国法定传染病疫情概况,2025,2,2025-02,全国,戊型肝炎,甲乙类合计,0,0,3199,3,,,2026-05-28 00:56:43,/Users/zhoujia/code/大数据期末实验/大模型助力大数据分析/呼吸道传染病监测与早期预警分析/data/raw/chinacdc_monthly/t20250407_305788_468b43d9e5d473ad.html
中国疾控中心全国法定传染病疫情情况,https://www.chinacdc.cn/jksj/jksj01/202504/t20250407_305788.html,2025年2月全国法定传染病疫情概况,2025,2,2025-02,全国,未分型肝炎,甲乙类合计,0,0,689,0,,,2026-05-28 00:56:43,/Users/zhoujia/code/大数据期末实验/大模型助力大数据分析/呼吸道传染病监测与早期预警分析/data/raw/chinacdc_monthly/t20250407_305788_468b43d9e5d473ad.html
中国疾控中心全国法定传染病疫情情况,https://www.chinacdc.cn/jksj/jksj01/202504/t20250407_305788.html,2025年2月全国法定传染病疫情概况,2025,2,2025-02,全国,脊髓灰质炎,甲乙类合计,0,0,0,0,,,2026-05-28 00:56:43,/Users/zhoujia/code/大数据期末实验/大模型助力大数据分析/呼吸道传染病监测与早期预警分析/data/raw/chinacdc_monthly/t20250407_305788_468b43d9e5d473ad.html
中国疾控中心全国法定传染病疫情情况,https://www.chinacdc.cn/jksj/jksj01/202504/t20250407_305788.html,2025年2月全国法定传染病疫情概况,2025,2,2025-02,全国,人感染高致病性禽流感,甲乙类合计,0,0,0,0,,,2026-05-28 00:56:43,/Users/zhoujia/code/大数据期末实验/大模型助力大数据分析/呼吸道传染病监测与早期预警分析/data/raw/chinacdc_monthly/t20250407_305788_468b43d9e5d473ad.html
中国疾控中心全国法定传染病疫情情况,https://www.chinacdc.cn/jksj/jksj01/202504/t20250407_305788.html,2025年2月全国法定传染病疫情概况,2025,2,2025-02,全国,麻疹,甲乙类合计,1,0,309,0,,,2026-05-28 00:56:43,/Users/zhoujia/code/大数据期末实验/大模型助力大数据分析/呼吸道传染病监测与早期预警分析/data/raw/chinacdc_monthly/t20250407_305788_468b43d9e5d473ad.html
中国疾控中心全国法定传染病疫情情况,https://www.chinacdc.cn/jksj/jksj01/202504/t20250407_305788.html,2025年2月全国法定传染病疫情概况,2025,2,2025-02,全国,流行性出血热,甲乙类合计,0,0,172,0,,,2026-05-28 00:56:43,/Users/zhoujia/code/大数据期末实验/大模型助力大数据分析/呼吸道传染病监测与早期预警分析/data/raw/chinacdc_monthly/t20250407_305788_468b43d9e5d473ad.html
中国疾控中心全国法定传染病疫情情况,https://www.chinacdc.cn/jksj/jksj01/202504/t20250407_305788.html,2025年2月全国法定传染病疫情概况,2025,2,2025-02,全国,狂犬病,甲乙类合计,0,0,4,7,,,2026-05-28 00:56:43,/Users/zhoujia/code/大数据期末实验/大模型助力大数据分析/呼吸道传染病监测与早期预警分析/data/raw/chinacdc_monthly/t20250407_305788_468b43d9e5d473ad.html
中国疾控中心全国法定传染病疫情情况,https://www.chinacdc.cn/jksj/jksj01/202504/t20250407_305788.html,2025年2月全国法定传染病疫情概况,2025,2,2025-02,全国,流行性乙型脑炎,甲乙类合计,0,0,0,0,,,2026-05-28 00:56:43,/Users/zhoujia/code/大数据期末实验/大模型助力大数据分析/呼吸道传染病监测与早期预警分析/data/raw/chinacdc_monthly/t20250407_305788_468b43d9e5d473ad.html
中国疾控中心全国法定传染病疫情情况,https://www.chinacdc.cn/jksj/jksj01/202504/t20250407_305788.html,2025年2月全国法定传染病疫情概况,2025,2,2025-02,全国,登革热,甲乙类合计,0,0,51,0,,,2026-05-28 00:56:43,/Users/zhoujia/code/大数据期末实验/大模型助力大数据分析/呼吸道传染病监测与早期预警分析/data/raw/chinacdc_monthly/t20250407_305788_468b43d9e5d473ad.html
中国疾控中心全国法定传染病疫情情况,https://www.chinacdc.cn/jksj/jksj01/202504/t20250407_305788.html,2025年2月全国法定传染病疫情概况,2025,2,2025-02,全国,炭疽,甲乙类合计,0,0,21,0,,,2026-05-28 00:56:43,/Users/zhoujia/code/大数据期末实验/大模型助力大数据分析/呼吸道传染病监测与早期预警分析/data/raw/chinacdc_monthly/t20250407_305788_468b43d9e5d473ad.html
中国疾控中心全国法定传染病疫情情况,https://www.chinacdc.cn/jksj/jksj01/202504/t20250407_305788.html,2025年2月全国法定传染病疫情概况,2025,2,2025-02,全国,细菌性和阿米巴性痢疾,甲乙类合计,0,0,1706,1,,,2026-05-28 00:56:43,/Users/zhoujia/code/大数据期末实验/大模型助力大数据分析/呼吸道传染病监测与早期预警分析/data/raw/chinacdc_monthly/t20250407_305788_468b43d9e5d473ad.html
中国疾控中心全国法定传染病疫情情况,https://www.chinacdc.cn/jksj/jksj01/202504/t20250407_305788.html,2025年2月全国法定传染病疫情概况,2025,2,2025-02,全国,肺结核,甲乙类合计,1,0,52942,208,,,2026-05-28 00:56:43,/Users/zhoujia/code/大数据期末实验/大模型助力大数据分析/呼吸道传染病监测与早期预警分析/data/raw/chinacdc_monthly/t20250407_305788_468b43d9e5d473ad.html
中国疾控中心全国法定传染病疫情情况,https://www.chinacdc.cn/jksj/jksj01/202504/t20250407_305788.html,2025年2月全国法定传染病疫情概况,2025,2,2025-02,全国,伤寒和副伤寒,甲乙类合计,0,0,215,0,,,2026-05-28 00:56:43,/Users/zhoujia/code/大数据期末实验/大模型助力大数据分析/呼吸道传染病监测与早期预警分析/data/raw/chinacdc_monthly/t20250407_305788_468b43d9e5d473ad.html
中国疾控中心全国法定传染病疫情情况,https://www.chinacdc.cn/jksj/jksj01/202504/t20250407_305788.html,2025年2月全国法定传染病疫情概况,2025,2,2025-02,全国,流行性脑脊髓膜炎,甲乙类合计,0,0,20,1,,,2026-05-28 00:56:43,/Users/zhoujia/code/大数据期末实验/大模型助力大数据分析/呼吸道传染病监测与早期预警分析/data/raw/chinacdc_monthly/t20250407_305788_468b43d9e5d473ad.html
中国疾控中心全国法定传染病疫情情况,https://www.chinacdc.cn/jksj/jksj01/202504/t20250407_305788.html,2025年2月全国法定传染病疫情概况,2025,2,2025-02,全国,百日咳,甲乙类合计,1,0,4298,0,,,2026-05-28 00:56:43,/Users/zhoujia/code/大数据期末实验/大模型助力大数据分析/呼吸道传染病监测与早期预警分析/data/raw/chinacdc_monthly/t20250407_305788_468b43d9e5d473ad.html
中国疾控中心全国法定传染病疫情情况,https://www.chinacdc.cn/jksj/jksj01/202504/t20250407_305788.html,2025年2月全国法定传染病疫情概况,2025,2,2025-02,全国,白喉,甲乙类合计,0,0,0,0,,,2026-05-28 00:56:43,/Users/zhoujia/code/大数据期末实验/大模型助力大数据分析/呼吸道传染病监测与早期预警分析/data/raw/chinacdc_monthly/t20250407_305788_468b43d9e5d473ad.html
中国疾控中心全国法定传染病疫情情况,https://www.chinacdc.cn/jksj/jksj01/202504/t20250407_305788.html,2025年2月全国法定传染病疫情概况,2025,2,2025-02,全国,新生儿破伤风,甲乙类合计,0,0,1,0,,,2026-05-28 00:56:43,/Users/zhoujia/code/大数据期末实验/大模型助力大数据分析/呼吸道传染病监测与早期预警分析/data/raw/chinacdc_monthly/t20250407_305788_468b43d9e5d473ad.html
中国疾控中心全国法定传染病疫情情况,https://www.chinacdc.cn/jksj/jksj01/202504/t20250407_305788.html,2025年2月全国法定传染病疫情概况,2025,2,2025-02,全国,猩红热,甲乙类合计,1,0,2551,0,,,2026-05-28 00:56:43,/Users/zhoujia/code/大数据期末实验/大模型助力大数据分析/呼吸道传染病监测与早期预警分析/data/raw/chinacdc_monthly/t20250407_305788_468b43d9e5d473ad.html
中国疾控中心全国法定传染病疫情情况,https://www.chinacdc.cn/jksj/jksj01/202504/t20250407_305788.html,2025年2月全国法定传染病疫情概况,2025,2,2025-02,全国,布鲁氏菌病,甲乙类合计,0,0,4363,0,,,2026-05-28 00:56:43,/Users/zhoujia/code/大数据期末实验/大模型助力大数据分析/呼吸道传染病监测与早期预警分析/data/raw/chinacdc_monthly/t20250407_305788_468b43d9e5d473ad.html
中国疾控中心全国法定传染病疫情情况,https://www.chinacdc.cn/jksj/jksj01/202504/t20250407_305788.html,2025年2月全国法定传染病疫情概况,2025,2,2025-02,全国,淋病,甲乙类合计,0,0,7104,0,,,2026-05-28 00:56:43,/Users/zhoujia/code/大数据期末实验/大模型助力大数据分析/呼吸道传染病监测与早期预警分析/data/raw/chinacdc_monthly/t20250407_305788_468b43d9e5d473ad.html
中国疾控中心全国法定传染病疫情情况,https://www.chinacdc.cn/jksj/jksj01/202504/t20250407_305788.html,2025年2月全国法定传染病疫情概况,2025,2,2025-02,全国,梅毒,甲乙类合计,0,0,52008,3,,,2026-05-28 00:56:43,/Users/zhoujia/code/大数据期末实验/大模型助力大数据分析/呼吸道传染病监测与早期预警分析/data/raw/chinacdc_monthly/t20250407_305788_468b43d9e5d473ad.html
中国疾控中心全国法定传染病疫情情况,https://www.chinacdc.cn/jksj/jksj01/202504/t20250407_305788.html,2025年2月全国法定传染病疫情概况,2025,2,2025-02,全国,钩端螺旋体病,甲乙类合计,0,0,2,0,,,2026-05-28 00:56:43,/Users/zhoujia/code/大数据期末实验/大模型助力大数据分析/呼吸道传染病监测与早期预警分析/data/raw/chinacdc_monthly/t20250407_305788_468b43d9e5d473ad.html
中国疾控中心全国法定传染病疫情情况,https://www.chinacdc.cn/jksj/jksj01/202504/t20250407_305788.html,2025年2月全国法定传染病疫情概况,2025,2,2025-02,全国,血吸虫病,甲乙类合计,0,0,2,0,,,2026-05-28 00:56:43,/Users/zhoujia/code/大数据期末实验/大模型助力大数据分析/呼吸道传染病监测与早期预警分析/data/raw/chinacdc_monthly/t20250407_305788_468b43d9e5d473ad.html
中国疾控中心全国法定传染病疫情情况,https://www.chinacdc.cn/jksj/jksj01/202504/t20250407_305788.html,2025年2月全国法定传染病疫情概况,2025,2,2025-02,全国,疟疾,甲乙类合计,0,0,212,3,,,2026-05-28 00:56:43,/Users/zhoujia/code/大数据期末实验/大模型助力大数据分析/呼吸道传染病监测与早期预警分析/data/raw/chinacdc_monthly/t20250407_305788_468b43d9e5d473ad.html
中国疾控中心全国法定传染病疫情情况,https://www.chinacdc.cn/jksj/jksj01/202504/t20250407_305788.html,2025年2月全国法定传染病疫情概况,2025,2,2025-02,全国,人感染H7N9禽流感,甲乙类合计,0,0,0,0,,,2026-05-28 00:56:43,/Users/zhoujia/code/大数据期末实验/大模型助力大数据分析/呼吸道传染病监测与早期预警分析/data/raw/chinacdc_monthly/t20250407_305788_468b43d9e5d473ad.html
中国疾控中心全国法定传染病疫情情况,https://www.chinacdc.cn/jksj/jksj01/202504/t20250407_305788.html,2025年2月全国法定传染病疫情概况,2025,2,2025-02,全国,新型冠状病毒感染,甲乙类合计,1,0,22966,1,,,2026-05-28 00:56:43,/Users/zhoujia/code/大数据期末实验/大模型助力大数据分析/呼吸道传染病监测与早期预警分析/data/raw/chinacdc_monthly/t20250407_305788_468b43d9e5d473ad.html
中国疾控中心全国法定传染病疫情情况,https://www.chinacdc.cn/jksj/jksj01/202504/t20250407_305788.html,2025年2月全国法定传染病疫情概况,2025,2,2025-02,全国,猴痘,甲乙类合计,0,0,56,0,,,2026-05-28 00:56:43,/Users/zhoujia/code/大数据期末实验/大模型助力大数据分析/呼吸道传染病监测与早期预警分析/data/raw/chinacdc_monthly/t20250407_305788_468b43d9e5d473ad.html
中国疾控中心全国法定传染病疫情情况,https://www.chinacdc.cn/jksj/jksj01/202504/t20250407_305788.html,2025年2月全国法定传染病疫情概况,2025,2,2025-02,全国,丙类传染病合计,丙类合计,0,1,1602707,15,,,2026-05-28 00:56:43,/Users/zhoujia/code/大数据期末实验/大模型助力大数据分析/呼吸道传染病监测与早期预警分析/data/raw/chinacdc_monthly/t20250407_305788_468b43d9e5d473ad.html
中国疾控中心全国法定传染病疫情情况,https://www.chinacdc.cn/jksj/jksj01/202504/t20250407_305788.html,2025年2月全国法定传染病疫情概况,2025,2,2025-02,全国,流行性感冒,丙类合计,1,0,1348394,14,,,2026-05-28 00:56:43,/Users/zhoujia/code/大数据期末实验/大模型助力大数据分析/呼吸道传染病监测与早期预警分析/data/raw/chinacdc_monthly/t20250407_305788_468b43d9e5d473ad.html
中国疾控中心全国法定传染病疫情情况,https://www.chinacdc.cn/jksj/jksj01/202504/t20250407_305788.html,2025年2月全国法定传染病疫情概况,2025,2,2025-02,全国,流行性腮腺炎,丙类合计,1,0,3833,0,,,2026-05-28 00:56:43,/Users/zhoujia/code/大数据期末实验/大模型助力大数据分析/呼吸道传染病监测与早期预警分析/data/raw/chinacdc_monthly/t20250407_305788_468b43d9e5d473ad.html
中国疾控中心全国法定传染病疫情情况,https://www.chinacdc.cn/jksj/jksj01/202504/t20250407_305788.html,2025年2月全国法定传染病疫情概况,2025,2,2025-02,全国,风疹,丙类合计,0,0,41,0,,,2026-05-28 00:56:43,/Users/zhoujia/code/大数据期末实验/大模型助力大数据分析/呼吸道传染病监测与早期预警分析/data/raw/chinacdc_monthly/t20250407_305788_468b43d9e5d473ad.html
中国疾控中心全国法定传染病疫情情况,https://www.chinacdc.cn/jksj/jksj01/202504/t20250407_305788.html,2025年2月全国法定传染病疫情概况,2025,2,2025-02,全国,急性出血性结膜炎,丙类合计,0,0,1392,0,,,2026-05-28 00:56:43,/Users/zhoujia/code/大数据期末实验/大模型助力大数据分析/呼吸道传染病监测与早期预警分析/data/raw/chinacdc_monthly/t20250407_305788_468b43d9e5d473ad.html
中国疾控中心全国法定传染病疫情情况,https://www.chinacdc.cn/jksj/jksj01/202504/t20250407_305788.html,2025年2月全国法定传染病疫情概况,2025,2,2025-02,全国,麻风病,丙类合计,0,0,36,0,,,2026-05-28 00:56:43,/Users/zhoujia/code/大数据期末实验/大模型助力大数据分析/呼吸道传染病监测与早期预警分析/data/raw/chinacdc_monthly/t20250407_305788_468b43d9e5d473ad.html
中国疾控中心全国法定传染病疫情情况,https://www.chinacdc.cn/jksj/jksj01/202504/t20250407_305788.html,2025年2月全国法定传染病疫情概况,2025,2,2025-02,全国,流行性和地方性斑疹伤寒,丙类合计,0,0,37,0,,,2026-05-28 00:56:43,/Users/zhoujia/code/大数据期末实验/大模型助力大数据分析/呼吸道传染病监测与早期预警分析/data/raw/chinacdc_monthly/t20250407_305788_468b43d9e5d473ad.html
中国疾控中心全国法定传染病疫情情况,https://www.chinacdc.cn/jksj/jksj01/202504/t20250407_305788.html,2025年2月全国法定传染病疫情概况,2025,2,2025-02,全国,黑热病,丙类合计,0,0,39,0,,,2026-05-28 00:56:43,/Users/zhoujia/code/大数据期末实验/大模型助力大数据分析/呼吸道传染病监测与早期预警分析/data/raw/chinacdc_monthly/t20250407_305788_468b43d9e5d473ad.html
中国疾控中心全国法定传染病疫情情况,https://www.chinacdc.cn/jksj/jksj01/202504/t20250407_305788.html,2025年2月全国法定传染病疫情概况,2025,2,2025-02,全国,包虫病,丙类合计,0,0,423,0,,,2026-05-28 00:56:43,/Users/zhoujia/code/大数据期末实验/大模型助力大数据分析/呼吸道传染病监测与早期预警分析/data/raw/chinacdc_monthly/t20250407_305788_468b43d9e5d473ad.html
中国疾控中心全国法定传染病疫情情况,https://www.chinacdc.cn/jksj/jksj01/202504/t20250407_305788.html,2025年2月全国法定传染病疫情概况,2025,2,2025-02,全国,丝虫病,丙类合计,0,0,0,0,,,2026-05-28 00:56:43,/Users/zhoujia/code/大数据期末实验/大模型助力大数据分析/呼吸道传染病监测与早期预警分析/data/raw/chinacdc_monthly/t20250407_305788_468b43d9e5d473ad.html
中国疾控中心全国法定传染病疫情情况,https://www.chinacdc.cn/jksj/jksj01/202504/t20250407_305788.html,2025年2月全国法定传染病疫情概况,2025,2,2025-02,全国,其他感染性腹泻病,丙类合计,0,0,242791,1,,,2026-05-28 00:56:43,/Users/zhoujia/code/大数据期末实验/大模型助力大数据分析/呼吸道传染病监测与早期预警分析/data/raw/chinacdc_monthly/t20250407_305788_468b43d9e5d473ad.html
中国疾控中心全国法定传染病疫情情况,https://www.chinacdc.cn/jksj/jksj01/202504/t20250407_305788.html,2025年2月全国法定传染病疫情概况,2025,2,2025-02,全国,手足口病,丙类合计,0,0,5721,0,,,2026-05-28 00:56:43,/Users/zhoujia/code/大数据期末实验/大模型助力大数据分析/呼吸道传染病监测与早期预警分析/data/raw/chinacdc_monthly/t20250407_305788_468b43d9e5d473ad.html
中国疾控中心全国法定传染病疫情情况,https://www.chinacdc.cn/jksj/jksj01/202502/t20250220_304463.html,2025年1月全国法定传染病疫情概况,2025,1,2025-01,全国,甲乙丙类总计,甲乙丙类总计,0,1,3382111,1701,,,2026-05-28 00:56:43,/Users/zhoujia/code/大数据期末实验/大模型助力大数据分析/呼吸道传染病监测与早期预警分析/data/raw/chinacdc_monthly/t20250220_304463_b333749063af1361.html
中国疾控中心全国法定传染病疫情情况,https://www.chinacdc.cn/jksj/jksj01/202502/t20250220_304463.html,2025年1月全国法定传染病疫情概况,2025,1,2025-01,全国,甲乙类传染病合计,甲乙类合计,0,1,325937,1691,,,2026-05-28 00:56:43,/Users/zhoujia/code/大数据期末实验/大模型助力大数据分析/呼吸道传染病监测与早期预警分析/data/raw/chinacdc_monthly/t20250220_304463_b333749063af1361.html
中国疾控中心全国法定传染病疫情情况,https://www.chinacdc.cn/jksj/jksj01/202502/t20250220_304463.html,2025年1月全国法定传染病疫情概况,2025,1,2025-01,全国,鼠疫,甲乙类合计,0,0,0,0,,,2026-05-28 00:56:43,/Users/zhoujia/code/大数据期末实验/大模型助力大数据分析/呼吸道传染病监测与早期预警分析/data/raw/chinacdc_monthly/t20250220_304463_b333749063af1361.html
中国疾控中心全国法定传染病疫情情况,https://www.chinacdc.cn/jksj/jksj01/202502/t20250220_304463.html,2025年1月全国法定传染病疫情概况,2025,1,2025-01,全国,霍乱,甲乙类合计,0,0,0,0,,,2026-05-28 00:56:43,/Users/zhoujia/code/大数据期末实验/大模型助力大数据分析/呼吸道传染病监测与早期预警分析/data/raw/chinacdc_monthly/t20250220_304463_b333749063af1361.html
中国疾控中心全国法定传染病疫情情况,https://www.chinacdc.cn/jksj/jksj01/202502/t20250220_304463.html,2025年1月全国法定传染病疫情概况,2025,1,2025-01,全国,传染性非典型肺炎,甲乙类合计,0,0,0,0,,,2026-05-28 00:56:43,/Users/zhoujia/code/大数据期末实验/大模型助力大数据分析/呼吸道传染病监测与早期预警分析/data/raw/chinacdc_monthly/t20250220_304463_b333749063af1361.html
中国疾控中心全国法定传染病疫情情况,https://www.chinacdc.cn/jksj/jksj01/202502/t20250220_304463.html,2025年1月全国法定传染病疫情概况,2025,1,2025-01,全国,艾滋病,甲乙类合计,0,0,2832,1375,,,2026-05-28 00:56:43,/Users/zhoujia/code/大数据期末实验/大模型助力大数据分析/呼吸道传染病监测与早期预警分析/data/raw/chinacdc_monthly/t20250220_304463_b333749063af1361.html
中国疾控中心全国法定传染病疫情情况,https://www.chinacdc.cn/jksj/jksj01/202502/t20250220_304463.html,2025年1月全国法定传染病疫情概况,2025,1,2025-01,全国,病毒性肝炎,甲乙类合计,0,0,165723,72,,,2026-05-28 00:56:43,/Users/zhoujia/code/大数据期末实验/大模型助力大数据分析/呼吸道传染病监测与早期预警分析/data/raw/chinacdc_monthly/t20250220_304463_b333749063af1361.html
中国疾控中心全国法定传染病疫情情况,https://www.chinacdc.cn/jksj/jksj01/202502/t20250220_304463.html,2025年1月全国法定传染病疫情概况,2025,1,2025-01,全国,甲型肝炎,甲乙类合计,0,0,2293,1,,,2026-05-28 00:56:43,/Users/zhoujia/code/大数据期末实验/大模型助力大数据分析/呼吸道传染病监测与早期预警分析/data/raw/chinacdc_monthly/t20250220_304463_b333749063af1361.html
中国疾控中心全国法定传染病疫情情况,https://www.chinacdc.cn/jksj/jksj01/202502/t20250220_304463.html,2025年1月全国法定传染病疫情概况,2025,1,2025-01,全国,乙型肝炎,甲乙类合计,0,0,145071,46,,,2026-05-28 00:56:43,/Users/zhoujia/code/大数据期末实验/大模型助力大数据分析/呼吸道传染病监测与早期预警分析/data/raw/chinacdc_monthly/t20250220_304463_b333749063af1361.html
中国疾控中心全国法定传染病疫情情况,https://www.chinacdc.cn/jksj/jksj01/202502/t20250220_304463.html,2025年1月全国法定传染病疫情概况,2025,1,2025-01,全国,丙型肝炎,甲乙类合计,0,0,14831,25,,,2026-05-28 00:56:43,/Users/zhoujia/code/大数据期末实验/大模型助力大数据分析/呼吸道传染病监测与早期预警分析/data/raw/chinacdc_monthly/t20250220_304463_b333749063af1361.html
中国疾控中心全国法定传染病疫情情况,https://www.chinacdc.cn/jksj/jksj01/202502/t20250220_304463.html,2025年1月全国法定传染病疫情概况,2025,1,2025-01,全国,丁型肝炎,甲乙类合计,0,0,25,0,,,2026-05-28 00:56:43,/Users/zhoujia/code/大数据期末实验/大模型助力大数据分析/呼吸道传染病监测与早期预警分析/data/raw/chinacdc_monthly/t20250220_304463_b333749063af1361.html
中国疾控中心全国法定传染病疫情情况,https://www.chinacdc.cn/jksj/jksj01/202502/t20250220_304463.html,2025年1月全国法定传染病疫情概况,2025,1,2025-01,全国,戊型肝炎,甲乙类合计,0,0,2754,0,,,2026-05-28 00:56:43,/Users/zhoujia/code/大数据期末实验/大模型助力大数据分析/呼吸道传染病监测与早期预警分析/data/raw/chinacdc_monthly/t20250220_304463_b333749063af1361.html
中国疾控中心全国法定传染病疫情情况,https://www.chinacdc.cn/jksj/jksj01/202502/t20250220_304463.html,2025年1月全国法定传染病疫情概况,2025,1,2025-01,全国,未分型肝炎,甲乙类合计,0,0,749,0,,,2026-05-28 00:56:43,/Users/zhoujia/code/大数据期末实验/大模型助力大数据分析/呼吸道传染病监测与早期预警分析/data/raw/chinacdc_monthly/t20250220_304463_b333749063af1361.html
中国疾控中心全国法定传染病疫情情况,https://www.chinacdc.cn/jksj/jksj01/202502/t20250220_304463.html,2025年1月全国法定传染病疫情概况,2025,1,2025-01,全国,脊髓灰质炎,甲乙类合计,0,0,0,0,,,2026-05-28 00:56:43,/Users/zhoujia/code/大数据期末实验/大模型助力大数据分析/呼吸道传染病监测与早期预警分析/data/raw/chinacdc_monthly/t20250220_304463_b333749063af1361.html
中国疾控中心全国法定传染病疫情情况,https://www.chinacdc.cn/jksj/jksj01/202502/t20250220_304463.html,2025年1月全国法定传染病疫情概况,2025,1,2025-01,全国,人感染高致病性禽流感,甲乙类合计,0,0,0,0,,,2026-05-28 00:56:43,/Users/zhoujia/code/大数据期末实验/大模型助力大数据分析/呼吸道传染病监测与早期预警分析/data/raw/chinacdc_monthly/t20250220_304463_b333749063af1361.html
中国疾控中心全国法定传染病疫情情况,https://www.chinacdc.cn/jksj/jksj01/202502/t20250220_304463.html,2025年1月全国法定传染病疫情概况,2025,1,2025-01,全国,麻疹,甲乙类合计,1,0,344,0,,,2026-05-28 00:56:43,/Users/zhoujia/code/大数据期末实验/大模型助力大数据分析/呼吸道传染病监测与早期预警分析/data/raw/chinacdc_monthly/t20250220_304463_b333749063af1361.html
中国疾控中心全国法定传染病疫情情况,https://www.chinacdc.cn/jksj/jksj01/202502/t20250220_304463.html,2025年1月全国法定传染病疫情概况,2025,1,2025-01,全国,流行性出血热,甲乙类合计,0,0,301,1,,,2026-05-28 00:56:43,/Users/zhoujia/code/大数据期末实验/大模型助力大数据分析/呼吸道传染病监测与早期预警分析/data/raw/chinacdc_monthly/t20250220_304463_b333749063af1361.html
中国疾控中心全国法定传染病疫情情况,https://www.chinacdc.cn/jksj/jksj01/202502/t20250220_304463.html,2025年1月全国法定传染病疫情概况,2025,1,2025-01,全国,狂犬病,甲乙类合计,0,0,16,19,,,2026-05-28 00:56:43,/Users/zhoujia/code/大数据期末实验/大模型助力大数据分析/呼吸道传染病监测与早期预警分析/data/raw/chinacdc_monthly/t20250220_304463_b333749063af1361.html
中国疾控中心全国法定传染病疫情情况,https://www.chinacdc.cn/jksj/jksj01/202502/t20250220_304463.html,2025年1月全国法定传染病疫情概况,2025,1,2025-01,全国,流行性乙型脑炎,甲乙类合计,0,0,1,0,,,2026-05-28 00:56:43,/Users/zhoujia/code/大数据期末实验/大模型助力大数据分析/呼吸道传染病监测与早期预警分析/data/raw/chinacdc_monthly/t20250220_304463_b333749063af1361.html
中国疾控中心全国法定传染病疫情情况,https://www.chinacdc.cn/jksj/jksj01/202502/t20250220_304463.html,2025年1月全国法定传染病疫情概况,2025,1,2025-01,全国,登革热,甲乙类合计,0,0,49,0,,,2026-05-28 00:56:43,/Users/zhoujia/code/大数据期末实验/大模型助力大数据分析/呼吸道传染病监测与早期预警分析/data/raw/chinacdc_monthly/t20250220_304463_b333749063af1361.html
中国疾控中心全国法定传染病疫情情况,https://www.chinacdc.cn/jksj/jksj01/202502/t20250220_304463.html,2025年1月全国法定传染病疫情概况,2025,1,2025-01,全国,炭疽,甲乙类合计,0,0,21,0,,,2026-05-28 00:56:43,/Users/zhoujia/code/大数据期末实验/大模型助力大数据分析/呼吸道传染病监测与早期预警分析/data/raw/chinacdc_monthly/t20250220_304463_b333749063af1361.html
中国疾控中心全国法定传染病疫情情况,https://www.chinacdc.cn/jksj/jksj01/202502/t20250220_304463.html,2025年1月全国法定传染病疫情概况,2025,1,2025-01,全国,细菌性和阿米巴性痢疾,甲乙类合计,0,0,1659,0,,,2026-05-28 00:56:43,/Users/zhoujia/code/大数据期末实验/大模型助力大数据分析/呼吸道传染病监测与早期预警分析/data/raw/chinacdc_monthly/t20250220_304463_b333749063af1361.html
中国疾控中心全国法定传染病疫情情况,https://www.chinacdc.cn/jksj/jksj01/202502/t20250220_304463.html,2025年1月全国法定传染病疫情概况,2025,1,2025-01,全国,肺结核,甲乙类合计,1,0,49311,209,,,2026-05-28 00:56:43,/Users/zhoujia/code/大数据期末实验/大模型助力大数据分析/呼吸道传染病监测与早期预警分析/data/raw/chinacdc_monthly/t20250220_304463_b333749063af1361.html
中国疾控中心全国法定传染病疫情情况,https://www.chinacdc.cn/jksj/jksj01/202502/t20250220_304463.html,2025年1月全国法定传染病疫情概况,2025,1,2025-01,全国,伤寒和副伤寒,甲乙类合计,0,0,234,1,,,2026-05-28 00:56:43,/Users/zhoujia/code/大数据期末实验/大模型助力大数据分析/呼吸道传染病监测与早期预警分析/data/raw/chinacdc_monthly/t20250220_304463_b333749063af1361.html
中国疾控中心全国法定传染病疫情情况,https://www.chinacdc.cn/jksj/jksj01/202502/t20250220_304463.html,2025年1月全国法定传染病疫情概况,2025,1,2025-01,全国,流行性脑脊髓膜炎,甲乙类合计,0,0,26,2,,,2026-05-28 00:56:43,/Users/zhoujia/code/大数据期末实验/大模型助力大数据分析/呼吸道传染病监测与早期预警分析/data/raw/chinacdc_monthly/t20250220_304463_b333749063af1361.html
中国疾控中心全国法定传染病疫情情况,https://www.chinacdc.cn/jksj/jksj01/202502/t20250220_304463.html,2025年1月全国法定传染病疫情概况,2025,1,2025-01,全国,百日咳,甲乙类合计,1,0,5611,1,,,2026-05-28 00:56:43,/Users/zhoujia/code/大数据期末实验/大模型助力大数据分析/呼吸道传染病监测与早期预警分析/data/raw/chinacdc_monthly/t20250220_304463_b333749063af1361.html
中国疾控中心全国法定传染病疫情情况,https://www.chinacdc.cn/jksj/jksj01/202502/t20250220_304463.html,2025年1月全国法定传染病疫情概况,2025,1,2025-01,全国,白喉,甲乙类合计,0,0,0,0,,,2026-05-28 00:56:43,/Users/zhoujia/code/大数据期末实验/大模型助力大数据分析/呼吸道传染病监测与早期预警分析/data/raw/chinacdc_monthly/t20250220_304463_b333749063af1361.html
中国疾控中心全国法定传染病疫情情况,https://www.chinacdc.cn/jksj/jksj01/202502/t20250220_304463.html,2025年1月全国法定传染病疫情概况,2025,1,2025-01,全国,新生儿破伤风,甲乙类合计,0,0,0,0,,,2026-05-28 00:56:43,/Users/zhoujia/code/大数据期末实验/大模型助力大数据分析/呼吸道传染病监测与早期预警分析/data/raw/chinacdc_monthly/t20250220_304463_b333749063af1361.html
中国疾控中心全国法定传染病疫情情况,https://www.chinacdc.cn/jksj/jksj01/202502/t20250220_304463.html,2025年1月全国法定传染病疫情概况,2025,1,2025-01,全国,猩红热,甲乙类合计,1,0,6353,0,,,2026-05-28 00:56:43,/Users/zhoujia/code/大数据期末实验/大模型助力大数据分析/呼吸道传染病监测与早期预警分析/data/raw/chinacdc_monthly/t20250220_304463_b333749063af1361.html
中国疾控中心全国法定传染病疫情情况,https://www.chinacdc.cn/jksj/jksj01/202502/t20250220_304463.html,2025年1月全国法定传染病疫情概况,2025,1,2025-01,全国,布鲁氏菌病,甲乙类合计,0,0,3365,1,,,2026-05-28 00:56:43,/Users/zhoujia/code/大数据期末实验/大模型助力大数据分析/呼吸道传染病监测与早期预警分析/data/raw/chinacdc_monthly/t20250220_304463_b333749063af1361.html
中国疾控中心全国法定传染病疫情情况,https://www.chinacdc.cn/jksj/jksj01/202502/t20250220_304463.html,2025年1月全国法定传染病疫情概况,2025,1,2025-01,全国,淋病,甲乙类合计,0,0,8037,0,,,2026-05-28 00:56:43,/Users/zhoujia/code/大数据期末实验/大模型助力大数据分析/呼吸道传染病监测与早期预警分析/data/raw/chinacdc_monthly/t20250220_304463_b333749063af1361.html
中国疾控中心全国法定传染病疫情情况,https://www.chinacdc.cn/jksj/jksj01/202502/t20250220_304463.html,2025年1月全国法定传染病疫情概况,2025,1,2025-01,全国,梅毒,甲乙类合计,0,0,48495,6,,,2026-05-28 00:56:43,/Users/zhoujia/code/大数据期末实验/大模型助力大数据分析/呼吸道传染病监测与早期预警分析/data/raw/chinacdc_monthly/t20250220_304463_b333749063af1361.html
中国疾控中心全国法定传染病疫情情况,https://www.chinacdc.cn/jksj/jksj01/202502/t20250220_304463.html,2025年1月全国法定传染病疫情概况,2025,1,2025-01,全国,钩端螺旋体病,甲乙类合计,0,0,6,0,,,2026-05-28 00:56:43,/Users/zhoujia/code/大数据期末实验/大模型助力大数据分析/呼吸道传染病监测与早期预警分析/data/raw/chinacdc_monthly/t20250220_304463_b333749063af1361.html
中国疾控中心全国法定传染病疫情情况,https://www.chinacdc.cn/jksj/jksj01/202502/t20250220_304463.html,2025年1月全国法定传染病疫情概况,2025,1,2025-01,全国,血吸虫病,甲乙类合计,0,0,0,0,,,2026-05-28 00:56:43,/Users/zhoujia/code/大数据期末实验/大模型助力大数据分析/呼吸道传染病监测与早期预警分析/data/raw/chinacdc_monthly/t20250220_304463_b333749063af1361.html
中国疾控中心全国法定传染病疫情情况,https://www.chinacdc.cn/jksj/jksj01/202502/t20250220_304463.html,2025年1月全国法定传染病疫情概况,2025,1,2025-01,全国,疟疾,甲乙类合计,0,0,295,0,,,2026-05-28 00:56:43,/Users/zhoujia/code/大数据期末实验/大模型助力大数据分析/呼吸道传染病监测与早期预警分析/data/raw/chinacdc_monthly/t20250220_304463_b333749063af1361.html
中国疾控中心全国法定传染病疫情情况,https://www.chinacdc.cn/jksj/jksj01/202502/t20250220_304463.html,2025年1月全国法定传染病疫情概况,2025,1,2025-01,全国,人感染H7N9禽流感,甲乙类合计,0,0,0,0,,,2026-05-28 00:56:43,/Users/zhoujia/code/大数据期末实验/大模型助力大数据分析/呼吸道传染病监测与早期预警分析/data/raw/chinacdc_monthly/t20250220_304463_b333749063af1361.html
中国疾控中心全国法定传染病疫情情况,https://www.chinacdc.cn/jksj/jksj01/202502/t20250220_304463.html,2025年1月全国法定传染病疫情概况,2025,1,2025-01,全国,新型冠状病毒感染,甲乙类合计,1,0,33218,4,,,2026-05-28 00:56:43,/Users/zhoujia/code/大数据期末实验/大模型助力大数据分析/呼吸道传染病监测与早期预警分析/data/raw/chinacdc_monthly/t20250220_304463_b333749063af1361.html
中国疾控中心全国法定传染病疫情情况,https://www.chinacdc.cn/jksj/jksj01/202502/t20250220_304463.html,2025年1月全国法定传染病疫情概况,2025,1,2025-01,全国,猴痘,甲乙类合计,0,0,40,0,,,2026-05-28 00:56:43,/Users/zhoujia/code/大数据期末实验/大模型助力大数据分析/呼吸道传染病监测与早期预警分析/data/raw/chinacdc_monthly/t20250220_304463_b333749063af1361.html
中国疾控中心全国法定传染病疫情情况,https://www.chinacdc.cn/jksj/jksj01/202502/t20250220_304463.html,2025年1月全国法定传染病疫情概况,2025,1,2025-01,全国,丙类传染病合计,丙类合计,0,1,3056174,10,,,2026-05-28 00:56:43,/Users/zhoujia/code/大数据期末实验/大模型助力大数据分析/呼吸道传染病监测与早期预警分析/data/raw/chinacdc_monthly/t20250220_304463_b333749063af1361.html
中国疾控中心全国法定传染病疫情情况,https://www.chinacdc.cn/jksj/jksj01/202502/t20250220_304463.html,2025年1月全国法定传染病疫情概况,2025,1,2025-01,全国,流行性感冒,丙类合计,1,0,2870849,9,,,2026-05-28 00:56:43,/Users/zhoujia/code/大数据期末实验/大模型助力大数据分析/呼吸道传染病监测与早期预警分析/data/raw/chinacdc_monthly/t20250220_304463_b333749063af1361.html
中国疾控中心全国法定传染病疫情情况,https://www.chinacdc.cn/jksj/jksj01/202502/t20250220_304463.html,2025年1月全国法定传染病疫情概况,2025,1,2025-01,全国,流行性腮腺炎,丙类合计,1,0,4116,0,,,2026-05-28 00:56:43,/Users/zhoujia/code/大数据期末实验/大模型助力大数据分析/呼吸道传染病监测与早期预警分析/data/raw/chinacdc_monthly/t20250220_304463_b333749063af1361.html
中国疾控中心全国法定传染病疫情情况,https://www.chinacdc.cn/jksj/jksj01/202502/t20250220_304463.html,2025年1月全国法定传染病疫情概况,2025,1,2025-01,全国,风疹,丙类合计,0,0,53,0,,,2026-05-28 00:56:43,/Users/zhoujia/code/大数据期末实验/大模型助力大数据分析/呼吸道传染病监测与早期预警分析/data/raw/chinacdc_monthly/t20250220_304463_b333749063af1361.html
中国疾控中心全国法定传染病疫情情况,https://www.chinacdc.cn/jksj/jksj01/202502/t20250220_304463.html,2025年1月全国法定传染病疫情概况,2025,1,2025-01,全国,急性出血性结膜炎,丙类合计,0,0,1340,0,,,2026-05-28 00:56:43,/Users/zhoujia/code/大数据期末实验/大模型助力大数据分析/呼吸道传染病监测与早期预警分析/data/raw/chinacdc_monthly/t20250220_304463_b333749063af1361.html
中国疾控中心全国法定传染病疫情情况,https://www.chinacdc.cn/jksj/jksj01/202502/t20250220_304463.html,2025年1月全国法定传染病疫情概况,2025,1,2025-01,全国,麻风病,丙类合计,0,0,33,0,,,2026-05-28 00:56:43,/Users/zhoujia/code/大数据期末实验/大模型助力大数据分析/呼吸道传染病监测与早期预警分析/data/raw/chinacdc_monthly/t20250220_304463_b333749063af1361.html
中国疾控中心全国法定传染病疫情情况,https://www.chinacdc.cn/jksj/jksj01/202502/t20250220_304463.html,2025年1月全国法定传染病疫情概况,2025,1,2025-01,全国,流行性和地方性斑疹伤寒,丙类合计,0,0,54,0,,,2026-05-28 00:56:43,/Users/zhoujia/code/大数据期末实验/大模型助力大数据分析/呼吸道传染病监测与早期预警分析/data/raw/chinacdc_monthly/t20250220_304463_b333749063af1361.html
中国疾控中心全国法定传染病疫情情况,https://www.chinacdc.cn/jksj/jksj01/202502/t20250220_304463.html,2025年1月全国法定传染病疫情概况,2025,1,2025-01,全国,黑热病,丙类合计,0,0,15,0,,,2026-05-28 00:56:43,/Users/zhoujia/code/大数据期末实验/大模型助力大数据分析/呼吸道传染病监测与早期预警分析/data/raw/chinacdc_monthly/t20250220_304463_b333749063af1361.html
中国疾控中心全国法定传染病疫情情况,https://www.chinacdc.cn/jksj/jksj01/202502/t20250220_304463.html,2025年1月全国法定传染病疫情概况,2025,1,2025-01,全国,包虫病,丙类合计,0,0,495,1,,,2026-05-28 00:56:43,/Users/zhoujia/code/大数据期末实验/大模型助力大数据分析/呼吸道传染病监测与早期预警分析/data/raw/chinacdc_monthly/t20250220_304463_b333749063af1361.html
中国疾控中心全国法定传染病疫情情况,https://www.chinacdc.cn/jksj/jksj01/202502/t20250220_304463.html,2025年1月全国法定传染病疫情概况,2025,1,2025-01,全国,丝虫病,丙类合计,0,0,0,0,,,2026-05-28 00:56:43,/Users/zhoujia/code/大数据期末实验/大模型助力大数据分析/呼吸道传染病监测与早期预警分析/data/raw/chinacdc_monthly/t20250220_304463_b333749063af1361.html
中国疾控中心全国法定传染病疫情情况,https://www.chinacdc.cn/jksj/jksj01/202502/t20250220_304463.html,2025年1月全国法定传染病疫情概况,2025,1,2025-01,全国,其他感染性腹泻病,丙类合计,0,0,162257,0,,,2026-05-28 00:56:43,/Users/zhoujia/code/大数据期末实验/大模型助力大数据分析/呼吸道传染病监测与早期预警分析/data/raw/chinacdc_monthly/t20250220_304463_b333749063af1361.html
中国疾控中心全国法定传染病疫情情况,https://www.chinacdc.cn/jksj/jksj01/202502/t20250220_304463.html,2025年1月全国法定传染病疫情概况,2025,1,2025-01,全国,手足口病,丙类合计,0,0,16962,0,,,2026-05-28 00:56:43,/Users/zhoujia/code/大数据期末实验/大模型助力大数据分析/呼吸道传染病监测与早期预警分析/data/raw/chinacdc_monthly/t20250220_304463_b333749063af1361.html
中国疾控中心全国法定传染病疫情情况,https://www.chinacdc.cn/jksj/jksj01/202501/t20250117_303940.html,2024年12月全国法定传染病疫情概况,2024,12,2024-12,全国,甲乙丙类总计,甲乙丙类总计,0,1,1994023,2867,,,2026-05-28 00:56:43,/Users/zhoujia/code/大数据期末实验/大模型助力大数据分析/呼吸道传染病监测与早期预警分析/data/raw/chinacdc_monthly/t20250117_303940_1d52e848b8e77d8c.html
中国疾控中心全国法定传染病疫情情况,https://www.chinacdc.cn/jksj/jksj01/202501/t20250117_303940.html,2024年12月全国法定传染病疫情概况,2024,12,2024-12,全国,甲乙类传染病合计,甲乙类合计,0,1,295592,2857,,,2026-05-28 00:56:43,/Users/zhoujia/code/大数据期末实验/大模型助力大数据分析/呼吸道传染病监测与早期预警分析/data/raw/chinacdc_monthly/t20250117_303940_1d52e848b8e77d8c.html
中国疾控中心全国法定传染病疫情情况,https://www.chinacdc.cn/jksj/jksj01/202501/t20250117_303940.html,2024年12月全国法定传染病疫情概况,2024,12,2024-12,全国,鼠疫,甲乙类合计,0,0,0,0,,,2026-05-28 00:56:43,/Users/zhoujia/code/大数据期末实验/大模型助力大数据分析/呼吸道传染病监测与早期预警分析/data/raw/chinacdc_monthly/t20250117_303940_1d52e848b8e77d8c.html
中国疾控中心全国法定传染病疫情情况,https://www.chinacdc.cn/jksj/jksj01/202501/t20250117_303940.html,2024年12月全国法定传染病疫情概况,2024,12,2024-12,全国,霍乱,甲乙类合计,0,0,0,0,,,2026-05-28 00:56:43,/Users/zhoujia/code/大数据期末实验/大模型助力大数据分析/呼吸道传染病监测与早期预警分析/data/raw/chinacdc_monthly/t20250117_303940_1d52e848b8e77d8c.html
中国疾控中心全国法定传染病疫情情况,https://www.chinacdc.cn/jksj/jksj01/202501/t20250117_303940.html,2024年12月全国法定传染病疫情概况,2024,12,2024-12,全国,传染性非典型肺炎,甲乙类合计,0,0,0,0,,,2026-05-28 00:56:43,/Users/zhoujia/code/大数据期末实验/大模型助力大数据分析/呼吸道传染病监测与早期预警分析/data/raw/chinacdc_monthly/t20250117_303940_1d52e848b8e77d8c.html
中国疾控中心全国法定传染病疫情情况,https://www.chinacdc.cn/jksj/jksj01/202501/t20250117_303940.html,2024年12月全国法定传染病疫情概况,2024,12,2024-12,全国,艾滋病,甲乙类合计,0,0,4909,1878,,,2026-05-28 00:56:43,/Users/zhoujia/code/大数据期末实验/大模型助力大数据分析/呼吸道传染病监测与早期预警分析/data/raw/chinacdc_monthly/t20250117_303940_1d52e848b8e77d8c.html
中国疾控中心全国法定传染病疫情情况,https://www.chinacdc.cn/jksj/jksj01/202501/t20250117_303940.html,2024年12月全国法定传染病疫情概况,2024,12,2024-12,全国,病毒性肝炎,甲乙类合计,0,0,161938,632,,,2026-05-28 00:56:43,/Users/zhoujia/code/大数据期末实验/大模型助力大数据分析/呼吸道传染病监测与早期预警分析/data/raw/chinacdc_monthly/t20250117_303940_1d52e848b8e77d8c.html
中国疾控中心全国法定传染病疫情情况,https://www.chinacdc.cn/jksj/jksj01/202501/t20250117_303940.html,2024年12月全国法定传染病疫情概况,2024,12,2024-12,全国,甲型肝炎,甲乙类合计,0,0,1247,0,,,2026-05-28 00:56:43,/Users/zhoujia/code/大数据期末实验/大模型助力大数据分析/呼吸道传染病监测与早期预警分析/data/raw/chinacdc_monthly/t20250117_303940_1d52e848b8e77d8c.html
中国疾控中心全国法定传染病疫情情况,https://www.chinacdc.cn/jksj/jksj01/202501/t20250117_303940.html,2024年12月全国法定传染病疫情概况,2024,12,2024-12,全国,乙型肝炎,甲乙类合计,0,0,141532,42,,,2026-05-28 00:56:43,/Users/zhoujia/code/大数据期末实验/大模型助力大数据分析/呼吸道传染病监测与早期预警分析/data/raw/chinacdc_monthly/t20250117_303940_1d52e848b8e77d8c.html
中国疾控中心全国法定传染病疫情情况,https://www.chinacdc.cn/jksj/jksj01/202501/t20250117_303940.html,2024年12月全国法定传染病疫情概况,2024,12,2024-12,全国,丙型肝炎,甲乙类合计,0,0,15881,589,,,2026-05-28 00:56:43,/Users/zhoujia/code/大数据期末实验/大模型助力大数据分析/呼吸道传染病监测与早期预警分析/data/raw/chinacdc_monthly/t20250117_303940_1d52e848b8e77d8c.html
中国疾控中心全国法定传染病疫情情况,https://www.chinacdc.cn/jksj/jksj01/202501/t20250117_303940.html,2024年12月全国法定传染病疫情概况,2024,12,2024-12,全国,丁型肝炎,甲乙类合计,0,0,27,0,,,2026-05-28 00:56:43,/Users/zhoujia/code/大数据期末实验/大模型助力大数据分析/呼吸道传染病监测与早期预警分析/data/raw/chinacdc_monthly/t20250117_303940_1d52e848b8e77d8c.html
中国疾控中心全国法定传染病疫情情况,https://www.chinacdc.cn/jksj/jksj01/202501/t20250117_303940.html,2024年12月全国法定传染病疫情概况,2024,12,2024-12,全国,戊型肝炎,甲乙类合计,0,0,2680,1,,,2026-05-28 00:56:43,/Users/zhoujia/code/大数据期末实验/大模型助力大数据分析/呼吸道传染病监测与早期预警分析/data/raw/chinacdc_monthly/t20250117_303940_1d52e848b8e77d8c.html
中国疾控中心全国法定传染病疫情情况,https://www.chinacdc.cn/jksj/jksj01/202501/t20250117_303940.html,2024年12月全国法定传染病疫情概况,2024,12,2024-12,全国,未分型肝炎,甲乙类合计,0,0,571,0,,,2026-05-28 00:56:43,/Users/zhoujia/code/大数据期末实验/大模型助力大数据分析/呼吸道传染病监测与早期预警分析/data/raw/chinacdc_monthly/t20250117_303940_1d52e848b8e77d8c.html
中国疾控中心全国法定传染病疫情情况,https://www.chinacdc.cn/jksj/jksj01/202501/t20250117_303940.html,2024年12月全国法定传染病疫情概况,2024,12,2024-12,全国,脊髓灰质炎,甲乙类合计,0,0,0,0,,,2026-05-28 00:56:43,/Users/zhoujia/code/大数据期末实验/大模型助力大数据分析/呼吸道传染病监测与早期预警分析/data/raw/chinacdc_monthly/t20250117_303940_1d52e848b8e77d8c.html
中国疾控中心全国法定传染病疫情情况,https://www.chinacdc.cn/jksj/jksj01/202501/t20250117_303940.html,2024年12月全国法定传染病疫情概况,2024,12,2024-12,全国,人感染高致病性禽流感,甲乙类合计,0,0,0,0,,,2026-05-28 00:56:43,/Users/zhoujia/code/大数据期末实验/大模型助力大数据分析/呼吸道传染病监测与早期预警分析/data/raw/chinacdc_monthly/t20250117_303940_1d52e848b8e77d8c.html
中国疾控中心全国法定传染病疫情情况,https://www.chinacdc.cn/jksj/jksj01/202501/t20250117_303940.html,2024年12月全国法定传染病疫情概况,2024,12,2024-12,全国,麻疹,甲乙类合计,1,0,176,0,,,2026-05-28 00:56:43,/Users/zhoujia/code/大数据期末实验/大模型助力大数据分析/呼吸道传染病监测与早期预警分析/data/raw/chinacdc_monthly/t20250117_303940_1d52e848b8e77d8c.html
中国疾控中心全国法定传染病疫情情况,https://www.chinacdc.cn/jksj/jksj01/202501/t20250117_303940.html,2024年12月全国法定传染病疫情概况,2024,12,2024-12,全国,流行性出血热,甲乙类合计,0,0,613,0,,,2026-05-28 00:56:43,/Users/zhoujia/code/大数据期末实验/大模型助力大数据分析/呼吸道传染病监测与早期预警分析/data/raw/chinacdc_monthly/t20250117_303940_1d52e848b8e77d8c.html
中国疾控中心全国法定传染病疫情情况,https://www.chinacdc.cn/jksj/jksj01/202501/t20250117_303940.html,2024年12月全国法定传染病疫情概况,2024,12,2024-12,全国,狂犬病,甲乙类合计,0,0,21,22,,,2026-05-28 00:56:43,/Users/zhoujia/code/大数据期末实验/大模型助力大数据分析/呼吸道传染病监测与早期预警分析/data/raw/chinacdc_monthly/t20250117_303940_1d52e848b8e77d8c.html
中国疾控中心全国法定传染病疫情情况,https://www.chinacdc.cn/jksj/jksj01/202501/t20250117_303940.html,2024年12月全国法定传染病疫情概况,2024,12,2024-12,全国,流行性乙型脑炎,甲乙类合计,0,0,3,0,,,2026-05-28 00:56:43,/Users/zhoujia/code/大数据期末实验/大模型助力大数据分析/呼吸道传染病监测与早期预警分析/data/raw/chinacdc_monthly/t20250117_303940_1d52e848b8e77d8c.html
中国疾控中心全国法定传染病疫情情况,https://www.chinacdc.cn/jksj/jksj01/202501/t20250117_303940.html,2024年12月全国法定传染病疫情概况,2024,12,2024-12,全国,登革热,甲乙类合计,0,0,442,0,,,2026-05-28 00:56:43,/Users/zhoujia/code/大数据期末实验/大模型助力大数据分析/呼吸道传染病监测与早期预警分析/data/raw/chinacdc_monthly/t20250117_303940_1d52e848b8e77d8c.html
中国疾控中心全国法定传染病疫情情况,https://www.chinacdc.cn/jksj/jksj01/202501/t20250117_303940.html,2024年12月全国法定传染病疫情概况,2024,12,2024-12,全国,炭疽,甲乙类合计,0,0,24,1,,,2026-05-28 00:56:43,/Users/zhoujia/code/大数据期末实验/大模型助力大数据分析/呼吸道传染病监测与早期预警分析/data/raw/chinacdc_monthly/t20250117_303940_1d52e848b8e77d8c.html
中国疾控中心全国法定传染病疫情情况,https://www.chinacdc.cn/jksj/jksj01/202501/t20250117_303940.html,2024年12月全国法定传染病疫情概况,2024,12,2024-12,全国,细菌性和阿米巴性痢疾,甲乙类合计,0,0,1915,0,,,2026-05-28 00:56:43,/Users/zhoujia/code/大数据期末实验/大模型助力大数据分析/呼吸道传染病监测与早期预警分析/data/raw/chinacdc_monthly/t20250117_303940_1d52e848b8e77d8c.html
中国疾控中心全国法定传染病疫情情况,https://www.chinacdc.cn/jksj/jksj01/202501/t20250117_303940.html,2024年12月全国法定传染病疫情概况,2024,12,2024-12,全国,肺结核,甲乙类合计,1,0,48656,318,,,2026-05-28 00:56:43,/Users/zhoujia/code/大数据期末实验/大模型助力大数据分析/呼吸道传染病监测与早期预警分析/data/raw/chinacdc_monthly/t20250117_303940_1d52e848b8e77d8c.html
中国疾控中心全国法定传染病疫情情况,https://www.chinacdc.cn/jksj/jksj01/202501/t20250117_303940.html,2024年12月全国法定传染病疫情概况,2024,12,2024-12,全国,伤寒和副伤寒,甲乙类合计,0,0,308,0,,,2026-05-28 00:56:43,/Users/zhoujia/code/大数据期末实验/大模型助力大数据分析/呼吸道传染病监测与早期预警分析/data/raw/chinacdc_monthly/t20250117_303940_1d52e848b8e77d8c.html
中国疾控中心全国法定传染病疫情情况,https://www.chinacdc.cn/jksj/jksj01/202501/t20250117_303940.html,2024年12月全国法定传染病疫情概况,2024,12,2024-12,全国,流行性脑脊髓膜炎,甲乙类合计,0,0,16,1,,,2026-05-28 00:56:43,/Users/zhoujia/code/大数据期末实验/大模型助力大数据分析/呼吸道传染病监测与早期预警分析/data/raw/chinacdc_monthly/t20250117_303940_1d52e848b8e77d8c.html
中国疾控中心全国法定传染病疫情情况,https://www.chinacdc.cn/jksj/jksj01/202501/t20250117_303940.html,2024年12月全国法定传染病疫情概况,2024,12,2024-12,全国,百日咳,甲乙类合计,1,0,6662,3,,,2026-05-28 00:56:43,/Users/zhoujia/code/大数据期末实验/大模型助力大数据分析/呼吸道传染病监测与早期预警分析/data/raw/chinacdc_monthly/t20250117_303940_1d52e848b8e77d8c.html
中国疾控中心全国法定传染病疫情情况,https://www.chinacdc.cn/jksj/jksj01/202501/t20250117_303940.html,2024年12月全国法定传染病疫情概况,2024,12,2024-12,全国,白喉,甲乙类合计,0,0,0,0,,,2026-05-28 00:56:43,/Users/zhoujia/code/大数据期末实验/大模型助力大数据分析/呼吸道传染病监测与早期预警分析/data/raw/chinacdc_monthly/t20250117_303940_1d52e848b8e77d8c.html
中国疾控中心全国法定传染病疫情情况,https://www.chinacdc.cn/jksj/jksj01/202501/t20250117_303940.html,2024年12月全国法定传染病疫情概况,2024,12,2024-12,全国,新生儿破伤风,甲乙类合计,0,0,3,0,,,2026-05-28 00:56:43,/Users/zhoujia/code/大数据期末实验/大模型助力大数据分析/呼吸道传染病监测与早期预警分析/data/raw/chinacdc_monthly/t20250117_303940_1d52e848b8e77d8c.html
中国疾控中心全国法定传染病疫情情况,https://www.chinacdc.cn/jksj/jksj01/202501/t20250117_303940.html,2024年12月全国法定传染病疫情概况,2024,12,2024-12,全国,猩红热,甲乙类合计,1,0,8296,0,,,2026-05-28 00:56:43,/Users/zhoujia/code/大数据期末实验/大模型助力大数据分析/呼吸道传染病监测与早期预警分析/data/raw/chinacdc_monthly/t20250117_303940_1d52e848b8e77d8c.html
中国疾控中心全国法定传染病疫情情况,https://www.chinacdc.cn/jksj/jksj01/202501/t20250117_303940.html,2024年12月全国法定传染病疫情概况,2024,12,2024-12,全国,布鲁氏菌病,甲乙类合计,0,0,3690,0,,,2026-05-28 00:56:43,/Users/zhoujia/code/大数据期末实验/大模型助力大数据分析/呼吸道传染病监测与早期预警分析/data/raw/chinacdc_monthly/t20250117_303940_1d52e848b8e77d8c.html
中国疾控中心全国法定传染病疫情情况,https://www.chinacdc.cn/jksj/jksj01/202501/t20250117_303940.html,2024年12月全国法定传染病疫情概况,2024,12,2024-12,全国,淋病,甲乙类合计,0,0,9649,0,,,2026-05-28 00:56:43,/Users/zhoujia/code/大数据期末实验/大模型助力大数据分析/呼吸道传染病监测与早期预警分析/data/raw/chinacdc_monthly/t20250117_303940_1d52e848b8e77d8c.html
中国疾控中心全国法定传染病疫情情况,https://www.chinacdc.cn/jksj/jksj01/202501/t20250117_303940.html,2024年12月全国法定传染病疫情概况,2024,12,2024-12,全国,梅毒,甲乙类合计,0,0,47978,2,,,2026-05-28 00:56:43,/Users/zhoujia/code/大数据期末实验/大模型助力大数据分析/呼吸道传染病监测与早期预警分析/data/raw/chinacdc_monthly/t20250117_303940_1d52e848b8e77d8c.html
中国疾控中心全国法定传染病疫情情况,https://www.chinacdc.cn/jksj/jksj01/202501/t20250117_303940.html,2024年12月全国法定传染病疫情概况,2024,12,2024-12,全国,钩端螺旋体病,甲乙类合计,0,0,18,0,,,2026-05-28 00:56:43,/Users/zhoujia/code/大数据期末实验/大模型助力大数据分析/呼吸道传染病监测与早期预警分析/data/raw/chinacdc_monthly/t20250117_303940_1d52e848b8e77d8c.html
中国疾控中心全国法定传染病疫情情况,https://www.chinacdc.cn/jksj/jksj01/202501/t20250117_303940.html,2024年12月全国法定传染病疫情概况,2024,12,2024-12,全国,血吸虫病,甲乙类合计,0,0,0,0,,,2026-05-28 00:56:43,/Users/zhoujia/code/大数据期末实验/大模型助力大数据分析/呼吸道传染病监测与早期预警分析/data/raw/chinacdc_monthly/t20250117_303940_1d52e848b8e77d8c.html
中国疾控中心全国法定传染病疫情情况,https://www.chinacdc.cn/jksj/jksj01/202501/t20250117_303940.html,2024年12月全国法定传染病疫情概况,2024,12,2024-12,全国,疟疾,甲乙类合计,0,0,248,0,,,2026-05-28 00:56:43,/Users/zhoujia/code/大数据期末实验/大模型助力大数据分析/呼吸道传染病监测与早期预警分析/data/raw/chinacdc_monthly/t20250117_303940_1d52e848b8e77d8c.html
中国疾控中心全国法定传染病疫情情况,https://www.chinacdc.cn/jksj/jksj01/202501/t20250117_303940.html,2024年12月全国法定传染病疫情概况,2024,12,2024-12,全国,人感染H7N9禽流感,甲乙类合计,0,0,0,0,,,2026-05-28 00:56:43,/Users/zhoujia/code/大数据期末实验/大模型助力大数据分析/呼吸道传染病监测与早期预警分析/data/raw/chinacdc_monthly/t20250117_303940_1d52e848b8e77d8c.html
中国疾控中心全国法定传染病疫情情况,https://www.chinacdc.cn/jksj/jksj01/202501/t20250117_303940.html,2024年12月全国法定传染病疫情概况,2024,12,2024-12,全国,猴痘,甲乙类合计,0,0,27,0,,,2026-05-28 00:56:43,/Users/zhoujia/code/大数据期末实验/大模型助力大数据分析/呼吸道传染病监测与早期预警分析/data/raw/chinacdc_monthly/t20250117_303940_1d52e848b8e77d8c.html
中国疾控中心全国法定传染病疫情情况,https://www.chinacdc.cn/jksj/jksj01/202501/t20250117_303940.html,2024年12月全国法定传染病疫情概况,2024,12,2024-12,全国,丙类传染病合计,丙类合计,0,1,1698431,10,,,2026-05-28 00:56:43,/Users/zhoujia/code/大数据期末实验/大模型助力大数据分析/呼吸道传染病监测与早期预警分析/data/raw/chinacdc_monthly/t20250117_303940_1d52e848b8e77d8c.html
中国疾控中心全国法定传染病疫情情况,https://www.chinacdc.cn/jksj/jksj01/202501/t20250117_303940.html,2024年12月全国法定传染病疫情概况,2024,12,2024-12,全国,流行性感冒,丙类合计,1,0,1509750,7,,,2026-05-28 00:56:43,/Users/zhoujia/code/大数据期末实验/大模型助力大数据分析/呼吸道传染病监测与早期预警分析/data/raw/chinacdc_monthly/t20250117_303940_1d52e848b8e77d8c.html
中国疾控中心全国法定传染病疫情情况,https://www.chinacdc.cn/jksj/jksj01/202501/t20250117_303940.html,2024年12月全国法定传染病疫情概况,2024,12,2024-12,全国,流行性腮腺炎,丙类合计,1,0,6706,0,,,2026-05-28 00:56:43,/Users/zhoujia/code/大数据期末实验/大模型助力大数据分析/呼吸道传染病监测与早期预警分析/data/raw/chinacdc_monthly/t20250117_303940_1d52e848b8e77d8c.html
中国疾控中心全国法定传染病疫情情况,https://www.chinacdc.cn/jksj/jksj01/202501/t20250117_303940.html,2024年12月全国法定传染病疫情概况,2024,12,2024-12,全国,风疹,丙类合计,0,0,63,0,,,2026-05-28 00:56:43,/Users/zhoujia/code/大数据期末实验/大模型助力大数据分析/呼吸道传染病监测与早期预警分析/data/raw/chinacdc_monthly/t20250117_303940_1d52e848b8e77d8c.html
中国疾控中心全国法定传染病疫情情况,https://www.chinacdc.cn/jksj/jksj01/202501/t20250117_303940.html,2024年12月全国法定传染病疫情概况,2024,12,2024-12,全国,急性出血性结膜炎,丙类合计,0,0,1863,0,,,2026-05-28 00:56:43,/Users/zhoujia/code/大数据期末实验/大模型助力大数据分析/呼吸道传染病监测与早期预警分析/data/raw/chinacdc_monthly/t20250117_303940_1d52e848b8e77d8c.html
中国疾控中心全国法定传染病疫情情况,https://www.chinacdc.cn/jksj/jksj01/202501/t20250117_303940.html,2024年12月全国法定传染病疫情概况,2024,12,2024-12,全国,麻风病,丙类合计,0,0,19,0,,,2026-05-28 00:56:43,/Users/zhoujia/code/大数据期末实验/大模型助力大数据分析/呼吸道传染病监测与早期预警分析/data/raw/chinacdc_monthly/t20250117_303940_1d52e848b8e77d8c.html
中国疾控中心全国法定传染病疫情情况,https://www.chinacdc.cn/jksj/jksj01/202501/t20250117_303940.html,2024年12月全国法定传染病疫情概况,2024,12,2024-12,全国,流行性和地方性斑疹伤寒,丙类合计,0,0,119,0,,,2026-05-28 00:56:43,/Users/zhoujia/code/大数据期末实验/大模型助力大数据分析/呼吸道传染病监测与早期预警分析/data/raw/chinacdc_monthly/t20250117_303940_1d52e848b8e77d8c.html
中国疾控中心全国法定传染病疫情情况,https://www.chinacdc.cn/jksj/jksj01/202501/t20250117_303940.html,2024年12月全国法定传染病疫情概况,2024,12,2024-12,全国,黑热病,丙类合计,0,0,21,0,,,2026-05-28 00:56:43,/Users/zhoujia/code/大数据期末实验/大模型助力大数据分析/呼吸道传染病监测与早期预警分析/data/raw/chinacdc_monthly/t20250117_303940_1d52e848b8e77d8c.html
中国疾控中心全国法定传染病疫情情况,https://www.chinacdc.cn/jksj/jksj01/202501/t20250117_303940.html,2024年12月全国法定传染病疫情概况,2024,12,2024-12,全国,包虫病,丙类合计,0,0,421,1,,,2026-05-28 00:56:43,/Users/zhoujia/code/大数据期末实验/大模型助力大数据分析/呼吸道传染病监测与早期预警分析/data/raw/chinacdc_monthly/t20250117_303940_1d52e848b8e77d8c.html
中国疾控中心全国法定传染病疫情情况,https://www.chinacdc.cn/jksj/jksj01/202501/t20250117_303940.html,2024年12月全国法定传染病疫情概况,2024,12,2024-12,全国,丝虫病,丙类合计,0,0,0,0,,,2026-05-28 00:56:43,/Users/zhoujia/code/大数据期末实验/大模型助力大数据分析/呼吸道传染病监测与早期预警分析/data/raw/chinacdc_monthly/t20250117_303940_1d52e848b8e77d8c.html
中国疾控中心全国法定传染病疫情情况,https://www.chinacdc.cn/jksj/jksj01/202501/t20250117_303940.html,2024年12月全国法定传染病疫情概况,2024,12,2024-12,全国,其他感染性腹泻病,丙类合计,0,0,132687,2,,,2026-05-28 00:56:43,/Users/zhoujia/code/大数据期末实验/大模型助力大数据分析/呼吸道传染病监测与早期预警分析/data/raw/chinacdc_monthly/t20250117_303940_1d52e848b8e77d8c.html
中国疾控中心全国法定传染病疫情情况,https://www.chinacdc.cn/jksj/jksj01/202501/t20250117_303940.html,2024年12月全国法定传染病疫情概况,2024,12,2024-12,全国,手足口病,丙类合计,0,0,46782,0,,,2026-05-28 00:56:43,/Users/zhoujia/code/大数据期末实验/大模型助力大数据分析/呼吸道传染病监测与早期预警分析/data/raw/chinacdc_monthly/t20250117_303940_1d52e848b8e77d8c.html
中国疾控中心全国法定传染病疫情情况,https://www.chinacdc.cn/jksj/jksj01/202412/t20241223_303445.html,2024年11月全国法定传染病疫情概况,2024,11,2024-11,全国,甲乙丙类总计,甲乙丙类总计,0,1,635391,2528,,,2026-05-28 00:56:43,/Users/zhoujia/code/大数据期末实验/大模型助力大数据分析/呼吸道传染病监测与早期预警分析/data/raw/chinacdc_monthly/t20241223_303445_ed76524f3a931a1b.html
中国疾控中心全国法定传染病疫情情况,https://www.chinacdc.cn/jksj/jksj01/202412/t20241223_303445.html,2024年11月全国法定传染病疫情概况,2024,11,2024-11,全国,甲乙类传染病合计,甲乙类合计,0,1,298149,2527,,,2026-05-28 00:56:43,/Users/zhoujia/code/大数据期末实验/大模型助力大数据分析/呼吸道传染病监测与早期预警分析/data/raw/chinacdc_monthly/t20241223_303445_ed76524f3a931a1b.html
中国疾控中心全国法定传染病疫情情况,https://www.chinacdc.cn/jksj/jksj01/202412/t20241223_303445.html,2024年11月全国法定传染病疫情概况,2024,11,2024-11,全国,鼠疫,甲乙类合计,0,0,0,0,,,2026-05-28 00:56:43,/Users/zhoujia/code/大数据期末实验/大模型助力大数据分析/呼吸道传染病监测与早期预警分析/data/raw/chinacdc_monthly/t20241223_303445_ed76524f3a931a1b.html
中国疾控中心全国法定传染病疫情情况,https://www.chinacdc.cn/jksj/jksj01/202412/t20241223_303445.html,2024年11月全国法定传染病疫情概况,2024,11,2024-11,全国,霍乱,甲乙类合计,0,0,0,0,,,2026-05-28 00:56:43,/Users/zhoujia/code/大数据期末实验/大模型助力大数据分析/呼吸道传染病监测与早期预警分析/data/raw/chinacdc_monthly/t20241223_303445_ed76524f3a931a1b.html
中国疾控中心全国法定传染病疫情情况,https://www.chinacdc.cn/jksj/jksj01/202412/t20241223_303445.html,2024年11月全国法定传染病疫情概况,2024,11,2024-11,全国,传染性非典型肺炎,甲乙类合计,0,0,0,0,,,2026-05-28 00:56:43,/Users/zhoujia/code/大数据期末实验/大模型助力大数据分析/呼吸道传染病监测与早期预警分析/data/raw/chinacdc_monthly/t20241223_303445_ed76524f3a931a1b.html
中国疾控中心全国法定传染病疫情情况,https://www.chinacdc.cn/jksj/jksj01/202412/t20241223_303445.html,2024年11月全国法定传染病疫情概况,2024,11,2024-11,全国,艾滋病,甲乙类合计,0,0,4760,1763,,,2026-05-28 00:56:43,/Users/zhoujia/code/大数据期末实验/大模型助力大数据分析/呼吸道传染病监测与早期预警分析/data/raw/chinacdc_monthly/t20241223_303445_ed76524f3a931a1b.html
中国疾控中心全国法定传染病疫情情况,https://www.chinacdc.cn/jksj/jksj01/202412/t20241223_303445.html,2024年11月全国法定传染病疫情概况,2024,11,2024-11,全国,病毒性肝炎,甲乙类合计,0,0,154173,495,,,2026-05-28 00:56:43,/Users/zhoujia/code/大数据期末实验/大模型助力大数据分析/呼吸道传染病监测与早期预警分析/data/raw/chinacdc_monthly/t20241223_303445_ed76524f3a931a1b.html
中国疾控中心全国法定传染病疫情情况,https://www.chinacdc.cn/jksj/jksj01/202412/t20241223_303445.html,2024年11月全国法定传染病疫情概况,2024,11,2024-11,全国,甲型肝炎,甲乙类合计,0,0,1036,0,,,2026-05-28 00:56:43,/Users/zhoujia/code/大数据期末实验/大模型助力大数据分析/呼吸道传染病监测与早期预警分析/data/raw/chinacdc_monthly/t20241223_303445_ed76524f3a931a1b.html
中国疾控中心全国法定传染病疫情情况,https://www.chinacdc.cn/jksj/jksj01/202412/t20241223_303445.html,2024年11月全国法定传染病疫情概况,2024,11,2024-11,全国,乙型肝炎,甲乙类合计,0,0,133186,40,,,2026-05-28 00:56:43,/Users/zhoujia/code/大数据期末实验/大模型助力大数据分析/呼吸道传染病监测与早期预警分析/data/raw/chinacdc_monthly/t20241223_303445_ed76524f3a931a1b.html
中国疾控中心全国法定传染病疫情情况,https://www.chinacdc.cn/jksj/jksj01/202412/t20241223_303445.html,2024年11月全国法定传染病疫情概况,2024,11,2024-11,全国,丙型肝炎,甲乙类合计,0,0,17027,454,,,2026-05-28 00:56:43,/Users/zhoujia/code/大数据期末实验/大模型助力大数据分析/呼吸道传染病监测与早期预警分析/data/raw/chinacdc_monthly/t20241223_303445_ed76524f3a931a1b.html
中国疾控中心全国法定传染病疫情情况,https://www.chinacdc.cn/jksj/jksj01/202412/t20241223_303445.html,2024年11月全国法定传染病疫情概况,2024,11,2024-11,全国,丁型肝炎,甲乙类合计,0,0,19,0,,,2026-05-28 00:56:43,/Users/zhoujia/code/大数据期末实验/大模型助力大数据分析/呼吸道传染病监测与早期预警分析/data/raw/chinacdc_monthly/t20241223_303445_ed76524f3a931a1b.html
中国疾控中心全国法定传染病疫情情况,https://www.chinacdc.cn/jksj/jksj01/202412/t20241223_303445.html,2024年11月全国法定传染病疫情概况,2024,11,2024-11,全国,戊型肝炎,甲乙类合计,0,0,2421,1,,,2026-05-28 00:56:43,/Users/zhoujia/code/大数据期末实验/大模型助力大数据分析/呼吸道传染病监测与早期预警分析/data/raw/chinacdc_monthly/t20241223_303445_ed76524f3a931a1b.html
中国疾控中心全国法定传染病疫情情况,https://www.chinacdc.cn/jksj/jksj01/202412/t20241223_303445.html,2024年11月全国法定传染病疫情概况,2024,11,2024-11,全国,未分型肝炎,甲乙类合计,0,0,484,0,,,2026-05-28 00:56:43,/Users/zhoujia/code/大数据期末实验/大模型助力大数据分析/呼吸道传染病监测与早期预警分析/data/raw/chinacdc_monthly/t20241223_303445_ed76524f3a931a1b.html
中国疾控中心全国法定传染病疫情情况,https://www.chinacdc.cn/jksj/jksj01/202412/t20241223_303445.html,2024年11月全国法定传染病疫情概况,2024,11,2024-11,全国,脊髓灰质炎,甲乙类合计,0,0,0,0,,,2026-05-28 00:56:43,/Users/zhoujia/code/大数据期末实验/大模型助力大数据分析/呼吸道传染病监测与早期预警分析/data/raw/chinacdc_monthly/t20241223_303445_ed76524f3a931a1b.html
中国疾控中心全国法定传染病疫情情况,https://www.chinacdc.cn/jksj/jksj01/202412/t20241223_303445.html,2024年11月全国法定传染病疫情概况,2024,11,2024-11,全国,人感染高致病性禽流感,甲乙类合计,0,0,0,0,,,2026-05-28 00:56:43,/Users/zhoujia/code/大数据期末实验/大模型助力大数据分析/呼吸道传染病监测与早期预警分析/data/raw/chinacdc_monthly/t20241223_303445_ed76524f3a931a1b.html
中国疾控中心全国法定传染病疫情情况,https://www.chinacdc.cn/jksj/jksj01/202412/t20241223_303445.html,2024年11月全国法定传染病疫情概况,2024,11,2024-11,全国,麻疹,甲乙类合计,1,0,116,0,,,2026-05-28 00:56:43,/Users/zhoujia/code/大数据期末实验/大模型助力大数据分析/呼吸道传染病监测与早期预警分析/data/raw/chinacdc_monthly/t20241223_303445_ed76524f3a931a1b.html
中国疾控中心全国法定传染病疫情情况,https://www.chinacdc.cn/jksj/jksj01/202412/t20241223_303445.html,2024年11月全国法定传染病疫情概况,2024,11,2024-11,全国,流行性出血热,甲乙类合计,0,0,777,4,,,2026-05-28 00:56:43,/Users/zhoujia/code/大数据期末实验/大模型助力大数据分析/呼吸道传染病监测与早期预警分析/data/raw/chinacdc_monthly/t20241223_303445_ed76524f3a931a1b.html
中国疾控中心全国法定传染病疫情情况,https://www.chinacdc.cn/jksj/jksj01/202412/t20241223_303445.html,2024年11月全国法定传染病疫情概况,2024,11,2024-11,全国,狂犬病,甲乙类合计,0,0,18,18,,,2026-05-28 00:56:43,/Users/zhoujia/code/大数据期末实验/大模型助力大数据分析/呼吸道传染病监测与早期预警分析/data/raw/chinacdc_monthly/t20241223_303445_ed76524f3a931a1b.html
中国疾控中心全国法定传染病疫情情况,https://www.chinacdc.cn/jksj/jksj01/202412/t20241223_303445.html,2024年11月全国法定传染病疫情概况,2024,11,2024-11,全国,流行性乙型脑炎,甲乙类合计,0,0,13,0,,,2026-05-28 00:56:43,/Users/zhoujia/code/大数据期末实验/大模型助力大数据分析/呼吸道传染病监测与早期预警分析/data/raw/chinacdc_monthly/t20241223_303445_ed76524f3a931a1b.html
中国疾控中心全国法定传染病疫情情况,https://www.chinacdc.cn/jksj/jksj01/202412/t20241223_303445.html,2024年11月全国法定传染病疫情概况,2024,11,2024-11,全国,登革热,甲乙类合计,0,0,5201,0,,,2026-05-28 00:56:43,/Users/zhoujia/code/大数据期末实验/大模型助力大数据分析/呼吸道传染病监测与早期预警分析/data/raw/chinacdc_monthly/t20241223_303445_ed76524f3a931a1b.html
中国疾控中心全国法定传染病疫情情况,https://www.chinacdc.cn/jksj/jksj01/202412/t20241223_303445.html,2024年11月全国法定传染病疫情概况,2024,11,2024-11,全国,炭疽,甲乙类合计,0,0,24,0,,,2026-05-28 00:56:43,/Users/zhoujia/code/大数据期末实验/大模型助力大数据分析/呼吸道传染病监测与早期预警分析/data/raw/chinacdc_monthly/t20241223_303445_ed76524f3a931a1b.html
中国疾控中心全国法定传染病疫情情况,https://www.chinacdc.cn/jksj/jksj01/202412/t20241223_303445.html,2024年11月全国法定传染病疫情概况,2024,11,2024-11,全国,细菌性和阿米巴性痢疾,甲乙类合计,0,0,2128,0,,,2026-05-28 00:56:43,/Users/zhoujia/code/大数据期末实验/大模型助力大数据分析/呼吸道传染病监测与早期预警分析/data/raw/chinacdc_monthly/t20241223_303445_ed76524f3a931a1b.html
中国疾控中心全国法定传染病疫情情况,https://www.chinacdc.cn/jksj/jksj01/202412/t20241223_303445.html,2024年11月全国法定传染病疫情概况,2024,11,2024-11,全国,肺结核,甲乙类合计,1,0,51790,238,,,2026-05-28 00:56:43,/Users/zhoujia/code/大数据期末实验/大模型助力大数据分析/呼吸道传染病监测与早期预警分析/data/raw/chinacdc_monthly/t20241223_303445_ed76524f3a931a1b.html
中国疾控中心全国法定传染病疫情情况,https://www.chinacdc.cn/jksj/jksj01/202412/t20241223_303445.html,2024年11月全国法定传染病疫情概况,2024,11,2024-11,全国,伤寒和副伤寒,甲乙类合计,0,0,340,0,,,2026-05-28 00:56:43,/Users/zhoujia/code/大数据期末实验/大模型助力大数据分析/呼吸道传染病监测与早期预警分析/data/raw/chinacdc_monthly/t20241223_303445_ed76524f3a931a1b.html
中国疾控中心全国法定传染病疫情情况,https://www.chinacdc.cn/jksj/jksj01/202412/t20241223_303445.html,2024年11月全国法定传染病疫情概况,2024,11,2024-11,全国,流行性脑脊髓膜炎,甲乙类合计,0,0,10,2,,,2026-05-28 00:56:43,/Users/zhoujia/code/大数据期末实验/大模型助力大数据分析/呼吸道传染病监测与早期预警分析/data/raw/chinacdc_monthly/t20241223_303445_ed76524f3a931a1b.html
中国疾控中心全国法定传染病疫情情况,https://www.chinacdc.cn/jksj/jksj01/202412/t20241223_303445.html,2024年11月全国法定传染病疫情概况,2024,11,2024-11,全国,百日咳,甲乙类合计,1,0,7829,0,,,2026-05-28 00:56:43,/Users/zhoujia/code/大数据期末实验/大模型助力大数据分析/呼吸道传染病监测与早期预警分析/data/raw/chinacdc_monthly/t20241223_303445_ed76524f3a931a1b.html
中国疾控中心全国法定传染病疫情情况,https://www.chinacdc.cn/jksj/jksj01/202412/t20241223_303445.html,2024年11月全国法定传染病疫情概况,2024,11,2024-11,全国,白喉,甲乙类合计,0,0,0,0,,,2026-05-28 00:56:43,/Users/zhoujia/code/大数据期末实验/大模型助力大数据分析/呼吸道传染病监测与早期预警分析/data/raw/chinacdc_monthly/t20241223_303445_ed76524f3a931a1b.html
中国疾控中心全国法定传染病疫情情况,https://www.chinacdc.cn/jksj/jksj01/202412/t20241223_303445.html,2024年11月全国法定传染病疫情概况,2024,11,2024-11,全国,新生儿破伤风,甲乙类合计,0,0,2,0,,,2026-05-28 00:56:43,/Users/zhoujia/code/大数据期末实验/大模型助力大数据分析/呼吸道传染病监测与早期预警分析/data/raw/chinacdc_monthly/t20241223_303445_ed76524f3a931a1b.html
中国疾控中心全国法定传染病疫情情况,https://www.chinacdc.cn/jksj/jksj01/202412/t20241223_303445.html,2024年11月全国法定传染病疫情概况,2024,11,2024-11,全国,猩红热,甲乙类合计,1,0,5111,0,,,2026-05-28 00:56:43,/Users/zhoujia/code/大数据期末实验/大模型助力大数据分析/呼吸道传染病监测与早期预警分析/data/raw/chinacdc_monthly/t20241223_303445_ed76524f3a931a1b.html
中国疾控中心全国法定传染病疫情情况,https://www.chinacdc.cn/jksj/jksj01/202412/t20241223_303445.html,2024年11月全国法定传染病疫情概况,2024,11,2024-11,全国,布鲁氏菌病,甲乙类合计,0,0,3878,1,,,2026-05-28 00:56:43,/Users/zhoujia/code/大数据期末实验/大模型助力大数据分析/呼吸道传染病监测与早期预警分析/data/raw/chinacdc_monthly/t20241223_303445_ed76524f3a931a1b.html
中国疾控中心全国法定传染病疫情情况,https://www.chinacdc.cn/jksj/jksj01/202412/t20241223_303445.html,2024年11月全国法定传染病疫情概况,2024,11,2024-11,全国,淋病,甲乙类合计,0,0,9211,0,,,2026-05-28 00:56:43,/Users/zhoujia/code/大数据期末实验/大模型助力大数据分析/呼吸道传染病监测与早期预警分析/data/raw/chinacdc_monthly/t20241223_303445_ed76524f3a931a1b.html
中国疾控中心全国法定传染病疫情情况,https://www.chinacdc.cn/jksj/jksj01/202412/t20241223_303445.html,2024年11月全国法定传染病疫情概况,2024,11,2024-11,全国,梅毒,甲乙类合计,0,0,52434,2,,,2026-05-28 00:56:43,/Users/zhoujia/code/大数据期末实验/大模型助力大数据分析/呼吸道传染病监测与早期预警分析/data/raw/chinacdc_monthly/t20241223_303445_ed76524f3a931a1b.html
中国疾控中心全国法定传染病疫情情况,https://www.chinacdc.cn/jksj/jksj01/202412/t20241223_303445.html,2024年11月全国法定传染病疫情概况,2024,11,2024-11,全国,钩端螺旋体病,甲乙类合计,0,0,36,0,,,2026-05-28 00:56:43,/Users/zhoujia/code/大数据期末实验/大模型助力大数据分析/呼吸道传染病监测与早期预警分析/data/raw/chinacdc_monthly/t20241223_303445_ed76524f3a931a1b.html
中国疾控中心全国法定传染病疫情情况,https://www.chinacdc.cn/jksj/jksj01/202412/t20241223_303445.html,2024年11月全国法定传染病疫情概况,2024,11,2024-11,全国,血吸虫病,甲乙类合计,0,0,0,0,,,2026-05-28 00:56:43,/Users/zhoujia/code/大数据期末实验/大模型助力大数据分析/呼吸道传染病监测与早期预警分析/data/raw/chinacdc_monthly/t20241223_303445_ed76524f3a931a1b.html
中国疾控中心全国法定传染病疫情情况,https://www.chinacdc.cn/jksj/jksj01/202412/t20241223_303445.html,2024年11月全国法定传染病疫情概况,2024,11,2024-11,全国,疟疾,甲乙类合计,0,0,282,4,,,2026-05-28 00:56:43,/Users/zhoujia/code/大数据期末实验/大模型助力大数据分析/呼吸道传染病监测与早期预警分析/data/raw/chinacdc_monthly/t20241223_303445_ed76524f3a931a1b.html
中国疾控中心全国法定传染病疫情情况,https://www.chinacdc.cn/jksj/jksj01/202412/t20241223_303445.html,2024年11月全国法定传染病疫情概况,2024,11,2024-11,全国,人感染H7N9禽流感,甲乙类合计,0,0,0,0,,,2026-05-28 00:56:43,/Users/zhoujia/code/大数据期末实验/大模型助力大数据分析/呼吸道传染病监测与早期预警分析/data/raw/chinacdc_monthly/t20241223_303445_ed76524f3a931a1b.html
中国疾控中心全国法定传染病疫情情况,https://www.chinacdc.cn/jksj/jksj01/202412/t20241223_303445.html,2024年11月全国法定传染病疫情概况,2024,11,2024-11,全国,猴痘,甲乙类合计,0,0,16,0,,,2026-05-28 00:56:43,/Users/zhoujia/code/大数据期末实验/大模型助力大数据分析/呼吸道传染病监测与早期预警分析/data/raw/chinacdc_monthly/t20241223_303445_ed76524f3a931a1b.html
中国疾控中心全国法定传染病疫情情况,https://www.chinacdc.cn/jksj/jksj01/202412/t20241223_303445.html,2024年11月全国法定传染病疫情概况,2024,11,2024-11,全国,丙类传染病合计,丙类合计,0,1,337242,1,,,2026-05-28 00:56:43,/Users/zhoujia/code/大数据期末实验/大模型助力大数据分析/呼吸道传染病监测与早期预警分析/data/raw/chinacdc_monthly/t20241223_303445_ed76524f3a931a1b.html
中国疾控中心全国法定传染病疫情情况,https://www.chinacdc.cn/jksj/jksj01/202412/t20241223_303445.html,2024年11月全国法定传染病疫情概况,2024,11,2024-11,全国,流行性感冒,丙类合计,1,0,166917,1,,,2026-05-28 00:56:43,/Users/zhoujia/code/大数据期末实验/大模型助力大数据分析/呼吸道传染病监测与早期预警分析/data/raw/chinacdc_monthly/t20241223_303445_ed76524f3a931a1b.html
中国疾控中心全国法定传染病疫情情况,https://www.chinacdc.cn/jksj/jksj01/202412/t20241223_303445.html,2024年11月全国法定传染病疫情概况,2024,11,2024-11,全国,流行性腮腺炎,丙类合计,1,0,8096,0,,,2026-05-28 00:56:43,/Users/zhoujia/code/大数据期末实验/大模型助力大数据分析/呼吸道传染病监测与早期预警分析/data/raw/chinacdc_monthly/t20241223_303445_ed76524f3a931a1b.html
中国疾控中心全国法定传染病疫情情况,https://www.chinacdc.cn/jksj/jksj01/202412/t20241223_303445.html,2024年11月全国法定传染病疫情概况,2024,11,2024-11,全国,风疹,丙类合计,0,0,58,0,,,2026-05-28 00:56:43,/Users/zhoujia/code/大数据期末实验/大模型助力大数据分析/呼吸道传染病监测与早期预警分析/data/raw/chinacdc_monthly/t20241223_303445_ed76524f3a931a1b.html
中国疾控中心全国法定传染病疫情情况,https://www.chinacdc.cn/jksj/jksj01/202412/t20241223_303445.html,2024年11月全国法定传染病疫情概况,2024,11,2024-11,全国,急性出血性结膜炎,丙类合计,0,0,1912,0,,,2026-05-28 00:56:43,/Users/zhoujia/code/大数据期末实验/大模型助力大数据分析/呼吸道传染病监测与早期预警分析/data/raw/chinacdc_monthly/t20241223_303445_ed76524f3a931a1b.html
中国疾控中心全国法定传染病疫情情况,https://www.chinacdc.cn/jksj/jksj01/202412/t20241223_303445.html,2024年11月全国法定传染病疫情概况,2024,11,2024-11,全国,麻风病,丙类合计,0,0,14,0,,,2026-05-28 00:56:43,/Users/zhoujia/code/大数据期末实验/大模型助力大数据分析/呼吸道传染病监测与早期预警分析/data/raw/chinacdc_monthly/t20241223_303445_ed76524f3a931a1b.html
中国疾控中心全国法定传染病疫情情况,https://www.chinacdc.cn/jksj/jksj01/202412/t20241223_303445.html,2024年11月全国法定传染病疫情概况,2024,11,2024-11,全国,流行性和地方性斑疹伤寒,丙类合计,0,0,175,0,,,2026-05-28 00:56:43,/Users/zhoujia/code/大数据期末实验/大模型助力大数据分析/呼吸道传染病监测与早期预警分析/data/raw/chinacdc_monthly/t20241223_303445_ed76524f3a931a1b.html
中国疾控中心全国法定传染病疫情情况,https://www.chinacdc.cn/jksj/jksj01/202412/t20241223_303445.html,2024年11月全国法定传染病疫情概况,2024,11,2024-11,全国,黑热病,丙类合计,0,0,24,0,,,2026-05-28 00:56:43,/Users/zhoujia/code/大数据期末实验/大模型助力大数据分析/呼吸道传染病监测与早期预警分析/data/raw/chinacdc_monthly/t20241223_303445_ed76524f3a931a1b.html
中国疾控中心全国法定传染病疫情情况,https://www.chinacdc.cn/jksj/jksj01/202412/t20241223_303445.html,2024年11月全国法定传染病疫情概况,2024,11,2024-11,全国,包虫病,丙类合计,0,0,388,0,,,2026-05-28 00:56:43,/Users/zhoujia/code/大数据期末实验/大模型助力大数据分析/呼吸道传染病监测与早期预警分析/data/raw/chinacdc_monthly/t20241223_303445_ed76524f3a931a1b.html
中国疾控中心全国法定传染病疫情情况,https://www.chinacdc.cn/jksj/jksj01/202412/t20241223_303445.html,2024年11月全国法定传染病疫情概况,2024,11,2024-11,全国,丝虫病,丙类合计,0,0,0,0,,,2026-05-28 00:56:43,/Users/zhoujia/code/大数据期末实验/大模型助力大数据分析/呼吸道传染病监测与早期预警分析/data/raw/chinacdc_monthly/t20241223_303445_ed76524f3a931a1b.html
中国疾控中心全国法定传染病疫情情况,https://www.chinacdc.cn/jksj/jksj01/202412/t20241223_303445.html,2024年11月全国法定传染病疫情概况,2024,11,2024-11,全国,其他感染性腹泻病,丙类合计,0,0,100831,0,,,2026-05-28 00:56:43,/Users/zhoujia/code/大数据期末实验/大模型助力大数据分析/呼吸道传染病监测与早期预警分析/data/raw/chinacdc_monthly/t20241223_303445_ed76524f3a931a1b.html
中国疾控中心全国法定传染病疫情情况,https://www.chinacdc.cn/jksj/jksj01/202412/t20241223_303445.html,2024年11月全国法定传染病疫情概况,2024,11,2024-11,全国,手足口病,丙类合计,0,0,58827,0,,,2026-05-28 00:56:43,/Users/zhoujia/code/大数据期末实验/大模型助力大数据分析/呼吸道传染病监测与早期预警分析/data/raw/chinacdc_monthly/t20241223_303445_ed76524f3a931a1b.html
中国疾控中心全国法定传染病疫情情况,https://www.chinacdc.cn/jksj/jksj01/202411/t20241122_302802.html,2024年10月全国法定传染病疫情概况,2024,10,2024-10,全国,甲乙丙类总计,甲乙丙类总计,0,1,563572,2253,,,2026-05-28 00:56:43,/Users/zhoujia/code/大数据期末实验/大模型助力大数据分析/呼吸道传染病监测与早期预警分析/data/raw/chinacdc_monthly/t20241122_302802_2d5a8d9f3a68c79f.html
中国疾控中心全国法定传染病疫情情况,https://www.chinacdc.cn/jksj/jksj01/202411/t20241122_302802.html,2024年10月全国法定传染病疫情概况,2024,10,2024-10,全国,甲乙类传染病合计,甲乙类合计,0,1,300134,2253,,,2026-05-28 00:56:43,/Users/zhoujia/code/大数据期末实验/大模型助力大数据分析/呼吸道传染病监测与早期预警分析/data/raw/chinacdc_monthly/t20241122_302802_2d5a8d9f3a68c79f.html
中国疾控中心全国法定传染病疫情情况,https://www.chinacdc.cn/jksj/jksj01/202411/t20241122_302802.html,2024年10月全国法定传染病疫情概况,2024,10,2024-10,全国,鼠疫,甲乙类合计,0,0,0,0,,,2026-05-28 00:56:43,/Users/zhoujia/code/大数据期末实验/大模型助力大数据分析/呼吸道传染病监测与早期预警分析/data/raw/chinacdc_monthly/t20241122_302802_2d5a8d9f3a68c79f.html
中国疾控中心全国法定传染病疫情情况,https://www.chinacdc.cn/jksj/jksj01/202411/t20241122_302802.html,2024年10月全国法定传染病疫情概况,2024,10,2024-10,全国,霍乱,甲乙类合计,0,0,0,0,,,2026-05-28 00:56:43,/Users/zhoujia/code/大数据期末实验/大模型助力大数据分析/呼吸道传染病监测与早期预警分析/data/raw/chinacdc_monthly/t20241122_302802_2d5a8d9f3a68c79f.html
中国疾控中心全国法定传染病疫情情况,https://www.chinacdc.cn/jksj/jksj01/202411/t20241122_302802.html,2024年10月全国法定传染病疫情概况,2024,10,2024-10,全国,传染性非典型肺炎,甲乙类合计,0,0,0,0,,,2026-05-28 00:56:43,/Users/zhoujia/code/大数据期末实验/大模型助力大数据分析/呼吸道传染病监测与早期预警分析/data/raw/chinacdc_monthly/t20241122_302802_2d5a8d9f3a68c79f.html
中国疾控中心全国法定传染病疫情情况,https://www.chinacdc.cn/jksj/jksj01/202411/t20241122_302802.html,2024年10月全国法定传染病疫情概况,2024,10,2024-10,全国,艾滋病,甲乙类合计,0,0,4403,1598,,,2026-05-28 00:56:43,/Users/zhoujia/code/大数据期末实验/大模型助力大数据分析/呼吸道传染病监测与早期预警分析/data/raw/chinacdc_monthly/t20241122_302802_2d5a8d9f3a68c79f.html
中国疾控中心全国法定传染病疫情情况,https://www.chinacdc.cn/jksj/jksj01/202411/t20241122_302802.html,2024年10月全国法定传染病疫情概况,2024,10,2024-10,全国,病毒性肝炎,甲乙类合计,0,0,148566,359,,,2026-05-28 00:56:43,/Users/zhoujia/code/大数据期末实验/大模型助力大数据分析/呼吸道传染病监测与早期预警分析/data/raw/chinacdc_monthly/t20241122_302802_2d5a8d9f3a68c79f.html
中国疾控中心全国法定传染病疫情情况,https://www.chinacdc.cn/jksj/jksj01/202411/t20241122_302802.html,2024年10月全国法定传染病疫情概况,2024,10,2024-10,全国,甲型肝炎,甲乙类合计,0,0,1041,0,,,2026-05-28 00:56:43,/Users/zhoujia/code/大数据期末实验/大模型助力大数据分析/呼吸道传染病监测与早期预警分析/data/raw/chinacdc_monthly/t20241122_302802_2d5a8d9f3a68c79f.html
中国疾控中心全国法定传染病疫情情况,https://www.chinacdc.cn/jksj/jksj01/202411/t20241122_302802.html,2024年10月全国法定传染病疫情概况,2024,10,2024-10,全国,乙型肝炎,甲乙类合计,0,0,128731,24,,,2026-05-28 00:56:43,/Users/zhoujia/code/大数据期末实验/大模型助力大数据分析/呼吸道传染病监测与早期预警分析/data/raw/chinacdc_monthly/t20241122_302802_2d5a8d9f3a68c79f.html
中国疾控中心全国法定传染病疫情情况,https://www.chinacdc.cn/jksj/jksj01/202411/t20241122_302802.html,2024年10月全国法定传染病疫情概况,2024,10,2024-10,全国,丙型肝炎,甲乙类合计,0,0,16035,335,,,2026-05-28 00:56:43,/Users/zhoujia/code/大数据期末实验/大模型助力大数据分析/呼吸道传染病监测与早期预警分析/data/raw/chinacdc_monthly/t20241122_302802_2d5a8d9f3a68c79f.html
中国疾控中心全国法定传染病疫情情况,https://www.chinacdc.cn/jksj/jksj01/202411/t20241122_302802.html,2024年10月全国法定传染病疫情概况,2024,10,2024-10,全国,丁型肝炎,甲乙类合计,0,0,9,0,,,2026-05-28 00:56:43,/Users/zhoujia/code/大数据期末实验/大模型助力大数据分析/呼吸道传染病监测与早期预警分析/data/raw/chinacdc_monthly/t20241122_302802_2d5a8d9f3a68c79f.html
中国疾控中心全国法定传染病疫情情况,https://www.chinacdc.cn/jksj/jksj01/202411/t20241122_302802.html,2024年10月全国法定传染病疫情概况,2024,10,2024-10,全国,戊型肝炎,甲乙类合计,0,0,2312,0,,,2026-05-28 00:56:43,/Users/zhoujia/code/大数据期末实验/大模型助力大数据分析/呼吸道传染病监测与早期预警分析/data/raw/chinacdc_monthly/t20241122_302802_2d5a8d9f3a68c79f.html
中国疾控中心全国法定传染病疫情情况,https://www.chinacdc.cn/jksj/jksj01/202411/t20241122_302802.html,2024年10月全国法定传染病疫情概况,2024,10,2024-10,全国,未分型肝炎,甲乙类合计,0,0,438,0,,,2026-05-28 00:56:43,/Users/zhoujia/code/大数据期末实验/大模型助力大数据分析/呼吸道传染病监测与早期预警分析/data/raw/chinacdc_monthly/t20241122_302802_2d5a8d9f3a68c79f.html
中国疾控中心全国法定传染病疫情情况,https://www.chinacdc.cn/jksj/jksj01/202411/t20241122_302802.html,2024年10月全国法定传染病疫情概况,2024,10,2024-10,全国,脊髓灰质炎,甲乙类合计,0,0,0,0,,,2026-05-28 00:56:43,/Users/zhoujia/code/大数据期末实验/大模型助力大数据分析/呼吸道传染病监测与早期预警分析/data/raw/chinacdc_monthly/t20241122_302802_2d5a8d9f3a68c79f.html
中国疾控中心全国法定传染病疫情情况,https://www.chinacdc.cn/jksj/jksj01/202411/t20241122_302802.html,2024年10月全国法定传染病疫情概况,2024,10,2024-10,全国,人感染高致病性禽流感,甲乙类合计,0,0,0,0,,,2026-05-28 00:56:43,/Users/zhoujia/code/大数据期末实验/大模型助力大数据分析/呼吸道传染病监测与早期预警分析/data/raw/chinacdc_monthly/t20241122_302802_2d5a8d9f3a68c79f.html
中国疾控中心全国法定传染病疫情情况,https://www.chinacdc.cn/jksj/jksj01/202411/t20241122_302802.html,2024年10月全国法定传染病疫情概况,2024,10,2024-10,全国,麻疹,甲乙类合计,1,0,107,0,,,2026-05-28 00:56:43,/Users/zhoujia/code/大数据期末实验/大模型助力大数据分析/呼吸道传染病监测与早期预警分析/data/raw/chinacdc_monthly/t20241122_302802_2d5a8d9f3a68c79f.html
中国疾控中心全国法定传染病疫情情况,https://www.chinacdc.cn/jksj/jksj01/202411/t20241122_302802.html,2024年10月全国法定传染病疫情概况,2024,10,2024-10,全国,流行性出血热,甲乙类合计,0,0,374,2,,,2026-05-28 00:56:43,/Users/zhoujia/code/大数据期末实验/大模型助力大数据分析/呼吸道传染病监测与早期预警分析/data/raw/chinacdc_monthly/t20241122_302802_2d5a8d9f3a68c79f.html
中国疾控中心全国法定传染病疫情情况,https://www.chinacdc.cn/jksj/jksj01/202411/t20241122_302802.html,2024年10月全国法定传染病疫情概况,2024,10,2024-10,全国,狂犬病,甲乙类合计,0,0,20,14,,,2026-05-28 00:56:43,/Users/zhoujia/code/大数据期末实验/大模型助力大数据分析/呼吸道传染病监测与早期预警分析/data/raw/chinacdc_monthly/t20241122_302802_2d5a8d9f3a68c79f.html
中国疾控中心全国法定传染病疫情情况,https://www.chinacdc.cn/jksj/jksj01/202411/t20241122_302802.html,2024年10月全国法定传染病疫情概况,2024,10,2024-10,全国,流行性乙型脑炎,甲乙类合计,0,0,21,2,,,2026-05-28 00:56:43,/Users/zhoujia/code/大数据期末实验/大模型助力大数据分析/呼吸道传染病监测与早期预警分析/data/raw/chinacdc_monthly/t20241122_302802_2d5a8d9f3a68c79f.html
中国疾控中心全国法定传染病疫情情况,https://www.chinacdc.cn/jksj/jksj01/202411/t20241122_302802.html,2024年10月全国法定传染病疫情概况,2024,10,2024-10,全国,登革热,甲乙类合计,0,0,11083,0,,,2026-05-28 00:56:43,/Users/zhoujia/code/大数据期末实验/大模型助力大数据分析/呼吸道传染病监测与早期预警分析/data/raw/chinacdc_monthly/t20241122_302802_2d5a8d9f3a68c79f.html
中国疾控中心全国法定传染病疫情情况,https://www.chinacdc.cn/jksj/jksj01/202411/t20241122_302802.html,2024年10月全国法定传染病疫情概况,2024,10,2024-10,全国,炭疽,甲乙类合计,0,0,60,1,,,2026-05-28 00:56:43,/Users/zhoujia/code/大数据期末实验/大模型助力大数据分析/呼吸道传染病监测与早期预警分析/data/raw/chinacdc_monthly/t20241122_302802_2d5a8d9f3a68c79f.html
中国疾控中心全国法定传染病疫情情况,https://www.chinacdc.cn/jksj/jksj01/202411/t20241122_302802.html,2024年10月全国法定传染病疫情概况,2024,10,2024-10,全国,细菌性和阿米巴性痢疾,甲乙类合计,0,0,2680,0,,,2026-05-28 00:56:43,/Users/zhoujia/code/大数据期末实验/大模型助力大数据分析/呼吸道传染病监测与早期预警分析/data/raw/chinacdc_monthly/t20241122_302802_2d5a8d9f3a68c79f.html
中国疾控中心全国法定传染病疫情情况,https://www.chinacdc.cn/jksj/jksj01/202411/t20241122_302802.html,2024年10月全国法定传染病疫情概况,2024,10,2024-10,全国,肺结核,甲乙类合计,1,0,52943,270,,,2026-05-28 00:56:43,/Users/zhoujia/code/大数据期末实验/大模型助力大数据分析/呼吸道传染病监测与早期预警分析/data/raw/chinacdc_monthly/t20241122_302802_2d5a8d9f3a68c79f.html
中国疾控中心全国法定传染病疫情情况,https://www.chinacdc.cn/jksj/jksj01/202411/t20241122_302802.html,2024年10月全国法定传染病疫情概况,2024,10,2024-10,全国,伤寒和副伤寒,甲乙类合计,0,0,456,0,,,2026-05-28 00:56:43,/Users/zhoujia/code/大数据期末实验/大模型助力大数据分析/呼吸道传染病监测与早期预警分析/data/raw/chinacdc_monthly/t20241122_302802_2d5a8d9f3a68c79f.html
中国疾控中心全国法定传染病疫情情况,https://www.chinacdc.cn/jksj/jksj01/202411/t20241122_302802.html,2024年10月全国法定传染病疫情概况,2024,10,2024-10,全国,流行性脑脊髓膜炎,甲乙类合计,0,0,6,1,,,2026-05-28 00:56:43,/Users/zhoujia/code/大数据期末实验/大模型助力大数据分析/呼吸道传染病监测与早期预警分析/data/raw/chinacdc_monthly/t20241122_302802_2d5a8d9f3a68c79f.html
中国疾控中心全国法定传染病疫情情况,https://www.chinacdc.cn/jksj/jksj01/202411/t20241122_302802.html,2024年10月全国法定传染病疫情概况,2024,10,2024-10,全国,百日咳,甲乙类合计,1,0,10118,2,,,2026-05-28 00:56:43,/Users/zhoujia/code/大数据期末实验/大模型助力大数据分析/呼吸道传染病监测与早期预警分析/data/raw/chinacdc_monthly/t20241122_302802_2d5a8d9f3a68c79f.html
中国疾控中心全国法定传染病疫情情况,https://www.chinacdc.cn/jksj/jksj01/202411/t20241122_302802.html,2024年10月全国法定传染病疫情概况,2024,10,2024-10,全国,白喉,甲乙类合计,0,0,0,0,,,2026-05-28 00:56:43,/Users/zhoujia/code/大数据期末实验/大模型助力大数据分析/呼吸道传染病监测与早期预警分析/data/raw/chinacdc_monthly/t20241122_302802_2d5a8d9f3a68c79f.html
中国疾控中心全国法定传染病疫情情况,https://www.chinacdc.cn/jksj/jksj01/202411/t20241122_302802.html,2024年10月全国法定传染病疫情概况,2024,10,2024-10,全国,新生儿破伤风,甲乙类合计,0,0,0,0,,,2026-05-28 00:56:43,/Users/zhoujia/code/大数据期末实验/大模型助力大数据分析/呼吸道传染病监测与早期预警分析/data/raw/chinacdc_monthly/t20241122_302802_2d5a8d9f3a68c79f.html
中国疾控中心全国法定传染病疫情情况,https://www.chinacdc.cn/jksj/jksj01/202411/t20241122_302802.html,2024年10月全国法定传染病疫情概况,2024,10,2024-10,全国,猩红热,甲乙类合计,1,0,3040,0,,,2026-05-28 00:56:43,/Users/zhoujia/code/大数据期末实验/大模型助力大数据分析/呼吸道传染病监测与早期预警分析/data/raw/chinacdc_monthly/t20241122_302802_2d5a8d9f3a68c79f.html
中国疾控中心全国法定传染病疫情情况,https://www.chinacdc.cn/jksj/jksj01/202411/t20241122_302802.html,2024年10月全国法定传染病疫情概况,2024,10,2024-10,全国,布鲁氏菌病,甲乙类合计,0,0,3381,0,,,2026-05-28 00:56:43,/Users/zhoujia/code/大数据期末实验/大模型助力大数据分析/呼吸道传染病监测与早期预警分析/data/raw/chinacdc_monthly/t20241122_302802_2d5a8d9f3a68c79f.html
中国疾控中心全国法定传染病疫情情况,https://www.chinacdc.cn/jksj/jksj01/202411/t20241122_302802.html,2024年10月全国法定传染病疫情概况,2024,10,2024-10,全国,淋病,甲乙类合计,0,0,8998,0,,,2026-05-28 00:56:43,/Users/zhoujia/code/大数据期末实验/大模型助力大数据分析/呼吸道传染病监测与早期预警分析/data/raw/chinacdc_monthly/t20241122_302802_2d5a8d9f3a68c79f.html
中国疾控中心全国法定传染病疫情情况,https://www.chinacdc.cn/jksj/jksj01/202411/t20241122_302802.html,2024年10月全国法定传染病疫情概况,2024,10,2024-10,全国,梅毒,甲乙类合计,0,0,53569,2,,,2026-05-28 00:56:43,/Users/zhoujia/code/大数据期末实验/大模型助力大数据分析/呼吸道传染病监测与早期预警分析/data/raw/chinacdc_monthly/t20241122_302802_2d5a8d9f3a68c79f.html
中国疾控中心全国法定传染病疫情情况,https://www.chinacdc.cn/jksj/jksj01/202411/t20241122_302802.html,2024年10月全国法定传染病疫情概况,2024,10,2024-10,全国,钩端螺旋体病,甲乙类合计,0,0,65,0,,,2026-05-28 00:56:43,/Users/zhoujia/code/大数据期末实验/大模型助力大数据分析/呼吸道传染病监测与早期预警分析/data/raw/chinacdc_monthly/t20241122_302802_2d5a8d9f3a68c79f.html
中国疾控中心全国法定传染病疫情情况,https://www.chinacdc.cn/jksj/jksj01/202411/t20241122_302802.html,2024年10月全国法定传染病疫情概况,2024,10,2024-10,全国,血吸虫病,甲乙类合计,0,0,2,0,,,2026-05-28 00:56:43,/Users/zhoujia/code/大数据期末实验/大模型助力大数据分析/呼吸道传染病监测与早期预警分析/data/raw/chinacdc_monthly/t20241122_302802_2d5a8d9f3a68c79f.html
中国疾控中心全国法定传染病疫情情况,https://www.chinacdc.cn/jksj/jksj01/202411/t20241122_302802.html,2024年10月全国法定传染病疫情概况,2024,10,2024-10,全国,疟疾,甲乙类合计,0,0,204,2,,,2026-05-28 00:56:43,/Users/zhoujia/code/大数据期末实验/大模型助力大数据分析/呼吸道传染病监测与早期预警分析/data/raw/chinacdc_monthly/t20241122_302802_2d5a8d9f3a68c79f.html
中国疾控中心全国法定传染病疫情情况,https://www.chinacdc.cn/jksj/jksj01/202411/t20241122_302802.html,2024年10月全国法定传染病疫情概况,2024,10,2024-10,全国,人感染H7N9禽流感,甲乙类合计,0,0,0,0,,,2026-05-28 00:56:43,/Users/zhoujia/code/大数据期末实验/大模型助力大数据分析/呼吸道传染病监测与早期预警分析/data/raw/chinacdc_monthly/t20241122_302802_2d5a8d9f3a68c79f.html
中国疾控中心全国法定传染病疫情情况,https://www.chinacdc.cn/jksj/jksj01/202411/t20241122_302802.html,2024年10月全国法定传染病疫情概况,2024,10,2024-10,全国,猴痘,甲乙类合计,0,0,38,0,,,2026-05-28 00:56:43,/Users/zhoujia/code/大数据期末实验/大模型助力大数据分析/呼吸道传染病监测与早期预警分析/data/raw/chinacdc_monthly/t20241122_302802_2d5a8d9f3a68c79f.html
中国疾控中心全国法定传染病疫情情况,https://www.chinacdc.cn/jksj/jksj01/202411/t20241122_302802.html,2024年10月全国法定传染病疫情概况,2024,10,2024-10,全国,丙类传染病合计,丙类合计,0,1,263438,0,,,2026-05-28 00:56:43,/Users/zhoujia/code/大数据期末实验/大模型助力大数据分析/呼吸道传染病监测与早期预警分析/data/raw/chinacdc_monthly/t20241122_302802_2d5a8d9f3a68c79f.html
中国疾控中心全国法定传染病疫情情况,https://www.chinacdc.cn/jksj/jksj01/202411/t20241122_302802.html,2024年10月全国法定传染病疫情概况,2024,10,2024-10,全国,流行性感冒,丙类合计,1,0,103568,0,,,2026-05-28 00:56:43,/Users/zhoujia/code/大数据期末实验/大模型助力大数据分析/呼吸道传染病监测与早期预警分析/data/raw/chinacdc_monthly/t20241122_302802_2d5a8d9f3a68c79f.html
中国疾控中心全国法定传染病疫情情况,https://www.chinacdc.cn/jksj/jksj01/202411/t20241122_302802.html,2024年10月全国法定传染病疫情概况,2024,10,2024-10,全国,流行性腮腺炎,丙类合计,1,0,8424,0,,,2026-05-28 00:56:43,/Users/zhoujia/code/大数据期末实验/大模型助力大数据分析/呼吸道传染病监测与早期预警分析/data/raw/chinacdc_monthly/t20241122_302802_2d5a8d9f3a68c79f.html
中国疾控中心全国法定传染病疫情情况,https://www.chinacdc.cn/jksj/jksj01/202411/t20241122_302802.html,2024年10月全国法定传染病疫情概况,2024,10,2024-10,全国,风疹,丙类合计,0,0,72,0,,,2026-05-28 00:56:43,/Users/zhoujia/code/大数据期末实验/大模型助力大数据分析/呼吸道传染病监测与早期预警分析/data/raw/chinacdc_monthly/t20241122_302802_2d5a8d9f3a68c79f.html
中国疾控中心全国法定传染病疫情情况,https://www.chinacdc.cn/jksj/jksj01/202411/t20241122_302802.html,2024年10月全国法定传染病疫情概况,2024,10,2024-10,全国,急性出血性结膜炎,丙类合计,0,0,1927,0,,,2026-05-28 00:56:43,/Users/zhoujia/code/大数据期末实验/大模型助力大数据分析/呼吸道传染病监测与早期预警分析/data/raw/chinacdc_monthly/t20241122_302802_2d5a8d9f3a68c79f.html
中国疾控中心全国法定传染病疫情情况,https://www.chinacdc.cn/jksj/jksj01/202411/t20241122_302802.html,2024年10月全国法定传染病疫情概况,2024,10,2024-10,全国,麻风病,丙类合计,0,0,12,0,,,2026-05-28 00:56:43,/Users/zhoujia/code/大数据期末实验/大模型助力大数据分析/呼吸道传染病监测与早期预警分析/data/raw/chinacdc_monthly/t20241122_302802_2d5a8d9f3a68c79f.html
中国疾控中心全国法定传染病疫情情况,https://www.chinacdc.cn/jksj/jksj01/202411/t20241122_302802.html,2024年10月全国法定传染病疫情概况,2024,10,2024-10,全国,流行性和地方性斑疹伤寒,丙类合计,0,0,186,0,,,2026-05-28 00:56:43,/Users/zhoujia/code/大数据期末实验/大模型助力大数据分析/呼吸道传染病监测与早期预警分析/data/raw/chinacdc_monthly/t20241122_302802_2d5a8d9f3a68c79f.html
中国疾控中心全国法定传染病疫情情况,https://www.chinacdc.cn/jksj/jksj01/202411/t20241122_302802.html,2024年10月全国法定传染病疫情概况,2024,10,2024-10,全国,黑热病,丙类合计,0,0,6,0,,,2026-05-28 00:56:43,/Users/zhoujia/code/大数据期末实验/大模型助力大数据分析/呼吸道传染病监测与早期预警分析/data/raw/chinacdc_monthly/t20241122_302802_2d5a8d9f3a68c79f.html
中国疾控中心全国法定传染病疫情情况,https://www.chinacdc.cn/jksj/jksj01/202411/t20241122_302802.html,2024年10月全国法定传染病疫情概况,2024,10,2024-10,全国,包虫病,丙类合计,0,0,332,0,,,2026-05-28 00:56:43,/Users/zhoujia/code/大数据期末实验/大模型助力大数据分析/呼吸道传染病监测与早期预警分析/data/raw/chinacdc_monthly/t20241122_302802_2d5a8d9f3a68c79f.html
中国疾控中心全国法定传染病疫情情况,https://www.chinacdc.cn/jksj/jksj01/202411/t20241122_302802.html,2024年10月全国法定传染病疫情概况,2024,10,2024-10,全国,丝虫病,丙类合计,0,0,0,0,,,2026-05-28 00:56:43,/Users/zhoujia/code/大数据期末实验/大模型助力大数据分析/呼吸道传染病监测与早期预警分析/data/raw/chinacdc_monthly/t20241122_302802_2d5a8d9f3a68c79f.html
中国疾控中心全国法定传染病疫情情况,https://www.chinacdc.cn/jksj/jksj01/202411/t20241122_302802.html,2024年10月全国法定传染病疫情概况,2024,10,2024-10,全国,其他感染性腹泻病,丙类合计,0,0,102391,0,,,2026-05-28 00:56:43,/Users/zhoujia/code/大数据期末实验/大模型助力大数据分析/呼吸道传染病监测与早期预警分析/data/raw/chinacdc_monthly/t20241122_302802_2d5a8d9f3a68c79f.html
中国疾控中心全国法定传染病疫情情况,https://www.chinacdc.cn/jksj/jksj01/202411/t20241122_302802.html,2024年10月全国法定传染病疫情概况,2024,10,2024-10,全国,手足口病,丙类合计,0,0,46520,0,,,2026-05-28 00:56:43,/Users/zhoujia/code/大数据期末实验/大模型助力大数据分析/呼吸道传染病监测与早期预警分析/data/raw/chinacdc_monthly/t20241122_302802_2d5a8d9f3a68c79f.html
中国疾控中心全国法定传染病疫情情况,https://www.chinacdc.cn/jksj/jksj01/202410/t20241022_301872.html,2024年9月全国法定传染病疫情概况,2024,9,2024-09,全国,甲乙丙类总计,甲乙丙类总计,0,1,589950,2321,,,2026-05-28 00:56:43,/Users/zhoujia/code/大数据期末实验/大模型助力大数据分析/呼吸道传染病监测与早期预警分析/data/raw/chinacdc_monthly/t20241022_301872_87dcd72f39d15135.html
中国疾控中心全国法定传染病疫情情况,https://www.chinacdc.cn/jksj/jksj01/202410/t20241022_301872.html,2024年9月全国法定传染病疫情概况,2024,9,2024-09,全国,甲乙类传染病合计,甲乙类合计,0,1,303827,2319,,,2026-05-28 00:56:43,/Users/zhoujia/code/大数据期末实验/大模型助力大数据分析/呼吸道传染病监测与早期预警分析/data/raw/chinacdc_monthly/t20241022_301872_87dcd72f39d15135.html
中国疾控中心全国法定传染病疫情情况,https://www.chinacdc.cn/jksj/jksj01/202410/t20241022_301872.html,2024年9月全国法定传染病疫情概况,2024,9,2024-09,全国,鼠疫,甲乙类合计,0,0,0,0,,,2026-05-28 00:56:43,/Users/zhoujia/code/大数据期末实验/大模型助力大数据分析/呼吸道传染病监测与早期预警分析/data/raw/chinacdc_monthly/t20241022_301872_87dcd72f39d15135.html
中国疾控中心全国法定传染病疫情情况,https://www.chinacdc.cn/jksj/jksj01/202410/t20241022_301872.html,2024年9月全国法定传染病疫情概况,2024,9,2024-09,全国,霍乱,甲乙类合计,0,0,1,0,,,2026-05-28 00:56:43,/Users/zhoujia/code/大数据期末实验/大模型助力大数据分析/呼吸道传染病监测与早期预警分析/data/raw/chinacdc_monthly/t20241022_301872_87dcd72f39d15135.html
中国疾控中心全国法定传染病疫情情况,https://www.chinacdc.cn/jksj/jksj01/202410/t20241022_301872.html,2024年9月全国法定传染病疫情概况,2024,9,2024-09,全国,传染性非典型肺炎,甲乙类合计,0,0,0,0,,,2026-05-28 00:56:43,/Users/zhoujia/code/大数据期末实验/大模型助力大数据分析/呼吸道传染病监测与早期预警分析/data/raw/chinacdc_monthly/t20241022_301872_87dcd72f39d15135.html
中国疾控中心全国法定传染病疫情情况,https://www.chinacdc.cn/jksj/jksj01/202410/t20241022_301872.html,2024年9月全国法定传染病疫情概况,2024,9,2024-09,全国,艾滋病,甲乙类合计,0,0,4450,1720,,,2026-05-28 00:56:43,/Users/zhoujia/code/大数据期末实验/大模型助力大数据分析/呼吸道传染病监测与早期预警分析/data/raw/chinacdc_monthly/t20241022_301872_87dcd72f39d15135.html
中国疾控中心全国法定传染病疫情情况,https://www.chinacdc.cn/jksj/jksj01/202410/t20241022_301872.html,2024年9月全国法定传染病疫情概况,2024,9,2024-09,全国,病毒性肝炎,甲乙类合计,0,0,146669,332,,,2026-05-28 00:56:43,/Users/zhoujia/code/大数据期末实验/大模型助力大数据分析/呼吸道传染病监测与早期预警分析/data/raw/chinacdc_monthly/t20241022_301872_87dcd72f39d15135.html
中国疾控中心全国法定传染病疫情情况,https://www.chinacdc.cn/jksj/jksj01/202410/t20241022_301872.html,2024年9月全国法定传染病疫情概况,2024,9,2024-09,全国,甲型肝炎,甲乙类合计,0,0,1084,0,,,2026-05-28 00:56:43,/Users/zhoujia/code/大数据期末实验/大模型助力大数据分析/呼吸道传染病监测与早期预警分析/data/raw/chinacdc_monthly/t20241022_301872_87dcd72f39d15135.html
中国疾控中心全国法定传染病疫情情况,https://www.chinacdc.cn/jksj/jksj01/202410/t20241022_301872.html,2024年9月全国法定传染病疫情概况,2024,9,2024-09,全国,乙型肝炎,甲乙类合计,0,0,125765,29,,,2026-05-28 00:56:43,/Users/zhoujia/code/大数据期末实验/大模型助力大数据分析/呼吸道传染病监测与早期预警分析/data/raw/chinacdc_monthly/t20241022_301872_87dcd72f39d15135.html
中国疾控中心全国法定传染病疫情情况,https://www.chinacdc.cn/jksj/jksj01/202410/t20241022_301872.html,2024年9月全国法定传染病疫情概况,2024,9,2024-09,全国,丙型肝炎,甲乙类合计,0,0,16896,303,,,2026-05-28 00:56:43,/Users/zhoujia/code/大数据期末实验/大模型助力大数据分析/呼吸道传染病监测与早期预警分析/data/raw/chinacdc_monthly/t20241022_301872_87dcd72f39d15135.html
中国疾控中心全国法定传染病疫情情况,https://www.chinacdc.cn/jksj/jksj01/202410/t20241022_301872.html,2024年9月全国法定传染病疫情概况,2024,9,2024-09,全国,丁型肝炎,甲乙类合计,0,0,7,0,,,2026-05-28 00:56:43,/Users/zhoujia/code/大数据期末实验/大模型助力大数据分析/呼吸道传染病监测与早期预警分析/data/raw/chinacdc_monthly/t20241022_301872_87dcd72f39d15135.html
中国疾控中心全国法定传染病疫情情况,https://www.chinacdc.cn/jksj/jksj01/202410/t20241022_301872.html,2024年9月全国法定传染病疫情概况,2024,9,2024-09,全国,戊型肝炎,甲乙类合计,0,0,2446,0,,,2026-05-28 00:56:43,/Users/zhoujia/code/大数据期末实验/大模型助力大数据分析/呼吸道传染病监测与早期预警分析/data/raw/chinacdc_monthly/t20241022_301872_87dcd72f39d15135.html
中国疾控中心全国法定传染病疫情情况,https://www.chinacdc.cn/jksj/jksj01/202410/t20241022_301872.html,2024年9月全国法定传染病疫情概况,2024,9,2024-09,全国,未分型肝炎,甲乙类合计,0,0,471,0,,,2026-05-28 00:56:43,/Users/zhoujia/code/大数据期末实验/大模型助力大数据分析/呼吸道传染病监测与早期预警分析/data/raw/chinacdc_monthly/t20241022_301872_87dcd72f39d15135.html
中国疾控中心全国法定传染病疫情情况,https://www.chinacdc.cn/jksj/jksj01/202410/t20241022_301872.html,2024年9月全国法定传染病疫情概况,2024,9,2024-09,全国,脊髓灰质炎,甲乙类合计,0,0,0,0,,,2026-05-28 00:56:43,/Users/zhoujia/code/大数据期末实验/大模型助力大数据分析/呼吸道传染病监测与早期预警分析/data/raw/chinacdc_monthly/t20241022_301872_87dcd72f39d15135.html
中国疾控中心全国法定传染病疫情情况,https://www.chinacdc.cn/jksj/jksj01/202410/t20241022_301872.html,2024年9月全国法定传染病疫情概况,2024,9,2024-09,全国,人感染高致病性禽流感,甲乙类合计,0,0,0,0,,,2026-05-28 00:56:43,/Users/zhoujia/code/大数据期末实验/大模型助力大数据分析/呼吸道传染病监测与早期预警分析/data/raw/chinacdc_monthly/t20241022_301872_87dcd72f39d15135.html
中国疾控中心全国法定传染病疫情情况,https://www.chinacdc.cn/jksj/jksj01/202410/t20241022_301872.html,2024年9月全国法定传染病疫情概况,2024,9,2024-09,全国,麻疹,甲乙类合计,1,0,118,0,,,2026-05-28 00:56:43,/Users/zhoujia/code/大数据期末实验/大模型助力大数据分析/呼吸道传染病监测与早期预警分析/data/raw/chinacdc_monthly/t20241022_301872_87dcd72f39d15135.html
中国疾控中心全国法定传染病疫情情况,https://www.chinacdc.cn/jksj/jksj01/202410/t20241022_301872.html,2024年9月全国法定传染病疫情概况,2024,9,2024-09,全国,流行性出血热,甲乙类合计,0,0,192,1,,,2026-05-28 00:56:43,/Users/zhoujia/code/大数据期末实验/大模型助力大数据分析/呼吸道传染病监测与早期预警分析/data/raw/chinacdc_monthly/t20241022_301872_87dcd72f39d15135.html
中国疾控中心全国法定传染病疫情情况,https://www.chinacdc.cn/jksj/jksj01/202410/t20241022_301872.html,2024年9月全国法定传染病疫情概况,2024,9,2024-09,全国,狂犬病,甲乙类合计,0,0,17,12,,,2026-05-28 00:56:43,/Users/zhoujia/code/大数据期末实验/大模型助力大数据分析/呼吸道传染病监测与早期预警分析/data/raw/chinacdc_monthly/t20241022_301872_87dcd72f39d15135.html
中国疾控中心全国法定传染病疫情情况,https://www.chinacdc.cn/jksj/jksj01/202410/t20241022_301872.html,2024年9月全国法定传染病疫情概况,2024,9,2024-09,全国,流行性乙型脑炎,甲乙类合计,0,0,71,0,,,2026-05-28 00:56:43,/Users/zhoujia/code/大数据期末实验/大模型助力大数据分析/呼吸道传染病监测与早期预警分析/data/raw/chinacdc_monthly/t20241022_301872_87dcd72f39d15135.html
中国疾控中心全国法定传染病疫情情况,https://www.chinacdc.cn/jksj/jksj01/202410/t20241022_301872.html,2024年9月全国法定传染病疫情概况,2024,9,2024-09,全国,登革热,甲乙类合计,0,0,4845,0,,,2026-05-28 00:56:43,/Users/zhoujia/code/大数据期末实验/大模型助力大数据分析/呼吸道传染病监测与早期预警分析/data/raw/chinacdc_monthly/t20241022_301872_87dcd72f39d15135.html
中国疾控中心全国法定传染病疫情情况,https://www.chinacdc.cn/jksj/jksj01/202410/t20241022_301872.html,2024年9月全国法定传染病疫情概况,2024,9,2024-09,全国,炭疽,甲乙类合计,0,0,90,1,,,2026-05-28 00:56:43,/Users/zhoujia/code/大数据期末实验/大模型助力大数据分析/呼吸道传染病监测与早期预警分析/data/raw/chinacdc_monthly/t20241022_301872_87dcd72f39d15135.html
中国疾控中心全国法定传染病疫情情况,https://www.chinacdc.cn/jksj/jksj01/202410/t20241022_301872.html,2024年9月全国法定传染病疫情概况,2024,9,2024-09,全国,细菌性和阿米巴性痢疾,甲乙类合计,0,0,3564,0,,,2026-05-28 00:56:43,/Users/zhoujia/code/大数据期末实验/大模型助力大数据分析/呼吸道传染病监测与早期预警分析/data/raw/chinacdc_monthly/t20241022_301872_87dcd72f39d15135.html
中国疾控中心全国法定传染病疫情情况,https://www.chinacdc.cn/jksj/jksj01/202410/t20241022_301872.html,2024年9月全国法定传染病疫情概况,2024,9,2024-09,全国,肺结核,甲乙类合计,1,0,55609,247,,,2026-05-28 00:56:43,/Users/zhoujia/code/大数据期末实验/大模型助力大数据分析/呼吸道传染病监测与早期预警分析/data/raw/chinacdc_monthly/t20241022_301872_87dcd72f39d15135.html
中国疾控中心全国法定传染病疫情情况,https://www.chinacdc.cn/jksj/jksj01/202410/t20241022_301872.html,2024年9月全国法定传染病疫情概况,2024,9,2024-09,全国,伤寒和副伤寒,甲乙类合计,0,0,612,0,,,2026-05-28 00:56:43,/Users/zhoujia/code/大数据期末实验/大模型助力大数据分析/呼吸道传染病监测与早期预警分析/data/raw/chinacdc_monthly/t20241022_301872_87dcd72f39d15135.html
中国疾控中心全国法定传染病疫情情况,https://www.chinacdc.cn/jksj/jksj01/202410/t20241022_301872.html,2024年9月全国法定传染病疫情概况,2024,9,2024-09,全国,流行性脑脊髓膜炎,甲乙类合计,0,0,5,0,,,2026-05-28 00:56:43,/Users/zhoujia/code/大数据期末实验/大模型助力大数据分析/呼吸道传染病监测与早期预警分析/data/raw/chinacdc_monthly/t20241022_301872_87dcd72f39d15135.html
中国疾控中心全国法定传染病疫情情况,https://www.chinacdc.cn/jksj/jksj01/202410/t20241022_301872.html,2024年9月全国法定传染病疫情概况,2024,9,2024-09,全国,百日咳,甲乙类合计,1,0,17316,2,,,2026-05-28 00:56:43,/Users/zhoujia/code/大数据期末实验/大模型助力大数据分析/呼吸道传染病监测与早期预警分析/data/raw/chinacdc_monthly/t20241022_301872_87dcd72f39d15135.html
中国疾控中心全国法定传染病疫情情况,https://www.chinacdc.cn/jksj/jksj01/202410/t20241022_301872.html,2024年9月全国法定传染病疫情概况,2024,9,2024-09,全国,白喉,甲乙类合计,0,0,0,0,,,2026-05-28 00:56:43,/Users/zhoujia/code/大数据期末实验/大模型助力大数据分析/呼吸道传染病监测与早期预警分析/data/raw/chinacdc_monthly/t20241022_301872_87dcd72f39d15135.html
中国疾控中心全国法定传染病疫情情况,https://www.chinacdc.cn/jksj/jksj01/202410/t20241022_301872.html,2024年9月全国法定传染病疫情概况,2024,9,2024-09,全国,新生儿破伤风,甲乙类合计,0,0,2,0,,,2026-05-28 00:56:43,/Users/zhoujia/code/大数据期末实验/大模型助力大数据分析/呼吸道传染病监测与早期预警分析/data/raw/chinacdc_monthly/t20241022_301872_87dcd72f39d15135.html
中国疾控中心全国法定传染病疫情情况,https://www.chinacdc.cn/jksj/jksj01/202410/t20241022_301872.html,2024年9月全国法定传染病疫情概况,2024,9,2024-09,全国,猩红热,甲乙类合计,1,0,2179,0,,,2026-05-28 00:56:43,/Users/zhoujia/code/大数据期末实验/大模型助力大数据分析/呼吸道传染病监测与早期预警分析/data/raw/chinacdc_monthly/t20241022_301872_87dcd72f39d15135.html
中国疾控中心全国法定传染病疫情情况,https://www.chinacdc.cn/jksj/jksj01/202410/t20241022_301872.html,2024年9月全国法定传染病疫情概况,2024,9,2024-09,全国,布鲁氏菌病,甲乙类合计,0,0,4612,1,,,2026-05-28 00:56:43,/Users/zhoujia/code/大数据期末实验/大模型助力大数据分析/呼吸道传染病监测与早期预警分析/data/raw/chinacdc_monthly/t20241022_301872_87dcd72f39d15135.html
中国疾控中心全国法定传染病疫情情况,https://www.chinacdc.cn/jksj/jksj01/202410/t20241022_301872.html,2024年9月全国法定传染病疫情概况,2024,9,2024-09,全国,淋病,甲乙类合计,0,0,8923,0,,,2026-05-28 00:56:43,/Users/zhoujia/code/大数据期末实验/大模型助力大数据分析/呼吸道传染病监测与早期预警分析/data/raw/chinacdc_monthly/t20241022_301872_87dcd72f39d15135.html
中国疾控中心全国法定传染病疫情情况,https://www.chinacdc.cn/jksj/jksj01/202410/t20241022_301872.html,2024年9月全国法定传染病疫情概况,2024,9,2024-09,全国,梅毒,甲乙类合计,0,0,54136,3,,,2026-05-28 00:56:43,/Users/zhoujia/code/大数据期末实验/大模型助力大数据分析/呼吸道传染病监测与早期预警分析/data/raw/chinacdc_monthly/t20241022_301872_87dcd72f39d15135.html
中国疾控中心全国法定传染病疫情情况,https://www.chinacdc.cn/jksj/jksj01/202410/t20241022_301872.html,2024年9月全国法定传染病疫情概况,2024,9,2024-09,全国,钩端螺旋体病,甲乙类合计,0,0,128,0,,,2026-05-28 00:56:43,/Users/zhoujia/code/大数据期末实验/大模型助力大数据分析/呼吸道传染病监测与早期预警分析/data/raw/chinacdc_monthly/t20241022_301872_87dcd72f39d15135.html
中国疾控中心全国法定传染病疫情情况,https://www.chinacdc.cn/jksj/jksj01/202410/t20241022_301872.html,2024年9月全国法定传染病疫情概况,2024,9,2024-09,全国,血吸虫病,甲乙类合计,0,0,0,0,,,2026-05-28 00:56:43,/Users/zhoujia/code/大数据期末实验/大模型助力大数据分析/呼吸道传染病监测与早期预警分析/data/raw/chinacdc_monthly/t20241022_301872_87dcd72f39d15135.html
中国疾控中心全国法定传染病疫情情况,https://www.chinacdc.cn/jksj/jksj01/202410/t20241022_301872.html,2024年9月全国法定传染病疫情概况,2024,9,2024-09,全国,疟疾,甲乙类合计,0,0,242,0,,,2026-05-28 00:56:43,/Users/zhoujia/code/大数据期末实验/大模型助力大数据分析/呼吸道传染病监测与早期预警分析/data/raw/chinacdc_monthly/t20241022_301872_87dcd72f39d15135.html
中国疾控中心全国法定传染病疫情情况,https://www.chinacdc.cn/jksj/jksj01/202410/t20241022_301872.html,2024年9月全国法定传染病疫情概况,2024,9,2024-09,全国,人感染H7N9禽流感,甲乙类合计,0,0,0,0,,,2026-05-28 00:56:43,/Users/zhoujia/code/大数据期末实验/大模型助力大数据分析/呼吸道传染病监测与早期预警分析/data/raw/chinacdc_monthly/t20241022_301872_87dcd72f39d15135.html
中国疾控中心全国法定传染病疫情情况,https://www.chinacdc.cn/jksj/jksj01/202410/t20241022_301872.html,2024年9月全国法定传染病疫情概况,2024,9,2024-09,全国,猴痘,甲乙类合计,0,0,46,0,,,2026-05-28 00:56:43,/Users/zhoujia/code/大数据期末实验/大模型助力大数据分析/呼吸道传染病监测与早期预警分析/data/raw/chinacdc_monthly/t20241022_301872_87dcd72f39d15135.html
中国疾控中心全国法定传染病疫情情况,https://www.chinacdc.cn/jksj/jksj01/202410/t20241022_301872.html,2024年9月全国法定传染病疫情概况,2024,9,2024-09,全国,丙类传染病合计,丙类合计,0,1,286123,2,,,2026-05-28 00:56:43,/Users/zhoujia/code/大数据期末实验/大模型助力大数据分析/呼吸道传染病监测与早期预警分析/data/raw/chinacdc_monthly/t20241022_301872_87dcd72f39d15135.html
中国疾控中心全国法定传染病疫情情况,https://www.chinacdc.cn/jksj/jksj01/202410/t20241022_301872.html,2024年9月全国法定传染病疫情概况,2024,9,2024-09,全国,流行性感冒,丙类合计,1,0,117403,0,,,2026-05-28 00:56:43,/Users/zhoujia/code/大数据期末实验/大模型助力大数据分析/呼吸道传染病监测与早期预警分析/data/raw/chinacdc_monthly/t20241022_301872_87dcd72f39d15135.html
中国疾控中心全国法定传染病疫情情况,https://www.chinacdc.cn/jksj/jksj01/202410/t20241022_301872.html,2024年9月全国法定传染病疫情概况,2024,9,2024-09,全国,流行性腮腺炎,丙类合计,1,0,9657,0,,,2026-05-28 00:56:43,/Users/zhoujia/code/大数据期末实验/大模型助力大数据分析/呼吸道传染病监测与早期预警分析/data/raw/chinacdc_monthly/t20241022_301872_87dcd72f39d15135.html
中国疾控中心全国法定传染病疫情情况,https://www.chinacdc.cn/jksj/jksj01/202410/t20241022_301872.html,2024年9月全国法定传染病疫情概况,2024,9,2024-09,全国,风疹,丙类合计,0,0,39,0,,,2026-05-28 00:56:43,/Users/zhoujia/code/大数据期末实验/大模型助力大数据分析/呼吸道传染病监测与早期预警分析/data/raw/chinacdc_monthly/t20241022_301872_87dcd72f39d15135.html
中国疾控中心全国法定传染病疫情情况,https://www.chinacdc.cn/jksj/jksj01/202410/t20241022_301872.html,2024年9月全国法定传染病疫情概况,2024,9,2024-09,全国,急性出血性结膜炎,丙类合计,0,0,2156,0,,,2026-05-28 00:56:43,/Users/zhoujia/code/大数据期末实验/大模型助力大数据分析/呼吸道传染病监测与早期预警分析/data/raw/chinacdc_monthly/t20241022_301872_87dcd72f39d15135.html
中国疾控中心全国法定传染病疫情情况,https://www.chinacdc.cn/jksj/jksj01/202410/t20241022_301872.html,2024年9月全国法定传染病疫情概况,2024,9,2024-09,全国,麻风病,丙类合计,0,0,10,0,,,2026-05-28 00:56:43,/Users/zhoujia/code/大数据期末实验/大模型助力大数据分析/呼吸道传染病监测与早期预警分析/data/raw/chinacdc_monthly/t20241022_301872_87dcd72f39d15135.html
中国疾控中心全国法定传染病疫情情况,https://www.chinacdc.cn/jksj/jksj01/202410/t20241022_301872.html,2024年9月全国法定传染病疫情概况,2024,9,2024-09,全国,流行性和地方性斑疹伤寒,丙类合计,0,0,188,0,,,2026-05-28 00:56:43,/Users/zhoujia/code/大数据期末实验/大模型助力大数据分析/呼吸道传染病监测与早期预警分析/data/raw/chinacdc_monthly/t20241022_301872_87dcd72f39d15135.html
中国疾控中心全国法定传染病疫情情况,https://www.chinacdc.cn/jksj/jksj01/202410/t20241022_301872.html,2024年9月全国法定传染病疫情概况,2024,9,2024-09,全国,黑热病,丙类合计,0,0,33,0,,,2026-05-28 00:56:43,/Users/zhoujia/code/大数据期末实验/大模型助力大数据分析/呼吸道传染病监测与早期预警分析/data/raw/chinacdc_monthly/t20241022_301872_87dcd72f39d15135.html
中国疾控中心全国法定传染病疫情情况,https://www.chinacdc.cn/jksj/jksj01/202410/t20241022_301872.html,2024年9月全国法定传染病疫情概况,2024,9,2024-09,全国,包虫病,丙类合计,0,0,407,2,,,2026-05-28 00:56:43,/Users/zhoujia/code/大数据期末实验/大模型助力大数据分析/呼吸道传染病监测与早期预警分析/data/raw/chinacdc_monthly/t20241022_301872_87dcd72f39d15135.html
中国疾控中心全国法定传染病疫情情况,https://www.chinacdc.cn/jksj/jksj01/202410/t20241022_301872.html,2024年9月全国法定传染病疫情概况,2024,9,2024-09,全国,丝虫病,丙类合计,0,0,0,0,,,2026-05-28 00:56:43,/Users/zhoujia/code/大数据期末实验/大模型助力大数据分析/呼吸道传染病监测与早期预警分析/data/raw/chinacdc_monthly/t20241022_301872_87dcd72f39d15135.html
中国疾控中心全国法定传染病疫情情况,https://www.chinacdc.cn/jksj/jksj01/202410/t20241022_301872.html,2024年9月全国法定传染病疫情概况,2024,9,2024-09,全国,其他感染性腹泻病,丙类合计,0,0,121176,0,,,2026-05-28 00:56:43,/Users/zhoujia/code/大数据期末实验/大模型助力大数据分析/呼吸道传染病监测与早期预警分析/data/raw/chinacdc_monthly/t20241022_301872_87dcd72f39d15135.html
中国疾控中心全国法定传染病疫情情况,https://www.chinacdc.cn/jksj/jksj01/202410/t20241022_301872.html,2024年9月全国法定传染病疫情概况,2024,9,2024-09,全国,手足口病,丙类合计,0,0,35054,0,,,2026-05-28 00:56:43,/Users/zhoujia/code/大数据期末实验/大模型助力大数据分析/呼吸道传染病监测与早期预警分析/data/raw/chinacdc_monthly/t20241022_301872_87dcd72f39d15135.html
中国疾控中心全国法定传染病疫情情况,https://www.chinacdc.cn/jksj/jksj01/202409/t20240919_300082.html,2024年8月全国法定传染病疫情概况,2024,8,2024-08,全国,甲乙丙类总计,甲乙丙类总计,0,1,719686,2366,,,2026-05-28 00:56:43,/Users/zhoujia/code/大数据期末实验/大模型助力大数据分析/呼吸道传染病监测与早期预警分析/data/raw/chinacdc_monthly/t20240919_300082_4a3be7a70b20691a.html
中国疾控中心全国法定传染病疫情情况,https://www.chinacdc.cn/jksj/jksj01/202409/t20240919_300082.html,2024年8月全国法定传染病疫情概况,2024,8,2024-08,全国,甲乙类传染病合计,甲乙类合计,0,1,353682,2365,,,2026-05-28 00:56:43,/Users/zhoujia/code/大数据期末实验/大模型助力大数据分析/呼吸道传染病监测与早期预警分析/data/raw/chinacdc_monthly/t20240919_300082_4a3be7a70b20691a.html
中国疾控中心全国法定传染病疫情情况,https://www.chinacdc.cn/jksj/jksj01/202409/t20240919_300082.html,2024年8月全国法定传染病疫情概况,2024,8,2024-08,全国,鼠疫,甲乙类合计,0,0,2,1,,,2026-05-28 00:56:43,/Users/zhoujia/code/大数据期末实验/大模型助力大数据分析/呼吸道传染病监测与早期预警分析/data/raw/chinacdc_monthly/t20240919_300082_4a3be7a70b20691a.html
中国疾控中心全国法定传染病疫情情况,https://www.chinacdc.cn/jksj/jksj01/202409/t20240919_300082.html,2024年8月全国法定传染病疫情概况,2024,8,2024-08,全国,霍乱,甲乙类合计,0,0,4,0,,,2026-05-28 00:56:43,/Users/zhoujia/code/大数据期末实验/大模型助力大数据分析/呼吸道传染病监测与早期预警分析/data/raw/chinacdc_monthly/t20240919_300082_4a3be7a70b20691a.html
中国疾控中心全国法定传染病疫情情况,https://www.chinacdc.cn/jksj/jksj01/202409/t20240919_300082.html,2024年8月全国法定传染病疫情概况,2024,8,2024-08,全国,传染性非典型肺炎,甲乙类合计,0,0,0,0,,,2026-05-28 00:56:43,/Users/zhoujia/code/大数据期末实验/大模型助力大数据分析/呼吸道传染病监测与早期预警分析/data/raw/chinacdc_monthly/t20240919_300082_4a3be7a70b20691a.html
中国疾控中心全国法定传染病疫情情况,https://www.chinacdc.cn/jksj/jksj01/202409/t20240919_300082.html,2024年8月全国法定传染病疫情概况,2024,8,2024-08,全国,艾滋病**,甲乙类合计,0,0,4485,1612,,,2026-05-28 00:56:43,/Users/zhoujia/code/大数据期末实验/大模型助力大数据分析/呼吸道传染病监测与早期预警分析/data/raw/chinacdc_monthly/t20240919_300082_4a3be7a70b20691a.html
中国疾控中心全国法定传染病疫情情况,https://www.chinacdc.cn/jksj/jksj01/202409/t20240919_300082.html,2024年8月全国法定传染病疫情概况,2024,8,2024-08,全国,病毒性肝炎***,甲乙类合计,0,0,163748,438,,,2026-05-28 00:56:43,/Users/zhoujia/code/大数据期末实验/大模型助力大数据分析/呼吸道传染病监测与早期预警分析/data/raw/chinacdc_monthly/t20240919_300082_4a3be7a70b20691a.html
中国疾控中心全国法定传染病疫情情况,https://www.chinacdc.cn/jksj/jksj01/202409/t20240919_300082.html,2024年8月全国法定传染病疫情概况,2024,8,2024-08,全国,甲型肝炎,甲乙类合计,0,0,1136,0,,,2026-05-28 00:56:43,/Users/zhoujia/code/大数据期末实验/大模型助力大数据分析/呼吸道传染病监测与早期预警分析/data/raw/chinacdc_monthly/t20240919_300082_4a3be7a70b20691a.html
中国疾控中心全国法定传染病疫情情况,https://www.chinacdc.cn/jksj/jksj01/202409/t20240919_300082.html,2024年8月全国法定传染病疫情概况,2024,8,2024-08,全国,乙型肝炎,甲乙类合计,0,0,140045,42,,,2026-05-28 00:56:43,/Users/zhoujia/code/大数据期末实验/大模型助力大数据分析/呼吸道传染病监测与早期预警分析/data/raw/chinacdc_monthly/t20240919_300082_4a3be7a70b20691a.html
中国疾控中心全国法定传染病疫情情况,https://www.chinacdc.cn/jksj/jksj01/202409/t20240919_300082.html,2024年8月全国法定传染病疫情概况,2024,8,2024-08,全国,丙型肝炎,甲乙类合计,0,0,19424,395,,,2026-05-28 00:56:43,/Users/zhoujia/code/大数据期末实验/大模型助力大数据分析/呼吸道传染病监测与早期预警分析/data/raw/chinacdc_monthly/t20240919_300082_4a3be7a70b20691a.html
中国疾控中心全国法定传染病疫情情况,https://www.chinacdc.cn/jksj/jksj01/202409/t20240919_300082.html,2024年8月全国法定传染病疫情概况,2024,8,2024-08,全国,丁型肝炎,甲乙类合计,0,0,24,0,,,2026-05-28 00:56:43,/Users/zhoujia/code/大数据期末实验/大模型助力大数据分析/呼吸道传染病监测与早期预警分析/data/raw/chinacdc_monthly/t20240919_300082_4a3be7a70b20691a.html
中国疾控中心全国法定传染病疫情情况,https://www.chinacdc.cn/jksj/jksj01/202409/t20240919_300082.html,2024年8月全国法定传染病疫情概况,2024,8,2024-08,全国,戊型肝炎,甲乙类合计,0,0,2597,1,,,2026-05-28 00:56:43,/Users/zhoujia/code/大数据期末实验/大模型助力大数据分析/呼吸道传染病监测与早期预警分析/data/raw/chinacdc_monthly/t20240919_300082_4a3be7a70b20691a.html
中国疾控中心全国法定传染病疫情情况,https://www.chinacdc.cn/jksj/jksj01/202409/t20240919_300082.html,2024年8月全国法定传染病疫情概况,2024,8,2024-08,全国,未分型肝炎,甲乙类合计,0,0,522,0,,,2026-05-28 00:56:43,/Users/zhoujia/code/大数据期末实验/大模型助力大数据分析/呼吸道传染病监测与早期预警分析/data/raw/chinacdc_monthly/t20240919_300082_4a3be7a70b20691a.html
中国疾控中心全国法定传染病疫情情况,https://www.chinacdc.cn/jksj/jksj01/202409/t20240919_300082.html,2024年8月全国法定传染病疫情概况,2024,8,2024-08,全国,脊髓灰质炎,甲乙类合计,0,0,0,0,,,2026-05-28 00:56:43,/Users/zhoujia/code/大数据期末实验/大模型助力大数据分析/呼吸道传染病监测与早期预警分析/data/raw/chinacdc_monthly/t20240919_300082_4a3be7a70b20691a.html
中国疾控中心全国法定传染病疫情情况,https://www.chinacdc.cn/jksj/jksj01/202409/t20240919_300082.html,2024年8月全国法定传染病疫情概况,2024,8,2024-08,全国,人感染高致病性禽流感,甲乙类合计,0,0,0,0,,,2026-05-28 00:56:43,/Users/zhoujia/code/大数据期末实验/大模型助力大数据分析/呼吸道传染病监测与早期预警分析/data/raw/chinacdc_monthly/t20240919_300082_4a3be7a70b20691a.html
中国疾控中心全国法定传染病疫情情况,https://www.chinacdc.cn/jksj/jksj01/202409/t20240919_300082.html,2024年8月全国法定传染病疫情概况,2024,8,2024-08,全国,麻疹,甲乙类合计,1,0,111,0,,,2026-05-28 00:56:43,/Users/zhoujia/code/大数据期末实验/大模型助力大数据分析/呼吸道传染病监测与早期预警分析/data/raw/chinacdc_monthly/t20240919_300082_4a3be7a70b20691a.html
中国疾控中心全国法定传染病疫情情况,https://www.chinacdc.cn/jksj/jksj01/202409/t20240919_300082.html,2024年8月全国法定传染病疫情概况,2024,8,2024-08,全国,流行性出血热,甲乙类合计,0,0,202,0,,,2026-05-28 00:56:43,/Users/zhoujia/code/大数据期末实验/大模型助力大数据分析/呼吸道传染病监测与早期预警分析/data/raw/chinacdc_monthly/t20240919_300082_4a3be7a70b20691a.html
中国疾控中心全国法定传染病疫情情况,https://www.chinacdc.cn/jksj/jksj01/202409/t20240919_300082.html,2024年8月全国法定传染病疫情概况,2024,8,2024-08,全国,狂犬病,甲乙类合计,0,0,18,19,,,2026-05-28 00:56:43,/Users/zhoujia/code/大数据期末实验/大模型助力大数据分析/呼吸道传染病监测与早期预警分析/data/raw/chinacdc_monthly/t20240919_300082_4a3be7a70b20691a.html
中国疾控中心全国法定传染病疫情情况,https://www.chinacdc.cn/jksj/jksj01/202409/t20240919_300082.html,2024年8月全国法定传染病疫情概况,2024,8,2024-08,全国,流行性乙型脑炎,甲乙类合计,0,0,16,0,,,2026-05-28 00:56:43,/Users/zhoujia/code/大数据期末实验/大模型助力大数据分析/呼吸道传染病监测与早期预警分析/data/raw/chinacdc_monthly/t20240919_300082_4a3be7a70b20691a.html
中国疾控中心全国法定传染病疫情情况,https://www.chinacdc.cn/jksj/jksj01/202409/t20240919_300082.html,2024年8月全国法定传染病疫情概况,2024,8,2024-08,全国,登革热,甲乙类合计,0,0,1801,0,,,2026-05-28 00:56:43,/Users/zhoujia/code/大数据期末实验/大模型助力大数据分析/呼吸道传染病监测与早期预警分析/data/raw/chinacdc_monthly/t20240919_300082_4a3be7a70b20691a.html
中国疾控中心全国法定传染病疫情情况,https://www.chinacdc.cn/jksj/jksj01/202409/t20240919_300082.html,2024年8月全国法定传染病疫情概况,2024,8,2024-08,全国,炭疽,甲乙类合计,0,0,91,1,,,2026-05-28 00:56:43,/Users/zhoujia/code/大数据期末实验/大模型助力大数据分析/呼吸道传染病监测与早期预警分析/data/raw/chinacdc_monthly/t20240919_300082_4a3be7a70b20691a.html
中国疾控中心全国法定传染病疫情情况,https://www.chinacdc.cn/jksj/jksj01/202409/t20240919_300082.html,2024年8月全国法定传染病疫情概况,2024,8,2024-08,全国,细菌性和阿米巴性痢疾,甲乙类合计,0,0,4374,0,,,2026-05-28 00:56:43,/Users/zhoujia/code/大数据期末实验/大模型助力大数据分析/呼吸道传染病监测与早期预警分析/data/raw/chinacdc_monthly/t20240919_300082_4a3be7a70b20691a.html
中国疾控中心全国法定传染病疫情情况,https://www.chinacdc.cn/jksj/jksj01/202409/t20240919_300082.html,2024年8月全国法定传染病疫情概况,2024,8,2024-08,全国,肺结核****,甲乙类合计,0,0,57944,289,,,2026-05-28 00:56:43,/Users/zhoujia/code/大数据期末实验/大模型助力大数据分析/呼吸道传染病监测与早期预警分析/data/raw/chinacdc_monthly/t20240919_300082_4a3be7a70b20691a.html
中国疾控中心全国法定传染病疫情情况,https://www.chinacdc.cn/jksj/jksj01/202409/t20240919_300082.html,2024年8月全国法定传染病疫情概况,2024,8,2024-08,全国,伤寒和副伤寒,甲乙类合计,0,0,550,0,,,2026-05-28 00:56:43,/Users/zhoujia/code/大数据期末实验/大模型助力大数据分析/呼吸道传染病监测与早期预警分析/data/raw/chinacdc_monthly/t20240919_300082_4a3be7a70b20691a.html
中国疾控中心全国法定传染病疫情情况,https://www.chinacdc.cn/jksj/jksj01/202409/t20240919_300082.html,2024年8月全国法定传染病疫情概况,2024,8,2024-08,全国,流行性脑脊髓膜炎,甲乙类合计,0,0,11,0,,,2026-05-28 00:56:43,/Users/zhoujia/code/大数据期末实验/大模型助力大数据分析/呼吸道传染病监测与早期预警分析/data/raw/chinacdc_monthly/t20240919_300082_4a3be7a70b20691a.html
中国疾控中心全国法定传染病疫情情况,https://www.chinacdc.cn/jksj/jksj01/202409/t20240919_300082.html,2024年8月全国法定传染病疫情概况,2024,8,2024-08,全国,百日咳,甲乙类合计,1,0,43216,1,,,2026-05-28 00:56:43,/Users/zhoujia/code/大数据期末实验/大模型助力大数据分析/呼吸道传染病监测与早期预警分析/data/raw/chinacdc_monthly/t20240919_300082_4a3be7a70b20691a.html
中国疾控中心全国法定传染病疫情情况,https://www.chinacdc.cn/jksj/jksj01/202409/t20240919_300082.html,2024年8月全国法定传染病疫情概况,2024,8,2024-08,全国,白喉,甲乙类合计,0,0,0,0,,,2026-05-28 00:56:43,/Users/zhoujia/code/大数据期末实验/大模型助力大数据分析/呼吸道传染病监测与早期预警分析/data/raw/chinacdc_monthly/t20240919_300082_4a3be7a70b20691a.html
中国疾控中心全国法定传染病疫情情况,https://www.chinacdc.cn/jksj/jksj01/202409/t20240919_300082.html,2024年8月全国法定传染病疫情概况,2024,8,2024-08,全国,新生儿破伤风,甲乙类合计,0,0,2,0,,,2026-05-28 00:56:43,/Users/zhoujia/code/大数据期末实验/大模型助力大数据分析/呼吸道传染病监测与早期预警分析/data/raw/chinacdc_monthly/t20240919_300082_4a3be7a70b20691a.html
中国疾控中心全国法定传染病疫情情况,https://www.chinacdc.cn/jksj/jksj01/202409/t20240919_300082.html,2024年8月全国法定传染病疫情概况,2024,8,2024-08,全国,猩红热,甲乙类合计,1,0,2028,0,,,2026-05-28 00:56:43,/Users/zhoujia/code/大数据期末实验/大模型助力大数据分析/呼吸道传染病监测与早期预警分析/data/raw/chinacdc_monthly/t20240919_300082_4a3be7a70b20691a.html
中国疾控中心全国法定传染病疫情情况,https://www.chinacdc.cn/jksj/jksj01/202409/t20240919_300082.html,2024年8月全国法定传染病疫情概况,2024,8,2024-08,全国,布鲁氏菌病,甲乙类合计,0,0,6564,0,,,2026-05-28 00:56:43,/Users/zhoujia/code/大数据期末实验/大模型助力大数据分析/呼吸道传染病监测与早期预警分析/data/raw/chinacdc_monthly/t20240919_300082_4a3be7a70b20691a.html
中国疾控中心全国法定传染病疫情情况,https://www.chinacdc.cn/jksj/jksj01/202409/t20240919_300082.html,2024年8月全国法定传染病疫情概况,2024,8,2024-08,全国,淋病,甲乙类合计,0,0,9377,0,,,2026-05-28 00:56:43,/Users/zhoujia/code/大数据期末实验/大模型助力大数据分析/呼吸道传染病监测与早期预警分析/data/raw/chinacdc_monthly/t20240919_300082_4a3be7a70b20691a.html
中国疾控中心全国法定传染病疫情情况,https://www.chinacdc.cn/jksj/jksj01/202409/t20240919_300082.html,2024年8月全国法定传染病疫情概况,2024,8,2024-08,全国,梅毒,甲乙类合计,0,0,58717,3,,,2026-05-28 00:56:43,/Users/zhoujia/code/大数据期末实验/大模型助力大数据分析/呼吸道传染病监测与早期预警分析/data/raw/chinacdc_monthly/t20240919_300082_4a3be7a70b20691a.html
中国疾控中心全国法定传染病疫情情况,https://www.chinacdc.cn/jksj/jksj01/202409/t20240919_300082.html,2024年8月全国法定传染病疫情概况,2024,8,2024-08,全国,钩端螺旋体病,甲乙类合计,0,0,91,0,,,2026-05-28 00:56:43,/Users/zhoujia/code/大数据期末实验/大模型助力大数据分析/呼吸道传染病监测与早期预警分析/data/raw/chinacdc_monthly/t20240919_300082_4a3be7a70b20691a.html
中国疾控中心全国法定传染病疫情情况,https://www.chinacdc.cn/jksj/jksj01/202409/t20240919_300082.html,2024年8月全国法定传染病疫情概况,2024,8,2024-08,全国,血吸虫病,甲乙类合计,0,0,3,0,,,2026-05-28 00:56:43,/Users/zhoujia/code/大数据期末实验/大模型助力大数据分析/呼吸道传染病监测与早期预警分析/data/raw/chinacdc_monthly/t20240919_300082_4a3be7a70b20691a.html
中国疾控中心全国法定传染病疫情情况,https://www.chinacdc.cn/jksj/jksj01/202409/t20240919_300082.html,2024年8月全国法定传染病疫情概况,2024,8,2024-08,全国,疟疾*****,甲乙类合计,0,0,279,1,,,2026-05-28 00:56:43,/Users/zhoujia/code/大数据期末实验/大模型助力大数据分析/呼吸道传染病监测与早期预警分析/data/raw/chinacdc_monthly/t20240919_300082_4a3be7a70b20691a.html
中国疾控中心全国法定传染病疫情情况,https://www.chinacdc.cn/jksj/jksj01/202409/t20240919_300082.html,2024年8月全国法定传染病疫情概况,2024,8,2024-08,全国,人感染H7N9禽流感,甲乙类合计,0,0,0,0,,,2026-05-28 00:56:43,/Users/zhoujia/code/大数据期末实验/大模型助力大数据分析/呼吸道传染病监测与早期预警分析/data/raw/chinacdc_monthly/t20240919_300082_4a3be7a70b20691a.html
中国疾控中心全国法定传染病疫情情况,https://www.chinacdc.cn/jksj/jksj01/202409/t20240919_300082.html,2024年8月全国法定传染病疫情概况,2024,8,2024-08,全国,猴痘******,甲乙类合计,0,0,48,0,,,2026-05-28 00:56:43,/Users/zhoujia/code/大数据期末实验/大模型助力大数据分析/呼吸道传染病监测与早期预警分析/data/raw/chinacdc_monthly/t20240919_300082_4a3be7a70b20691a.html
中国疾控中心全国法定传染病疫情情况,https://www.chinacdc.cn/jksj/jksj01/202409/t20240919_300082.html,2024年8月全国法定传染病疫情概况,2024,8,2024-08,全国,丙类传染病合计,丙类合计,0,1,366004,1,,,2026-05-28 00:56:43,/Users/zhoujia/code/大数据期末实验/大模型助力大数据分析/呼吸道传染病监测与早期预警分析/data/raw/chinacdc_monthly/t20240919_300082_4a3be7a70b20691a.html
中国疾控中心全国法定传染病疫情情况,https://www.chinacdc.cn/jksj/jksj01/202409/t20240919_300082.html,2024年8月全国法定传染病疫情概况,2024,8,2024-08,全国,流行性感冒,丙类合计,1,0,169642,0,,,2026-05-28 00:56:43,/Users/zhoujia/code/大数据期末实验/大模型助力大数据分析/呼吸道传染病监测与早期预警分析/data/raw/chinacdc_monthly/t20240919_300082_4a3be7a70b20691a.html
中国疾控中心全国法定传染病疫情情况,https://www.chinacdc.cn/jksj/jksj01/202409/t20240919_300082.html,2024年8月全国法定传染病疫情概况,2024,8,2024-08,全国,流行性腮腺炎,丙类合计,1,0,6692,0,,,2026-05-28 00:56:43,/Users/zhoujia/code/大数据期末实验/大模型助力大数据分析/呼吸道传染病监测与早期预警分析/data/raw/chinacdc_monthly/t20240919_300082_4a3be7a70b20691a.html
中国疾控中心全国法定传染病疫情情况,https://www.chinacdc.cn/jksj/jksj01/202409/t20240919_300082.html,2024年8月全国法定传染病疫情概况,2024,8,2024-08,全国,风疹,丙类合计,0,0,70,0,,,2026-05-28 00:56:43,/Users/zhoujia/code/大数据期末实验/大模型助力大数据分析/呼吸道传染病监测与早期预警分析/data/raw/chinacdc_monthly/t20240919_300082_4a3be7a70b20691a.html
中国疾控中心全国法定传染病疫情情况,https://www.chinacdc.cn/jksj/jksj01/202409/t20240919_300082.html,2024年8月全国法定传染病疫情概况,2024,8,2024-08,全国,急性出血性结膜炎,丙类合计,0,0,2179,0,,,2026-05-28 00:56:43,/Users/zhoujia/code/大数据期末实验/大模型助力大数据分析/呼吸道传染病监测与早期预警分析/data/raw/chinacdc_monthly/t20240919_300082_4a3be7a70b20691a.html
中国疾控中心全国法定传染病疫情情况,https://www.chinacdc.cn/jksj/jksj01/202409/t20240919_300082.html,2024年8月全国法定传染病疫情概况,2024,8,2024-08,全国,麻风病,丙类合计,0,0,28,0,,,2026-05-28 00:56:43,/Users/zhoujia/code/大数据期末实验/大模型助力大数据分析/呼吸道传染病监测与早期预警分析/data/raw/chinacdc_monthly/t20240919_300082_4a3be7a70b20691a.html
中国疾控中心全国法定传染病疫情情况,https://www.chinacdc.cn/jksj/jksj01/202409/t20240919_300082.html,2024年8月全国法定传染病疫情概况,2024,8,2024-08,全国,流行性和地方性斑疹伤寒,丙类合计,0,0,207,0,,,2026-05-28 00:56:43,/Users/zhoujia/code/大数据期末实验/大模型助力大数据分析/呼吸道传染病监测与早期预警分析/data/raw/chinacdc_monthly/t20240919_300082_4a3be7a70b20691a.html
中国疾控中心全国法定传染病疫情情况,https://www.chinacdc.cn/jksj/jksj01/202409/t20240919_300082.html,2024年8月全国法定传染病疫情概况,2024,8,2024-08,全国,黑热病,丙类合计,0,0,34,0,,,2026-05-28 00:56:43,/Users/zhoujia/code/大数据期末实验/大模型助力大数据分析/呼吸道传染病监测与早期预警分析/data/raw/chinacdc_monthly/t20240919_300082_4a3be7a70b20691a.html
中国疾控中心全国法定传染病疫情情况,https://www.chinacdc.cn/jksj/jksj01/202409/t20240919_300082.html,2024年8月全国法定传染病疫情概况,2024,8,2024-08,全国,包虫病,丙类合计,0,0,335,0,,,2026-05-28 00:56:43,/Users/zhoujia/code/大数据期末实验/大模型助力大数据分析/呼吸道传染病监测与早期预警分析/data/raw/chinacdc_monthly/t20240919_300082_4a3be7a70b20691a.html
中国疾控中心全国法定传染病疫情情况,https://www.chinacdc.cn/jksj/jksj01/202409/t20240919_300082.html,2024年8月全国法定传染病疫情概况,2024,8,2024-08,全国,丝虫病,丙类合计,0,0,0,0,,,2026-05-28 00:56:43,/Users/zhoujia/code/大数据期末实验/大模型助力大数据分析/呼吸道传染病监测与早期预警分析/data/raw/chinacdc_monthly/t20240919_300082_4a3be7a70b20691a.html
中国疾控中心全国法定传染病疫情情况,https://www.chinacdc.cn/jksj/jksj01/202409/t20240919_300082.html,2024年8月全国法定传染病疫情概况,2024,8,2024-08,全国,其他感染性腹泻病,丙类合计,0,0,144594,1,,,2026-05-28 00:56:43,/Users/zhoujia/code/大数据期末实验/大模型助力大数据分析/呼吸道传染病监测与早期预警分析/data/raw/chinacdc_monthly/t20240919_300082_4a3be7a70b20691a.html
中国疾控中心全国法定传染病疫情情况,https://www.chinacdc.cn/jksj/jksj01/202409/t20240919_300082.html,2024年8月全国法定传染病疫情概况,2024,8,2024-08,全国,手足口病,丙类合计,0,0,42223,0,,,2026-05-28 00:56:43,/Users/zhoujia/code/大数据期末实验/大模型助力大数据分析/呼吸道传染病监测与早期预警分析/data/raw/chinacdc_monthly/t20240919_300082_4a3be7a70b20691a.html
中国疾控中心全国法定传染病疫情情况,https://www.chinacdc.cn/jksj/jksj01/202409/t20240912_299500.html,2024年7月全国法定传染病疫情概况,2024,7,2024-07,全国,甲乙丙类总计,甲乙丙类总计,0,1,1023231,2431,,,2026-05-28 00:56:43,/Users/zhoujia/code/大数据期末实验/大模型助力大数据分析/呼吸道传染病监测与早期预警分析/data/raw/chinacdc_monthly/t20240912_299500_fbf4b672fc80523d.html
中国疾控中心全国法定传染病疫情情况,https://www.chinacdc.cn/jksj/jksj01/202409/t20240912_299500.html,2024年7月全国法定传染病疫情概况,2024,7,2024-07,全国,甲乙类传染病合计,甲乙类合计,0,1,405800,2426,,,2026-05-28 00:56:43,/Users/zhoujia/code/大数据期末实验/大模型助力大数据分析/呼吸道传染病监测与早期预警分析/data/raw/chinacdc_monthly/t20240912_299500_fbf4b672fc80523d.html
中国疾控中心全国法定传染病疫情情况,https://www.chinacdc.cn/jksj/jksj01/202409/t20240912_299500.html,2024年7月全国法定传染病疫情概况,2024,7,2024-07,全国,鼠疫,甲乙类合计,0,0,0,0,,,2026-05-28 00:56:43,/Users/zhoujia/code/大数据期末实验/大模型助力大数据分析/呼吸道传染病监测与早期预警分析/data/raw/chinacdc_monthly/t20240912_299500_fbf4b672fc80523d.html
中国疾控中心全国法定传染病疫情情况,https://www.chinacdc.cn/jksj/jksj01/202409/t20240912_299500.html,2024年7月全国法定传染病疫情概况,2024,7,2024-07,全国,霍乱,甲乙类合计,0,0,5,0,,,2026-05-28 00:56:43,/Users/zhoujia/code/大数据期末实验/大模型助力大数据分析/呼吸道传染病监测与早期预警分析/data/raw/chinacdc_monthly/t20240912_299500_fbf4b672fc80523d.html
中国疾控中心全国法定传染病疫情情况,https://www.chinacdc.cn/jksj/jksj01/202409/t20240912_299500.html,2024年7月全国法定传染病疫情概况,2024,7,2024-07,全国,传染性非典型肺炎,甲乙类合计,0,0,0,0,,,2026-05-28 00:56:43,/Users/zhoujia/code/大数据期末实验/大模型助力大数据分析/呼吸道传染病监测与早期预警分析/data/raw/chinacdc_monthly/t20240912_299500_fbf4b672fc80523d.html
中国疾控中心全国法定传染病疫情情况,https://www.chinacdc.cn/jksj/jksj01/202409/t20240912_299500.html,2024年7月全国法定传染病疫情概况,2024,7,2024-07,全国,艾滋病**,甲乙类合计,0,0,4832,1729,,,2026-05-28 00:56:43,/Users/zhoujia/code/大数据期末实验/大模型助力大数据分析/呼吸道传染病监测与早期预警分析/data/raw/chinacdc_monthly/t20240912_299500_fbf4b672fc80523d.html
中国疾控中心全国法定传染病疫情情况,https://www.chinacdc.cn/jksj/jksj01/202409/t20240912_299500.html,2024年7月全国法定传染病疫情概况,2024,7,2024-07,全国,病毒性肝炎***,甲乙类合计,0,0,170397,330,,,2026-05-28 00:56:43,/Users/zhoujia/code/大数据期末实验/大模型助力大数据分析/呼吸道传染病监测与早期预警分析/data/raw/chinacdc_monthly/t20240912_299500_fbf4b672fc80523d.html
中国疾控中心全国法定传染病疫情情况,https://www.chinacdc.cn/jksj/jksj01/202409/t20240912_299500.html,2024年7月全国法定传染病疫情概况,2024,7,2024-07,全国,甲型肝炎,甲乙类合计,0,0,1206,0,,,2026-05-28 00:56:43,/Users/zhoujia/code/大数据期末实验/大模型助力大数据分析/呼吸道传染病监测与早期预警分析/data/raw/chinacdc_monthly/t20240912_299500_fbf4b672fc80523d.html
中国疾控中心全国法定传染病疫情情况,https://www.chinacdc.cn/jksj/jksj01/202409/t20240912_299500.html,2024年7月全国法定传染病疫情概况,2024,7,2024-07,全国,乙型肝炎,甲乙类合计,0,0,145530,24,,,2026-05-28 00:56:43,/Users/zhoujia/code/大数据期末实验/大模型助力大数据分析/呼吸道传染病监测与早期预警分析/data/raw/chinacdc_monthly/t20240912_299500_fbf4b672fc80523d.html
中国疾控中心全国法定传染病疫情情况,https://www.chinacdc.cn/jksj/jksj01/202409/t20240912_299500.html,2024年7月全国法定传染病疫情概况,2024,7,2024-07,全国,丙型肝炎,甲乙类合计,0,0,20236,305,,,2026-05-28 00:56:43,/Users/zhoujia/code/大数据期末实验/大模型助力大数据分析/呼吸道传染病监测与早期预警分析/data/raw/chinacdc_monthly/t20240912_299500_fbf4b672fc80523d.html
中国疾控中心全国法定传染病疫情情况,https://www.chinacdc.cn/jksj/jksj01/202409/t20240912_299500.html,2024年7月全国法定传染病疫情概况,2024,7,2024-07,全国,丁型肝炎,甲乙类合计,0,0,23,0,,,2026-05-28 00:56:43,/Users/zhoujia/code/大数据期末实验/大模型助力大数据分析/呼吸道传染病监测与早期预警分析/data/raw/chinacdc_monthly/t20240912_299500_fbf4b672fc80523d.html
中国疾控中心全国法定传染病疫情情况,https://www.chinacdc.cn/jksj/jksj01/202409/t20240912_299500.html,2024年7月全国法定传染病疫情概况,2024,7,2024-07,全国,戊型肝炎,甲乙类合计,0,0,2815,1,,,2026-05-28 00:56:43,/Users/zhoujia/code/大数据期末实验/大模型助力大数据分析/呼吸道传染病监测与早期预警分析/data/raw/chinacdc_monthly/t20240912_299500_fbf4b672fc80523d.html
中国疾控中心全国法定传染病疫情情况,https://www.chinacdc.cn/jksj/jksj01/202409/t20240912_299500.html,2024年7月全国法定传染病疫情概况,2024,7,2024-07,全国,未分型肝炎,甲乙类合计,0,0,587,0,,,2026-05-28 00:56:43,/Users/zhoujia/code/大数据期末实验/大模型助力大数据分析/呼吸道传染病监测与早期预警分析/data/raw/chinacdc_monthly/t20240912_299500_fbf4b672fc80523d.html
中国疾控中心全国法定传染病疫情情况,https://www.chinacdc.cn/jksj/jksj01/202409/t20240912_299500.html,2024年7月全国法定传染病疫情概况,2024,7,2024-07,全国,脊髓灰质炎,甲乙类合计,0,0,0,0,,,2026-05-28 00:56:43,/Users/zhoujia/code/大数据期末实验/大模型助力大数据分析/呼吸道传染病监测与早期预警分析/data/raw/chinacdc_monthly/t20240912_299500_fbf4b672fc80523d.html
中国疾控中心全国法定传染病疫情情况,https://www.chinacdc.cn/jksj/jksj01/202409/t20240912_299500.html,2024年7月全国法定传染病疫情概况,2024,7,2024-07,全国,人感染高致病性禽流感,甲乙类合计,0,0,0,0,,,2026-05-28 00:56:43,/Users/zhoujia/code/大数据期末实验/大模型助力大数据分析/呼吸道传染病监测与早期预警分析/data/raw/chinacdc_monthly/t20240912_299500_fbf4b672fc80523d.html
中国疾控中心全国法定传染病疫情情况,https://www.chinacdc.cn/jksj/jksj01/202409/t20240912_299500.html,2024年7月全国法定传染病疫情概况,2024,7,2024-07,全国,麻疹,甲乙类合计,1,0,171,0,,,2026-05-28 00:56:43,/Users/zhoujia/code/大数据期末实验/大模型助力大数据分析/呼吸道传染病监测与早期预警分析/data/raw/chinacdc_monthly/t20240912_299500_fbf4b672fc80523d.html
中国疾控中心全国法定传染病疫情情况,https://www.chinacdc.cn/jksj/jksj01/202409/t20240912_299500.html,2024年7月全国法定传染病疫情概况,2024,7,2024-07,全国,流行性出血热,甲乙类合计,0,0,313,1,,,2026-05-28 00:56:43,/Users/zhoujia/code/大数据期末实验/大模型助力大数据分析/呼吸道传染病监测与早期预警分析/data/raw/chinacdc_monthly/t20240912_299500_fbf4b672fc80523d.html
中国疾控中心全国法定传染病疫情情况,https://www.chinacdc.cn/jksj/jksj01/202409/t20240912_299500.html,2024年7月全国法定传染病疫情概况,2024,7,2024-07,全国,狂犬病,甲乙类合计,0,0,16,11,,,2026-05-28 00:56:43,/Users/zhoujia/code/大数据期末实验/大模型助力大数据分析/呼吸道传染病监测与早期预警分析/data/raw/chinacdc_monthly/t20240912_299500_fbf4b672fc80523d.html
中国疾控中心全国法定传染病疫情情况,https://www.chinacdc.cn/jksj/jksj01/202409/t20240912_299500.html,2024年7月全国法定传染病疫情概况,2024,7,2024-07,全国,流行性乙型脑炎,甲乙类合计,0,0,10,0,,,2026-05-28 00:56:43,/Users/zhoujia/code/大数据期末实验/大模型助力大数据分析/呼吸道传染病监测与早期预警分析/data/raw/chinacdc_monthly/t20240912_299500_fbf4b672fc80523d.html
中国疾控中心全国法定传染病疫情情况,https://www.chinacdc.cn/jksj/jksj01/202409/t20240912_299500.html,2024年7月全国法定传染病疫情概况,2024,7,2024-07,全国,登革热,甲乙类合计,0,0,554,0,,,2026-05-28 00:56:43,/Users/zhoujia/code/大数据期末实验/大模型助力大数据分析/呼吸道传染病监测与早期预警分析/data/raw/chinacdc_monthly/t20240912_299500_fbf4b672fc80523d.html
中国疾控中心全国法定传染病疫情情况,https://www.chinacdc.cn/jksj/jksj01/202409/t20240912_299500.html,2024年7月全国法定传染病疫情概况,2024,7,2024-07,全国,炭疽,甲乙类合计,0,0,56,0,,,2026-05-28 00:56:43,/Users/zhoujia/code/大数据期末实验/大模型助力大数据分析/呼吸道传染病监测与早期预警分析/data/raw/chinacdc_monthly/t20240912_299500_fbf4b672fc80523d.html
中国疾控中心全国法定传染病疫情情况,https://www.chinacdc.cn/jksj/jksj01/202409/t20240912_299500.html,2024年7月全国法定传染病疫情概况,2024,7,2024-07,全国,细菌性和阿米巴性痢疾,甲乙类合计,0,0,4512,0,,,2026-05-28 00:56:43,/Users/zhoujia/code/大数据期末实验/大模型助力大数据分析/呼吸道传染病监测与早期预警分析/data/raw/chinacdc_monthly/t20240912_299500_fbf4b672fc80523d.html
中国疾控中心全国法定传染病疫情情况,https://www.chinacdc.cn/jksj/jksj01/202409/t20240912_299500.html,2024年7月全国法定传染病疫情概况,2024,7,2024-07,全国,肺结核****,甲乙类合计,0,0,62437,346,,,2026-05-28 00:56:43,/Users/zhoujia/code/大数据期末实验/大模型助力大数据分析/呼吸道传染病监测与早期预警分析/data/raw/chinacdc_monthly/t20240912_299500_fbf4b672fc80523d.html
中国疾控中心全国法定传染病疫情情况,https://www.chinacdc.cn/jksj/jksj01/202409/t20240912_299500.html,2024年7月全国法定传染病疫情概况,2024,7,2024-07,全国,伤寒和副伤寒,甲乙类合计,0,0,557,0,,,2026-05-28 00:56:43,/Users/zhoujia/code/大数据期末实验/大模型助力大数据分析/呼吸道传染病监测与早期预警分析/data/raw/chinacdc_monthly/t20240912_299500_fbf4b672fc80523d.html
中国疾控中心全国法定传染病疫情情况,https://www.chinacdc.cn/jksj/jksj01/202409/t20240912_299500.html,2024年7月全国法定传染病疫情概况,2024,7,2024-07,全国,流行性脑脊髓膜炎,甲乙类合计,0,0,9,2,,,2026-05-28 00:56:43,/Users/zhoujia/code/大数据期末实验/大模型助力大数据分析/呼吸道传染病监测与早期预警分析/data/raw/chinacdc_monthly/t20240912_299500_fbf4b672fc80523d.html
中国疾控中心全国法定传染病疫情情况,https://www.chinacdc.cn/jksj/jksj01/202409/t20240912_299500.html,2024年7月全国法定传染病疫情概况,2024,7,2024-07,全国,百日咳,甲乙类合计,1,0,74964,0,,,2026-05-28 00:56:43,/Users/zhoujia/code/大数据期末实验/大模型助力大数据分析/呼吸道传染病监测与早期预警分析/data/raw/chinacdc_monthly/t20240912_299500_fbf4b672fc80523d.html
中国疾控中心全国法定传染病疫情情况,https://www.chinacdc.cn/jksj/jksj01/202409/t20240912_299500.html,2024年7月全国法定传染病疫情概况,2024,7,2024-07,全国,白喉,甲乙类合计,0,0,0,0,,,2026-05-28 00:56:43,/Users/zhoujia/code/大数据期末实验/大模型助力大数据分析/呼吸道传染病监测与早期预警分析/data/raw/chinacdc_monthly/t20240912_299500_fbf4b672fc80523d.html
中国疾控中心全国法定传染病疫情情况,https://www.chinacdc.cn/jksj/jksj01/202409/t20240912_299500.html,2024年7月全国法定传染病疫情概况,2024,7,2024-07,全国,新生儿破伤风,甲乙类合计,0,0,2,0,,,2026-05-28 00:56:43,/Users/zhoujia/code/大数据期末实验/大模型助力大数据分析/呼吸道传染病监测与早期预警分析/data/raw/chinacdc_monthly/t20240912_299500_fbf4b672fc80523d.html
中国疾控中心全国法定传染病疫情情况,https://www.chinacdc.cn/jksj/jksj01/202409/t20240912_299500.html,2024年7月全国法定传染病疫情概况,2024,7,2024-07,全国,猩红热,甲乙类合计,1,0,6309,0,,,2026-05-28 00:56:43,/Users/zhoujia/code/大数据期末实验/大模型助力大数据分析/呼吸道传染病监测与早期预警分析/data/raw/chinacdc_monthly/t20240912_299500_fbf4b672fc80523d.html
中国疾控中心全国法定传染病疫情情况,https://www.chinacdc.cn/jksj/jksj01/202409/t20240912_299500.html,2024年7月全国法定传染病疫情概况,2024,7,2024-07,全国,布鲁氏菌病,甲乙类合计,0,0,8272,0,,,2026-05-28 00:56:43,/Users/zhoujia/code/大数据期末实验/大模型助力大数据分析/呼吸道传染病监测与早期预警分析/data/raw/chinacdc_monthly/t20240912_299500_fbf4b672fc80523d.html
中国疾控中心全国法定传染病疫情情况,https://www.chinacdc.cn/jksj/jksj01/202409/t20240912_299500.html,2024年7月全国法定传染病疫情概况,2024,7,2024-07,全国,淋病,甲乙类合计,0,0,9571,0,,,2026-05-28 00:56:43,/Users/zhoujia/code/大数据期末实验/大模型助力大数据分析/呼吸道传染病监测与早期预警分析/data/raw/chinacdc_monthly/t20240912_299500_fbf4b672fc80523d.html
中国疾控中心全国法定传染病疫情情况,https://www.chinacdc.cn/jksj/jksj01/202409/t20240912_299500.html,2024年7月全国法定传染病疫情概况,2024,7,2024-07,全国,梅毒,甲乙类合计,0,0,62430,5,,,2026-05-28 00:56:43,/Users/zhoujia/code/大数据期末实验/大模型助力大数据分析/呼吸道传染病监测与早期预警分析/data/raw/chinacdc_monthly/t20240912_299500_fbf4b672fc80523d.html
中国疾控中心全国法定传染病疫情情况,https://www.chinacdc.cn/jksj/jksj01/202409/t20240912_299500.html,2024年7月全国法定传染病疫情概况,2024,7,2024-07,全国,钩端螺旋体病,甲乙类合计,0,0,37,0,,,2026-05-28 00:56:43,/Users/zhoujia/code/大数据期末实验/大模型助力大数据分析/呼吸道传染病监测与早期预警分析/data/raw/chinacdc_monthly/t20240912_299500_fbf4b672fc80523d.html
中国疾控中心全国法定传染病疫情情况,https://www.chinacdc.cn/jksj/jksj01/202409/t20240912_299500.html,2024年7月全国法定传染病疫情概况,2024,7,2024-07,全国,血吸虫病,甲乙类合计,0,0,1,0,,,2026-05-28 00:56:43,/Users/zhoujia/code/大数据期末实验/大模型助力大数据分析/呼吸道传染病监测与早期预警分析/data/raw/chinacdc_monthly/t20240912_299500_fbf4b672fc80523d.html
中国疾控中心全国法定传染病疫情情况,https://www.chinacdc.cn/jksj/jksj01/202409/t20240912_299500.html,2024年7月全国法定传染病疫情概况,2024,7,2024-07,全国,疟疾*****,甲乙类合计,0,0,306,2,,,2026-05-28 00:56:43,/Users/zhoujia/code/大数据期末实验/大模型助力大数据分析/呼吸道传染病监测与早期预警分析/data/raw/chinacdc_monthly/t20240912_299500_fbf4b672fc80523d.html
中国疾控中心全国法定传染病疫情情况,https://www.chinacdc.cn/jksj/jksj01/202409/t20240912_299500.html,2024年7月全国法定传染病疫情概况,2024,7,2024-07,全国,人感染H7N9禽流感,甲乙类合计,0,0,0,0,,,2026-05-28 00:56:43,/Users/zhoujia/code/大数据期末实验/大模型助力大数据分析/呼吸道传染病监测与早期预警分析/data/raw/chinacdc_monthly/t20240912_299500_fbf4b672fc80523d.html
中国疾控中心全国法定传染病疫情情况,https://www.chinacdc.cn/jksj/jksj01/202409/t20240912_299500.html,2024年7月全国法定传染病疫情概况,2024,7,2024-07,全国,猴痘******,甲乙类合计,0,0,39,0,,,2026-05-28 00:56:43,/Users/zhoujia/code/大数据期末实验/大模型助力大数据分析/呼吸道传染病监测与早期预警分析/data/raw/chinacdc_monthly/t20240912_299500_fbf4b672fc80523d.html
中国疾控中心全国法定传染病疫情情况,https://www.chinacdc.cn/jksj/jksj01/202409/t20240912_299500.html,2024年7月全国法定传染病疫情概况,2024,7,2024-07,全国,丙类传染病合计,丙类合计,0,1,617431,5,,,2026-05-28 00:56:43,/Users/zhoujia/code/大数据期末实验/大模型助力大数据分析/呼吸道传染病监测与早期预警分析/data/raw/chinacdc_monthly/t20240912_299500_fbf4b672fc80523d.html
中国疾控中心全国法定传染病疫情情况,https://www.chinacdc.cn/jksj/jksj01/202409/t20240912_299500.html,2024年7月全国法定传染病疫情概况,2024,7,2024-07,全国,流行性感冒,丙类合计,1,0,300232,0,,,2026-05-28 00:56:43,/Users/zhoujia/code/大数据期末实验/大模型助力大数据分析/呼吸道传染病监测与早期预警分析/data/raw/chinacdc_monthly/t20240912_299500_fbf4b672fc80523d.html
中国疾控中心全国法定传染病疫情情况,https://www.chinacdc.cn/jksj/jksj01/202409/t20240912_299500.html,2024年7月全国法定传染病疫情概况,2024,7,2024-07,全国,流行性腮腺炎,丙类合计,1,0,8438,0,,,2026-05-28 00:56:43,/Users/zhoujia/code/大数据期末实验/大模型助力大数据分析/呼吸道传染病监测与早期预警分析/data/raw/chinacdc_monthly/t20240912_299500_fbf4b672fc80523d.html
中国疾控中心全国法定传染病疫情情况,https://www.chinacdc.cn/jksj/jksj01/202409/t20240912_299500.html,2024年7月全国法定传染病疫情概况,2024,7,2024-07,全国,风疹,丙类合计,0,0,64,0,,,2026-05-28 00:56:43,/Users/zhoujia/code/大数据期末实验/大模型助力大数据分析/呼吸道传染病监测与早期预警分析/data/raw/chinacdc_monthly/t20240912_299500_fbf4b672fc80523d.html
中国疾控中心全国法定传染病疫情情况,https://www.chinacdc.cn/jksj/jksj01/202409/t20240912_299500.html,2024年7月全国法定传染病疫情概况,2024,7,2024-07,全国,急性出血性结膜炎,丙类合计,0,0,2867,0,,,2026-05-28 00:56:43,/Users/zhoujia/code/大数据期末实验/大模型助力大数据分析/呼吸道传染病监测与早期预警分析/data/raw/chinacdc_monthly/t20240912_299500_fbf4b672fc80523d.html
中国疾控中心全国法定传染病疫情情况,https://www.chinacdc.cn/jksj/jksj01/202409/t20240912_299500.html,2024年7月全国法定传染病疫情概况,2024,7,2024-07,全国,麻风病,丙类合计,0,0,21,0,,,2026-05-28 00:56:43,/Users/zhoujia/code/大数据期末实验/大模型助力大数据分析/呼吸道传染病监测与早期预警分析/data/raw/chinacdc_monthly/t20240912_299500_fbf4b672fc80523d.html
中国疾控中心全国法定传染病疫情情况,https://www.chinacdc.cn/jksj/jksj01/202409/t20240912_299500.html,2024年7月全国法定传染病疫情概况,2024,7,2024-07,全国,流行性和地方性斑疹伤寒,丙类合计,0,0,179,0,,,2026-05-28 00:56:43,/Users/zhoujia/code/大数据期末实验/大模型助力大数据分析/呼吸道传染病监测与早期预警分析/data/raw/chinacdc_monthly/t20240912_299500_fbf4b672fc80523d.html
中国疾控中心全国法定传染病疫情情况,https://www.chinacdc.cn/jksj/jksj01/202409/t20240912_299500.html,2024年7月全国法定传染病疫情概况,2024,7,2024-07,全国,黑热病,丙类合计,0,0,27,0,,,2026-05-28 00:56:43,/Users/zhoujia/code/大数据期末实验/大模型助力大数据分析/呼吸道传染病监测与早期预警分析/data/raw/chinacdc_monthly/t20240912_299500_fbf4b672fc80523d.html
中国疾控中心全国法定传染病疫情情况,https://www.chinacdc.cn/jksj/jksj01/202409/t20240912_299500.html,2024年7月全国法定传染病疫情概况,2024,7,2024-07,全国,包虫病,丙类合计,0,0,461,5,,,2026-05-28 00:56:43,/Users/zhoujia/code/大数据期末实验/大模型助力大数据分析/呼吸道传染病监测与早期预警分析/data/raw/chinacdc_monthly/t20240912_299500_fbf4b672fc80523d.html
中国疾控中心全国法定传染病疫情情况,https://www.chinacdc.cn/jksj/jksj01/202409/t20240912_299500.html,2024年7月全国法定传染病疫情概况,2024,7,2024-07,全国,丝虫病,丙类合计,0,0,0,0,,,2026-05-28 00:56:43,/Users/zhoujia/code/大数据期末实验/大模型助力大数据分析/呼吸道传染病监测与早期预警分析/data/raw/chinacdc_monthly/t20240912_299500_fbf4b672fc80523d.html
中国疾控中心全国法定传染病疫情情况,https://www.chinacdc.cn/jksj/jksj01/202409/t20240912_299500.html,2024年7月全国法定传染病疫情概况,2024,7,2024-07,全国,其他感染性腹泻病,丙类合计,0,0,134419,0,,,2026-05-28 00:56:43,/Users/zhoujia/code/大数据期末实验/大模型助力大数据分析/呼吸道传染病监测与早期预警分析/data/raw/chinacdc_monthly/t20240912_299500_fbf4b672fc80523d.html
中国疾控中心全国法定传染病疫情情况,https://www.chinacdc.cn/jksj/jksj01/202409/t20240912_299500.html,2024年7月全国法定传染病疫情概况,2024,7,2024-07,全国,手足口病,丙类合计,0,0,170723,0,,,2026-05-28 00:56:43,/Users/zhoujia/code/大数据期末实验/大模型助力大数据分析/呼吸道传染病监测与早期预警分析/data/raw/chinacdc_monthly/t20240912_299500_fbf4b672fc80523d.html
中国疾控中心全国法定传染病疫情情况,https://www.chinacdc.cn/jksj/jksj01/202407/t20240731_287639.html,2024年6月全国法定传染病疫情概况,2024,6,2024-06,全国,甲乙丙类总计,甲乙丙类总计,0,1,1117408,2254,,,2026-05-28 00:56:43,/Users/zhoujia/code/大数据期末实验/大模型助力大数据分析/呼吸道传染病监测与早期预警分析/data/raw/chinacdc_monthly/t20240731_287639_8eec11f2418dc2bb.html
中国疾控中心全国法定传染病疫情情况,https://www.chinacdc.cn/jksj/jksj01/202407/t20240731_287639.html,2024年6月全国法定传染病疫情概况,2024,6,2024-06,全国,甲乙类传染病合计,甲乙类合计,0,1,390682,2253,,,2026-05-28 00:56:43,/Users/zhoujia/code/大数据期末实验/大模型助力大数据分析/呼吸道传染病监测与早期预警分析/data/raw/chinacdc_monthly/t20240731_287639_8eec11f2418dc2bb.html
中国疾控中心全国法定传染病疫情情况,https://www.chinacdc.cn/jksj/jksj01/202407/t20240731_287639.html,2024年6月全国法定传染病疫情概况,2024,6,2024-06,全国,鼠疫,甲乙类合计,0,0,0,0,,,2026-05-28 00:56:43,/Users/zhoujia/code/大数据期末实验/大模型助力大数据分析/呼吸道传染病监测与早期预警分析/data/raw/chinacdc_monthly/t20240731_287639_8eec11f2418dc2bb.html
中国疾控中心全国法定传染病疫情情况,https://www.chinacdc.cn/jksj/jksj01/202407/t20240731_287639.html,2024年6月全国法定传染病疫情概况,2024,6,2024-06,全国,霍乱,甲乙类合计,0,0,0,0,,,2026-05-28 00:56:43,/Users/zhoujia/code/大数据期末实验/大模型助力大数据分析/呼吸道传染病监测与早期预警分析/data/raw/chinacdc_monthly/t20240731_287639_8eec11f2418dc2bb.html
中国疾控中心全国法定传染病疫情情况,https://www.chinacdc.cn/jksj/jksj01/202407/t20240731_287639.html,2024年6月全国法定传染病疫情概况,2024,6,2024-06,全国,传染性非典型肺炎,甲乙类合计,0,0,0,0,,,2026-05-28 00:56:43,/Users/zhoujia/code/大数据期末实验/大模型助力大数据分析/呼吸道传染病监测与早期预警分析/data/raw/chinacdc_monthly/t20240731_287639_8eec11f2418dc2bb.html
中国疾控中心全国法定传染病疫情情况,https://www.chinacdc.cn/jksj/jksj01/202407/t20240731_287639.html,2024年6月全国法定传染病疫情概况,2024,6,2024-06,全国,艾滋病**,甲乙类合计,0,0,5201,1680,,,2026-05-28 00:56:43,/Users/zhoujia/code/大数据期末实验/大模型助力大数据分析/呼吸道传染病监测与早期预警分析/data/raw/chinacdc_monthly/t20240731_287639_8eec11f2418dc2bb.html
中国疾控中心全国法定传染病疫情情况,https://www.chinacdc.cn/jksj/jksj01/202407/t20240731_287639.html,2024年6月全国法定传染病疫情概况,2024,6,2024-06,全国,病毒性肝炎***,甲乙类合计,0,0,152225,265,,,2026-05-28 00:56:43,/Users/zhoujia/code/大数据期末实验/大模型助力大数据分析/呼吸道传染病监测与早期预警分析/data/raw/chinacdc_monthly/t20240731_287639_8eec11f2418dc2bb.html
中国疾控中心全国法定传染病疫情情况,https://www.chinacdc.cn/jksj/jksj01/202407/t20240731_287639.html,2024年6月全国法定传染病疫情概况,2024,6,2024-06,全国,甲型肝炎,甲乙类合计,0,0,1128,0,,,2026-05-28 00:56:43,/Users/zhoujia/code/大数据期末实验/大模型助力大数据分析/呼吸道传染病监测与早期预警分析/data/raw/chinacdc_monthly/t20240731_287639_8eec11f2418dc2bb.html
中国疾控中心全国法定传染病疫情情况,https://www.chinacdc.cn/jksj/jksj01/202407/t20240731_287639.html,2024年6月全国法定传染病疫情概况,2024,6,2024-06,全国,乙型肝炎,甲乙类合计,0,0,129221,24,,,2026-05-28 00:56:43,/Users/zhoujia/code/大数据期末实验/大模型助力大数据分析/呼吸道传染病监测与早期预警分析/data/raw/chinacdc_monthly/t20240731_287639_8eec11f2418dc2bb.html
中国疾控中心全国法定传染病疫情情况,https://www.chinacdc.cn/jksj/jksj01/202407/t20240731_287639.html,2024年6月全国法定传染病疫情概况,2024,6,2024-06,全国,丙型肝炎,甲乙类合计,0,0,18600,239,,,2026-05-28 00:56:43,/Users/zhoujia/code/大数据期末实验/大模型助力大数据分析/呼吸道传染病监测与早期预警分析/data/raw/chinacdc_monthly/t20240731_287639_8eec11f2418dc2bb.html
中国疾控中心全国法定传染病疫情情况,https://www.chinacdc.cn/jksj/jksj01/202407/t20240731_287639.html,2024年6月全国法定传染病疫情概况,2024,6,2024-06,全国,丁型肝炎,甲乙类合计,0,0,16,0,,,2026-05-28 00:56:43,/Users/zhoujia/code/大数据期末实验/大模型助力大数据分析/呼吸道传染病监测与早期预警分析/data/raw/chinacdc_monthly/t20240731_287639_8eec11f2418dc2bb.html
中国疾控中心全国法定传染病疫情情况,https://www.chinacdc.cn/jksj/jksj01/202407/t20240731_287639.html,2024年6月全国法定传染病疫情概况,2024,6,2024-06,全国,戊型肝炎,甲乙类合计,0,0,2738,2,,,2026-05-28 00:56:43,/Users/zhoujia/code/大数据期末实验/大模型助力大数据分析/呼吸道传染病监测与早期预警分析/data/raw/chinacdc_monthly/t20240731_287639_8eec11f2418dc2bb.html
中国疾控中心全国法定传染病疫情情况,https://www.chinacdc.cn/jksj/jksj01/202407/t20240731_287639.html,2024年6月全国法定传染病疫情概况,2024,6,2024-06,全国,未分型肝炎,甲乙类合计,0,0,522,0,,,2026-05-28 00:56:43,/Users/zhoujia/code/大数据期末实验/大模型助力大数据分析/呼吸道传染病监测与早期预警分析/data/raw/chinacdc_monthly/t20240731_287639_8eec11f2418dc2bb.html
中国疾控中心全国法定传染病疫情情况,https://www.chinacdc.cn/jksj/jksj01/202407/t20240731_287639.html,2024年6月全国法定传染病疫情概况,2024,6,2024-06,全国,脊髓灰质炎,甲乙类合计,0,0,0,0,,,2026-05-28 00:56:43,/Users/zhoujia/code/大数据期末实验/大模型助力大数据分析/呼吸道传染病监测与早期预警分析/data/raw/chinacdc_monthly/t20240731_287639_8eec11f2418dc2bb.html
中国疾控中心全国法定传染病疫情情况,https://www.chinacdc.cn/jksj/jksj01/202407/t20240731_287639.html,2024年6月全国法定传染病疫情概况,2024,6,2024-06,全国,人感染高致病性禽流感,甲乙类合计,0,0,0,0,,,2026-05-28 00:56:43,/Users/zhoujia/code/大数据期末实验/大模型助力大数据分析/呼吸道传染病监测与早期预警分析/data/raw/chinacdc_monthly/t20240731_287639_8eec11f2418dc2bb.html
中国疾控中心全国法定传染病疫情情况,https://www.chinacdc.cn/jksj/jksj01/202407/t20240731_287639.html,2024年6月全国法定传染病疫情概况,2024,6,2024-06,全国,麻疹,甲乙类合计,1,0,201,0,,,2026-05-28 00:56:43,/Users/zhoujia/code/大数据期末实验/大模型助力大数据分析/呼吸道传染病监测与早期预警分析/data/raw/chinacdc_monthly/t20240731_287639_8eec11f2418dc2bb.html
中国疾控中心全国法定传染病疫情情况,https://www.chinacdc.cn/jksj/jksj01/202407/t20240731_287639.html,2024年6月全国法定传染病疫情概况,2024,6,2024-06,全国,流行性出血热,甲乙类合计,0,0,433,0,,,2026-05-28 00:56:43,/Users/zhoujia/code/大数据期末实验/大模型助力大数据分析/呼吸道传染病监测与早期预警分析/data/raw/chinacdc_monthly/t20240731_287639_8eec11f2418dc2bb.html
中国疾控中心全国法定传染病疫情情况,https://www.chinacdc.cn/jksj/jksj01/202407/t20240731_287639.html,2024年6月全国法定传染病疫情概况,2024,6,2024-06,全国,狂犬病,甲乙类合计,0,0,13,10,,,2026-05-28 00:56:43,/Users/zhoujia/code/大数据期末实验/大模型助力大数据分析/呼吸道传染病监测与早期预警分析/data/raw/chinacdc_monthly/t20240731_287639_8eec11f2418dc2bb.html
中国疾控中心全国法定传染病疫情情况,https://www.chinacdc.cn/jksj/jksj01/202407/t20240731_287639.html,2024年6月全国法定传染病疫情概况,2024,6,2024-06,全国,流行性乙型脑炎,甲乙类合计,0,0,5,0,,,2026-05-28 00:56:43,/Users/zhoujia/code/大数据期末实验/大模型助力大数据分析/呼吸道传染病监测与早期预警分析/data/raw/chinacdc_monthly/t20240731_287639_8eec11f2418dc2bb.html
中国疾控中心全国法定传染病疫情情况,https://www.chinacdc.cn/jksj/jksj01/202407/t20240731_287639.html,2024年6月全国法定传染病疫情概况,2024,6,2024-06,全国,登革热,甲乙类合计,0,0,130,0,,,2026-05-28 00:56:43,/Users/zhoujia/code/大数据期末实验/大模型助力大数据分析/呼吸道传染病监测与早期预警分析/data/raw/chinacdc_monthly/t20240731_287639_8eec11f2418dc2bb.html
中国疾控中心全国法定传染病疫情情况,https://www.chinacdc.cn/jksj/jksj01/202407/t20240731_287639.html,2024年6月全国法定传染病疫情概况,2024,6,2024-06,全国,炭疽,甲乙类合计,0,0,41,0,,,2026-05-28 00:56:43,/Users/zhoujia/code/大数据期末实验/大模型助力大数据分析/呼吸道传染病监测与早期预警分析/data/raw/chinacdc_monthly/t20240731_287639_8eec11f2418dc2bb.html
中国疾控中心全国法定传染病疫情情况,https://www.chinacdc.cn/jksj/jksj01/202407/t20240731_287639.html,2024年6月全国法定传染病疫情概况,2024,6,2024-06,全国,细菌性和阿米巴性痢疾,甲乙类合计,0,0,4197,0,,,2026-05-28 00:56:43,/Users/zhoujia/code/大数据期末实验/大模型助力大数据分析/呼吸道传染病监测与早期预警分析/data/raw/chinacdc_monthly/t20240731_287639_8eec11f2418dc2bb.html
中国疾控中心全国法定传染病疫情情况,https://www.chinacdc.cn/jksj/jksj01/202407/t20240731_287639.html,2024年6月全国法定传染病疫情概况,2024,6,2024-06,全国,肺结核****,甲乙类合计,0,0,58241,291,,,2026-05-28 00:56:43,/Users/zhoujia/code/大数据期末实验/大模型助力大数据分析/呼吸道传染病监测与早期预警分析/data/raw/chinacdc_monthly/t20240731_287639_8eec11f2418dc2bb.html
中国疾控中心全国法定传染病疫情情况,https://www.chinacdc.cn/jksj/jksj01/202407/t20240731_287639.html,2024年6月全国法定传染病疫情概况,2024,6,2024-06,全国,伤寒和副伤寒,甲乙类合计,0,0,532,0,,,2026-05-28 00:56:43,/Users/zhoujia/code/大数据期末实验/大模型助力大数据分析/呼吸道传染病监测与早期预警分析/data/raw/chinacdc_monthly/t20240731_287639_8eec11f2418dc2bb.html
中国疾控中心全国法定传染病疫情情况,https://www.chinacdc.cn/jksj/jksj01/202407/t20240731_287639.html,2024年6月全国法定传染病疫情概况,2024,6,2024-06,全国,流行性脑脊髓膜炎,甲乙类合计,0,0,8,0,,,2026-05-28 00:56:43,/Users/zhoujia/code/大数据期末实验/大模型助力大数据分析/呼吸道传染病监测与早期预警分析/data/raw/chinacdc_monthly/t20240731_287639_8eec11f2418dc2bb.html
中国疾控中心全国法定传染病疫情情况,https://www.chinacdc.cn/jksj/jksj01/202407/t20240731_287639.html,2024年6月全国法定传染病疫情概况,2024,6,2024-06,全国,百日咳,甲乙类合计,1,0,85817,1,,,2026-05-28 00:56:43,/Users/zhoujia/code/大数据期末实验/大模型助力大数据分析/呼吸道传染病监测与早期预警分析/data/raw/chinacdc_monthly/t20240731_287639_8eec11f2418dc2bb.html
中国疾控中心全国法定传染病疫情情况,https://www.chinacdc.cn/jksj/jksj01/202407/t20240731_287639.html,2024年6月全国法定传染病疫情概况,2024,6,2024-06,全国,白喉,甲乙类合计,0,0,0,0,,,2026-05-28 00:56:43,/Users/zhoujia/code/大数据期末实验/大模型助力大数据分析/呼吸道传染病监测与早期预警分析/data/raw/chinacdc_monthly/t20240731_287639_8eec11f2418dc2bb.html
中国疾控中心全国法定传染病疫情情况,https://www.chinacdc.cn/jksj/jksj01/202407/t20240731_287639.html,2024年6月全国法定传染病疫情概况,2024,6,2024-06,全国,新生儿破伤风,甲乙类合计,0,0,2,0,,,2026-05-28 00:56:43,/Users/zhoujia/code/大数据期末实验/大模型助力大数据分析/呼吸道传染病监测与早期预警分析/data/raw/chinacdc_monthly/t20240731_287639_8eec11f2418dc2bb.html
中国疾控中心全国法定传染病疫情情况,https://www.chinacdc.cn/jksj/jksj01/202407/t20240731_287639.html,2024年6月全国法定传染病疫情概况,2024,6,2024-06,全国,猩红热,甲乙类合计,1,0,12397,0,,,2026-05-28 00:56:43,/Users/zhoujia/code/大数据期末实验/大模型助力大数据分析/呼吸道传染病监测与早期预警分析/data/raw/chinacdc_monthly/t20240731_287639_8eec11f2418dc2bb.html
中国疾控中心全国法定传染病疫情情况,https://www.chinacdc.cn/jksj/jksj01/202407/t20240731_287639.html,2024年6月全国法定传染病疫情概况,2024,6,2024-06,全国,布鲁氏菌病,甲乙类合计,0,0,7711,0,,,2026-05-28 00:56:43,/Users/zhoujia/code/大数据期末实验/大模型助力大数据分析/呼吸道传染病监测与早期预警分析/data/raw/chinacdc_monthly/t20240731_287639_8eec11f2418dc2bb.html
中国疾控中心全国法定传染病疫情情况,https://www.chinacdc.cn/jksj/jksj01/202407/t20240731_287639.html,2024年6月全国法定传染病疫情概况,2024,6,2024-06,全国,淋病,甲乙类合计,0,0,8396,0,,,2026-05-28 00:56:43,/Users/zhoujia/code/大数据期末实验/大模型助力大数据分析/呼吸道传染病监测与早期预警分析/data/raw/chinacdc_monthly/t20240731_287639_8eec11f2418dc2bb.html
中国疾控中心全国法定传染病疫情情况,https://www.chinacdc.cn/jksj/jksj01/202407/t20240731_287639.html,2024年6月全国法定传染病疫情概况,2024,6,2024-06,全国,梅毒,甲乙类合计,0,0,54760,5,,,2026-05-28 00:56:43,/Users/zhoujia/code/大数据期末实验/大模型助力大数据分析/呼吸道传染病监测与早期预警分析/data/raw/chinacdc_monthly/t20240731_287639_8eec11f2418dc2bb.html
中国疾控中心全国法定传染病疫情情况,https://www.chinacdc.cn/jksj/jksj01/202407/t20240731_287639.html,2024年6月全国法定传染病疫情概况,2024,6,2024-06,全国,钩端螺旋体病,甲乙类合计,0,0,21,0,,,2026-05-28 00:56:43,/Users/zhoujia/code/大数据期末实验/大模型助力大数据分析/呼吸道传染病监测与早期预警分析/data/raw/chinacdc_monthly/t20240731_287639_8eec11f2418dc2bb.html
中国疾控中心全国法定传染病疫情情况,https://www.chinacdc.cn/jksj/jksj01/202407/t20240731_287639.html,2024年6月全国法定传染病疫情概况,2024,6,2024-06,全国,血吸虫病,甲乙类合计,0,0,1,0,,,2026-05-28 00:56:43,/Users/zhoujia/code/大数据期末实验/大模型助力大数据分析/呼吸道传染病监测与早期预警分析/data/raw/chinacdc_monthly/t20240731_287639_8eec11f2418dc2bb.html
中国疾控中心全国法定传染病疫情情况,https://www.chinacdc.cn/jksj/jksj01/202407/t20240731_287639.html,2024年6月全国法定传染病疫情概况,2024,6,2024-06,全国,疟疾*****,甲乙类合计,0,0,299,1,,,2026-05-28 00:56:43,/Users/zhoujia/code/大数据期末实验/大模型助力大数据分析/呼吸道传染病监测与早期预警分析/data/raw/chinacdc_monthly/t20240731_287639_8eec11f2418dc2bb.html
中国疾控中心全国法定传染病疫情情况,https://www.chinacdc.cn/jksj/jksj01/202407/t20240731_287639.html,2024年6月全国法定传染病疫情概况,2024,6,2024-06,全国,人感染H7N9禽流感,甲乙类合计,0,0,0,0,,,2026-05-28 00:56:43,/Users/zhoujia/code/大数据期末实验/大模型助力大数据分析/呼吸道传染病监测与早期预警分析/data/raw/chinacdc_monthly/t20240731_287639_8eec11f2418dc2bb.html
中国疾控中心全国法定传染病疫情情况,https://www.chinacdc.cn/jksj/jksj01/202407/t20240731_287639.html,2024年6月全国法定传染病疫情概况,2024,6,2024-06,全国,猴痘******,甲乙类合计,0,0,51,0,,,2026-05-28 00:56:43,/Users/zhoujia/code/大数据期末实验/大模型助力大数据分析/呼吸道传染病监测与早期预警分析/data/raw/chinacdc_monthly/t20240731_287639_8eec11f2418dc2bb.html
中国疾控中心全国法定传染病疫情情况,https://www.chinacdc.cn/jksj/jksj01/202407/t20240731_287639.html,2024年6月全国法定传染病疫情概况,2024,6,2024-06,全国,丙类传染病合计,丙类合计,0,1,726726,1,,,2026-05-28 00:56:43,/Users/zhoujia/code/大数据期末实验/大模型助力大数据分析/呼吸道传染病监测与早期预警分析/data/raw/chinacdc_monthly/t20240731_287639_8eec11f2418dc2bb.html
中国疾控中心全国法定传染病疫情情况,https://www.chinacdc.cn/jksj/jksj01/202407/t20240731_287639.html,2024年6月全国法定传染病疫情概况,2024,6,2024-06,全国,流行性感冒,丙类合计,1,0,314709,1,,,2026-05-28 00:56:43,/Users/zhoujia/code/大数据期末实验/大模型助力大数据分析/呼吸道传染病监测与早期预警分析/data/raw/chinacdc_monthly/t20240731_287639_8eec11f2418dc2bb.html
中国疾控中心全国法定传染病疫情情况,https://www.chinacdc.cn/jksj/jksj01/202407/t20240731_287639.html,2024年6月全国法定传染病疫情概况,2024,6,2024-06,全国,流行性腮腺炎,丙类合计,1,0,9939,0,,,2026-05-28 00:56:43,/Users/zhoujia/code/大数据期末实验/大模型助力大数据分析/呼吸道传染病监测与早期预警分析/data/raw/chinacdc_monthly/t20240731_287639_8eec11f2418dc2bb.html
中国疾控中心全国法定传染病疫情情况,https://www.chinacdc.cn/jksj/jksj01/202407/t20240731_287639.html,2024年6月全国法定传染病疫情概况,2024,6,2024-06,全国,风疹,丙类合计,0,0,73,0,,,2026-05-28 00:56:43,/Users/zhoujia/code/大数据期末实验/大模型助力大数据分析/呼吸道传染病监测与早期预警分析/data/raw/chinacdc_monthly/t20240731_287639_8eec11f2418dc2bb.html
中国疾控中心全国法定传染病疫情情况,https://www.chinacdc.cn/jksj/jksj01/202407/t20240731_287639.html,2024年6月全国法定传染病疫情概况,2024,6,2024-06,全国,急性出血性结膜炎,丙类合计,0,0,2971,0,,,2026-05-28 00:56:43,/Users/zhoujia/code/大数据期末实验/大模型助力大数据分析/呼吸道传染病监测与早期预警分析/data/raw/chinacdc_monthly/t20240731_287639_8eec11f2418dc2bb.html
中国疾控中心全国法定传染病疫情情况,https://www.chinacdc.cn/jksj/jksj01/202407/t20240731_287639.html,2024年6月全国法定传染病疫情概况,2024,6,2024-06,全国,麻风病,丙类合计,0,0,26,0,,,2026-05-28 00:56:43,/Users/zhoujia/code/大数据期末实验/大模型助力大数据分析/呼吸道传染病监测与早期预警分析/data/raw/chinacdc_monthly/t20240731_287639_8eec11f2418dc2bb.html
中国疾控中心全国法定传染病疫情情况,https://www.chinacdc.cn/jksj/jksj01/202407/t20240731_287639.html,2024年6月全国法定传染病疫情概况,2024,6,2024-06,全国,流行性和地方性斑疹伤寒,丙类合计,0,0,131,0,,,2026-05-28 00:56:43,/Users/zhoujia/code/大数据期末实验/大模型助力大数据分析/呼吸道传染病监测与早期预警分析/data/raw/chinacdc_monthly/t20240731_287639_8eec11f2418dc2bb.html
中国疾控中心全国法定传染病疫情情况,https://www.chinacdc.cn/jksj/jksj01/202407/t20240731_287639.html,2024年6月全国法定传染病疫情概况,2024,6,2024-06,全国,黑热病,丙类合计,0,0,24,0,,,2026-05-28 00:56:43,/Users/zhoujia/code/大数据期末实验/大模型助力大数据分析/呼吸道传染病监测与早期预警分析/data/raw/chinacdc_monthly/t20240731_287639_8eec11f2418dc2bb.html
中国疾控中心全国法定传染病疫情情况,https://www.chinacdc.cn/jksj/jksj01/202407/t20240731_287639.html,2024年6月全国法定传染病疫情概况,2024,6,2024-06,全国,包虫病,丙类合计,0,0,302,0,,,2026-05-28 00:56:43,/Users/zhoujia/code/大数据期末实验/大模型助力大数据分析/呼吸道传染病监测与早期预警分析/data/raw/chinacdc_monthly/t20240731_287639_8eec11f2418dc2bb.html
中国疾控中心全国法定传染病疫情情况,https://www.chinacdc.cn/jksj/jksj01/202407/t20240731_287639.html,2024年6月全国法定传染病疫情概况,2024,6,2024-06,全国,丝虫病,丙类合计,0,0,0,0,,,2026-05-28 00:56:43,/Users/zhoujia/code/大数据期末实验/大模型助力大数据分析/呼吸道传染病监测与早期预警分析/data/raw/chinacdc_monthly/t20240731_287639_8eec11f2418dc2bb.html
中国疾控中心全国法定传染病疫情情况,https://www.chinacdc.cn/jksj/jksj01/202407/t20240731_287639.html,2024年6月全国法定传染病疫情概况,2024,6,2024-06,全国,其他感染性腹泻病,丙类合计,0,0,122585,0,,,2026-05-28 00:56:43,/Users/zhoujia/code/大数据期末实验/大模型助力大数据分析/呼吸道传染病监测与早期预警分析/data/raw/chinacdc_monthly/t20240731_287639_8eec11f2418dc2bb.html
中国疾控中心全国法定传染病疫情情况,https://www.chinacdc.cn/jksj/jksj01/202407/t20240731_287639.html,2024年6月全国法定传染病疫情概况,2024,6,2024-06,全国,手足口病,丙类合计,0,0,275966,0,,,2026-05-28 00:56:43,/Users/zhoujia/code/大数据期末实验/大模型助力大数据分析/呼吸道传染病监测与早期预警分析/data/raw/chinacdc_monthly/t20240731_287639_8eec11f2418dc2bb.html
中国疾控中心全国法定传染病疫情情况,https://www.chinacdc.cn/jksj/jksj01/202407/t20240731_287637.html,2024年5月全国法定传染病疫情概况,2024,5,2024-05,全国,甲乙丙类总计,甲乙丙类总计,0,1,1227286,2084,,,2026-05-28 00:56:43,/Users/zhoujia/code/大数据期末实验/大模型助力大数据分析/呼吸道传染病监测与早期预警分析/data/raw/chinacdc_monthly/t20240731_287637_c766527c63a2ec38.html
中国疾控中心全国法定传染病疫情情况,https://www.chinacdc.cn/jksj/jksj01/202407/t20240731_287637.html,2024年5月全国法定传染病疫情概况,2024,5,2024-05,全国,甲乙类传染病合计,甲乙类合计,0,1,424252,2080,,,2026-05-28 00:56:43,/Users/zhoujia/code/大数据期末实验/大模型助力大数据分析/呼吸道传染病监测与早期预警分析/data/raw/chinacdc_monthly/t20240731_287637_c766527c63a2ec38.html
中国疾控中心全国法定传染病疫情情况,https://www.chinacdc.cn/jksj/jksj01/202407/t20240731_287637.html,2024年5月全国法定传染病疫情概况,2024,5,2024-05,全国,鼠疫,甲乙类合计,0,0,0,0,,,2026-05-28 00:56:43,/Users/zhoujia/code/大数据期末实验/大模型助力大数据分析/呼吸道传染病监测与早期预警分析/data/raw/chinacdc_monthly/t20240731_287637_c766527c63a2ec38.html
中国疾控中心全国法定传染病疫情情况,https://www.chinacdc.cn/jksj/jksj01/202407/t20240731_287637.html,2024年5月全国法定传染病疫情概况,2024,5,2024-05,全国,霍乱,甲乙类合计,0,0,0,0,,,2026-05-28 00:56:43,/Users/zhoujia/code/大数据期末实验/大模型助力大数据分析/呼吸道传染病监测与早期预警分析/data/raw/chinacdc_monthly/t20240731_287637_c766527c63a2ec38.html
中国疾控中心全国法定传染病疫情情况,https://www.chinacdc.cn/jksj/jksj01/202407/t20240731_287637.html,2024年5月全国法定传染病疫情概况,2024,5,2024-05,全国,传染性非典型肺炎,甲乙类合计,0,0,0,0,,,2026-05-28 00:56:43,/Users/zhoujia/code/大数据期末实验/大模型助力大数据分析/呼吸道传染病监测与早期预警分析/data/raw/chinacdc_monthly/t20240731_287637_c766527c63a2ec38.html
中国疾控中心全国法定传染病疫情情况,https://www.chinacdc.cn/jksj/jksj01/202407/t20240731_287637.html,2024年5月全国法定传染病疫情概况,2024,5,2024-05,全国,艾滋病**,甲乙类合计,0,0,4987,1611,,,2026-05-28 00:56:43,/Users/zhoujia/code/大数据期末实验/大模型助力大数据分析/呼吸道传染病监测与早期预警分析/data/raw/chinacdc_monthly/t20240731_287637_c766527c63a2ec38.html
中国疾控中心全国法定传染病疫情情况,https://www.chinacdc.cn/jksj/jksj01/202407/t20240731_287637.html,2024年5月全国法定传染病疫情概况,2024,5,2024-05,全国,病毒性肝炎***,甲乙类合计,0,0,165333,195,,,2026-05-28 00:56:43,/Users/zhoujia/code/大数据期末实验/大模型助力大数据分析/呼吸道传染病监测与早期预警分析/data/raw/chinacdc_monthly/t20240731_287637_c766527c63a2ec38.html
中国疾控中心全国法定传染病疫情情况,https://www.chinacdc.cn/jksj/jksj01/202407/t20240731_287637.html,2024年5月全国法定传染病疫情概况,2024,5,2024-05,全国,甲型肝炎,甲乙类合计,0,0,1419,0,,,2026-05-28 00:56:43,/Users/zhoujia/code/大数据期末实验/大模型助力大数据分析/呼吸道传染病监测与早期预警分析/data/raw/chinacdc_monthly/t20240731_287637_c766527c63a2ec38.html
中国疾控中心全国法定传染病疫情情况,https://www.chinacdc.cn/jksj/jksj01/202407/t20240731_287637.html,2024年5月全国法定传染病疫情概况,2024,5,2024-05,全国,乙型肝炎,甲乙类合计,0,0,139523,20,,,2026-05-28 00:56:43,/Users/zhoujia/code/大数据期末实验/大模型助力大数据分析/呼吸道传染病监测与早期预警分析/data/raw/chinacdc_monthly/t20240731_287637_c766527c63a2ec38.html
中国疾控中心全国法定传染病疫情情况,https://www.chinacdc.cn/jksj/jksj01/202407/t20240731_287637.html,2024年5月全国法定传染病疫情概况,2024,5,2024-05,全国,丙型肝炎,甲乙类合计,0,0,20462,174,,,2026-05-28 00:56:43,/Users/zhoujia/code/大数据期末实验/大模型助力大数据分析/呼吸道传染病监测与早期预警分析/data/raw/chinacdc_monthly/t20240731_287637_c766527c63a2ec38.html
中国疾控中心全国法定传染病疫情情况,https://www.chinacdc.cn/jksj/jksj01/202407/t20240731_287637.html,2024年5月全国法定传染病疫情概况,2024,5,2024-05,全国,丁型肝炎,甲乙类合计,0,0,15,0,,,2026-05-28 00:56:43,/Users/zhoujia/code/大数据期末实验/大模型助力大数据分析/呼吸道传染病监测与早期预警分析/data/raw/chinacdc_monthly/t20240731_287637_c766527c63a2ec38.html
中国疾控中心全国法定传染病疫情情况,https://www.chinacdc.cn/jksj/jksj01/202407/t20240731_287637.html,2024年5月全国法定传染病疫情概况,2024,5,2024-05,全国,戊型肝炎,甲乙类合计,0,0,3310,1,,,2026-05-28 00:56:43,/Users/zhoujia/code/大数据期末实验/大模型助力大数据分析/呼吸道传染病监测与早期预警分析/data/raw/chinacdc_monthly/t20240731_287637_c766527c63a2ec38.html
中国疾控中心全国法定传染病疫情情况,https://www.chinacdc.cn/jksj/jksj01/202407/t20240731_287637.html,2024年5月全国法定传染病疫情概况,2024,5,2024-05,全国,未分型肝炎,甲乙类合计,0,0,604,0,,,2026-05-28 00:56:43,/Users/zhoujia/code/大数据期末实验/大模型助力大数据分析/呼吸道传染病监测与早期预警分析/data/raw/chinacdc_monthly/t20240731_287637_c766527c63a2ec38.html
中国疾控中心全国法定传染病疫情情况,https://www.chinacdc.cn/jksj/jksj01/202407/t20240731_287637.html,2024年5月全国法定传染病疫情概况,2024,5,2024-05,全国,脊髓灰质炎,甲乙类合计,0,0,0,0,,,2026-05-28 00:56:43,/Users/zhoujia/code/大数据期末实验/大模型助力大数据分析/呼吸道传染病监测与早期预警分析/data/raw/chinacdc_monthly/t20240731_287637_c766527c63a2ec38.html
中国疾控中心全国法定传染病疫情情况,https://www.chinacdc.cn/jksj/jksj01/202407/t20240731_287637.html,2024年5月全国法定传染病疫情概况,2024,5,2024-05,全国,人感染高致病性禽流感,甲乙类合计,0,0,0,0,,,2026-05-28 00:56:43,/Users/zhoujia/code/大数据期末实验/大模型助力大数据分析/呼吸道传染病监测与早期预警分析/data/raw/chinacdc_monthly/t20240731_287637_c766527c63a2ec38.html
中国疾控中心全国法定传染病疫情情况,https://www.chinacdc.cn/jksj/jksj01/202407/t20240731_287637.html,2024年5月全国法定传染病疫情概况,2024,5,2024-05,全国,麻疹,甲乙类合计,1,0,162,0,,,2026-05-28 00:56:43,/Users/zhoujia/code/大数据期末实验/大模型助力大数据分析/呼吸道传染病监测与早期预警分析/data/raw/chinacdc_monthly/t20240731_287637_c766527c63a2ec38.html
中国疾控中心全国法定传染病疫情情况,https://www.chinacdc.cn/jksj/jksj01/202407/t20240731_287637.html,2024年5月全国法定传染病疫情概况,2024,5,2024-05,全国,流行性出血热,甲乙类合计,0,0,359,2,,,2026-05-28 00:56:43,/Users/zhoujia/code/大数据期末实验/大模型助力大数据分析/呼吸道传染病监测与早期预警分析/data/raw/chinacdc_monthly/t20240731_287637_c766527c63a2ec38.html
中国疾控中心全国法定传染病疫情情况,https://www.chinacdc.cn/jksj/jksj01/202407/t20240731_287637.html,2024年5月全国法定传染病疫情概况,2024,5,2024-05,全国,狂犬病,甲乙类合计,0,0,13,10,,,2026-05-28 00:56:43,/Users/zhoujia/code/大数据期末实验/大模型助力大数据分析/呼吸道传染病监测与早期预警分析/data/raw/chinacdc_monthly/t20240731_287637_c766527c63a2ec38.html
中国疾控中心全国法定传染病疫情情况,https://www.chinacdc.cn/jksj/jksj01/202407/t20240731_287637.html,2024年5月全国法定传染病疫情概况,2024,5,2024-05,全国,流行性乙型脑炎,甲乙类合计,0,0,3,0,,,2026-05-28 00:56:43,/Users/zhoujia/code/大数据期末实验/大模型助力大数据分析/呼吸道传染病监测与早期预警分析/data/raw/chinacdc_monthly/t20240731_287637_c766527c63a2ec38.html
中国疾控中心全国法定传染病疫情情况,https://www.chinacdc.cn/jksj/jksj01/202407/t20240731_287637.html,2024年5月全国法定传染病疫情概况,2024,5,2024-05,全国,登革热,甲乙类合计,0,0,109,0,,,2026-05-28 00:56:43,/Users/zhoujia/code/大数据期末实验/大模型助力大数据分析/呼吸道传染病监测与早期预警分析/data/raw/chinacdc_monthly/t20240731_287637_c766527c63a2ec38.html
中国疾控中心全国法定传染病疫情情况,https://www.chinacdc.cn/jksj/jksj01/202407/t20240731_287637.html,2024年5月全国法定传染病疫情概况,2024,5,2024-05,全国,炭疽,甲乙类合计,0,0,21,1,,,2026-05-28 00:56:43,/Users/zhoujia/code/大数据期末实验/大模型助力大数据分析/呼吸道传染病监测与早期预警分析/data/raw/chinacdc_monthly/t20240731_287637_c766527c63a2ec38.html
中国疾控中心全国法定传染病疫情情况,https://www.chinacdc.cn/jksj/jksj01/202407/t20240731_287637.html,2024年5月全国法定传染病疫情概况,2024,5,2024-05,全国,细菌性和阿米巴性痢疾,甲乙类合计,0,0,3408,0,,,2026-05-28 00:56:43,/Users/zhoujia/code/大数据期末实验/大模型助力大数据分析/呼吸道传染病监测与早期预警分析/data/raw/chinacdc_monthly/t20240731_287637_c766527c63a2ec38.html
中国疾控中心全国法定传染病疫情情况,https://www.chinacdc.cn/jksj/jksj01/202407/t20240731_287637.html,2024年5月全国法定传染病疫情概况,2024,5,2024-05,全国,肺结核****,甲乙类合计,0,0,63595,251,,,2026-05-28 00:56:43,/Users/zhoujia/code/大数据期末实验/大模型助力大数据分析/呼吸道传染病监测与早期预警分析/data/raw/chinacdc_monthly/t20240731_287637_c766527c63a2ec38.html
中国疾控中心全国法定传染病疫情情况,https://www.chinacdc.cn/jksj/jksj01/202407/t20240731_287637.html,2024年5月全国法定传染病疫情概况,2024,5,2024-05,全国,伤寒和副伤寒,甲乙类合计,0,0,418,0,,,2026-05-28 00:56:43,/Users/zhoujia/code/大数据期末实验/大模型助力大数据分析/呼吸道传染病监测与早期预警分析/data/raw/chinacdc_monthly/t20240731_287637_c766527c63a2ec38.html
中国疾控中心全国法定传染病疫情情况,https://www.chinacdc.cn/jksj/jksj01/202407/t20240731_287637.html,2024年5月全国法定传染病疫情概况,2024,5,2024-05,全国,流行性脑脊髓膜炎,甲乙类合计,0,0,12,0,,,2026-05-28 00:56:43,/Users/zhoujia/code/大数据期末实验/大模型助力大数据分析/呼吸道传染病监测与早期预警分析/data/raw/chinacdc_monthly/t20240731_287637_c766527c63a2ec38.html
中国疾控中心全国法定传染病疫情情况,https://www.chinacdc.cn/jksj/jksj01/202407/t20240731_287637.html,2024年5月全国法定传染病疫情概况,2024,5,2024-05,全国,百日咳,甲乙类合计,1,0,97669,2,,,2026-05-28 00:56:43,/Users/zhoujia/code/大数据期末实验/大模型助力大数据分析/呼吸道传染病监测与早期预警分析/data/raw/chinacdc_monthly/t20240731_287637_c766527c63a2ec38.html
中国疾控中心全国法定传染病疫情情况,https://www.chinacdc.cn/jksj/jksj01/202407/t20240731_287637.html,2024年5月全国法定传染病疫情概况,2024,5,2024-05,全国,白喉,甲乙类合计,0,0,0,0,,,2026-05-28 00:56:43,/Users/zhoujia/code/大数据期末实验/大模型助力大数据分析/呼吸道传染病监测与早期预警分析/data/raw/chinacdc_monthly/t20240731_287637_c766527c63a2ec38.html
中国疾控中心全国法定传染病疫情情况,https://www.chinacdc.cn/jksj/jksj01/202407/t20240731_287637.html,2024年5月全国法定传染病疫情概况,2024,5,2024-05,全国,新生儿破伤风,甲乙类合计,0,0,2,0,,,2026-05-28 00:56:43,/Users/zhoujia/code/大数据期末实验/大模型助力大数据分析/呼吸道传染病监测与早期预警分析/data/raw/chinacdc_monthly/t20240731_287637_c766527c63a2ec38.html
中国疾控中心全国法定传染病疫情情况,https://www.chinacdc.cn/jksj/jksj01/202407/t20240731_287637.html,2024年5月全国法定传染病疫情概况,2024,5,2024-05,全国,猩红热,甲乙类合计,1,0,10271,0,,,2026-05-28 00:56:43,/Users/zhoujia/code/大数据期末实验/大模型助力大数据分析/呼吸道传染病监测与早期预警分析/data/raw/chinacdc_monthly/t20240731_287637_c766527c63a2ec38.html
中国疾控中心全国法定传染病疫情情况,https://www.chinacdc.cn/jksj/jksj01/202407/t20240731_287637.html,2024年5月全国法定传染病疫情概况,2024,5,2024-05,全国,布鲁氏菌病,甲乙类合计,0,0,8007,1,,,2026-05-28 00:56:43,/Users/zhoujia/code/大数据期末实验/大模型助力大数据分析/呼吸道传染病监测与早期预警分析/data/raw/chinacdc_monthly/t20240731_287637_c766527c63a2ec38.html
中国疾控中心全国法定传染病疫情情况,https://www.chinacdc.cn/jksj/jksj01/202407/t20240731_287637.html,2024年5月全国法定传染病疫情概况,2024,5,2024-05,全国,淋病,甲乙类合计,0,0,8611,0,,,2026-05-28 00:56:43,/Users/zhoujia/code/大数据期末实验/大模型助力大数据分析/呼吸道传染病监测与早期预警分析/data/raw/chinacdc_monthly/t20240731_287637_c766527c63a2ec38.html
中国疾控中心全国法定传染病疫情情况,https://www.chinacdc.cn/jksj/jksj01/202407/t20240731_287637.html,2024年5月全国法定传染病疫情概况,2024,5,2024-05,全国,梅毒,甲乙类合计,0,0,60962,7,,,2026-05-28 00:56:43,/Users/zhoujia/code/大数据期末实验/大模型助力大数据分析/呼吸道传染病监测与早期预警分析/data/raw/chinacdc_monthly/t20240731_287637_c766527c63a2ec38.html
中国疾控中心全国法定传染病疫情情况,https://www.chinacdc.cn/jksj/jksj01/202407/t20240731_287637.html,2024年5月全国法定传染病疫情概况,2024,5,2024-05,全国,钩端螺旋体病,甲乙类合计,0,0,22,0,,,2026-05-28 00:56:43,/Users/zhoujia/code/大数据期末实验/大模型助力大数据分析/呼吸道传染病监测与早期预警分析/data/raw/chinacdc_monthly/t20240731_287637_c766527c63a2ec38.html
中国疾控中心全国法定传染病疫情情况,https://www.chinacdc.cn/jksj/jksj01/202407/t20240731_287637.html,2024年5月全国法定传染病疫情概况,2024,5,2024-05,全国,血吸虫病,甲乙类合计,0,0,3,0,,,2026-05-28 00:56:43,/Users/zhoujia/code/大数据期末实验/大模型助力大数据分析/呼吸道传染病监测与早期预警分析/data/raw/chinacdc_monthly/t20240731_287637_c766527c63a2ec38.html
中国疾控中心全国法定传染病疫情情况,https://www.chinacdc.cn/jksj/jksj01/202407/t20240731_287637.html,2024年5月全国法定传染病疫情概况,2024,5,2024-05,全国,疟疾*****,甲乙类合计,0,0,236,0,,,2026-05-28 00:56:43,/Users/zhoujia/code/大数据期末实验/大模型助力大数据分析/呼吸道传染病监测与早期预警分析/data/raw/chinacdc_monthly/t20240731_287637_c766527c63a2ec38.html
中国疾控中心全国法定传染病疫情情况,https://www.chinacdc.cn/jksj/jksj01/202407/t20240731_287637.html,2024年5月全国法定传染病疫情概况,2024,5,2024-05,全国,人感染H7N9禽流感,甲乙类合计,0,0,0,0,,,2026-05-28 00:56:43,/Users/zhoujia/code/大数据期末实验/大模型助力大数据分析/呼吸道传染病监测与早期预警分析/data/raw/chinacdc_monthly/t20240731_287637_c766527c63a2ec38.html
中国疾控中心全国法定传染病疫情情况,https://www.chinacdc.cn/jksj/jksj01/202407/t20240731_287637.html,2024年5月全国法定传染病疫情概况,2024,5,2024-05,全国,猴痘******,甲乙类合计,0,0,49,0,,,2026-05-28 00:56:43,/Users/zhoujia/code/大数据期末实验/大模型助力大数据分析/呼吸道传染病监测与早期预警分析/data/raw/chinacdc_monthly/t20240731_287637_c766527c63a2ec38.html
中国疾控中心全国法定传染病疫情情况,https://www.chinacdc.cn/jksj/jksj01/202407/t20240731_287637.html,2024年5月全国法定传染病疫情概况,2024,5,2024-05,全国,丙类传染病合计,丙类合计,0,1,803034,4,,,2026-05-28 00:56:43,/Users/zhoujia/code/大数据期末实验/大模型助力大数据分析/呼吸道传染病监测与早期预警分析/data/raw/chinacdc_monthly/t20240731_287637_c766527c63a2ec38.html
中国疾控中心全国法定传染病疫情情况,https://www.chinacdc.cn/jksj/jksj01/202407/t20240731_287637.html,2024年5月全国法定传染病疫情概况,2024,5,2024-05,全国,流行性感冒,丙类合计,1,0,440431,4,,,2026-05-28 00:56:43,/Users/zhoujia/code/大数据期末实验/大模型助力大数据分析/呼吸道传染病监测与早期预警分析/data/raw/chinacdc_monthly/t20240731_287637_c766527c63a2ec38.html
中国疾控中心全国法定传染病疫情情况,https://www.chinacdc.cn/jksj/jksj01/202407/t20240731_287637.html,2024年5月全国法定传染病疫情概况,2024,5,2024-05,全国,流行性腮腺炎,丙类合计,1,0,10197,0,,,2026-05-28 00:56:43,/Users/zhoujia/code/大数据期末实验/大模型助力大数据分析/呼吸道传染病监测与早期预警分析/data/raw/chinacdc_monthly/t20240731_287637_c766527c63a2ec38.html
中国疾控中心全国法定传染病疫情情况,https://www.chinacdc.cn/jksj/jksj01/202407/t20240731_287637.html,2024年5月全国法定传染病疫情概况,2024,5,2024-05,全国,风疹,丙类合计,0,0,82,0,,,2026-05-28 00:56:43,/Users/zhoujia/code/大数据期末实验/大模型助力大数据分析/呼吸道传染病监测与早期预警分析/data/raw/chinacdc_monthly/t20240731_287637_c766527c63a2ec38.html
中国疾控中心全国法定传染病疫情情况,https://www.chinacdc.cn/jksj/jksj01/202407/t20240731_287637.html,2024年5月全国法定传染病疫情概况,2024,5,2024-05,全国,急性出血性结膜炎,丙类合计,0,0,2920,0,,,2026-05-28 00:56:43,/Users/zhoujia/code/大数据期末实验/大模型助力大数据分析/呼吸道传染病监测与早期预警分析/data/raw/chinacdc_monthly/t20240731_287637_c766527c63a2ec38.html
中国疾控中心全国法定传染病疫情情况,https://www.chinacdc.cn/jksj/jksj01/202407/t20240731_287637.html,2024年5月全国法定传染病疫情概况,2024,5,2024-05,全国,麻风病,丙类合计,0,0,31,0,,,2026-05-28 00:56:43,/Users/zhoujia/code/大数据期末实验/大模型助力大数据分析/呼吸道传染病监测与早期预警分析/data/raw/chinacdc_monthly/t20240731_287637_c766527c63a2ec38.html
中国疾控中心全国法定传染病疫情情况,https://www.chinacdc.cn/jksj/jksj01/202407/t20240731_287637.html,2024年5月全国法定传染病疫情概况,2024,5,2024-05,全国,流行性和地方性斑疹伤寒,丙类合计,0,0,190,0,,,2026-05-28 00:56:43,/Users/zhoujia/code/大数据期末实验/大模型助力大数据分析/呼吸道传染病监测与早期预警分析/data/raw/chinacdc_monthly/t20240731_287637_c766527c63a2ec38.html
中国疾控中心全国法定传染病疫情情况,https://www.chinacdc.cn/jksj/jksj01/202407/t20240731_287637.html,2024年5月全国法定传染病疫情概况,2024,5,2024-05,全国,黑热病,丙类合计,0,0,27,0,,,2026-05-28 00:56:43,/Users/zhoujia/code/大数据期末实验/大模型助力大数据分析/呼吸道传染病监测与早期预警分析/data/raw/chinacdc_monthly/t20240731_287637_c766527c63a2ec38.html
中国疾控中心全国法定传染病疫情情况,https://www.chinacdc.cn/jksj/jksj01/202407/t20240731_287637.html,2024年5月全国法定传染病疫情概况,2024,5,2024-05,全国,包虫病,丙类合计,0,0,380,0,,,2026-05-28 00:56:43,/Users/zhoujia/code/大数据期末实验/大模型助力大数据分析/呼吸道传染病监测与早期预警分析/data/raw/chinacdc_monthly/t20240731_287637_c766527c63a2ec38.html
中国疾控中心全国法定传染病疫情情况,https://www.chinacdc.cn/jksj/jksj01/202407/t20240731_287637.html,2024年5月全国法定传染病疫情概况,2024,5,2024-05,全国,丝虫病,丙类合计,0,0,0,0,,,2026-05-28 00:56:43,/Users/zhoujia/code/大数据期末实验/大模型助力大数据分析/呼吸道传染病监测与早期预警分析/data/raw/chinacdc_monthly/t20240731_287637_c766527c63a2ec38.html
中国疾控中心全国法定传染病疫情情况,https://www.chinacdc.cn/jksj/jksj01/202407/t20240731_287637.html,2024年5月全国法定传染病疫情概况,2024,5,2024-05,全国,其他感染性腹泻病,丙类合计,0,0,122593,0,,,2026-05-28 00:56:43,/Users/zhoujia/code/大数据期末实验/大模型助力大数据分析/呼吸道传染病监测与早期预警分析/data/raw/chinacdc_monthly/t20240731_287637_c766527c63a2ec38.html
中国疾控中心全国法定传染病疫情情况,https://www.chinacdc.cn/jksj/jksj01/202407/t20240731_287637.html,2024年5月全国法定传染病疫情概况,2024,5,2024-05,全国,手足口病,丙类合计,0,0,226183,0,,,2026-05-28 00:56:43,/Users/zhoujia/code/大数据期末实验/大模型助力大数据分析/呼吸道传染病监测与早期预警分析/data/raw/chinacdc_monthly/t20240731_287637_c766527c63a2ec38.html
中国疾控中心全国法定传染病疫情情况,https://www.chinacdc.cn/jksj/jksj01/202407/t20240731_287616.html,2024年4月全国法定传染病疫情概况,2024,4,2024-04,全国,甲乙丙类总计,甲乙丙类总计,0,1,1120260,2290,,,2026-05-28 00:56:43,/Users/zhoujia/code/大数据期末实验/大模型助力大数据分析/呼吸道传染病监测与早期预警分析/data/raw/chinacdc_monthly/t20240731_287616_b1cc64d988cd4314.html
中国疾控中心全国法定传染病疫情情况,https://www.chinacdc.cn/jksj/jksj01/202407/t20240731_287616.html,2024年4月全国法定传染病疫情概况,2024,4,2024-04,全国,甲乙类传染病合计,甲乙类合计,0,1,420216,2290,,,2026-05-28 00:56:43,/Users/zhoujia/code/大数据期末实验/大模型助力大数据分析/呼吸道传染病监测与早期预警分析/data/raw/chinacdc_monthly/t20240731_287616_b1cc64d988cd4314.html
中国疾控中心全国法定传染病疫情情况,https://www.chinacdc.cn/jksj/jksj01/202407/t20240731_287616.html,2024年4月全国法定传染病疫情概况,2024,4,2024-04,全国,鼠疫,甲乙类合计,0,0,0,0,,,2026-05-28 00:56:43,/Users/zhoujia/code/大数据期末实验/大模型助力大数据分析/呼吸道传染病监测与早期预警分析/data/raw/chinacdc_monthly/t20240731_287616_b1cc64d988cd4314.html
中国疾控中心全国法定传染病疫情情况,https://www.chinacdc.cn/jksj/jksj01/202407/t20240731_287616.html,2024年4月全国法定传染病疫情概况,2024,4,2024-04,全国,霍乱,甲乙类合计,0,0,0,0,,,2026-05-28 00:56:43,/Users/zhoujia/code/大数据期末实验/大模型助力大数据分析/呼吸道传染病监测与早期预警分析/data/raw/chinacdc_monthly/t20240731_287616_b1cc64d988cd4314.html
中国疾控中心全国法定传染病疫情情况,https://www.chinacdc.cn/jksj/jksj01/202407/t20240731_287616.html,2024年4月全国法定传染病疫情概况,2024,4,2024-04,全国,传染性非典型肺炎,甲乙类合计,0,0,0,0,,,2026-05-28 00:56:43,/Users/zhoujia/code/大数据期末实验/大模型助力大数据分析/呼吸道传染病监测与早期预警分析/data/raw/chinacdc_monthly/t20240731_287616_b1cc64d988cd4314.html
中国疾控中心全国法定传染病疫情情况,https://www.chinacdc.cn/jksj/jksj01/202407/t20240731_287616.html,2024年4月全国法定传染病疫情概况,2024,4,2024-04,全国,艾滋病**,甲乙类合计,0,0,5357,1718,,,2026-05-28 00:56:43,/Users/zhoujia/code/大数据期末实验/大模型助力大数据分析/呼吸道传染病监测与早期预警分析/data/raw/chinacdc_monthly/t20240731_287616_b1cc64d988cd4314.html
中国疾控中心全国法定传染病疫情情况,https://www.chinacdc.cn/jksj/jksj01/202407/t20240731_287616.html,2024年4月全国法定传染病疫情概况,2024,4,2024-04,全国,病毒性肝炎***,甲乙类合计,0,0,168275,231,,,2026-05-28 00:56:43,/Users/zhoujia/code/大数据期末实验/大模型助力大数据分析/呼吸道传染病监测与早期预警分析/data/raw/chinacdc_monthly/t20240731_287616_b1cc64d988cd4314.html
中国疾控中心全国法定传染病疫情情况,https://www.chinacdc.cn/jksj/jksj01/202407/t20240731_287616.html,2024年4月全国法定传染病疫情概况,2024,4,2024-04,全国,甲型肝炎,甲乙类合计,0,0,1624,0,,,2026-05-28 00:56:43,/Users/zhoujia/code/大数据期末实验/大模型助力大数据分析/呼吸道传染病监测与早期预警分析/data/raw/chinacdc_monthly/t20240731_287616_b1cc64d988cd4314.html
中国疾控中心全国法定传染病疫情情况,https://www.chinacdc.cn/jksj/jksj01/202407/t20240731_287616.html,2024年4月全国法定传染病疫情概况,2024,4,2024-04,全国,乙型肝炎,甲乙类合计,0,0,140564,21,,,2026-05-28 00:56:43,/Users/zhoujia/code/大数据期末实验/大模型助力大数据分析/呼吸道传染病监测与早期预警分析/data/raw/chinacdc_monthly/t20240731_287616_b1cc64d988cd4314.html
中国疾控中心全国法定传染病疫情情况,https://www.chinacdc.cn/jksj/jksj01/202407/t20240731_287616.html,2024年4月全国法定传染病疫情概况,2024,4,2024-04,全国,丙型肝炎,甲乙类合计,0,0,21905,209,,,2026-05-28 00:56:43,/Users/zhoujia/code/大数据期末实验/大模型助力大数据分析/呼吸道传染病监测与早期预警分析/data/raw/chinacdc_monthly/t20240731_287616_b1cc64d988cd4314.html
中国疾控中心全国法定传染病疫情情况,https://www.chinacdc.cn/jksj/jksj01/202407/t20240731_287616.html,2024年4月全国法定传染病疫情概况,2024,4,2024-04,全国,丁型肝炎,甲乙类合计,0,0,17,0,,,2026-05-28 00:56:43,/Users/zhoujia/code/大数据期末实验/大模型助力大数据分析/呼吸道传染病监测与早期预警分析/data/raw/chinacdc_monthly/t20240731_287616_b1cc64d988cd4314.html
中国疾控中心全国法定传染病疫情情况,https://www.chinacdc.cn/jksj/jksj01/202407/t20240731_287616.html,2024年4月全国法定传染病疫情概况,2024,4,2024-04,全国,戊型肝炎,甲乙类合计,0,0,3593,1,,,2026-05-28 00:56:43,/Users/zhoujia/code/大数据期末实验/大模型助力大数据分析/呼吸道传染病监测与早期预警分析/data/raw/chinacdc_monthly/t20240731_287616_b1cc64d988cd4314.html
中国疾控中心全国法定传染病疫情情况,https://www.chinacdc.cn/jksj/jksj01/202407/t20240731_287616.html,2024年4月全国法定传染病疫情概况,2024,4,2024-04,全国,未分型肝炎,甲乙类合计,0,0,572,0,,,2026-05-28 00:56:43,/Users/zhoujia/code/大数据期末实验/大模型助力大数据分析/呼吸道传染病监测与早期预警分析/data/raw/chinacdc_monthly/t20240731_287616_b1cc64d988cd4314.html
中国疾控中心全国法定传染病疫情情况,https://www.chinacdc.cn/jksj/jksj01/202407/t20240731_287616.html,2024年4月全国法定传染病疫情概况,2024,4,2024-04,全国,脊髓灰质炎,甲乙类合计,0,0,0,0,,,2026-05-28 00:56:43,/Users/zhoujia/code/大数据期末实验/大模型助力大数据分析/呼吸道传染病监测与早期预警分析/data/raw/chinacdc_monthly/t20240731_287616_b1cc64d988cd4314.html
中国疾控中心全国法定传染病疫情情况,https://www.chinacdc.cn/jksj/jksj01/202407/t20240731_287616.html,2024年4月全国法定传染病疫情概况,2024,4,2024-04,全国,人感染高致病性禽流感,甲乙类合计,0,0,0,0,,,2026-05-28 00:56:43,/Users/zhoujia/code/大数据期末实验/大模型助力大数据分析/呼吸道传染病监测与早期预警分析/data/raw/chinacdc_monthly/t20240731_287616_b1cc64d988cd4314.html
中国疾控中心全国法定传染病疫情情况,https://www.chinacdc.cn/jksj/jksj01/202407/t20240731_287616.html,2024年4月全国法定传染病疫情概况,2024,4,2024-04,全国,麻疹,甲乙类合计,1,0,148,0,,,2026-05-28 00:56:43,/Users/zhoujia/code/大数据期末实验/大模型助力大数据分析/呼吸道传染病监测与早期预警分析/data/raw/chinacdc_monthly/t20240731_287616_b1cc64d988cd4314.html
中国疾控中心全国法定传染病疫情情况,https://www.chinacdc.cn/jksj/jksj01/202407/t20240731_287616.html,2024年4月全国法定传染病疫情概况,2024,4,2024-04,全国,流行性出血热,甲乙类合计,0,0,300,1,,,2026-05-28 00:56:43,/Users/zhoujia/code/大数据期末实验/大模型助力大数据分析/呼吸道传染病监测与早期预警分析/data/raw/chinacdc_monthly/t20240731_287616_b1cc64d988cd4314.html
中国疾控中心全国法定传染病疫情情况,https://www.chinacdc.cn/jksj/jksj01/202407/t20240731_287616.html,2024年4月全国法定传染病疫情概况,2024,4,2024-04,全国,狂犬病,甲乙类合计,0,0,9,8,,,2026-05-28 00:56:43,/Users/zhoujia/code/大数据期末实验/大模型助力大数据分析/呼吸道传染病监测与早期预警分析/data/raw/chinacdc_monthly/t20240731_287616_b1cc64d988cd4314.html
中国疾控中心全国法定传染病疫情情况,https://www.chinacdc.cn/jksj/jksj01/202407/t20240731_287616.html,2024年4月全国法定传染病疫情概况,2024,4,2024-04,全国,流行性乙型脑炎,甲乙类合计,0,0,1,0,,,2026-05-28 00:56:43,/Users/zhoujia/code/大数据期末实验/大模型助力大数据分析/呼吸道传染病监测与早期预警分析/data/raw/chinacdc_monthly/t20240731_287616_b1cc64d988cd4314.html
中国疾控中心全国法定传染病疫情情况,https://www.chinacdc.cn/jksj/jksj01/202407/t20240731_287616.html,2024年4月全国法定传染病疫情概况,2024,4,2024-04,全国,登革热,甲乙类合计,0,0,58,0,,,2026-05-28 00:56:43,/Users/zhoujia/code/大数据期末实验/大模型助力大数据分析/呼吸道传染病监测与早期预警分析/data/raw/chinacdc_monthly/t20240731_287616_b1cc64d988cd4314.html
中国疾控中心全国法定传染病疫情情况,https://www.chinacdc.cn/jksj/jksj01/202407/t20240731_287616.html,2024年4月全国法定传染病疫情概况,2024,4,2024-04,全国,炭疽,甲乙类合计,0,0,20,0,,,2026-05-28 00:56:43,/Users/zhoujia/code/大数据期末实验/大模型助力大数据分析/呼吸道传染病监测与早期预警分析/data/raw/chinacdc_monthly/t20240731_287616_b1cc64d988cd4314.html
中国疾控中心全国法定传染病疫情情况,https://www.chinacdc.cn/jksj/jksj01/202407/t20240731_287616.html,2024年4月全国法定传染病疫情概况,2024,4,2024-04,全国,细菌性和阿米巴性痢疾,甲乙类合计,0,0,2522,0,,,2026-05-28 00:56:43,/Users/zhoujia/code/大数据期末实验/大模型助力大数据分析/呼吸道传染病监测与早期预警分析/data/raw/chinacdc_monthly/t20240731_287616_b1cc64d988cd4314.html
中国疾控中心全国法定传染病疫情情况,https://www.chinacdc.cn/jksj/jksj01/202407/t20240731_287616.html,2024年4月全国法定传染病疫情概况,2024,4,2024-04,全国,肺结核****,甲乙类合计,0,0,68732,319,,,2026-05-28 00:56:43,/Users/zhoujia/code/大数据期末实验/大模型助力大数据分析/呼吸道传染病监测与早期预警分析/data/raw/chinacdc_monthly/t20240731_287616_b1cc64d988cd4314.html
中国疾控中心全国法定传染病疫情情况,https://www.chinacdc.cn/jksj/jksj01/202407/t20240731_287616.html,2024年4月全国法定传染病疫情概况,2024,4,2024-04,全国,伤寒和副伤寒,甲乙类合计,0,0,354,0,,,2026-05-28 00:56:43,/Users/zhoujia/code/大数据期末实验/大模型助力大数据分析/呼吸道传染病监测与早期预警分析/data/raw/chinacdc_monthly/t20240731_287616_b1cc64d988cd4314.html
中国疾控中心全国法定传染病疫情情况,https://www.chinacdc.cn/jksj/jksj01/202407/t20240731_287616.html,2024年4月全国法定传染病疫情概况,2024,4,2024-04,全国,流行性脑脊髓膜炎,甲乙类合计,0,0,15,0,,,2026-05-28 00:56:43,/Users/zhoujia/code/大数据期末实验/大模型助力大数据分析/呼吸道传染病监测与早期预警分析/data/raw/chinacdc_monthly/t20240731_287616_b1cc64d988cd4314.html
中国疾控中心全国法定传染病疫情情况,https://www.chinacdc.cn/jksj/jksj01/202407/t20240731_287616.html,2024年4月全国法定传染病疫情概况,2024,4,2024-04,全国,百日咳,甲乙类合计,1,0,91272,7,,,2026-05-28 00:56:43,/Users/zhoujia/code/大数据期末实验/大模型助力大数据分析/呼吸道传染病监测与早期预警分析/data/raw/chinacdc_monthly/t20240731_287616_b1cc64d988cd4314.html
中国疾控中心全国法定传染病疫情情况,https://www.chinacdc.cn/jksj/jksj01/202407/t20240731_287616.html,2024年4月全国法定传染病疫情概况,2024,4,2024-04,全国,白喉,甲乙类合计,0,0,0,0,,,2026-05-28 00:56:43,/Users/zhoujia/code/大数据期末实验/大模型助力大数据分析/呼吸道传染病监测与早期预警分析/data/raw/chinacdc_monthly/t20240731_287616_b1cc64d988cd4314.html
中国疾控中心全国法定传染病疫情情况,https://www.chinacdc.cn/jksj/jksj01/202407/t20240731_287616.html,2024年4月全国法定传染病疫情概况,2024,4,2024-04,全国,新生儿破伤风,甲乙类合计,0,0,0,0,,,2026-05-28 00:56:43,/Users/zhoujia/code/大数据期末实验/大模型助力大数据分析/呼吸道传染病监测与早期预警分析/data/raw/chinacdc_monthly/t20240731_287616_b1cc64d988cd4314.html
中国疾控中心全国法定传染病疫情情况,https://www.chinacdc.cn/jksj/jksj01/202407/t20240731_287616.html,2024年4月全国法定传染病疫情概况,2024,4,2024-04,全国,猩红热,甲乙类合计,1,0,6125,0,,,2026-05-28 00:56:43,/Users/zhoujia/code/大数据期末实验/大模型助力大数据分析/呼吸道传染病监测与早期预警分析/data/raw/chinacdc_monthly/t20240731_287616_b1cc64d988cd4314.html
中国疾控中心全国法定传染病疫情情况,https://www.chinacdc.cn/jksj/jksj01/202407/t20240731_287616.html,2024年4月全国法定传染病疫情概况,2024,4,2024-04,全国,布鲁氏菌病,甲乙类合计,0,0,7141,1,,,2026-05-28 00:56:43,/Users/zhoujia/code/大数据期末实验/大模型助力大数据分析/呼吸道传染病监测与早期预警分析/data/raw/chinacdc_monthly/t20240731_287616_b1cc64d988cd4314.html
中国疾控中心全国法定传染病疫情情况,https://www.chinacdc.cn/jksj/jksj01/202407/t20240731_287616.html,2024年4月全国法定传染病疫情概况,2024,4,2024-04,全国,淋病,甲乙类合计,0,0,8138,0,,,2026-05-28 00:56:43,/Users/zhoujia/code/大数据期末实验/大模型助力大数据分析/呼吸道传染病监测与早期预警分析/data/raw/chinacdc_monthly/t20240731_287616_b1cc64d988cd4314.html
中国疾控中心全国法定传染病疫情情况,https://www.chinacdc.cn/jksj/jksj01/202407/t20240731_287616.html,2024年4月全国法定传染病疫情概况,2024,4,2024-04,全国,梅毒,甲乙类合计,0,0,61511,4,,,2026-05-28 00:56:43,/Users/zhoujia/code/大数据期末实验/大模型助力大数据分析/呼吸道传染病监测与早期预警分析/data/raw/chinacdc_monthly/t20240731_287616_b1cc64d988cd4314.html
中国疾控中心全国法定传染病疫情情况,https://www.chinacdc.cn/jksj/jksj01/202407/t20240731_287616.html,2024年4月全国法定传染病疫情概况,2024,4,2024-04,全国,钩端螺旋体病,甲乙类合计,0,0,7,0,,,2026-05-28 00:56:43,/Users/zhoujia/code/大数据期末实验/大模型助力大数据分析/呼吸道传染病监测与早期预警分析/data/raw/chinacdc_monthly/t20240731_287616_b1cc64d988cd4314.html
中国疾控中心全国法定传染病疫情情况,https://www.chinacdc.cn/jksj/jksj01/202407/t20240731_287616.html,2024年4月全国法定传染病疫情概况,2024,4,2024-04,全国,血吸虫病,甲乙类合计,0,0,2,0,,,2026-05-28 00:56:43,/Users/zhoujia/code/大数据期末实验/大模型助力大数据分析/呼吸道传染病监测与早期预警分析/data/raw/chinacdc_monthly/t20240731_287616_b1cc64d988cd4314.html
中国疾控中心全国法定传染病疫情情况,https://www.chinacdc.cn/jksj/jksj01/202407/t20240731_287616.html,2024年4月全国法定传染病疫情概况,2024,4,2024-04,全国,疟疾*****,甲乙类合计,0,0,190,1,,,2026-05-28 00:56:43,/Users/zhoujia/code/大数据期末实验/大模型助力大数据分析/呼吸道传染病监测与早期预警分析/data/raw/chinacdc_monthly/t20240731_287616_b1cc64d988cd4314.html
中国疾控中心全国法定传染病疫情情况,https://www.chinacdc.cn/jksj/jksj01/202407/t20240731_287616.html,2024年4月全国法定传染病疫情概况,2024,4,2024-04,全国,人感染H7N9禽流感,甲乙类合计,0,0,0,0,,,2026-05-28 00:56:43,/Users/zhoujia/code/大数据期末实验/大模型助力大数据分析/呼吸道传染病监测与早期预警分析/data/raw/chinacdc_monthly/t20240731_287616_b1cc64d988cd4314.html
中国疾控中心全国法定传染病疫情情况,https://www.chinacdc.cn/jksj/jksj01/202407/t20240731_287616.html,2024年4月全国法定传染病疫情概况,2024,4,2024-04,全国,猴痘******,甲乙类合计,0,0,39,0,,,2026-05-28 00:56:43,/Users/zhoujia/code/大数据期末实验/大模型助力大数据分析/呼吸道传染病监测与早期预警分析/data/raw/chinacdc_monthly/t20240731_287616_b1cc64d988cd4314.html
中国疾控中心全国法定传染病疫情情况,https://www.chinacdc.cn/jksj/jksj01/202407/t20240731_287616.html,2024年4月全国法定传染病疫情概况,2024,4,2024-04,全国,丙类传染病合计,丙类合计,0,1,700044,0,,,2026-05-28 00:56:43,/Users/zhoujia/code/大数据期末实验/大模型助力大数据分析/呼吸道传染病监测与早期预警分析/data/raw/chinacdc_monthly/t20240731_287616_b1cc64d988cd4314.html
中国疾控中心全国法定传染病疫情情况,https://www.chinacdc.cn/jksj/jksj01/202407/t20240731_287616.html,2024年4月全国法定传染病疫情概况,2024,4,2024-04,全国,流行性感冒,丙类合计,1,0,441711,0,,,2026-05-28 00:56:43,/Users/zhoujia/code/大数据期末实验/大模型助力大数据分析/呼吸道传染病监测与早期预警分析/data/raw/chinacdc_monthly/t20240731_287616_b1cc64d988cd4314.html
中国疾控中心全国法定传染病疫情情况,https://www.chinacdc.cn/jksj/jksj01/202407/t20240731_287616.html,2024年4月全国法定传染病疫情概况,2024,4,2024-04,全国,流行性腮腺炎,丙类合计,1,0,9255,0,,,2026-05-28 00:56:43,/Users/zhoujia/code/大数据期末实验/大模型助力大数据分析/呼吸道传染病监测与早期预警分析/data/raw/chinacdc_monthly/t20240731_287616_b1cc64d988cd4314.html
中国疾控中心全国法定传染病疫情情况,https://www.chinacdc.cn/jksj/jksj01/202407/t20240731_287616.html,2024年4月全国法定传染病疫情概况,2024,4,2024-04,全国,风疹,丙类合计,0,0,68,0,,,2026-05-28 00:56:43,/Users/zhoujia/code/大数据期末实验/大模型助力大数据分析/呼吸道传染病监测与早期预警分析/data/raw/chinacdc_monthly/t20240731_287616_b1cc64d988cd4314.html
中国疾控中心全国法定传染病疫情情况,https://www.chinacdc.cn/jksj/jksj01/202407/t20240731_287616.html,2024年4月全国法定传染病疫情概况,2024,4,2024-04,全国,急性出血性结膜炎,丙类合计,0,0,2803,0,,,2026-05-28 00:56:43,/Users/zhoujia/code/大数据期末实验/大模型助力大数据分析/呼吸道传染病监测与早期预警分析/data/raw/chinacdc_monthly/t20240731_287616_b1cc64d988cd4314.html
中国疾控中心全国法定传染病疫情情况,https://www.chinacdc.cn/jksj/jksj01/202407/t20240731_287616.html,2024年4月全国法定传染病疫情概况,2024,4,2024-04,全国,麻风病,丙类合计,0,0,43,0,,,2026-05-28 00:56:43,/Users/zhoujia/code/大数据期末实验/大模型助力大数据分析/呼吸道传染病监测与早期预警分析/data/raw/chinacdc_monthly/t20240731_287616_b1cc64d988cd4314.html
中国疾控中心全国法定传染病疫情情况,https://www.chinacdc.cn/jksj/jksj01/202407/t20240731_287616.html,2024年4月全国法定传染病疫情概况,2024,4,2024-04,全国,流行性和地方性斑疹伤寒,丙类合计,0,0,153,0,,,2026-05-28 00:56:43,/Users/zhoujia/code/大数据期末实验/大模型助力大数据分析/呼吸道传染病监测与早期预警分析/data/raw/chinacdc_monthly/t20240731_287616_b1cc64d988cd4314.html
中国疾控中心全国法定传染病疫情情况,https://www.chinacdc.cn/jksj/jksj01/202407/t20240731_287616.html,2024年4月全国法定传染病疫情概况,2024,4,2024-04,全国,黑热病,丙类合计,0,0,33,0,,,2026-05-28 00:56:43,/Users/zhoujia/code/大数据期末实验/大模型助力大数据分析/呼吸道传染病监测与早期预警分析/data/raw/chinacdc_monthly/t20240731_287616_b1cc64d988cd4314.html
中国疾控中心全国法定传染病疫情情况,https://www.chinacdc.cn/jksj/jksj01/202407/t20240731_287616.html,2024年4月全国法定传染病疫情概况,2024,4,2024-04,全国,包虫病,丙类合计,0,0,485,0,,,2026-05-28 00:56:43,/Users/zhoujia/code/大数据期末实验/大模型助力大数据分析/呼吸道传染病监测与早期预警分析/data/raw/chinacdc_monthly/t20240731_287616_b1cc64d988cd4314.html
中国疾控中心全国法定传染病疫情情况,https://www.chinacdc.cn/jksj/jksj01/202407/t20240731_287616.html,2024年4月全国法定传染病疫情概况,2024,4,2024-04,全国,丝虫病,丙类合计,0,0,0,0,,,2026-05-28 00:56:43,/Users/zhoujia/code/大数据期末实验/大模型助力大数据分析/呼吸道传染病监测与早期预警分析/data/raw/chinacdc_monthly/t20240731_287616_b1cc64d988cd4314.html
中国疾控中心全国法定传染病疫情情况,https://www.chinacdc.cn/jksj/jksj01/202407/t20240731_287616.html,2024年4月全国法定传染病疫情概况,2024,4,2024-04,全国,其他感染性腹泻病,丙类合计,0,0,143289,0,,,2026-05-28 00:56:43,/Users/zhoujia/code/大数据期末实验/大模型助力大数据分析/呼吸道传染病监测与早期预警分析/data/raw/chinacdc_monthly/t20240731_287616_b1cc64d988cd4314.html
中国疾控中心全国法定传染病疫情情况,https://www.chinacdc.cn/jksj/jksj01/202407/t20240731_287616.html,2024年4月全国法定传染病疫情概况,2024,4,2024-04,全国,手足口病,丙类合计,0,0,102204,0,,,2026-05-28 00:56:43,/Users/zhoujia/code/大数据期末实验/大模型助力大数据分析/呼吸道传染病监测与早期预警分析/data/raw/chinacdc_monthly/t20240731_287616_b1cc64d988cd4314.html
中国疾控中心全国法定传染病疫情情况,https://www.chinacdc.cn/jksj/jksj01/202407/t20240731_287615.html,2024年3月全国法定传染病疫情概况,2024,3,2024-03,全国,甲乙丙类总计,甲乙丙类总计,0,1,1450149,2329,,,2026-05-28 00:56:43,/Users/zhoujia/code/大数据期末实验/大模型助力大数据分析/呼吸道传染病监测与早期预警分析/data/raw/chinacdc_monthly/t20240731_287615_fc60a1dfcd2f722f.html
中国疾控中心全国法定传染病疫情情况,https://www.chinacdc.cn/jksj/jksj01/202407/t20240731_287615.html,2024年3月全国法定传染病疫情概况,2024,3,2024-03,全国,甲乙类传染病合计,甲乙类合计,0,1,368244,2325,,,2026-05-28 00:56:43,/Users/zhoujia/code/大数据期末实验/大模型助力大数据分析/呼吸道传染病监测与早期预警分析/data/raw/chinacdc_monthly/t20240731_287615_fc60a1dfcd2f722f.html
中国疾控中心全国法定传染病疫情情况,https://www.chinacdc.cn/jksj/jksj01/202407/t20240731_287615.html,2024年3月全国法定传染病疫情概况,2024,3,2024-03,全国,鼠疫,甲乙类合计,0,0,0,0,,,2026-05-28 00:56:43,/Users/zhoujia/code/大数据期末实验/大模型助力大数据分析/呼吸道传染病监测与早期预警分析/data/raw/chinacdc_monthly/t20240731_287615_fc60a1dfcd2f722f.html
中国疾控中心全国法定传染病疫情情况,https://www.chinacdc.cn/jksj/jksj01/202407/t20240731_287615.html,2024年3月全国法定传染病疫情概况,2024,3,2024-03,全国,霍乱,甲乙类合计,0,0,0,0,,,2026-05-28 00:56:43,/Users/zhoujia/code/大数据期末实验/大模型助力大数据分析/呼吸道传染病监测与早期预警分析/data/raw/chinacdc_monthly/t20240731_287615_fc60a1dfcd2f722f.html
中国疾控中心全国法定传染病疫情情况,https://www.chinacdc.cn/jksj/jksj01/202407/t20240731_287615.html,2024年3月全国法定传染病疫情概况,2024,3,2024-03,全国,传染性非典型肺炎,甲乙类合计,0,0,0,0,,,2026-05-28 00:56:43,/Users/zhoujia/code/大数据期末实验/大模型助力大数据分析/呼吸道传染病监测与早期预警分析/data/raw/chinacdc_monthly/t20240731_287615_fc60a1dfcd2f722f.html
中国疾控中心全国法定传染病疫情情况,https://www.chinacdc.cn/jksj/jksj01/202407/t20240731_287615.html,2024年3月全国法定传染病疫情概况,2024,3,2024-03,全国,艾滋病**,甲乙类合计,0,0,5422,1857,,,2026-05-28 00:56:43,/Users/zhoujia/code/大数据期末实验/大模型助力大数据分析/呼吸道传染病监测与早期预警分析/data/raw/chinacdc_monthly/t20240731_287615_fc60a1dfcd2f722f.html
中国疾控中心全国法定传染病疫情情况,https://www.chinacdc.cn/jksj/jksj01/202407/t20240731_287615.html,2024年3月全国法定传染病疫情概况,2024,3,2024-03,全国,病毒性肝炎***,甲乙类合计,0,0,181006,160,,,2026-05-28 00:56:43,/Users/zhoujia/code/大数据期末实验/大模型助力大数据分析/呼吸道传染病监测与早期预警分析/data/raw/chinacdc_monthly/t20240731_287615_fc60a1dfcd2f722f.html
中国疾控中心全国法定传染病疫情情况,https://www.chinacdc.cn/jksj/jksj01/202407/t20240731_287615.html,2024年3月全国法定传染病疫情概况,2024,3,2024-03,全国,甲型肝炎,甲乙类合计,0,0,1542,2,,,2026-05-28 00:56:43,/Users/zhoujia/code/大数据期末实验/大模型助力大数据分析/呼吸道传染病监测与早期预警分析/data/raw/chinacdc_monthly/t20240731_287615_fc60a1dfcd2f722f.html
中国疾控中心全国法定传染病疫情情况,https://www.chinacdc.cn/jksj/jksj01/202407/t20240731_287615.html,2024年3月全国法定传染病疫情概况,2024,3,2024-03,全国,乙型肝炎,甲乙类合计,0,0,152967,24,,,2026-05-28 00:56:43,/Users/zhoujia/code/大数据期末实验/大模型助力大数据分析/呼吸道传染病监测与早期预警分析/data/raw/chinacdc_monthly/t20240731_287615_fc60a1dfcd2f722f.html
中国疾控中心全国法定传染病疫情情况,https://www.chinacdc.cn/jksj/jksj01/202407/t20240731_287615.html,2024年3月全国法定传染病疫情概况,2024,3,2024-03,全国,丙型肝炎,甲乙类合计,0,0,22215,133,,,2026-05-28 00:56:43,/Users/zhoujia/code/大数据期末实验/大模型助力大数据分析/呼吸道传染病监测与早期预警分析/data/raw/chinacdc_monthly/t20240731_287615_fc60a1dfcd2f722f.html
中国疾控中心全国法定传染病疫情情况,https://www.chinacdc.cn/jksj/jksj01/202407/t20240731_287615.html,2024年3月全国法定传染病疫情概况,2024,3,2024-03,全国,丁型肝炎,甲乙类合计,0,0,19,0,,,2026-05-28 00:56:43,/Users/zhoujia/code/大数据期末实验/大模型助力大数据分析/呼吸道传染病监测与早期预警分析/data/raw/chinacdc_monthly/t20240731_287615_fc60a1dfcd2f722f.html
中国疾控中心全国法定传染病疫情情况,https://www.chinacdc.cn/jksj/jksj01/202407/t20240731_287615.html,2024年3月全国法定传染病疫情概况,2024,3,2024-03,全国,戊型肝炎,甲乙类合计,0,0,3676,0,,,2026-05-28 00:56:43,/Users/zhoujia/code/大数据期末实验/大模型助力大数据分析/呼吸道传染病监测与早期预警分析/data/raw/chinacdc_monthly/t20240731_287615_fc60a1dfcd2f722f.html
中国疾控中心全国法定传染病疫情情况,https://www.chinacdc.cn/jksj/jksj01/202407/t20240731_287615.html,2024年3月全国法定传染病疫情概况,2024,3,2024-03,全国,未分型肝炎,甲乙类合计,0,0,587,1,,,2026-05-28 00:56:43,/Users/zhoujia/code/大数据期末实验/大模型助力大数据分析/呼吸道传染病监测与早期预警分析/data/raw/chinacdc_monthly/t20240731_287615_fc60a1dfcd2f722f.html
中国疾控中心全国法定传染病疫情情况,https://www.chinacdc.cn/jksj/jksj01/202407/t20240731_287615.html,2024年3月全国法定传染病疫情概况,2024,3,2024-03,全国,脊髓灰质炎,甲乙类合计,0,0,0,0,,,2026-05-28 00:56:43,/Users/zhoujia/code/大数据期末实验/大模型助力大数据分析/呼吸道传染病监测与早期预警分析/data/raw/chinacdc_monthly/t20240731_287615_fc60a1dfcd2f722f.html
中国疾控中心全国法定传染病疫情情况,https://www.chinacdc.cn/jksj/jksj01/202407/t20240731_287615.html,2024年3月全国法定传染病疫情概况,2024,3,2024-03,全国,人感染高致病性禽流感,甲乙类合计,0,0,0,0,,,2026-05-28 00:56:43,/Users/zhoujia/code/大数据期末实验/大模型助力大数据分析/呼吸道传染病监测与早期预警分析/data/raw/chinacdc_monthly/t20240731_287615_fc60a1dfcd2f722f.html
中国疾控中心全国法定传染病疫情情况,https://www.chinacdc.cn/jksj/jksj01/202407/t20240731_287615.html,2024年3月全国法定传染病疫情概况,2024,3,2024-03,全国,麻疹,甲乙类合计,1,0,66,0,,,2026-05-28 00:56:43,/Users/zhoujia/code/大数据期末实验/大模型助力大数据分析/呼吸道传染病监测与早期预警分析/data/raw/chinacdc_monthly/t20240731_287615_fc60a1dfcd2f722f.html
中国疾控中心全国法定传染病疫情情况,https://www.chinacdc.cn/jksj/jksj01/202407/t20240731_287615.html,2024年3月全国法定传染病疫情概况,2024,3,2024-03,全国,流行性出血热,甲乙类合计,0,0,234,0,,,2026-05-28 00:56:43,/Users/zhoujia/code/大数据期末实验/大模型助力大数据分析/呼吸道传染病监测与早期预警分析/data/raw/chinacdc_monthly/t20240731_287615_fc60a1dfcd2f722f.html
中国疾控中心全国法定传染病疫情情况,https://www.chinacdc.cn/jksj/jksj01/202407/t20240731_287615.html,2024年3月全国法定传染病疫情概况,2024,3,2024-03,全国,狂犬病,甲乙类合计,0,0,6,6,,,2026-05-28 00:56:43,/Users/zhoujia/code/大数据期末实验/大模型助力大数据分析/呼吸道传染病监测与早期预警分析/data/raw/chinacdc_monthly/t20240731_287615_fc60a1dfcd2f722f.html
中国疾控中心全国法定传染病疫情情况,https://www.chinacdc.cn/jksj/jksj01/202407/t20240731_287615.html,2024年3月全国法定传染病疫情概况,2024,3,2024-03,全国,流行性乙型脑炎,甲乙类合计,0,0,0,0,,,2026-05-28 00:56:43,/Users/zhoujia/code/大数据期末实验/大模型助力大数据分析/呼吸道传染病监测与早期预警分析/data/raw/chinacdc_monthly/t20240731_287615_fc60a1dfcd2f722f.html
中国疾控中心全国法定传染病疫情情况,https://www.chinacdc.cn/jksj/jksj01/202407/t20240731_287615.html,2024年3月全国法定传染病疫情概况,2024,3,2024-03,全国,登革热,甲乙类合计,0,0,38,0,,,2026-05-28 00:56:43,/Users/zhoujia/code/大数据期末实验/大模型助力大数据分析/呼吸道传染病监测与早期预警分析/data/raw/chinacdc_monthly/t20240731_287615_fc60a1dfcd2f722f.html
中国疾控中心全国法定传染病疫情情况,https://www.chinacdc.cn/jksj/jksj01/202407/t20240731_287615.html,2024年3月全国法定传染病疫情概况,2024,3,2024-03,全国,炭疽,甲乙类合计,0,0,30,0,,,2026-05-28 00:56:43,/Users/zhoujia/code/大数据期末实验/大模型助力大数据分析/呼吸道传染病监测与早期预警分析/data/raw/chinacdc_monthly/t20240731_287615_fc60a1dfcd2f722f.html
中国疾控中心全国法定传染病疫情情况,https://www.chinacdc.cn/jksj/jksj01/202407/t20240731_287615.html,2024年3月全国法定传染病疫情概况,2024,3,2024-03,全国,细菌性和阿米巴性痢疾,甲乙类合计,0,0,2087,0,,,2026-05-28 00:56:43,/Users/zhoujia/code/大数据期末实验/大模型助力大数据分析/呼吸道传染病监测与早期预警分析/data/raw/chinacdc_monthly/t20240731_287615_fc60a1dfcd2f722f.html
中国疾控中心全国法定传染病疫情情况,https://www.chinacdc.cn/jksj/jksj01/202407/t20240731_287615.html,2024年3月全国法定传染病疫情概况,2024,3,2024-03,全国,肺结核****,甲乙类合计,0,0,70013,295,,,2026-05-28 00:56:43,/Users/zhoujia/code/大数据期末实验/大模型助力大数据分析/呼吸道传染病监测与早期预警分析/data/raw/chinacdc_monthly/t20240731_287615_fc60a1dfcd2f722f.html
中国疾控中心全国法定传染病疫情情况,https://www.chinacdc.cn/jksj/jksj01/202407/t20240731_287615.html,2024年3月全国法定传染病疫情概况,2024,3,2024-03,全国,伤寒和副伤寒,甲乙类合计,0,0,249,0,,,2026-05-28 00:56:43,/Users/zhoujia/code/大数据期末实验/大模型助力大数据分析/呼吸道传染病监测与早期预警分析/data/raw/chinacdc_monthly/t20240731_287615_fc60a1dfcd2f722f.html
中国疾控中心全国法定传染病疫情情况,https://www.chinacdc.cn/jksj/jksj01/202407/t20240731_287615.html,2024年3月全国法定传染病疫情概况,2024,3,2024-03,全国,流行性脑脊髓膜炎,甲乙类合计,0,0,15,0,,,2026-05-28 00:56:43,/Users/zhoujia/code/大数据期末实验/大模型助力大数据分析/呼吸道传染病监测与早期预警分析/data/raw/chinacdc_monthly/t20240731_287615_fc60a1dfcd2f722f.html
中国疾控中心全国法定传染病疫情情况,https://www.chinacdc.cn/jksj/jksj01/202407/t20240731_287615.html,2024年3月全国法定传染病疫情概况,2024,3,2024-03,全国,百日咳,甲乙类合计,1,0,27078,0,,,2026-05-28 00:56:43,/Users/zhoujia/code/大数据期末实验/大模型助力大数据分析/呼吸道传染病监测与早期预警分析/data/raw/chinacdc_monthly/t20240731_287615_fc60a1dfcd2f722f.html
中国疾控中心全国法定传染病疫情情况,https://www.chinacdc.cn/jksj/jksj01/202407/t20240731_287615.html,2024年3月全国法定传染病疫情概况,2024,3,2024-03,全国,白喉,甲乙类合计,0,0,0,0,,,2026-05-28 00:56:43,/Users/zhoujia/code/大数据期末实验/大模型助力大数据分析/呼吸道传染病监测与早期预警分析/data/raw/chinacdc_monthly/t20240731_287615_fc60a1dfcd2f722f.html
中国疾控中心全国法定传染病疫情情况,https://www.chinacdc.cn/jksj/jksj01/202407/t20240731_287615.html,2024年3月全国法定传染病疫情概况,2024,3,2024-03,全国,新生儿破伤风,甲乙类合计,0,0,0,0,,,2026-05-28 00:56:43,/Users/zhoujia/code/大数据期末实验/大模型助力大数据分析/呼吸道传染病监测与早期预警分析/data/raw/chinacdc_monthly/t20240731_287615_fc60a1dfcd2f722f.html
中国疾控中心全国法定传染病疫情情况,https://www.chinacdc.cn/jksj/jksj01/202407/t20240731_287615.html,2024年3月全国法定传染病疫情概况,2024,3,2024-03,全国,猩红热,甲乙类合计,1,0,3610,0,,,2026-05-28 00:56:43,/Users/zhoujia/code/大数据期末实验/大模型助力大数据分析/呼吸道传染病监测与早期预警分析/data/raw/chinacdc_monthly/t20240731_287615_fc60a1dfcd2f722f.html
中国疾控中心全国法定传染病疫情情况,https://www.chinacdc.cn/jksj/jksj01/202407/t20240731_287615.html,2024年3月全国法定传染病疫情概况,2024,3,2024-03,全国,布鲁氏菌病,甲乙类合计,0,0,6197,0,,,2026-05-28 00:56:43,/Users/zhoujia/code/大数据期末实验/大模型助力大数据分析/呼吸道传染病监测与早期预警分析/data/raw/chinacdc_monthly/t20240731_287615_fc60a1dfcd2f722f.html
中国疾控中心全国法定传染病疫情情况,https://www.chinacdc.cn/jksj/jksj01/202407/t20240731_287615.html,2024年3月全国法定传染病疫情概况,2024,3,2024-03,全国,淋病,甲乙类合计,0,0,7824,0,,,2026-05-28 00:56:43,/Users/zhoujia/code/大数据期末实验/大模型助力大数据分析/呼吸道传染病监测与早期预警分析/data/raw/chinacdc_monthly/t20240731_287615_fc60a1dfcd2f722f.html
中国疾控中心全国法定传染病疫情情况,https://www.chinacdc.cn/jksj/jksj01/202407/t20240731_287615.html,2024年3月全国法定传染病疫情概况,2024,3,2024-03,全国,梅毒,甲乙类合计,0,0,64161,7,,,2026-05-28 00:56:43,/Users/zhoujia/code/大数据期末实验/大模型助力大数据分析/呼吸道传染病监测与早期预警分析/data/raw/chinacdc_monthly/t20240731_287615_fc60a1dfcd2f722f.html
中国疾控中心全国法定传染病疫情情况,https://www.chinacdc.cn/jksj/jksj01/202407/t20240731_287615.html,2024年3月全国法定传染病疫情概况,2024,3,2024-03,全国,钩端螺旋体病,甲乙类合计,0,0,6,0,,,2026-05-28 00:56:43,/Users/zhoujia/code/大数据期末实验/大模型助力大数据分析/呼吸道传染病监测与早期预警分析/data/raw/chinacdc_monthly/t20240731_287615_fc60a1dfcd2f722f.html
中国疾控中心全国法定传染病疫情情况,https://www.chinacdc.cn/jksj/jksj01/202407/t20240731_287615.html,2024年3月全国法定传染病疫情概况,2024,3,2024-03,全国,血吸虫病,甲乙类合计,0,0,1,0,,,2026-05-28 00:56:43,/Users/zhoujia/code/大数据期末实验/大模型助力大数据分析/呼吸道传染病监测与早期预警分析/data/raw/chinacdc_monthly/t20240731_287615_fc60a1dfcd2f722f.html
中国疾控中心全国法定传染病疫情情况,https://www.chinacdc.cn/jksj/jksj01/202407/t20240731_287615.html,2024年3月全国法定传染病疫情概况,2024,3,2024-03,全国,疟疾*****,甲乙类合计,0,0,150,0,,,2026-05-28 00:56:43,/Users/zhoujia/code/大数据期末实验/大模型助力大数据分析/呼吸道传染病监测与早期预警分析/data/raw/chinacdc_monthly/t20240731_287615_fc60a1dfcd2f722f.html
中国疾控中心全国法定传染病疫情情况,https://www.chinacdc.cn/jksj/jksj01/202407/t20240731_287615.html,2024年3月全国法定传染病疫情概况,2024,3,2024-03,全国,人感染H7N9禽流感,甲乙类合计,0,0,0,0,,,2026-05-28 00:56:43,/Users/zhoujia/code/大数据期末实验/大模型助力大数据分析/呼吸道传染病监测与早期预警分析/data/raw/chinacdc_monthly/t20240731_287615_fc60a1dfcd2f722f.html
中国疾控中心全国法定传染病疫情情况,https://www.chinacdc.cn/jksj/jksj01/202407/t20240731_287615.html,2024年3月全国法定传染病疫情概况,2024,3,2024-03,全国,猴痘******,甲乙类合计,0,0,51,0,,,2026-05-28 00:56:43,/Users/zhoujia/code/大数据期末实验/大模型助力大数据分析/呼吸道传染病监测与早期预警分析/data/raw/chinacdc_monthly/t20240731_287615_fc60a1dfcd2f722f.html
中国疾控中心全国法定传染病疫情情况,https://www.chinacdc.cn/jksj/jksj01/202407/t20240731_287615.html,2024年3月全国法定传染病疫情概况,2024,3,2024-03,全国,丙类传染病合计,丙类合计,0,1,1081905,4,,,2026-05-28 00:56:43,/Users/zhoujia/code/大数据期末实验/大模型助力大数据分析/呼吸道传染病监测与早期预警分析/data/raw/chinacdc_monthly/t20240731_287615_fc60a1dfcd2f722f.html
中国疾控中心全国法定传染病疫情情况,https://www.chinacdc.cn/jksj/jksj01/202407/t20240731_287615.html,2024年3月全国法定传染病疫情概况,2024,3,2024-03,全国,流行性感冒,丙类合计,1,0,856355,3,,,2026-05-28 00:56:43,/Users/zhoujia/code/大数据期末实验/大模型助力大数据分析/呼吸道传染病监测与早期预警分析/data/raw/chinacdc_monthly/t20240731_287615_fc60a1dfcd2f722f.html
中国疾控中心全国法定传染病疫情情况,https://www.chinacdc.cn/jksj/jksj01/202407/t20240731_287615.html,2024年3月全国法定传染病疫情概况,2024,3,2024-03,全国,流行性腮腺炎,丙类合计,1,0,6966,0,,,2026-05-28 00:56:43,/Users/zhoujia/code/大数据期末实验/大模型助力大数据分析/呼吸道传染病监测与早期预警分析/data/raw/chinacdc_monthly/t20240731_287615_fc60a1dfcd2f722f.html
中国疾控中心全国法定传染病疫情情况,https://www.chinacdc.cn/jksj/jksj01/202407/t20240731_287615.html,2024年3月全国法定传染病疫情概况,2024,3,2024-03,全国,风疹,丙类合计,0,0,67,0,,,2026-05-28 00:56:43,/Users/zhoujia/code/大数据期末实验/大模型助力大数据分析/呼吸道传染病监测与早期预警分析/data/raw/chinacdc_monthly/t20240731_287615_fc60a1dfcd2f722f.html
中国疾控中心全国法定传染病疫情情况,https://www.chinacdc.cn/jksj/jksj01/202407/t20240731_287615.html,2024年3月全国法定传染病疫情概况,2024,3,2024-03,全国,急性出血性结膜炎,丙类合计,0,0,2676,0,,,2026-05-28 00:56:43,/Users/zhoujia/code/大数据期末实验/大模型助力大数据分析/呼吸道传染病监测与早期预警分析/data/raw/chinacdc_monthly/t20240731_287615_fc60a1dfcd2f722f.html
中国疾控中心全国法定传染病疫情情况,https://www.chinacdc.cn/jksj/jksj01/202407/t20240731_287615.html,2024年3月全国法定传染病疫情概况,2024,3,2024-03,全国,麻风病,丙类合计,0,0,53,0,,,2026-05-28 00:56:43,/Users/zhoujia/code/大数据期末实验/大模型助力大数据分析/呼吸道传染病监测与早期预警分析/data/raw/chinacdc_monthly/t20240731_287615_fc60a1dfcd2f722f.html
中国疾控中心全国法定传染病疫情情况,https://www.chinacdc.cn/jksj/jksj01/202407/t20240731_287615.html,2024年3月全国法定传染病疫情概况,2024,3,2024-03,全国,流行性和地方性斑疹伤寒,丙类合计,0,0,51,0,,,2026-05-28 00:56:43,/Users/zhoujia/code/大数据期末实验/大模型助力大数据分析/呼吸道传染病监测与早期预警分析/data/raw/chinacdc_monthly/t20240731_287615_fc60a1dfcd2f722f.html
中国疾控中心全国法定传染病疫情情况,https://www.chinacdc.cn/jksj/jksj01/202407/t20240731_287615.html,2024年3月全国法定传染病疫情概况,2024,3,2024-03,全国,黑热病,丙类合计,0,0,16,0,,,2026-05-28 00:56:43,/Users/zhoujia/code/大数据期末实验/大模型助力大数据分析/呼吸道传染病监测与早期预警分析/data/raw/chinacdc_monthly/t20240731_287615_fc60a1dfcd2f722f.html
中国疾控中心全国法定传染病疫情情况,https://www.chinacdc.cn/jksj/jksj01/202407/t20240731_287615.html,2024年3月全国法定传染病疫情概况,2024,3,2024-03,全国,包虫病,丙类合计,0,0,534,0,,,2026-05-28 00:56:43,/Users/zhoujia/code/大数据期末实验/大模型助力大数据分析/呼吸道传染病监测与早期预警分析/data/raw/chinacdc_monthly/t20240731_287615_fc60a1dfcd2f722f.html
中国疾控中心全国法定传染病疫情情况,https://www.chinacdc.cn/jksj/jksj01/202407/t20240731_287615.html,2024年3月全国法定传染病疫情概况,2024,3,2024-03,全国,丝虫病,丙类合计,0,0,0,0,,,2026-05-28 00:56:43,/Users/zhoujia/code/大数据期末实验/大模型助力大数据分析/呼吸道传染病监测与早期预警分析/data/raw/chinacdc_monthly/t20240731_287615_fc60a1dfcd2f722f.html
中国疾控中心全国法定传染病疫情情况,https://www.chinacdc.cn/jksj/jksj01/202407/t20240731_287615.html,2024年3月全国法定传染病疫情概况,2024,3,2024-03,全国,其他感染性腹泻病,丙类合计,0,0,196347,1,,,2026-05-28 00:56:43,/Users/zhoujia/code/大数据期末实验/大模型助力大数据分析/呼吸道传染病监测与早期预警分析/data/raw/chinacdc_monthly/t20240731_287615_fc60a1dfcd2f722f.html
中国疾控中心全国法定传染病疫情情况,https://www.chinacdc.cn/jksj/jksj01/202407/t20240731_287615.html,2024年3月全国法定传染病疫情概况,2024,3,2024-03,全国,手足口病,丙类合计,0,0,18840,0,,,2026-05-28 00:56:43,/Users/zhoujia/code/大数据期末实验/大模型助力大数据分析/呼吸道传染病监测与早期预警分析/data/raw/chinacdc_monthly/t20240731_287615_fc60a1dfcd2f722f.html
中国疾控中心全国法定传染病疫情情况,https://www.chinacdc.cn/jksj/jksj01/202407/t20240726_287155.html,2024年2月全国法定传染病疫情概况,2024,2,2024-02,全国,甲乙丙类总计,甲乙丙类总计,0,1,1594723,1674,,,2026-05-28 00:56:43,/Users/zhoujia/code/大数据期末实验/大模型助力大数据分析/呼吸道传染病监测与早期预警分析/data/raw/chinacdc_monthly/t20240726_287155_2700b808d51ac9bd.html
中国疾控中心全国法定传染病疫情情况,https://www.chinacdc.cn/jksj/jksj01/202407/t20240726_287155.html,2024年2月全国法定传染病疫情概况,2024,2,2024-02,全国,甲乙类传染病合计,甲乙类合计,0,1,275681,1674,,,2026-05-28 00:56:43,/Users/zhoujia/code/大数据期末实验/大模型助力大数据分析/呼吸道传染病监测与早期预警分析/data/raw/chinacdc_monthly/t20240726_287155_2700b808d51ac9bd.html
中国疾控中心全国法定传染病疫情情况,https://www.chinacdc.cn/jksj/jksj01/202407/t20240726_287155.html,2024年2月全国法定传染病疫情概况,2024,2,2024-02,全国,鼠疫,甲乙类合计,0,0,0,0,,,2026-05-28 00:56:43,/Users/zhoujia/code/大数据期末实验/大模型助力大数据分析/呼吸道传染病监测与早期预警分析/data/raw/chinacdc_monthly/t20240726_287155_2700b808d51ac9bd.html
中国疾控中心全国法定传染病疫情情况,https://www.chinacdc.cn/jksj/jksj01/202407/t20240726_287155.html,2024年2月全国法定传染病疫情概况,2024,2,2024-02,全国,霍乱,甲乙类合计,0,0,0,0,,,2026-05-28 00:56:43,/Users/zhoujia/code/大数据期末实验/大模型助力大数据分析/呼吸道传染病监测与早期预警分析/data/raw/chinacdc_monthly/t20240726_287155_2700b808d51ac9bd.html
中国疾控中心全国法定传染病疫情情况,https://www.chinacdc.cn/jksj/jksj01/202407/t20240726_287155.html,2024年2月全国法定传染病疫情概况,2024,2,2024-02,全国,传染性非典型肺炎,甲乙类合计,0,0,0,0,,,2026-05-28 00:56:43,/Users/zhoujia/code/大数据期末实验/大模型助力大数据分析/呼吸道传染病监测与早期预警分析/data/raw/chinacdc_monthly/t20240726_287155_2700b808d51ac9bd.html
中国疾控中心全国法定传染病疫情情况,https://www.chinacdc.cn/jksj/jksj01/202407/t20240726_287155.html,2024年2月全国法定传染病疫情概况,2024,2,2024-02,全国,艾滋病**,甲乙类合计,0,0,3344,1360,,,2026-05-28 00:56:43,/Users/zhoujia/code/大数据期末实验/大模型助力大数据分析/呼吸道传染病监测与早期预警分析/data/raw/chinacdc_monthly/t20240726_287155_2700b808d51ac9bd.html
中国疾控中心全国法定传染病疫情情况,https://www.chinacdc.cn/jksj/jksj01/202407/t20240726_287155.html,2024年2月全国法定传染病疫情概况,2024,2,2024-02,全国,病毒性肝炎***,甲乙类合计,0,0,142012,74,,,2026-05-28 00:56:43,/Users/zhoujia/code/大数据期末实验/大模型助力大数据分析/呼吸道传染病监测与早期预警分析/data/raw/chinacdc_monthly/t20240726_287155_2700b808d51ac9bd.html
中国疾控中心全国法定传染病疫情情况,https://www.chinacdc.cn/jksj/jksj01/202407/t20240726_287155.html,2024年2月全国法定传染病疫情概况,2024,2,2024-02,全国,甲型肝炎,甲乙类合计,0,0,857,0,,,2026-05-28 00:56:43,/Users/zhoujia/code/大数据期末实验/大模型助力大数据分析/呼吸道传染病监测与早期预警分析/data/raw/chinacdc_monthly/t20240726_287155_2700b808d51ac9bd.html
中国疾控中心全国法定传染病疫情情况,https://www.chinacdc.cn/jksj/jksj01/202407/t20240726_287155.html,2024年2月全国法定传染病疫情概况,2024,2,2024-02,全国,乙型肝炎,甲乙类合计,0,0,122780,28,,,2026-05-28 00:56:43,/Users/zhoujia/code/大数据期末实验/大模型助力大数据分析/呼吸道传染病监测与早期预警分析/data/raw/chinacdc_monthly/t20240726_287155_2700b808d51ac9bd.html
中国疾控中心全国法定传染病疫情情况,https://www.chinacdc.cn/jksj/jksj01/202407/t20240726_287155.html,2024年2月全国法定传染病疫情概况,2024,2,2024-02,全国,丙型肝炎,甲乙类合计,0,0,15002,44,,,2026-05-28 00:56:43,/Users/zhoujia/code/大数据期末实验/大模型助力大数据分析/呼吸道传染病监测与早期预警分析/data/raw/chinacdc_monthly/t20240726_287155_2700b808d51ac9bd.html
中国疾控中心全国法定传染病疫情情况,https://www.chinacdc.cn/jksj/jksj01/202407/t20240726_287155.html,2024年2月全国法定传染病疫情概况,2024,2,2024-02,全国,丁型肝炎,甲乙类合计,0,0,13,0,,,2026-05-28 00:56:43,/Users/zhoujia/code/大数据期末实验/大模型助力大数据分析/呼吸道传染病监测与早期预警分析/data/raw/chinacdc_monthly/t20240726_287155_2700b808d51ac9bd.html
中国疾控中心全国法定传染病疫情情况,https://www.chinacdc.cn/jksj/jksj01/202407/t20240726_287155.html,2024年2月全国法定传染病疫情概况,2024,2,2024-02,全国,戊型肝炎,甲乙类合计,0,0,2869,2,,,2026-05-28 00:56:43,/Users/zhoujia/code/大数据期末实验/大模型助力大数据分析/呼吸道传染病监测与早期预警分析/data/raw/chinacdc_monthly/t20240726_287155_2700b808d51ac9bd.html
中国疾控中心全国法定传染病疫情情况,https://www.chinacdc.cn/jksj/jksj01/202407/t20240726_287155.html,2024年2月全国法定传染病疫情概况,2024,2,2024-02,全国,未分型肝炎,甲乙类合计,0,0,491,0,,,2026-05-28 00:56:43,/Users/zhoujia/code/大数据期末实验/大模型助力大数据分析/呼吸道传染病监测与早期预警分析/data/raw/chinacdc_monthly/t20240726_287155_2700b808d51ac9bd.html
中国疾控中心全国法定传染病疫情情况,https://www.chinacdc.cn/jksj/jksj01/202407/t20240726_287155.html,2024年2月全国法定传染病疫情概况,2024,2,2024-02,全国,脊髓灰质炎,甲乙类合计,0,0,0,0,,,2026-05-28 00:56:43,/Users/zhoujia/code/大数据期末实验/大模型助力大数据分析/呼吸道传染病监测与早期预警分析/data/raw/chinacdc_monthly/t20240726_287155_2700b808d51ac9bd.html
中国疾控中心全国法定传染病疫情情况,https://www.chinacdc.cn/jksj/jksj01/202407/t20240726_287155.html,2024年2月全国法定传染病疫情概况,2024,2,2024-02,全国,人感染高致病性禽流感,甲乙类合计,0,0,0,0,,,2026-05-28 00:56:43,/Users/zhoujia/code/大数据期末实验/大模型助力大数据分析/呼吸道传染病监测与早期预警分析/data/raw/chinacdc_monthly/t20240726_287155_2700b808d51ac9bd.html
中国疾控中心全国法定传染病疫情情况,https://www.chinacdc.cn/jksj/jksj01/202407/t20240726_287155.html,2024年2月全国法定传染病疫情概况,2024,2,2024-02,全国,麻疹,甲乙类合计,1,0,31,0,,,2026-05-28 00:56:43,/Users/zhoujia/code/大数据期末实验/大模型助力大数据分析/呼吸道传染病监测与早期预警分析/data/raw/chinacdc_monthly/t20240726_287155_2700b808d51ac9bd.html
中国疾控中心全国法定传染病疫情情况,https://www.chinacdc.cn/jksj/jksj01/202407/t20240726_287155.html,2024年2月全国法定传染病疫情概况,2024,2,2024-02,全国,流行性出血热,甲乙类合计,0,0,247,0,,,2026-05-28 00:56:43,/Users/zhoujia/code/大数据期末实验/大模型助力大数据分析/呼吸道传染病监测与早期预警分析/data/raw/chinacdc_monthly/t20240726_287155_2700b808d51ac9bd.html
中国疾控中心全国法定传染病疫情情况,https://www.chinacdc.cn/jksj/jksj01/202407/t20240726_287155.html,2024年2月全国法定传染病疫情概况,2024,2,2024-02,全国,狂犬病,甲乙类合计,0,0,4,2,,,2026-05-28 00:56:43,/Users/zhoujia/code/大数据期末实验/大模型助力大数据分析/呼吸道传染病监测与早期预警分析/data/raw/chinacdc_monthly/t20240726_287155_2700b808d51ac9bd.html
中国疾控中心全国法定传染病疫情情况,https://www.chinacdc.cn/jksj/jksj01/202407/t20240726_287155.html,2024年2月全国法定传染病疫情概况,2024,2,2024-02,全国,流行性乙型脑炎,甲乙类合计,0,0,0,1,,,2026-05-28 00:56:43,/Users/zhoujia/code/大数据期末实验/大模型助力大数据分析/呼吸道传染病监测与早期预警分析/data/raw/chinacdc_monthly/t20240726_287155_2700b808d51ac9bd.html
中国疾控中心全国法定传染病疫情情况,https://www.chinacdc.cn/jksj/jksj01/202407/t20240726_287155.html,2024年2月全国法定传染病疫情概况,2024,2,2024-02,全国,登革热,甲乙类合计,0,0,42,0,,,2026-05-28 00:56:43,/Users/zhoujia/code/大数据期末实验/大模型助力大数据分析/呼吸道传染病监测与早期预警分析/data/raw/chinacdc_monthly/t20240726_287155_2700b808d51ac9bd.html
中国疾控中心全国法定传染病疫情情况,https://www.chinacdc.cn/jksj/jksj01/202407/t20240726_287155.html,2024年2月全国法定传染病疫情概况,2024,2,2024-02,全国,炭疽,甲乙类合计,0,0,17,0,,,2026-05-28 00:56:43,/Users/zhoujia/code/大数据期末实验/大模型助力大数据分析/呼吸道传染病监测与早期预警分析/data/raw/chinacdc_monthly/t20240726_287155_2700b808d51ac9bd.html
中国疾控中心全国法定传染病疫情情况,https://www.chinacdc.cn/jksj/jksj01/202407/t20240726_287155.html,2024年2月全国法定传染病疫情概况,2024,2,2024-02,全国,细菌性和阿米巴性痢疾,甲乙类合计,0,0,1673,0,,,2026-05-28 00:56:43,/Users/zhoujia/code/大数据期末实验/大模型助力大数据分析/呼吸道传染病监测与早期预警分析/data/raw/chinacdc_monthly/t20240726_287155_2700b808d51ac9bd.html
中国疾控中心全国法定传染病疫情情况,https://www.chinacdc.cn/jksj/jksj01/202407/t20240726_287155.html,2024年2月全国法定传染病疫情概况,2024,2,2024-02,全国,肺结核****,甲乙类合计,0,0,51945,224,,,2026-05-28 00:56:43,/Users/zhoujia/code/大数据期末实验/大模型助力大数据分析/呼吸道传染病监测与早期预警分析/data/raw/chinacdc_monthly/t20240726_287155_2700b808d51ac9bd.html
中国疾控中心全国法定传染病疫情情况,https://www.chinacdc.cn/jksj/jksj01/202407/t20240726_287155.html,2024年2月全国法定传染病疫情概况,2024,2,2024-02,全国,伤寒和副伤寒,甲乙类合计,0,0,190,0,,,2026-05-28 00:56:43,/Users/zhoujia/code/大数据期末实验/大模型助力大数据分析/呼吸道传染病监测与早期预警分析/data/raw/chinacdc_monthly/t20240726_287155_2700b808d51ac9bd.html
中国疾控中心全国法定传染病疫情情况,https://www.chinacdc.cn/jksj/jksj01/202407/t20240726_287155.html,2024年2月全国法定传染病疫情概况,2024,2,2024-02,全国,流行性脑脊髓膜炎,甲乙类合计,0,0,11,0,,,2026-05-28 00:56:43,/Users/zhoujia/code/大数据期末实验/大模型助力大数据分析/呼吸道传染病监测与早期预警分析/data/raw/chinacdc_monthly/t20240726_287155_2700b808d51ac9bd.html
中国疾控中心全国法定传染病疫情情况,https://www.chinacdc.cn/jksj/jksj01/202407/t20240726_287155.html,2024年2月全国法定传染病疫情概况,2024,2,2024-02,全国,百日咳,甲乙类合计,1,0,17105,8,,,2026-05-28 00:56:43,/Users/zhoujia/code/大数据期末实验/大模型助力大数据分析/呼吸道传染病监测与早期预警分析/data/raw/chinacdc_monthly/t20240726_287155_2700b808d51ac9bd.html
中国疾控中心全国法定传染病疫情情况,https://www.chinacdc.cn/jksj/jksj01/202407/t20240726_287155.html,2024年2月全国法定传染病疫情概况,2024,2,2024-02,全国,白喉,甲乙类合计,0,0,0,0,,,2026-05-28 00:56:43,/Users/zhoujia/code/大数据期末实验/大模型助力大数据分析/呼吸道传染病监测与早期预警分析/data/raw/chinacdc_monthly/t20240726_287155_2700b808d51ac9bd.html
中国疾控中心全国法定传染病疫情情况,https://www.chinacdc.cn/jksj/jksj01/202407/t20240726_287155.html,2024年2月全国法定传染病疫情概况,2024,2,2024-02,全国,新生儿破伤风,甲乙类合计,0,0,2,0,,,2026-05-28 00:56:43,/Users/zhoujia/code/大数据期末实验/大模型助力大数据分析/呼吸道传染病监测与早期预警分析/data/raw/chinacdc_monthly/t20240726_287155_2700b808d51ac9bd.html
中国疾控中心全国法定传染病疫情情况,https://www.chinacdc.cn/jksj/jksj01/202407/t20240726_287155.html,2024年2月全国法定传染病疫情概况,2024,2,2024-02,全国,猩红热,甲乙类合计,1,0,1783,0,,,2026-05-28 00:56:43,/Users/zhoujia/code/大数据期末实验/大模型助力大数据分析/呼吸道传染病监测与早期预警分析/data/raw/chinacdc_monthly/t20240726_287155_2700b808d51ac9bd.html
中国疾控中心全国法定传染病疫情情况,https://www.chinacdc.cn/jksj/jksj01/202407/t20240726_287155.html,2024年2月全国法定传染病疫情概况,2024,2,2024-02,全国,布鲁氏菌病,甲乙类合计,0,0,3758,0,,,2026-05-28 00:56:43,/Users/zhoujia/code/大数据期末实验/大模型助力大数据分析/呼吸道传染病监测与早期预警分析/data/raw/chinacdc_monthly/t20240726_287155_2700b808d51ac9bd.html
中国疾控中心全国法定传染病疫情情况,https://www.chinacdc.cn/jksj/jksj01/202407/t20240726_287155.html,2024年2月全国法定传染病疫情概况,2024,2,2024-02,全国,淋病,甲乙类合计,0,0,6350,0,,,2026-05-28 00:56:43,/Users/zhoujia/code/大数据期末实验/大模型助力大数据分析/呼吸道传染病监测与早期预警分析/data/raw/chinacdc_monthly/t20240726_287155_2700b808d51ac9bd.html
中国疾控中心全国法定传染病疫情情况,https://www.chinacdc.cn/jksj/jksj01/202407/t20240726_287155.html,2024年2月全国法定传染病疫情概况,2024,2,2024-02,全国,梅毒,甲乙类合计,0,0,46868,3,,,2026-05-28 00:56:43,/Users/zhoujia/code/大数据期末实验/大模型助力大数据分析/呼吸道传染病监测与早期预警分析/data/raw/chinacdc_monthly/t20240726_287155_2700b808d51ac9bd.html
中国疾控中心全国法定传染病疫情情况,https://www.chinacdc.cn/jksj/jksj01/202407/t20240726_287155.html,2024年2月全国法定传染病疫情概况,2024,2,2024-02,全国,钩端螺旋体病,甲乙类合计,0,0,9,0,,,2026-05-28 00:56:43,/Users/zhoujia/code/大数据期末实验/大模型助力大数据分析/呼吸道传染病监测与早期预警分析/data/raw/chinacdc_monthly/t20240726_287155_2700b808d51ac9bd.html
中国疾控中心全国法定传染病疫情情况,https://www.chinacdc.cn/jksj/jksj01/202407/t20240726_287155.html,2024年2月全国法定传染病疫情概况,2024,2,2024-02,全国,血吸虫病,甲乙类合计,0,0,5,0,,,2026-05-28 00:56:43,/Users/zhoujia/code/大数据期末实验/大模型助力大数据分析/呼吸道传染病监测与早期预警分析/data/raw/chinacdc_monthly/t20240726_287155_2700b808d51ac9bd.html
中国疾控中心全国法定传染病疫情情况,https://www.chinacdc.cn/jksj/jksj01/202407/t20240726_287155.html,2024年2月全国法定传染病疫情概况,2024,2,2024-02,全国,疟疾*****,甲乙类合计,0,0,215,2,,,2026-05-28 00:56:43,/Users/zhoujia/code/大数据期末实验/大模型助力大数据分析/呼吸道传染病监测与早期预警分析/data/raw/chinacdc_monthly/t20240726_287155_2700b808d51ac9bd.html
中国疾控中心全国法定传染病疫情情况,https://www.chinacdc.cn/jksj/jksj01/202407/t20240726_287155.html,2024年2月全国法定传染病疫情概况,2024,2,2024-02,全国,人感染H7N9禽流感,甲乙类合计,0,0,0,0,,,2026-05-28 00:56:43,/Users/zhoujia/code/大数据期末实验/大模型助力大数据分析/呼吸道传染病监测与早期预警分析/data/raw/chinacdc_monthly/t20240726_287155_2700b808d51ac9bd.html
中国疾控中心全国法定传染病疫情情况,https://www.chinacdc.cn/jksj/jksj01/202407/t20240726_287155.html,2024年2月全国法定传染病疫情概况,2024,2,2024-02,全国,猴痘******,甲乙类合计,0,0,70,0,,,2026-05-28 00:56:43,/Users/zhoujia/code/大数据期末实验/大模型助力大数据分析/呼吸道传染病监测与早期预警分析/data/raw/chinacdc_monthly/t20240726_287155_2700b808d51ac9bd.html
中国疾控中心全国法定传染病疫情情况,https://www.chinacdc.cn/jksj/jksj01/202407/t20240726_287155.html,2024年2月全国法定传染病疫情概况,2024,2,2024-02,全国,丙类传染病合计,丙类合计,0,1,1319042,0,,,2026-05-28 00:56:43,/Users/zhoujia/code/大数据期末实验/大模型助力大数据分析/呼吸道传染病监测与早期预警分析/data/raw/chinacdc_monthly/t20240726_287155_2700b808d51ac9bd.html
中国疾控中心全国法定传染病疫情情况,https://www.chinacdc.cn/jksj/jksj01/202407/t20240726_287155.html,2024年2月全国法定传染病疫情概况,2024,2,2024-02,全国,流行性感冒,丙类合计,1,0,1179029,0,,,2026-05-28 00:56:43,/Users/zhoujia/code/大数据期末实验/大模型助力大数据分析/呼吸道传染病监测与早期预警分析/data/raw/chinacdc_monthly/t20240726_287155_2700b808d51ac9bd.html
中国疾控中心全国法定传染病疫情情况,https://www.chinacdc.cn/jksj/jksj01/202407/t20240726_287155.html,2024年2月全国法定传染病疫情概况,2024,2,2024-02,全国,流行性腮腺炎,丙类合计,1,0,3344,0,,,2026-05-28 00:56:43,/Users/zhoujia/code/大数据期末实验/大模型助力大数据分析/呼吸道传染病监测与早期预警分析/data/raw/chinacdc_monthly/t20240726_287155_2700b808d51ac9bd.html
中国疾控中心全国法定传染病疫情情况,https://www.chinacdc.cn/jksj/jksj01/202407/t20240726_287155.html,2024年2月全国法定传染病疫情概况,2024,2,2024-02,全国,风疹,丙类合计,0,0,33,0,,,2026-05-28 00:56:43,/Users/zhoujia/code/大数据期末实验/大模型助力大数据分析/呼吸道传染病监测与早期预警分析/data/raw/chinacdc_monthly/t20240726_287155_2700b808d51ac9bd.html
中国疾控中心全国法定传染病疫情情况,https://www.chinacdc.cn/jksj/jksj01/202407/t20240726_287155.html,2024年2月全国法定传染病疫情概况,2024,2,2024-02,全国,急性出血性结膜炎,丙类合计,0,0,1856,0,,,2026-05-28 00:56:43,/Users/zhoujia/code/大数据期末实验/大模型助力大数据分析/呼吸道传染病监测与早期预警分析/data/raw/chinacdc_monthly/t20240726_287155_2700b808d51ac9bd.html
中国疾控中心全国法定传染病疫情情况,https://www.chinacdc.cn/jksj/jksj01/202407/t20240726_287155.html,2024年2月全国法定传染病疫情概况,2024,2,2024-02,全国,麻风病,丙类合计,0,0,24,0,,,2026-05-28 00:56:43,/Users/zhoujia/code/大数据期末实验/大模型助力大数据分析/呼吸道传染病监测与早期预警分析/data/raw/chinacdc_monthly/t20240726_287155_2700b808d51ac9bd.html
中国疾控中心全国法定传染病疫情情况,https://www.chinacdc.cn/jksj/jksj01/202407/t20240726_287155.html,2024年2月全国法定传染病疫情概况,2024,2,2024-02,全国,流行性和地方性斑疹伤寒,丙类合计,0,0,45,0,,,2026-05-28 00:56:43,/Users/zhoujia/code/大数据期末实验/大模型助力大数据分析/呼吸道传染病监测与早期预警分析/data/raw/chinacdc_monthly/t20240726_287155_2700b808d51ac9bd.html
中国疾控中心全国法定传染病疫情情况,https://www.chinacdc.cn/jksj/jksj01/202407/t20240726_287155.html,2024年2月全国法定传染病疫情概况,2024,2,2024-02,全国,黑热病,丙类合计,0,0,18,0,,,2026-05-28 00:56:43,/Users/zhoujia/code/大数据期末实验/大模型助力大数据分析/呼吸道传染病监测与早期预警分析/data/raw/chinacdc_monthly/t20240726_287155_2700b808d51ac9bd.html
中国疾控中心全国法定传染病疫情情况,https://www.chinacdc.cn/jksj/jksj01/202407/t20240726_287155.html,2024年2月全国法定传染病疫情概况,2024,2,2024-02,全国,包虫病,丙类合计,0,0,311,0,,,2026-05-28 00:56:43,/Users/zhoujia/code/大数据期末实验/大模型助力大数据分析/呼吸道传染病监测与早期预警分析/data/raw/chinacdc_monthly/t20240726_287155_2700b808d51ac9bd.html
中国疾控中心全国法定传染病疫情情况,https://www.chinacdc.cn/jksj/jksj01/202407/t20240726_287155.html,2024年2月全国法定传染病疫情概况,2024,2,2024-02,全国,丝虫病,丙类合计,0,0,0,0,,,2026-05-28 00:56:43,/Users/zhoujia/code/大数据期末实验/大模型助力大数据分析/呼吸道传染病监测与早期预警分析/data/raw/chinacdc_monthly/t20240726_287155_2700b808d51ac9bd.html
中国疾控中心全国法定传染病疫情情况,https://www.chinacdc.cn/jksj/jksj01/202407/t20240726_287155.html,2024年2月全国法定传染病疫情概况,2024,2,2024-02,全国,其他感染性腹泻病,丙类合计,0,0,125289,0,,,2026-05-28 00:56:43,/Users/zhoujia/code/大数据期末实验/大模型助力大数据分析/呼吸道传染病监测与早期预警分析/data/raw/chinacdc_monthly/t20240726_287155_2700b808d51ac9bd.html
中国疾控中心全国法定传染病疫情情况,https://www.chinacdc.cn/jksj/jksj01/202407/t20240726_287155.html,2024年2月全国法定传染病疫情概况,2024,2,2024-02,全国,手足口病,丙类合计,0,0,9093,0,,,2026-05-28 00:56:43,/Users/zhoujia/code/大数据期末实验/大模型助力大数据分析/呼吸道传染病监测与早期预警分析/data/raw/chinacdc_monthly/t20240726_287155_2700b808d51ac9bd.html
中国疾控中心全国法定传染病疫情情况,https://www.chinacdc.cn/jksj/jksj01/202407/t20240726_287154.html,2024年1月全国法定传染病疫情概况,2024,1,2024-01,全国,甲乙丙类总计,甲乙丙类总计,0,1,3427657,2198,,,2026-05-28 00:56:43,/Users/zhoujia/code/大数据期末实验/大模型助力大数据分析/呼吸道传染病监测与早期预警分析/data/raw/chinacdc_monthly/t20240726_287154_2b446df8385df402.html
中国疾控中心全国法定传染病疫情情况,https://www.chinacdc.cn/jksj/jksj01/202407/t20240726_287154.html,2024年1月全国法定传染病疫情概况,2024,1,2024-01,全国,甲乙类传染病合计,甲乙类合计,0,1,317479,2195,,,2026-05-28 00:56:43,/Users/zhoujia/code/大数据期末实验/大模型助力大数据分析/呼吸道传染病监测与早期预警分析/data/raw/chinacdc_monthly/t20240726_287154_2b446df8385df402.html
中国疾控中心全国法定传染病疫情情况,https://www.chinacdc.cn/jksj/jksj01/202407/t20240726_287154.html,2024年1月全国法定传染病疫情概况,2024,1,2024-01,全国,鼠疫,甲乙类合计,0,0,0,0,,,2026-05-28 00:56:43,/Users/zhoujia/code/大数据期末实验/大模型助力大数据分析/呼吸道传染病监测与早期预警分析/data/raw/chinacdc_monthly/t20240726_287154_2b446df8385df402.html
中国疾控中心全国法定传染病疫情情况,https://www.chinacdc.cn/jksj/jksj01/202407/t20240726_287154.html,2024年1月全国法定传染病疫情概况,2024,1,2024-01,全国,霍乱,甲乙类合计,0,0,0,0,,,2026-05-28 00:56:43,/Users/zhoujia/code/大数据期末实验/大模型助力大数据分析/呼吸道传染病监测与早期预警分析/data/raw/chinacdc_monthly/t20240726_287154_2b446df8385df402.html
中国疾控中心全国法定传染病疫情情况,https://www.chinacdc.cn/jksj/jksj01/202407/t20240726_287154.html,2024年1月全国法定传染病疫情概况,2024,1,2024-01,全国,传染性非典型肺炎,甲乙类合计,0,0,0,0,,,2026-05-28 00:56:43,/Users/zhoujia/code/大数据期末实验/大模型助力大数据分析/呼吸道传染病监测与早期预警分析/data/raw/chinacdc_monthly/t20240726_287154_2b446df8385df402.html
中国疾控中心全国法定传染病疫情情况,https://www.chinacdc.cn/jksj/jksj01/202407/t20240726_287154.html,2024年1月全国法定传染病疫情概况,2024,1,2024-01,全国,艾滋病**,甲乙类合计,0,0,3194,1730,,,2026-05-28 00:56:43,/Users/zhoujia/code/大数据期末实验/大模型助力大数据分析/呼吸道传染病监测与早期预警分析/data/raw/chinacdc_monthly/t20240726_287154_2b446df8385df402.html
中国疾控中心全国法定传染病疫情情况,https://www.chinacdc.cn/jksj/jksj01/202407/t20240726_287154.html,2024年1月全国法定传染病疫情概况,2024,1,2024-01,全国,病毒性肝炎***,甲乙类合计,0,0,159136,53,,,2026-05-28 00:56:43,/Users/zhoujia/code/大数据期末实验/大模型助力大数据分析/呼吸道传染病监测与早期预警分析/data/raw/chinacdc_monthly/t20240726_287154_2b446df8385df402.html
中国疾控中心全国法定传染病疫情情况,https://www.chinacdc.cn/jksj/jksj01/202407/t20240726_287154.html,2024年1月全国法定传染病疫情概况,2024,1,2024-01,全国,甲型肝炎,甲乙类合计,0,0,1002,0,,,2026-05-28 00:56:43,/Users/zhoujia/code/大数据期末实验/大模型助力大数据分析/呼吸道传染病监测与早期预警分析/data/raw/chinacdc_monthly/t20240726_287154_2b446df8385df402.html
中国疾控中心全国法定传染病疫情情况,https://www.chinacdc.cn/jksj/jksj01/202407/t20240726_287154.html,2024年1月全国法定传染病疫情概况,2024,1,2024-01,全国,乙型肝炎,甲乙类合计,0,0,135873,26,,,2026-05-28 00:56:43,/Users/zhoujia/code/大数据期末实验/大模型助力大数据分析/呼吸道传染病监测与早期预警分析/data/raw/chinacdc_monthly/t20240726_287154_2b446df8385df402.html
中国疾控中心全国法定传染病疫情情况,https://www.chinacdc.cn/jksj/jksj01/202407/t20240726_287154.html,2024年1月全国法定传染病疫情概况,2024,1,2024-01,全国,丙型肝炎,甲乙类合计,0,0,18610,23,,,2026-05-28 00:56:43,/Users/zhoujia/code/大数据期末实验/大模型助力大数据分析/呼吸道传染病监测与早期预警分析/data/raw/chinacdc_monthly/t20240726_287154_2b446df8385df402.html
中国疾控中心全国法定传染病疫情情况,https://www.chinacdc.cn/jksj/jksj01/202407/t20240726_287154.html,2024年1月全国法定传染病疫情概况,2024,1,2024-01,全国,丁型肝炎,甲乙类合计,0,0,25,0,,,2026-05-28 00:56:43,/Users/zhoujia/code/大数据期末实验/大模型助力大数据分析/呼吸道传染病监测与早期预警分析/data/raw/chinacdc_monthly/t20240726_287154_2b446df8385df402.html
中国疾控中心全国法定传染病疫情情况,https://www.chinacdc.cn/jksj/jksj01/202407/t20240726_287154.html,2024年1月全国法定传染病疫情概况,2024,1,2024-01,全国,戊型肝炎,甲乙类合计,0,0,2996,4,,,2026-05-28 00:56:43,/Users/zhoujia/code/大数据期末实验/大模型助力大数据分析/呼吸道传染病监测与早期预警分析/data/raw/chinacdc_monthly/t20240726_287154_2b446df8385df402.html
中国疾控中心全国法定传染病疫情情况,https://www.chinacdc.cn/jksj/jksj01/202407/t20240726_287154.html,2024年1月全国法定传染病疫情概况,2024,1,2024-01,全国,未分型肝炎,甲乙类合计,0,0,630,0,,,2026-05-28 00:56:43,/Users/zhoujia/code/大数据期末实验/大模型助力大数据分析/呼吸道传染病监测与早期预警分析/data/raw/chinacdc_monthly/t20240726_287154_2b446df8385df402.html
中国疾控中心全国法定传染病疫情情况,https://www.chinacdc.cn/jksj/jksj01/202407/t20240726_287154.html,2024年1月全国法定传染病疫情概况,2024,1,2024-01,全国,脊髓灰质炎,甲乙类合计,0,0,0,0,,,2026-05-28 00:56:43,/Users/zhoujia/code/大数据期末实验/大模型助力大数据分析/呼吸道传染病监测与早期预警分析/data/raw/chinacdc_monthly/t20240726_287154_2b446df8385df402.html
中国疾控中心全国法定传染病疫情情况,https://www.chinacdc.cn/jksj/jksj01/202407/t20240726_287154.html,2024年1月全国法定传染病疫情概况,2024,1,2024-01,全国,人感染高致病性禽流感,甲乙类合计,0,0,0,0,,,2026-05-28 00:56:43,/Users/zhoujia/code/大数据期末实验/大模型助力大数据分析/呼吸道传染病监测与早期预警分析/data/raw/chinacdc_monthly/t20240726_287154_2b446df8385df402.html
中国疾控中心全国法定传染病疫情情况,https://www.chinacdc.cn/jksj/jksj01/202407/t20240726_287154.html,2024年1月全国法定传染病疫情概况,2024,1,2024-01,全国,麻疹,甲乙类合计,1,0,51,0,,,2026-05-28 00:56:43,/Users/zhoujia/code/大数据期末实验/大模型助力大数据分析/呼吸道传染病监测与早期预警分析/data/raw/chinacdc_monthly/t20240726_287154_2b446df8385df402.html
中国疾控中心全国法定传染病疫情情况,https://www.chinacdc.cn/jksj/jksj01/202407/t20240726_287154.html,2024年1月全国法定传染病疫情概况,2024,1,2024-01,全国,流行性出血热,甲乙类合计,0,0,511,1,,,2026-05-28 00:56:43,/Users/zhoujia/code/大数据期末实验/大模型助力大数据分析/呼吸道传染病监测与早期预警分析/data/raw/chinacdc_monthly/t20240726_287154_2b446df8385df402.html
中国疾控中心全国法定传染病疫情情况,https://www.chinacdc.cn/jksj/jksj01/202407/t20240726_287154.html,2024年1月全国法定传染病疫情概况,2024,1,2024-01,全国,狂犬病,甲乙类合计,0,0,15,11,,,2026-05-28 00:56:43,/Users/zhoujia/code/大数据期末实验/大模型助力大数据分析/呼吸道传染病监测与早期预警分析/data/raw/chinacdc_monthly/t20240726_287154_2b446df8385df402.html
中国疾控中心全国法定传染病疫情情况,https://www.chinacdc.cn/jksj/jksj01/202407/t20240726_287154.html,2024年1月全国法定传染病疫情概况,2024,1,2024-01,全国,流行性乙型脑炎,甲乙类合计,0,0,3,1,,,2026-05-28 00:56:43,/Users/zhoujia/code/大数据期末实验/大模型助力大数据分析/呼吸道传染病监测与早期预警分析/data/raw/chinacdc_monthly/t20240726_287154_2b446df8385df402.html
中国疾控中心全国法定传染病疫情情况,https://www.chinacdc.cn/jksj/jksj01/202407/t20240726_287154.html,2024年1月全国法定传染病疫情概况,2024,1,2024-01,全国,登革热,甲乙类合计,0,0,27,0,,,2026-05-28 00:56:43,/Users/zhoujia/code/大数据期末实验/大模型助力大数据分析/呼吸道传染病监测与早期预警分析/data/raw/chinacdc_monthly/t20240726_287154_2b446df8385df402.html
中国疾控中心全国法定传染病疫情情况,https://www.chinacdc.cn/jksj/jksj01/202407/t20240726_287154.html,2024年1月全国法定传染病疫情概况,2024,1,2024-01,全国,炭疽,甲乙类合计,0,0,7,0,,,2026-05-28 00:56:43,/Users/zhoujia/code/大数据期末实验/大模型助力大数据分析/呼吸道传染病监测与早期预警分析/data/raw/chinacdc_monthly/t20240726_287154_2b446df8385df402.html
中国疾控中心全国法定传染病疫情情况,https://www.chinacdc.cn/jksj/jksj01/202407/t20240726_287154.html,2024年1月全国法定传染病疫情概况,2024,1,2024-01,全国,细菌性和阿米巴性痢疾,甲乙类合计,0,0,1689,0,,,2026-05-28 00:56:43,/Users/zhoujia/code/大数据期末实验/大模型助力大数据分析/呼吸道传染病监测与早期预警分析/data/raw/chinacdc_monthly/t20240726_287154_2b446df8385df402.html
中国疾控中心全国法定传染病疫情情况,https://www.chinacdc.cn/jksj/jksj01/202407/t20240726_287154.html,2024年1月全国法定传染病疫情概况,2024,1,2024-01,全国,肺结核****,甲乙类合计,0,0,60660,383,,,2026-05-28 00:56:43,/Users/zhoujia/code/大数据期末实验/大模型助力大数据分析/呼吸道传染病监测与早期预警分析/data/raw/chinacdc_monthly/t20240726_287154_2b446df8385df402.html
中国疾控中心全国法定传染病疫情情况,https://www.chinacdc.cn/jksj/jksj01/202407/t20240726_287154.html,2024年1月全国法定传染病疫情概况,2024,1,2024-01,全国,伤寒和副伤寒,甲乙类合计,0,0,285,0,,,2026-05-28 00:56:43,/Users/zhoujia/code/大数据期末实验/大模型助力大数据分析/呼吸道传染病监测与早期预警分析/data/raw/chinacdc_monthly/t20240726_287154_2b446df8385df402.html
中国疾控中心全国法定传染病疫情情况,https://www.chinacdc.cn/jksj/jksj01/202407/t20240726_287154.html,2024年1月全国法定传染病疫情概况,2024,1,2024-01,全国,流行性脑脊髓膜炎,甲乙类合计,0,0,17,1,,,2026-05-28 00:56:43,/Users/zhoujia/code/大数据期末实验/大模型助力大数据分析/呼吸道传染病监测与早期预警分析/data/raw/chinacdc_monthly/t20240726_287154_2b446df8385df402.html
中国疾控中心全国法定传染病疫情情况,https://www.chinacdc.cn/jksj/jksj01/202407/t20240726_287154.html,2024年1月全国法定传染病疫情概况,2024,1,2024-01,全国,百日咳,甲乙类合计,1,0,15275,5,,,2026-05-28 00:56:43,/Users/zhoujia/code/大数据期末实验/大模型助力大数据分析/呼吸道传染病监测与早期预警分析/data/raw/chinacdc_monthly/t20240726_287154_2b446df8385df402.html
中国疾控中心全国法定传染病疫情情况,https://www.chinacdc.cn/jksj/jksj01/202407/t20240726_287154.html,2024年1月全国法定传染病疫情概况,2024,1,2024-01,全国,白喉,甲乙类合计,0,0,0,0,,,2026-05-28 00:56:43,/Users/zhoujia/code/大数据期末实验/大模型助力大数据分析/呼吸道传染病监测与早期预警分析/data/raw/chinacdc_monthly/t20240726_287154_2b446df8385df402.html
中国疾控中心全国法定传染病疫情情况,https://www.chinacdc.cn/jksj/jksj01/202407/t20240726_287154.html,2024年1月全国法定传染病疫情概况,2024,1,2024-01,全国,新生儿破伤风,甲乙类合计,0,0,2,0,,,2026-05-28 00:56:43,/Users/zhoujia/code/大数据期末实验/大模型助力大数据分析/呼吸道传染病监测与早期预警分析/data/raw/chinacdc_monthly/t20240726_287154_2b446df8385df402.html
中国疾控中心全国法定传染病疫情情况,https://www.chinacdc.cn/jksj/jksj01/202407/t20240726_287154.html,2024年1月全国法定传染病疫情概况,2024,1,2024-01,全国,猩红热,甲乙类合计,1,0,6255,0,,,2026-05-28 00:56:43,/Users/zhoujia/code/大数据期末实验/大模型助力大数据分析/呼吸道传染病监测与早期预警分析/data/raw/chinacdc_monthly/t20240726_287154_2b446df8385df402.html
中国疾控中心全国法定传染病疫情情况,https://www.chinacdc.cn/jksj/jksj01/202407/t20240726_287154.html,2024年1月全国法定传染病疫情概况,2024,1,2024-01,全国,布鲁氏菌病,甲乙类合计,0,0,4207,0,,,2026-05-28 00:56:43,/Users/zhoujia/code/大数据期末实验/大模型助力大数据分析/呼吸道传染病监测与早期预警分析/data/raw/chinacdc_monthly/t20240726_287154_2b446df8385df402.html
中国疾控中心全国法定传染病疫情情况,https://www.chinacdc.cn/jksj/jksj01/202407/t20240726_287154.html,2024年1月全国法定传染病疫情概况,2024,1,2024-01,全国,淋病,甲乙类合计,0,0,9112,1,,,2026-05-28 00:56:43,/Users/zhoujia/code/大数据期末实验/大模型助力大数据分析/呼吸道传染病监测与早期预警分析/data/raw/chinacdc_monthly/t20240726_287154_2b446df8385df402.html
中国疾控中心全国法定传染病疫情情况,https://www.chinacdc.cn/jksj/jksj01/202407/t20240726_287154.html,2024年1月全国法定传染病疫情概况,2024,1,2024-01,全国,梅毒,甲乙类合计,0,0,56658,6,,,2026-05-28 00:56:43,/Users/zhoujia/code/大数据期末实验/大模型助力大数据分析/呼吸道传染病监测与早期预警分析/data/raw/chinacdc_monthly/t20240726_287154_2b446df8385df402.html
中国疾控中心全国法定传染病疫情情况,https://www.chinacdc.cn/jksj/jksj01/202407/t20240726_287154.html,2024年1月全国法定传染病疫情概况,2024,1,2024-01,全国,钩端螺旋体病,甲乙类合计,0,0,19,0,,,2026-05-28 00:56:43,/Users/zhoujia/code/大数据期末实验/大模型助力大数据分析/呼吸道传染病监测与早期预警分析/data/raw/chinacdc_monthly/t20240726_287154_2b446df8385df402.html
中国疾控中心全国法定传染病疫情情况,https://www.chinacdc.cn/jksj/jksj01/202407/t20240726_287154.html,2024年1月全国法定传染病疫情概况,2024,1,2024-01,全国,血吸虫病,甲乙类合计,0,0,5,0,,,2026-05-28 00:56:43,/Users/zhoujia/code/大数据期末实验/大模型助力大数据分析/呼吸道传染病监测与早期预警分析/data/raw/chinacdc_monthly/t20240726_287154_2b446df8385df402.html
中国疾控中心全国法定传染病疫情情况,https://www.chinacdc.cn/jksj/jksj01/202407/t20240726_287154.html,2024年1月全国法定传染病疫情概况,2024,1,2024-01,全国,疟疾*****,甲乙类合计,0,0,254,3,,,2026-05-28 00:56:43,/Users/zhoujia/code/大数据期末实验/大模型助力大数据分析/呼吸道传染病监测与早期预警分析/data/raw/chinacdc_monthly/t20240726_287154_2b446df8385df402.html
中国疾控中心全国法定传染病疫情情况,https://www.chinacdc.cn/jksj/jksj01/202407/t20240726_287154.html,2024年1月全国法定传染病疫情概况,2024,1,2024-01,全国,人感染H7N9禽流感,甲乙类合计,0,0,0,0,,,2026-05-28 00:56:43,/Users/zhoujia/code/大数据期末实验/大模型助力大数据分析/呼吸道传染病监测与早期预警分析/data/raw/chinacdc_monthly/t20240726_287154_2b446df8385df402.html
中国疾控中心全国法定传染病疫情情况,https://www.chinacdc.cn/jksj/jksj01/202407/t20240726_287154.html,2024年1月全国法定传染病疫情概况,2024,1,2024-01,全国,猴痘******,甲乙类合计,0,0,97,0,,,2026-05-28 00:56:43,/Users/zhoujia/code/大数据期末实验/大模型助力大数据分析/呼吸道传染病监测与早期预警分析/data/raw/chinacdc_monthly/t20240726_287154_2b446df8385df402.html
中国疾控中心全国法定传染病疫情情况,https://www.chinacdc.cn/jksj/jksj01/202407/t20240726_287154.html,2024年1月全国法定传染病疫情概况,2024,1,2024-01,全国,丙类传染病合计,丙类合计,0,1,3110178,3,,,2026-05-28 00:56:43,/Users/zhoujia/code/大数据期末实验/大模型助力大数据分析/呼吸道传染病监测与早期预警分析/data/raw/chinacdc_monthly/t20240726_287154_2b446df8385df402.html
中国疾控中心全国法定传染病疫情情况,https://www.chinacdc.cn/jksj/jksj01/202407/t20240726_287154.html,2024年1月全国法定传染病疫情概况,2024,1,2024-01,全国,流行性感冒,丙类合计,1,0,2988914,3,,,2026-05-28 00:56:43,/Users/zhoujia/code/大数据期末实验/大模型助力大数据分析/呼吸道传染病监测与早期预警分析/data/raw/chinacdc_monthly/t20240726_287154_2b446df8385df402.html
中国疾控中心全国法定传染病疫情情况,https://www.chinacdc.cn/jksj/jksj01/202407/t20240726_287154.html,2024年1月全国法定传染病疫情概况,2024,1,2024-01,全国,流行性腮腺炎,丙类合计,1,0,5272,0,,,2026-05-28 00:56:43,/Users/zhoujia/code/大数据期末实验/大模型助力大数据分析/呼吸道传染病监测与早期预警分析/data/raw/chinacdc_monthly/t20240726_287154_2b446df8385df402.html
中国疾控中心全国法定传染病疫情情况,https://www.chinacdc.cn/jksj/jksj01/202407/t20240726_287154.html,2024年1月全国法定传染病疫情概况,2024,1,2024-01,全国,风疹,丙类合计,0,0,45,0,,,2026-05-28 00:56:43,/Users/zhoujia/code/大数据期末实验/大模型助力大数据分析/呼吸道传染病监测与早期预警分析/data/raw/chinacdc_monthly/t20240726_287154_2b446df8385df402.html
中国疾控中心全国法定传染病疫情情况,https://www.chinacdc.cn/jksj/jksj01/202407/t20240726_287154.html,2024年1月全国法定传染病疫情概况,2024,1,2024-01,全国,急性出血性结膜炎,丙类合计,0,0,3039,0,,,2026-05-28 00:56:43,/Users/zhoujia/code/大数据期末实验/大模型助力大数据分析/呼吸道传染病监测与早期预警分析/data/raw/chinacdc_monthly/t20240726_287154_2b446df8385df402.html
中国疾控中心全国法定传染病疫情情况,https://www.chinacdc.cn/jksj/jksj01/202407/t20240726_287154.html,2024年1月全国法定传染病疫情概况,2024,1,2024-01,全国,麻风病,丙类合计,0,0,24,0,,,2026-05-28 00:56:43,/Users/zhoujia/code/大数据期末实验/大模型助力大数据分析/呼吸道传染病监测与早期预警分析/data/raw/chinacdc_monthly/t20240726_287154_2b446df8385df402.html
中国疾控中心全国法定传染病疫情情况,https://www.chinacdc.cn/jksj/jksj01/202407/t20240726_287154.html,2024年1月全国法定传染病疫情概况,2024,1,2024-01,全国,流行性和地方性斑疹伤寒,丙类合计,0,0,68,0,,,2026-05-28 00:56:43,/Users/zhoujia/code/大数据期末实验/大模型助力大数据分析/呼吸道传染病监测与早期预警分析/data/raw/chinacdc_monthly/t20240726_287154_2b446df8385df402.html
中国疾控中心全国法定传染病疫情情况,https://www.chinacdc.cn/jksj/jksj01/202407/t20240726_287154.html,2024年1月全国法定传染病疫情概况,2024,1,2024-01,全国,黑热病,丙类合计,0,0,33,0,,,2026-05-28 00:56:43,/Users/zhoujia/code/大数据期末实验/大模型助力大数据分析/呼吸道传染病监测与早期预警分析/data/raw/chinacdc_monthly/t20240726_287154_2b446df8385df402.html
中国疾控中心全国法定传染病疫情情况,https://www.chinacdc.cn/jksj/jksj01/202407/t20240726_287154.html,2024年1月全国法定传染病疫情概况,2024,1,2024-01,全国,包虫病,丙类合计,0,0,438,0,,,2026-05-28 00:56:43,/Users/zhoujia/code/大数据期末实验/大模型助力大数据分析/呼吸道传染病监测与早期预警分析/data/raw/chinacdc_monthly/t20240726_287154_2b446df8385df402.html
中国疾控中心全国法定传染病疫情情况,https://www.chinacdc.cn/jksj/jksj01/202407/t20240726_287154.html,2024年1月全国法定传染病疫情概况,2024,1,2024-01,全国,丝虫病,丙类合计,0,0,0,0,,,2026-05-28 00:56:43,/Users/zhoujia/code/大数据期末实验/大模型助力大数据分析/呼吸道传染病监测与早期预警分析/data/raw/chinacdc_monthly/t20240726_287154_2b446df8385df402.html
中国疾控中心全国法定传染病疫情情况,https://www.chinacdc.cn/jksj/jksj01/202407/t20240726_287154.html,2024年1月全国法定传染病疫情概况,2024,1,2024-01,全国,其他感染性腹泻病,丙类合计,0,0,85963,0,,,2026-05-28 00:56:43,/Users/zhoujia/code/大数据期末实验/大模型助力大数据分析/呼吸道传染病监测与早期预警分析/data/raw/chinacdc_monthly/t20240726_287154_2b446df8385df402.html
中国疾控中心全国法定传染病疫情情况,https://www.chinacdc.cn/jksj/jksj01/202407/t20240726_287154.html,2024年1月全国法定传染病疫情概况,2024,1,2024-01,全国,手足口病,丙类合计,0,0,26382,0,,,2026-05-28 00:56:43,/Users/zhoujia/code/大数据期末实验/大模型助力大数据分析/呼吸道传染病监测与早期预警分析/data/raw/chinacdc_monthly/t20240726_287154_2b446df8385df402.html
