region,city,period_month,days_count,avg_temperature,max_temperature,min_temperature,avg_humidity,precipitation_total,wind_speed
上海,上海,2018-01,31,3.8984,7.2871,0.861,81.3965,110.44,3.9874
上海,上海,2018-02,28,4.6129,9.1039,0.7796,79.0518,60.31,3.6557
上海,上海,2018-03,31,11.1348,16.13,6.7787,84.7755,78.7,4.0539
上海,上海,2018-04,30,16.6407,22.031,11.938,77.3063,85.04,4.1167
上海,上海,2018-05,31,22.1023,26.5352,18.1339,78.6548,165.77,3.869
上海,上海,2018-06,30,24.778,28.8333,21.3143,78.533,118.34,3.3753
上海,上海,2018-07,31,29.0829,32.7803,26.2539,80.0084,114.17,4.5335
上海,上海,2018-08,31,29.2226,32.4839,26.6945,80.4519,250.15,4.8039
上海,上海,2018-09,30,25.424,28.7477,22.6683,79.0413,171.27,3.029
上海,上海,2018-10,31,18.1942,22.5658,14.3887,72.0852,35.36,3.5068
上海,上海,2018-11,30,14.4893,18.223,11.2903,81.774,104.81,3.1903
上海,上海,2018-12,31,7.9432,11.2519,4.679,84.7319,141.45,4.3445
上海,上海,2019-01,31,5.6039,9.3016,2.4113,82.5774,69.83,3.1881
上海,上海,2019-02,28,5.8975,9.0832,2.6479,85.8407,162.71,3.8404
上海,上海,2019-03,31,10.4965,14.8581,6.7435,81.8397,74.33,3.4745
上海,上海,2019-04,30,16.1223,20.9783,11.7373,80.4897,89.46,3.5637
上海,上海,2019-05,31,20.2126,25.2235,15.7597,71.4658,63.58,3.5606
上海,上海,2019-06,30,24.1587,28.4607,20.6303,78.134,150.12,3.6467
上海,上海,2019-07,31,27.2484,30.74,24.4094,81.9352,192.54,3.6303
上海,上海,2019-08,31,28.5661,31.7942,25.8416,80.8665,298.1,3.7619
上海,上海,2019-09,30,24.288,27.7403,21.3023,80.465,191.99,3.6657
上海,上海,2019-10,31,19.5961,23.5471,16.3694,77.0894,136.83,3.2897
上海,上海,2019-11,30,14.1727,18.717,10.221,76.1747,53.43,3.662
上海,上海,2019-12,31,8.631,12.6461,4.8681,77.5984,80.94,3.6465
上海,上海,2020-01,31,6.8332,10.1877,3.7897,84.4416,135.47,3.8781
上海,上海,2020-02,29,8.0155,12.4786,3.9724,83.1676,67.78,3.6769
上海,上海,2020-03,31,11.4355,15.6877,7.3868,80.3658,165.77,3.9223
上海,上海,2020-04,30,14.555,19.4867,10.052,72.7287,46.67,3.5463
上海,上海,2020-05,31,21.909,26.3352,17.7794,78.0732,112.23,3.8865
上海,上海,2020-06,30,25.532,28.6743,22.5903,85.9793,410.78,3.525
上海,上海,2020-07,31,26.5858,29.1816,24.1819,87.7706,362.46,3.3442
上海,上海,2020-08,31,28.9874,32.1416,26.3929,83.6506,142.68,4.1297
上海,上海,2020-09,30,23.8963,27.206,21.0367,78.4403,199.51,3.081
上海,上海,2020-10,31,18.3771,22.2152,15.1597,76.9855,49.56,3.3955
上海,上海,2020-11,30,14.901,18.7727,11.677,80.059,55.31,3.5483
上海,上海,2020-12,31,6.6013,10.89,2.8906,76.2552,15.77,3.5442
上海,上海,2021-01,31,4.7674,9.6158,0.8371,73.6213,14.8,3.709
上海,上海,2021-02,28,9.3182,14.0721,5.2146,78.3357,61.27,3.6307
上海,上海,2021-03,31,11.6952,16.0774,7.7381,81.5677,127.16,3.7248
上海,上海,2021-04,30,16.1603,20.759,12.0237,75.859,67.32,3.862
上海,上海,2021-05,31,21.7787,26.3484,17.5019,76.7545,180.12,3.8877
上海,上海,2021-06,30,25.2627,29.2677,21.9273,81.049,148.49,3.421
上海,上海,2021-07,31,28.3013,31.06,26.0203,85.1216,458.38,5.2406
上海,上海,2021-08,31,28.0003,30.8165,25.6861,84.6723,284.36,3.1355
上海,上海,2021-09,30,26.057,29.4473,23.207,84.107,183.55,3.8033
上海,上海,2021-10,31,20.6655,24.2968,17.5987,80.07,91.15,3.8916
上海,上海,2021-11,30,13.1517,17.6927,9.0957,76.1947,64.11,3.6783
上海,上海,2021-12,31,7.4874,12.1061,3.5335,76.8803,6.68,3.2081
上海,上海,2022-01,31,5.9545,9.3932,2.9074,82.2874,61.74,3.5365
上海,上海,2022-02,28,4.9796,8.7761,1.735,78.7889,55.34,3.6793
上海,上海,2022-03,31,12.5158,17.6577,7.9877,79.7781,178.81,4.1423
上海,上海,2022-04,30,16.6607,21.7773,12.1113,76.2243,131.48,3.4517
上海,上海,2022-05,31,20.2703,24.8545,16.1523,75.8345,78.71,3.2797
上海,上海,2022-06,30,26.2213,30.33,22.5417,79.3597,146.5,3.492
上海,上海,2022-07,31,30.4081,33.9255,27.3148,78.1448,115.23,2.9045
上海,上海,2022-08,31,31.4342,36.0026,27.7403,70.3784,56.5,3.4352
上海,上海,2022-09,30,24.81,28.6703,21.611,76.3767,203.97,4.4487
上海,上海,2022-10,31,18.8881,23.3619,15.3765,73.769,35.55,4.3429
上海,上海,2022-11,30,16.2803,20.58,12.6557,79.4203,110.06,3.6467
上海,上海,2022-12,31,5.6623,9.6668,2.0832,73.5439,37.45,3.8181
上海,上海,2023-01,31,5.4026,10.5448,1.0465,74.9039,56.22,3.5697
上海,上海,2023-02,28,6.8804,11.1732,3.2511,80.9982,85.2,3.8161
上海,上海,2023-03,31,11.6171,16.9161,7.2687,76.3781,77.61,3.7006
上海,上海,2023-04,30,16.4873,21.4643,11.9707,76.0527,58.65,3.9777
上海,上海,2023-05,31,21.6103,26.4684,17.2845,74.6871,135.57,4.1365
上海,上海,2023-06,30,25.8013,29.786,22.402,78.8857,256.28,3.3003
上海,上海,2023-07,31,29.2532,32.2052,26.7803,84.1848,246.17,3.3848
上海,上海,2023-08,31,28.6665,31.9723,25.811,81.231,147.52,3.5452
上海,上海,2023-09,30,26.4287,29.7907,23.751,82.229,128.83,2.999
上海,上海,2023-10,31,20.3955,24.8,16.83,75.531,31.37,3.2758
上海,上海,2023-11,30,14.008,19.2387,9.291,72.8333,59.24,3.7877
上海,上海,2023-12,31,6.4781,11.3748,2.4839,74.3884,39.91,3.799
上海,上海,2024-01,31,5.3319,10.3758,1.4768,78.3106,41.61,3.6729
上海,上海,2024-02,29,6.3772,10.6334,2.5955,83.7086,196.66,4.5024
上海,上海,2024-03,31,11.0684,16.4039,6.4594,81.0255,80.46,3.8026
上海,上海,2024-04,30,16.5717,20.9403,12.7493,83.9063,200.57,3.7393
上海,上海,2024-05,31,20.4158,24.9897,16.2674,79.1268,110.92,3.8016
上海,上海,2024-06,30,24.6737,28.3377,21.571,82.721,356.7,3.301
上海,上海,2024-07,31,29.9868,33.2497,27.2097,82.9197,116.73,4.0639
上海,上海,2024-08,31,31.0077,34.9561,27.8958,78.1613,45.41,2.7729
上海,上海,2024-09,30,28.062,31.3653,25.4663,81.3497,254.81,4.3413
上海,上海,2024-10,31,20.3516,23.869,17.2568,81.4955,155.75,4.4629
上海,上海,2024-11,30,14.5843,18.5347,11.2247,80.9127,185.26,4.4033
上海,上海,2024-12,31,6.2703,10.7694,2.7139,77.6929,17.01,3.7871
上海,上海,2025-01,31,5.3097,10.3274,1.3516,74.5777,18.5,3.3155
上海,上海,2025-02,28,5.5214,10.0107,1.7318,74.9564,24.9,3.74
上海,上海,2025-03,31,11.6713,16.8065,6.9226,73.3726,80.52,4.1206
上海,上海,2025-04,30,17.916,24.2197,12.3333,69.4757,37.86,4.082
上海,上海,2025-05,31,22.0361,27.1816,17.6587,73.3758,175.06,4.1742
上海,上海,2025-06,30,25.698,29.5993,22.1837,83.3187,344.3,3.4683
上海,上海,2025-07,31,28.9932,31.9929,26.51,84.0155,364.01,5.2768
上海,上海,2025-08,31,30.2265,33.5161,27.3845,80.649,81.23,2.92
上海,上海,2025-09,30,28.1367,31.42,25.299,81.791,165.54,2.6787
上海,上海,2025-10,31,22.5981,26.3503,19.5194,78.9352,60.75,4.0997
上海,上海,2025-11,30,13.5117,18.4693,9.3867,71.166,18.33,3.797
上海,上海,2025-12,31,9.0523,14.0781,4.7487,73.28,8.33,3.8306
上海,上海,2026-01,31,5.4035,10.7016,1.1523,72.599,36.29,4.1629
上海,上海,2026-02,28,8.0757,13.2357,3.5743,74.7721,68.99,3.685
上海,上海,2026-03,31,11.0019,15.6919,7.2887,79.5432,81.42,3.7365
上海,上海,2026-04,30,16.829,21.87,12.4603,77.4977,97.52,4.099
上海,上海,2026-05,27,20.8348,25.9867,16.4952,79.4814,95.95,3.0186
云南,昆明,2018-01,31,7.5487,14.9635,2.2529,76.7306,26.85,2.7635
云南,昆明,2018-02,28,9.3918,17.1161,3.4111,71.1521,1.32,3.1236
云南,昆明,2018-03,31,13.1106,20.7155,6.7481,67.1148,30.83,2.8606
云南,昆明,2018-04,30,16.0483,22.7587,9.933,67.4543,34.33,3.0003
云南,昆明,2018-05,31,18.7284,24.9465,13.1048,69.5516,102.36,3.0226
云南,昆明,2018-06,30,20.152,25.5177,15.8083,77.6143,207.71,2.3233
云南,昆明,2018-07,31,20.9887,26.3026,16.5387,76.1019,127.61,1.9532
云南,昆明,2018-08,31,20.2135,25.8142,15.679,77.0606,184.07,1.6955
云南,昆明,2018-09,30,18.9583,24.7327,14.4793,79.0833,81.93,2.0227
云南,昆明,2018-10,31,15.0694,20.9642,10.8061,80.3935,57.19,2.2258
云南,昆明,2018-11,30,11.9143,19.4767,6.2833,73.8013,0.1,2.2513
云南,昆明,2018-12,31,9.5135,16.7013,4.6248,79.8913,28.78,2.4342
云南,昆明,2019-01,31,8.8035,16.2516,3.5235,77.6603,40.94,2.49
云南,昆明,2019-02,28,10.8657,19.2289,4.0286,65.9739,4.37,3.3168
云南,昆明,2019-03,31,13.3597,21.2771,6.5626,62.7094,4.62,3.3213
云南,昆明,2019-04,30,17.917,25.6607,10.8603,55.7743,8.06,3.4433
云南,昆明,2019-05,31,21.7019,29.1445,14.5029,53.2784,16.32,3.1761
云南,昆明,2019-06,30,22.194,27.9373,17.2273,68.7267,94.53,3.0033
云南,昆明,2019-07,31,20.8132,26.0335,16.6894,77.4677,248.2,2.3468
云南,昆明,2019-08,31,21.541,27.8048,16.1939,72.2319,99.08,1.8355
云南,昆明,2019-09,30,18.505,24.646,13.5857,74.7997,124.21,1.975
云南,昆明,2019-10,31,16.7332,23.0252,11.8523,76.7584,60.26,2.1532
云南,昆明,2019-11,30,13.1577,20.199,7.9913,76.797,11.26,2.353
云南,昆明,2019-12,31,7.3755,15.0945,1.3416,71.6929,10.6,2.4052
云南,昆明,2020-01,31,8.5458,16.0165,2.6232,70.7652,40.2,2.921
云南,昆明,2020-02,29,10.0703,17.2124,4.4221,71.2141,24.77,2.8014
云南,昆明,2020-03,31,14.6252,22.5816,7.739,58.4797,8.99,3.329
云南,昆明,2020-04,30,15.5247,22.3817,9.3333,62.8017,50.11,2.9653
云南,昆明,2020-05,31,20.4913,27.3181,13.9174,60.2381,35.68,3.0726
云南,昆明,2020-06,30,22.2307,28.565,16.7953,67.9483,112.93,3.1833
云南,昆明,2020-07,31,20.8735,26.2997,16.5545,76.9826,261.94,2.9558
云南,昆明,2020-08,31,20.6732,26.3919,16.2461,76.6655,221.96,2.3139
云南,昆明,2020-09,30,19.6447,25.3437,15.335,79.0997,90.39,2.147
云南,昆明,2020-10,31,16.0026,22.5458,11.1919,78.1861,31.05,2.319
云南,昆明,2020-11,30,12.5313,20.0087,6.834,74.665,8.68,2.115
云南,昆明,2020-12,31,8.7445,15.8226,3.82,79.3897,7.23,2.6245
云南,昆明,2021-01,31,7.6497,15.1929,2.17,76.1877,3.15,2.7103
云南,昆明,2021-02,28,10.3079,17.9332,4.3839,69.1811,21.71,2.6218
云南,昆明,2021-03,31,14.1755,22.3371,6.9823,56.2916,4.39,3.4258
云南,昆明,2021-04,30,17.0887,24.4067,10.411,60.2127,46.82,2.8407
云南,昆明,2021-05,31,20.3823,27.1052,14.0429,63.8077,60.06,3.4203
云南,昆明,2021-06,30,20.972,26.47,16.4117,74.7507,240.12,2.5763
云南,昆明,2021-07,31,20.6339,25.8,16.4352,76.6213,201.06,2.2545
云南,昆明,2021-08,31,20.4755,25.7868,16.1555,78.6281,170.86,2.1935
云南,昆明,2021-09,30,19.169,24.7783,14.857,78.1757,142.54,1.887
云南,昆明,2021-10,31,16.0426,22.0848,11.5035,80.3197,55.79,2.6697
云南,昆明,2021-11,30,11.419,18.0313,6.3357,79.4303,28.36,2.3637
云南,昆明,2021-12,31,8.6248,15.1542,4.1635,82.4481,22.25,2.0726
云南,昆明,2022-01,31,8.3219,14.6223,3.4381,78.6845,21.79,2.6823
云南,昆明,2022-02,28,8.1404,15.7964,2.0254,68.6554,31.55,3.2014
云南,昆明,2022-03,31,15.1029,22.9719,8.3535,62.1442,24.02,3.1926
云南,昆明,2022-04,30,15.708,22.5453,9.4383,68.495,49.54,2.9857
云南,昆明,2022-05,31,17.8361,23.6242,12.8623,74.9981,140.29,2.5577
云南,昆明,2022-06,30,19.7147,24.9893,15.5797,78.6717,149.42,2.863
云南,昆明,2022-07,31,21.07,26.6397,16.4174,75.87,125.7,2.0187
云南,昆明,2022-08,31,21.041,26.7426,16.4281,76.7094,192.75,2.0142
云南,昆明,2022-09,30,18.3933,23.7093,14.4453,80.8137,209.75,2.056
云南,昆明,2022-10,31,15.8897,21.8606,11.4006,80.4187,32.91,2.2819
云南,昆明,2022-11,30,12.691,20.644,6.784,72.0257,1.47,2.1317
云南,昆明,2022-12,31,8.4926,14.9148,4.0661,80.9929,11.75,2.5503
云南,昆明,2023-01,31,7.8284,15.7745,2.1329,72.8448,1.22,2.6542
云南,昆明,2023-02,28,10.8382,18.3389,4.9607,69.7889,1.99,3.0071
云南,昆明,2023-03,31,13.6574,20.9968,7.5765,65.1219,4.1,3.2971
云南,昆明,2023-04,30,17.867,25.9163,10.631,54.5037,2.05,3.5073
云南,昆明,2023-05,31,20.7058,28.1081,13.6458,57.7077,20.91,3.3842
云南,昆明,2023-06,30,21.1343,26.6627,16.5667,71.965,97.34,2.456
云南,昆明,2023-07,31,21.3994,27.3255,16.4719,72.1229,154.38,2.729
云南,昆明,2023-08,31,20.6681,26.1358,16.5535,79.0194,329.03,1.6671
云南,昆明,2023-09,30,19.5427,25.6827,14.656,76.101,82.72,1.931
云南,昆明,2023-10,31,17.0039,23.1823,12.3881,78.1661,68.23,2.0403
云南,昆明,2023-11,30,12.8663,19.5337,7.9107,76.3693,9.37,2.0733
云南,昆明,2023-12,31,10.0506,16.5387,5.349,80.1239,19.01,2.5374
云南,昆明,2024-01,31,8.3068,14.9935,3.3168,75.7829,24.19,2.4997
云南,昆明,2024-02,29,10.7062,18.2724,4.0931,66.9369,3.22,3.5407
云南,昆明,2024-03,31,14.3742,22.2223,7.4819,57.7468,4.72,3.5655
云南,昆明,2024-04,30,18.597,26.2867,11.453,54.4277,3.99,3.9047
云南,昆明,2024-05,31,19.561,26.2816,14.0019,66.0923,65.08,2.7568
云南,昆明,2024-06,30,21.244,26.9673,16.8937,75.638,220.32,2.7163
云南,昆明,2024-07,31,21.7123,27.2755,17.3155,75.379,151.55,2.5906
云南,昆明,2024-08,31,21.2423,27.3813,16.4061,74.3203,116.26,1.79
云南,昆明,2024-09,30,19.616,25.3863,15.1793,77.863,140.37,2.2273
云南,昆明,2024-10,31,16.5345,22.5929,11.9806,79.0045,75.54,2.2065
云南,昆明,2024-11,30,12.367,18.5563,8.0387,80.0243,73.79,2.058
云南,昆明,2024-12,31,9.4755,16.8019,4.5339,79.0729,0.83,2.5084
云南,昆明,2025-01,31,7.5461,14.7548,2.2881,77.9945,9.22,2.6484
云南,昆明,2025-02,28,10.2825,17.8464,4.2464,69.9846,10.54,3.2179
云南,昆明,2025-03,31,12.8519,20.1342,6.6377,65.8081,12.89,3.4855
云南,昆明,2025-04,30,17.19,23.732,11.2063,64.5607,23.66,3.0937
云南,昆明,2025-05,31,19.0703,25.2794,13.6468,70.1571,138.29,2.8719
云南,昆明,2025-06,30,20.362,25.8263,15.8447,75.7393,234.81,2.342
云南,昆明,2025-07,31,20.8894,26.3529,16.4452,77.1274,215.53,2.0968
云南,昆明,2025-08,31,20.3381,26.0655,15.9229,78.3668,222.31,2.0994
云南,昆明,2025-09,30,19.1613,24.448,15.1497,81.1287,142.42,2.1933
云南,昆明,2025-10,31,16.7735,22.2397,12.8752,82.4219,86.25,2.2961
云南,昆明,2025-11,30,11.0243,17.6393,6.075,78.4907,90.9,2.1817
云南,昆明,2025-12,31,8.33,15.6084,3.4655,80.1645,6.22,2.1945
云南,昆明,2026-01,31,7.7261,15.3635,2.0361,75.0648,1.61,2.5032
云南,昆明,2026-02,28,10.4321,18.4586,4.0914,66.035,1.91,2.9171
云南,昆明,2026-03,31,13.1329,19.8674,7.2229,72.0884,32.78,3.1716
云南,昆明,2026-04,30,16.669,23.7227,10.1093,65.7213,51.57,3.4007
云南,昆明,2026-05,27,17.2681,22.4824,12.8119,77.1171,110.6,1.4938
内蒙古,呼和浩特,2018-01,31,-14.6987,-8.5806,-19.8265,63.0594,2.04,3.2245
内蒙古,呼和浩特,2018-02,28,-11.1311,-3.7093,-17.1889,53.7164,0.06,3.3632
内蒙古,呼和浩特,2018-03,31,2.7048,10.8884,-4.0158,45.7497,5.02,3.0952
内蒙古,呼和浩特,2018-04,30,7.4253,15.6787,-0.5197,45.593,33.64,4.0993
内蒙古,呼和浩特,2018-05,31,14.4932,22.5248,6.1165,42.1139,51.57,3.4035
内蒙古,呼和浩特,2018-06,30,19.6353,27.1113,11.9243,40.698,16.29,2.7547
内蒙古,呼和浩特,2018-07,31,21.3377,27.2655,15.6487,70.6868,208.25,2.2355
内蒙古,呼和浩特,2018-08,31,20.5932,26.5539,14.7455,65.1765,69.08,1.8713
内蒙古,呼和浩特,2018-09,30,10.2823,16.5943,4.422,66.7037,79.87,2.8513
内蒙古,呼和浩特,2018-10,31,2.9839,9.9632,-2.6968,60.4113,3.55,2.7365
内蒙古,呼和浩特,2018-11,30,-3.8433,2.3377,-8.4463,62.691,3.45,2.2267
内蒙古,呼和浩特,2018-12,31,-14.1152,-8.0035,-18.9713,65.0861,0.19,2.7316
内蒙古,呼和浩特,2019-01,31,-12.1094,-5.5061,-17.1023,60.7029,0,2.7581
内蒙古,呼和浩特,2019-02,28,-9.6714,-3.1496,-15.5939,58.3425,6.29,2.4868
内蒙古,呼和浩特,2019-03,31,-0.7094,5.7984,-6.109,46.7158,6.49,3.649
内蒙古,呼和浩特,2019-04,30,7.1297,15.661,-0.647,48.5113,24.11,3.4823
内蒙古,呼和浩特,2019-05,31,12.4542,20.129,4.1868,37.2745,22.27,3.5616
内蒙古,呼和浩特,2019-06,30,19.0673,26.3603,11.4753,48.3813,61.29,2.8007
内蒙古,呼和浩特,2019-07,31,20.1277,26.6832,13.3819,58.3806,109.26,2.1674
内蒙古,呼和浩特,2019-08,31,17.829,24.5187,11.3145,62.2319,104.15,2.34
内蒙古,呼和浩特,2019-09,30,14.9983,21.6553,8.8303,57.742,73.82,1.9287
内蒙古,呼和浩特,2019-10,31,4.7877,11.8055,-1.2703,61.0448,21.13,2.471
内蒙古,呼和浩特,2019-11,30,-3.0617,2.8563,-8.0973,63.307,14.93,2.5867
内蒙古,呼和浩特,2019-12,31,-11.7548,-5.5974,-16.3613,77.7861,5.06,2.5345
内蒙古,呼和浩特,2020-01,31,-11.0103,-4.6768,-15.6148,77.0429,4.74,1.911
内蒙古,呼和浩特,2020-02,29,-6.6338,0.4231,-12.1938,64.6769,0.77,2.8276
内蒙古,呼和浩特,2020-03,31,-0.8923,6.1119,-7.0603,50.9061,11.54,3.7313
内蒙古,呼和浩特,2020-04,30,5.2267,13.034,-2.216,36.4093,0.83,3.6903
内蒙古,呼和浩特,2020-05,31,13.2635,20.9206,5.4019,42.6874,28.01,3.7684
内蒙古,呼和浩特,2020-06,30,19.3017,26.6403,11.1587,44.203,47.31,2.8237
内蒙古,呼和浩特,2020-07,31,20.4661,26.9087,14.0084,62.2558,131,2.051
内蒙古,呼和浩特,2020-08,31,18.8303,25.2168,12.6145,66.9432,137.44,2.1623
内蒙古,呼和浩特,2020-09,30,12.1003,19.0487,5.5607,64.6653,43.44,2.4227
内蒙古,呼和浩特,2020-10,31,3.1277,10.3226,-2.6884,53.4516,7.87,2.6819
内蒙古,呼和浩特,2020-11,30,-3.5883,2.214,-8.1033,68.465,15.65,2.6803
内蒙古,呼和浩特,2020-12,31,-15.2155,-8.6277,-19.7587,77.6197,0.6,2.6826
内蒙古,呼和浩特,2021-01,31,-14.0397,-7.3177,-19.1494,72.2177,0.21,3.2965
内蒙古,呼和浩特,2021-02,28,-5.0068,2.1954,-10.9989,57.5621,5.13,3.2168
内蒙古,呼和浩特,2021-03,31,1.2384,8.0587,-4.5216,53.9948,17.78,3.1916
内蒙古,呼和浩特,2021-04,30,5.427,11.6867,-1.0137,52.3117,21.83,3.5667
内蒙古,呼和浩特,2021-05,31,11.7332,19.6968,3.28,43.5203,22.26,4.4823
内蒙古,呼和浩特,2021-06,30,18.0497,25.7487,10.2183,48.046,65.92,2.9357
内蒙古,呼和浩特,2021-07,31,21.5755,28.3365,15.0568,61.7468,102.03,2.2035
内蒙古,呼和浩特,2021-08,31,17.7048,24.5626,10.8335,59.7619,83.2,2.0213
内蒙古,呼和浩特,2021-09,30,14.7513,21.5347,8.4623,61.3393,35.3,2.326
内蒙古,呼和浩特,2021-10,31,4.0645,10.8345,-1.4916,57.6003,20.11,2.5006
内蒙古,呼和浩特,2021-11,30,-4.002,2.8243,-8.924,63.1647,9.42,3.3367
内蒙古,呼和浩特,2021-12,31,-10.4439,-3.5971,-15.3987,65.7668,0.55,2.9494
内蒙古,呼和浩特,2022-01,31,-10.7171,-4.4145,-15.441,71.8245,1.81,2.4468
内蒙古,呼和浩特,2022-02,28,-11.2071,-4.1286,-17.0282,62.4175,5.23,3.0214
内蒙古,呼和浩特,2022-03,31,-0.291,7.2842,-6.4958,52.8116,22.22,3.5703
内蒙古,呼和浩特,2022-04,30,6.493,14.9397,-1.7263,40.954,9.52,3.7877
内蒙古,呼和浩特,2022-05,31,12.8232,20.689,4.6932,37.1929,8.63,3.5974
内蒙古,呼和浩特,2022-06,30,19.442,27.029,11.4937,46.3133,52.56,3.1537
内蒙古,呼和浩特,2022-07,31,21.4065,28.6871,14.1852,53.5719,42.74,2.541
内蒙古,呼和浩特,2022-08,31,19.7768,26.7829,13.1297,59.2019,125.43,2.6429
内蒙古,呼和浩特,2022-09,30,14.0507,22.127,6.6927,52.0913,12.09,2.3703
内蒙古,呼和浩特,2022-10,31,4.6503,12.0058,-1.6287,54.3129,15.25,2.8935
内蒙古,呼和浩特,2022-11,30,-2.6167,3.039,-7.383,60.01,18.17,2.7167
内蒙古,呼和浩特,2022-12,31,-14.0197,-7.5042,-18.7774,61.0639,0.23,3.1739
内蒙古,呼和浩特,2023-01,31,-12.8139,-5.8971,-17.9939,68.201,2.75,3.1465
内蒙古,呼和浩特,2023-02,28,-6.725,-0.3879,-12.16,63.6682,9.15,2.8754
内蒙古,呼和浩特,2023-03,31,0.681,8.45,-5.6671,35.3765,2.43,3.3797
内蒙古,呼和浩特,2023-04,30,4.736,12.2557,-2.2797,49.6567,51.75,4.0813
内蒙古,呼和浩特,2023-05,31,12.8152,20.1981,5.0735,47.189,29.12,3.6477
内蒙古,呼和浩特,2023-06,30,19.2147,26.973,10.9787,40.83,32.23,3.2577
内蒙古,呼和浩特,2023-07,31,21.3058,28.3748,14.4258,54.8903,103.59,2.7977
内蒙古,呼和浩特,2023-08,31,20.9365,28.09,14.0197,55.0342,55.51,2.0723
内蒙古,呼和浩特,2023-09,30,15.0903,22.3153,8.7793,58.1087,34.28,2.4293
内蒙古,呼和浩特,2023-10,31,7.23,15.131,0.9932,49.4197,7.97,2.3439
内蒙古,呼和浩特,2023-11,30,-5.4593,0.9357,-10.5193,54.6343,3.53,3.3733
内蒙古,呼和浩特,2023-12,31,-12.2845,-5.9081,-16.8526,73.2261,9.62,2.961
内蒙古,呼和浩特,2024-01,31,-12.579,-5.41,-17.4971,74.3826,7.29,2.5552
内蒙古,呼和浩特,2024-02,29,-9.4807,-3.1248,-14.9883,68.4459,14.62,2.8714
内蒙古,呼和浩特,2024-03,31,-0.6416,6.6271,-7.4039,48.5423,6.86,3.4461
内蒙古,呼和浩特,2024-04,30,9.244,17.746,0.8727,44.0833,51.51,3.531
内蒙古,呼和浩特,2024-05,31,15.3216,23.3745,6.9713,41.8768,23.27,3.4071
内蒙古,呼和浩特,2024-06,30,18.704,25.6687,11.6487,52.487,71.73,2.675
内蒙古,呼和浩特,2024-07,31,22.1819,29.0016,15.4765,56.9223,110.46,2.1229
内蒙古,呼和浩特,2024-08,31,19.1774,25.1135,13.49,70.2613,148.43,2.211
内蒙古,呼和浩特,2024-09,30,13.062,18.545,7.6777,81.031,189.76,2.873
内蒙古,呼和浩特,2024-10,31,4.8797,10.7113,-0.8019,78.7548,44.05,2.5277
内蒙古,呼和浩特,2024-11,30,-1.6903,3.4893,-5.9967,79.3583,10.1,2.8117
内蒙古,呼和浩特,2024-12,31,-11.8774,-5.9468,-16.1997,79.7894,0.82,2.7997
内蒙古,呼和浩特,2025-01,31,-11.8303,-5.4332,-16.679,79.4758,3.48,2.7423
内蒙古,呼和浩特,2025-02,28,-11.6664,-4.6871,-17.6764,68.6336,0.35,3.2425
内蒙古,呼和浩特,2025-03,31,-1.3503,4.8516,-7.0577,60.4052,10.55,3.9713
内蒙古,呼和浩特,2025-04,30,5.4767,12.995,-1.804,51.2143,22.41,4.575
内蒙古,呼和浩特,2025-05,31,11.4103,18.8942,3.4481,56.5752,123.26,3.7723
内蒙古,呼和浩特,2025-06,30,17.7557,24.859,10.6803,54.666,32.84,2.6527
内蒙古,呼和浩特,2025-07,31,20.3652,25.9468,14.7974,73.4848,335.77,2.2706
内蒙古,呼和浩特,2025-08,31,18.4052,23.5503,13.0442,78.1726,183.59,1.9448
内蒙古,呼和浩特,2025-09,30,12.5903,18.513,7.0617,73.9133,63.29,2.1957
内蒙古,呼和浩特,2025-10,31,3.9632,9.4371,-0.3845,76.4297,55.83,2.0742
内蒙古,呼和浩特,2025-11,30,-4.0317,2.0047,-8.5997,74.5927,10.6,3.1057
内蒙古,呼和浩特,2025-12,31,-11.4748,-5.2145,-16.2232,79.8561,5.06,2.8423
内蒙古,呼和浩特,2026-01,31,-13.1077,-6.1432,-18.1187,73.8465,1.05,3.1855
内蒙古,呼和浩特,2026-02,28,-7.5689,-0.7286,-13.4232,65.3532,1.12,3.3532
内蒙古,呼和浩特,2026-03,31,-0.2258,6.4168,-5.8565,55.6187,5.18,3.0548
内蒙古,呼和浩特,2026-04,30,6.8033,14.7793,-0.8367,47.992,9.48,3.774
内蒙古,呼和浩特,2026-05,27,13.9919,20.91,6.8571,44.8424,76.27,2.6581
北京,北京,2018-01,31,-6.3597,-0.0113,-11.4061,47.3926,1.33,2.6213
北京,北京,2018-02,28,-3.4418,3.8289,-8.9375,44.7143,0,2.5496
北京,北京,2018-03,31,6.1619,14.3974,-0.3213,48.6639,3.85,2.0729
北京,北京,2018-04,30,13.6647,21.9273,5.921,47.062,45.77,2.8693
北京,北京,2018-05,31,21.4177,29.1242,14.1658,43.6723,23.57,2.2887
北京,北京,2018-06,30,26.6673,34.057,19.426,45.7987,45.55,2
北京,北京,2018-07,31,27.1213,31.5052,23.0281,76.0313,285.51,1.5965
北京,北京,2018-08,31,26.0723,30.4184,21.8171,74.8526,116.18,1.4271
北京,北京,2018-09,30,19.1483,25.8877,13.266,55.4223,32.89,2.1457
北京,北京,2018-10,31,11.3355,19.2181,4.7619,47.7381,9.39,2.2471
北京,北京,2018-11,30,4.1987,11.504,-1.0427,50.765,2.62,1.6287
北京,北京,2018-12,31,-4.6465,1.419,-9.4116,41.6197,0.56,2.3374
北京,北京,2019-01,31,-3.031,4.0323,-8.0326,37.0197,0,2.5226
北京,北京,2019-02,28,-2.0796,4.5982,-7.2289,38.9296,2.46,2.1843
北京,北京,2019-03,31,7.3139,15.9419,-0.3719,32.6203,4.22,2.8687
北京,北京,2019-04,30,13.3303,21.4683,5.428,40.7507,45.04,2.5423
北京,北京,2019-05,31,21.1229,29.8158,12.3361,34.0203,47.27,2.6884
北京,北京,2019-06,30,25.801,33.1327,18.7337,46.7033,34.85,1.8853
北京,北京,2019-07,31,27.9116,34.6061,21.5765,56.4761,125.55,1.7116
北京,北京,2019-08,31,24.8339,30.5613,19.5945,64.1284,93.57,1.9958
北京,北京,2019-09,30,22.3657,29.933,15.8253,54.2163,71.58,1.5193
北京,北京,2019-10,31,12.6568,20.1697,6.3861,54.1784,24.51,1.8413
北京,北京,2019-11,30,3.8023,10.3527,-0.9033,57.3007,43.31,1.9453
北京,北京,2019-12,31,-3.4303,3.039,-8.1452,60.4261,4.69,2.1474
北京,北京,2020-01,31,-2.8952,3.4119,-7.8219,59.3258,4.19,1.8245
北京,北京,2020-02,29,-0.5483,6.25,-5.451,63.6234,24.47,2.1859
北京,北京,2020-03,31,6.2971,15.0374,-0.7884,48.6581,24.19,2.7594
北京,北京,2020-04,30,12.9867,21.527,4.7187,38.1897,23.12,2.8493
北京,北京,2020-05,31,20.01,27.9748,12.4345,48.6248,71.57,2.579
北京,北京,2020-06,30,25.7123,33.2837,18.7713,48.9957,48.02,2.1157
北京,北京,2020-07,31,25.4616,30.7852,20.2865,67.3606,148.56,1.5658
北京,北京,2020-08,31,25.0877,30.3997,20.2858,73.7013,199.16,1.6248
北京,北京,2020-09,30,19.4717,25.8607,13.7213,66.7053,105.49,1.9267
北京,北京,2020-10,31,11.0684,19.1419,4.6119,55.3274,8.27,2.0706
北京,北京,2020-11,30,3.725,10.2137,-1.162,59.316,31,1.9887
北京,北京,2020-12,31,-5.1545,1.8435,-10.3565,54.6745,0.18,2.4287
北京,北京,2021-01,31,-6.0435,0.821,-11.3229,55.9626,0.66,2.3606
北京,北京,2021-02,28,1.1021,9.0711,-4.3679,54.5204,11.64,2.3825
北京,北京,2021-03,31,6.61,14.4152,0.3158,59.1368,27.32,2.4332
北京,北京,2021-04,30,12.608,20.3973,5.3313,44.5433,7.29,2.6907
北京,北京,2021-05,31,19.5558,27.8119,11.5829,38.0948,26.86,3.1552
北京,北京,2021-06,30,24.8383,32.1897,17.9637,52.4187,82.04,2.3033
北京,北京,2021-07,31,25.3719,29.7581,21.2116,81.2819,285.21,1.6932
北京,北京,2021-08,31,23.3848,28.6648,18.5677,75.4181,127.92,1.6052
北京,北京,2021-09,30,19.8603,25.1,15.313,79.305,149.33,1.609
北京,北京,2021-10,31,10.661,17.3084,5.0123,68.6661,49.12,1.9132
北京,北京,2021-11,30,3.1223,9.8833,-1.5043,69.8677,30.17,2.4447
北京,北京,2021-12,31,-2.1374,4.5781,-6.5319,59.4232,2.18,2.3335
北京,北京,2022-01,31,-4.8465,1.4268,-9.8316,65.9026,3.73,1.9761
北京,北京,2022-02,28,-3.4936,4.0275,-9.5086,54.7496,3.67,2.3929
北京,北京,2022-03,31,4.5745,12.3587,-1.5997,58.9213,21.12,2.3655
北京,北京,2022-04,30,13.4683,22.303,5.4537,47.8327,12.57,2.7953
北京,北京,2022-05,31,20.409,28.7877,12.0377,38.5152,16.56,2.6968
北京,北京,2022-06,30,24.9107,31.8977,18.35,58.733,110.78,2.0743
北京,北京,2022-07,31,26.1323,31.8465,20.8252,70.5477,218.48,1.66
北京,北京,2022-08,31,24.2461,29.5674,19.2339,74.2806,188.35,1.7523
北京,北京,2022-09,30,20.9773,28.993,14.19,56.6727,5.99,1.8543
北京,北京,2022-10,31,11.3894,19.041,5.1868,55.9468,12.56,2.0655
北京,北京,2022-11,30,4.579,11.5823,-0.9057,56.8283,37.15,2.0843
北京,北京,2022-12,31,-5.7681,1.1419,-10.9616,44.9194,0,2.5719
北京,北京,2023-01,31,-4.5903,2.7013,-9.9552,49.5042,1.75,2.4758
北京,北京,2023-02,28,-0.3836,6.115,-5.2529,57.1129,7.61,2.0832
北京,北京,2023-03,31,7.681,17.2029,-0.2845,38.4997,1.41,2.6216
北京,北京,2023-04,30,13.1987,21.128,5.4957,40.5893,27.28,3.1767
北京,北京,2023-05,31,21.261,28.8526,13.7629,42.1784,30.06,2.6161
北京,北京,2023-06,30,28.2847,36.4857,19.4837,33.8373,23.62,2.3653
北京,北京,2023-07,31,27.9148,34.1255,21.9835,59.5181,330.66,2.1813
北京,北京,2023-08,31,25.06,29.771,20.48,79.3771,145.64,1.4945
北京,北京,2023-09,30,20.436,26.3733,15.5177,73.4707,89.9,1.5277
北京,北京,2023-10,31,14.1165,22.2919,7.6568,57.451,8.5,1.9561
北京,北京,2023-11,30,2.484,9.2317,-2.4323,52.066,7.86,2.5387
北京,北京,2023-12,31,-5.3961,0.6642,-9.8929,60.2516,14.81,2.3406
北京,北京,2024-01,31,-4.4645,2.1623,-9.4555,56.8639,1.54,2.4232
北京,北京,2024-02,29,-1.2407,4.9,-5.8917,52.6403,8.02,2.1197
北京,北京,2024-03,31,6.2735,15.2519,-1.1674,46.0384,8.05,2.5042
北京,北京,2024-04,30,15.1563,22.971,7.939,51.194,41.01,2.594
北京,北京,2024-05,31,21.1242,29.33,13.2477,44.2184,44.04,2.4871
北京,北京,2024-06,30,26.7123,34.4233,18.9707,46.8457,59.53,1.987
北京,北京,2024-07,31,27.4987,33.3926,22.3694,67.3929,252.44,1.7465
北京,北京,2024-08,31,25.4939,29.819,21.2213,79.9932,311.25,1.4594
北京,北京,2024-09,30,19.4733,24.468,14.8957,77.4503,101.09,1.6833
北京,北京,2024-10,31,11.5287,18.1306,5.8639,72.4497,10.37,1.6194
北京,北京,2024-11,30,5.46,11.9187,0.699,68.7327,17.81,2.2437
北京,北京,2024-12,31,-2.6613,3.6455,-7.1145,56.6855,0.45,2.779
北京,北京,2025-01,31,-3.5232,2.8874,-8.5758,56.2497,1.64,2.7248
北京,北京,2025-02,28,-2.4536,5.0182,-8.1168,47.2771,0,2.9768
北京,北京,2025-03,31,6.2706,14.0406,-0.2735,49.6023,4.89,2.8626
北京,北京,2025-04,30,14.554,23.801,6.246,38.4633,19.04,3.4773
北京,北京,2025-05,31,19.4052,27.1842,11.951,52.0474,96.27,2.5442
北京,北京,2025-06,30,25.6967,33.0957,18.4273,51.1157,80.33,2.188
北京,北京,2025-07,31,27.3758,32.2865,22.4171,72.7071,313.72,1.7523
北京,北京,2025-08,31,24.9135,29.3255,20.6587,82.1932,307.92,1.6394
北京,北京,2025-09,30,19.9853,25.5637,14.638,74.894,41.97,1.536
北京,北京,2025-10,31,10.3239,15.8919,5.4965,76.929,122.21,1.5623
北京,北京,2025-11,30,4.142,11.168,-0.957,67.464,8.55,2.4853
北京,北京,2025-12,31,-3.4784,2.3687,-8.1055,66.369,5.26,2.3161
北京,北京,2026-01,31,-5.799,1.0077,-11.1019,64.221,0.27,2.4897
北京,北京,2026-02,28,0.015,7.5479,-5.4557,58.085,2.32,2.7207
北京,北京,2026-03,31,5.5919,13.4226,-0.6694,60.0945,11.45,1.9665
北京,北京,2026-04,30,13.5517,22.195,5.4193,51.6093,21.73,2.8357
北京,北京,2026-05,27,20.3533,26.7905,13.9924,51.2586,58.33,1.6933
吉林,长春,2018-01,31,-17.2529,-11.5929,-21.9684,79.6594,6.98,3.0248
吉林,长春,2018-02,28,-13.5671,-7.6057,-19.24,72.3471,10.79,3.0843
吉林,长春,2018-03,31,-2.3732,4.3142,-9.1097,68.1045,18,3.791
吉林,长春,2018-04,30,8.8437,16.0997,1.438,50.2813,17.32,4.6623
吉林,长春,2018-05,31,15.9506,23.11,8.5529,55.7297,78.65,3.6155
吉林,长春,2018-06,30,21.0747,26.976,15.0783,67.7953,95.9,3.1117
吉林,长春,2018-07,31,25.4326,30.3361,20.6384,76.5781,114.49,2.9252
吉林,长春,2018-08,31,22.3265,27.3061,17.7006,78.5481,219.08,2.1748
吉林,长春,2018-09,30,15.331,21.263,9.762,74.1257,83.03,2.692
吉林,长春,2018-10,31,6.8548,13.4477,1.1994,70.5219,29.31,2.8997
吉林,长春,2018-11,30,-2.5723,3.0837,-6.9847,72.1427,12.06,2.924
吉林,长春,2018-12,31,-12.5455,-7.0852,-17.1187,71.4113,3.17,3.2971
吉林,长春,2019-01,31,-11.9848,-5.9081,-16.9794,72.8877,0.51,3.259
吉林,长春,2019-02,28,-8.7643,-2.425,-14.47,66.3704,3.22,3.0232
吉林,长春,2019-03,31,0.6803,6.8013,-4.3426,58.5868,14.95,3.5684
吉林,长春,2019-04,30,7.453,14.5873,0.2247,51.0347,2.32,4.0123
吉林,长春,2019-05,31,16.4016,23.8174,8.5952,51.19,87.77,4.6352
吉林,长春,2019-06,30,19.5453,25.037,13.5897,70.781,157.19,2.5823
吉林,长春,2019-07,31,24.6019,29.6055,19.5881,74.6561,137.62,2.3555
吉林,长春,2019-08,31,21.6,25.5519,17.6984,84.8845,239.56,2.1406
吉林,长春,2019-09,30,16.7833,23.2537,10.786,74.66,44.53,2.4173
吉林,长春,2019-10,31,7.5439,14.7268,1.389,68.6023,34.35,3.1858
吉林,长春,2019-11,30,-4.8577,0.496,-9.506,70.785,31.46,3.2257
吉林,长春,2019-12,31,-13.5045,-8.0177,-18.4497,87.5955,19.79,3.2352
吉林,长春,2020-01,31,-15.491,-9.4358,-20.7745,95.481,4.64,2.1319
吉林,长春,2020-02,29,-10.4266,-4.8,-15.9879,84.2214,7.23,3.3593
吉林,长春,2020-03,31,-0.4823,5.4516,-6.1861,68.081,17.53,4.0729
吉林,长春,2020-04,30,6.2183,13.1833,-0.245,62.669,20.31,3.6387
吉林,长春,2020-05,31,14.4655,21.0239,8.0777,67.9477,63.3,3.4139
吉林,长春,2020-06,30,20.5707,26.713,14.1203,69.6667,97.36,3.0913
吉林,长春,2020-07,31,24.2542,29.8477,18.5745,69.0332,79.57,2.2342
吉林,长春,2020-08,31,23.0226,28.0784,18.0997,76.9971,162.69,2.6526
吉林,长春,2020-09,30,15.9593,20.614,11.8833,83.354,268.34,2.9837
吉林,长春,2020-10,31,5.8819,12.4668,0.3584,72.9187,22.34,3.2171
吉林,长春,2020-11,30,-4.8403,0.8507,-9.2067,84.5793,40.93,3.478
吉林,长春,2020-12,31,-17.5397,-11.7055,-22.2952,95.6255,0.22,3.1374
吉林,长春,2021-01,31,-18.2716,-12.2077,-24.3097,94.0542,13.82,2.9197
吉林,长春,2021-02,28,-12.2268,-5.6414,-18.8639,88.93,7.8,3.5157
吉林,长春,2021-03,31,0.6813,7.2065,-5.2571,69.069,14.29,3.8797
吉林,长春,2021-04,30,7.4137,14.2313,0.5503,61.0677,15.35,4.0487
吉林,长春,2021-05,31,14.7394,21.2206,7.8361,61.5526,28.38,3.8771
吉林,长春,2021-06,30,19.5083,24.421,14.393,75.364,161.52,2.8623
吉林,长春,2021-07,31,25.0674,29.471,21.0206,80.04,141.13,2.4142
吉林,长春,2021-08,31,21.0665,25.0845,17.2823,84.3258,235.59,2.2581
吉林,长春,2021-09,30,16.4997,21.8017,11.3527,80.9377,133.18,2
吉林,长春,2021-10,31,6.8574,13.3394,1.2274,73.2439,23.45,2.7487
吉林,长春,2021-11,30,-3.3093,1.1727,-7.029,86.996,33.19,3.4407
吉林,长春,2021-12,31,-11.9213,-6.8771,-16.1961,82.2445,4.01,3.5819
吉林,长春,2022-01,31,-15.0287,-9.6465,-19.21,84.9452,1.58,2.5713
吉林,长春,2022-02,28,-10.9807,-6.0661,-15.1954,81.1339,4.21,3.0404
吉林,长春,2022-03,31,-1.4926,3.9542,-6.6184,71.3855,26.66,3.8142
吉林,长春,2022-04,30,8.358,15.1417,1.291,60.107,22.98,4.923
吉林,长春,2022-05,31,14.2845,20.6765,7.6181,63.2529,68.94,3.9048
吉林,长春,2022-06,30,19.693,24.3843,14.9923,79.219,188.5,2.5933
吉林,长春,2022-07,31,23.6197,27.8558,19.3058,82.8771,200.23,1.9732
吉林,长春,2022-08,31,20.5052,25.279,15.4784,81.1155,157.71,2.5581
吉林,长春,2022-09,30,16.0637,21.9057,10.339,77.9173,37.79,2.9493
吉林,长春,2022-10,31,6.1871,12.4216,0.689,75.1087,75.16,3.2139
吉林,长春,2022-11,30,-2.5937,2.6657,-7.092,80.243,43.24,3.3083
吉林,长春,2022-12,31,-14.8352,-10.1745,-18.6252,83.1419,9.22,3.6587
吉林,长春,2023-01,31,-15.0952,-9.63,-19.6465,84.299,3.73,3.4139
吉林,长春,2023-02,28,-9.0629,-3.02,-14.4139,80.2386,4.04,3.2882
吉林,长春,2023-03,31,1.3861,7.66,-4.1952,65.829,3.51,4.0074
吉林,长春,2023-04,30,6.9457,13.3643,0.39,58.8083,37.4,4.4533
吉林,长春,2023-05,31,15.1316,21.9932,7.8213,59.19,25.06,3.9748
吉林,长春,2023-06,30,20.922,26.933,14.719,67.5213,52.95,2.728
吉林,长春,2023-07,31,23.4842,27.8487,19.2558,82.2403,267.03,2.6271
吉林,长春,2023-08,31,22.2287,26.6603,17.8913,83.0645,135.77,2.4174
吉林,长春,2023-09,30,17.561,23.723,12.0023,74.225,37.7,2.593
吉林,长春,2023-10,31,8.9203,15.9168,2.8029,66.9777,6.62,2.7097
吉林,长春,2023-11,30,-7.639,-2.9843,-12.7277,89.9973,74.68,3.2327
吉林,长春,2023-12,31,-14.2597,-9.4835,-18.6335,82.9726,6.83,3.7155
吉林,长春,2024-01,31,-14.6984,-9.1574,-19.4977,86.961,5.61,3.3819
吉林,长春,2024-02,29,-9.8731,-4.0248,-15.1497,77.8745,10.14,3.3807
吉林,长春,2024-03,31,-1.5819,4.5884,-6.8984,63.7016,8.69,3.7458
吉林,长春,2024-04,30,9.6733,17.026,2.6033,61.0363,18.44,3.6083
吉林,长春,2024-05,31,14.67,21.16,7.8368,60.799,147.15,3.8965
吉林,长春,2024-06,30,20.1117,25.832,14.1347,72.609,155.74,3.0773
吉林,长春,2024-07,31,23.4326,27.8677,18.7061,83.2852,284.61,2.5365
吉林,长春,2024-08,31,23.551,27.7852,19.3652,83.8974,190.93,1.9865
吉林,长春,2024-09,30,15.6437,21.4403,10.1417,76.8563,76.3,2.507
吉林,长春,2024-10,31,7.2248,13.4226,1.4997,75.3916,38.46,3.0894
吉林,长春,2024-11,30,-1.037,3.7287,-5.1413,80.4543,30.72,3.3033
吉林,长春,2024-12,31,-12.5113,-6.8077,-17.0565,85.8819,1.73,3.1642
吉林,长春,2025-01,31,-12.9219,-7.7571,-17.0055,88.8142,11.81,2.8023
吉林,长春,2025-02,28,-11.5221,-5.9511,-17.1325,83.8329,2.96,3.4864
吉林,长春,2025-03,31,-0.7087,4.6032,-5.8261,67.8445,8.96,3.9632
吉林,长春,2025-04,30,8.1813,15.034,1.882,69.692,85.46,3.892
吉林,长春,2025-05,31,13.7497,20.09,7.3732,69.4084,55.76,3.4429
吉林,长春,2025-06,30,20.2837,25.8023,14.49,72.822,107.19,2.9907
吉林,长春,2025-07,31,24.6555,29.1068,20.0652,81.1252,214.46,2.7994
吉林,长春,2025-08,31,21.9239,26.3058,17.2439,82.1023,118.73,2.1316
吉林,长春,2025-09,30,17.584,23.509,11.9107,75.154,39.5,2.6613
吉林,长春,2025-10,31,5.4239,11.4706,0.6668,70.9735,12.35,2.6674
吉林,长春,2025-11,30,-1.615,3.635,-5.564,71.923,6.27,3.6897
吉林,长春,2025-12,31,-12.1071,-7.0758,-16.4813,75.3297,10.54,3.7287
吉林,长春,2026-01,31,-18.0135,-13.0748,-22.8345,81.7439,5.47,3.1455
吉林,长春,2026-02,28,-9.2279,-3.145,-14.8668,73.67,4.92,4.37
吉林,长春,2026-03,31,-0.5294,6.0348,-6.4313,60.89,5.15,3.2158
吉林,长春,2026-04,30,7.2903,14.6137,0.277,60.6037,72.02,4.0347
吉林,长春,2026-05,27,16.6214,22.8152,10.3362,56.6867,40.85,3.5352
四川,成都,2018-01,31,4.9513,10.9981,0.3665,70.0139,16.3,1.8026
四川,成都,2018-02,28,7.8632,14.3571,2.6479,70.2461,8.97,1.6254
四川,成都,2018-03,31,16.2768,22.7013,10.8706,69.4384,49.48,1.8097
四川,成都,2018-04,30,20.5737,27.1897,14.579,61.4197,102.67,2.194
四川,成都,2018-05,31,23.1906,29.0219,17.8848,66.83,124.39,1.9368
四川,成都,2018-06,30,26.0523,31.5263,21.2537,71.2457,139.29,1.67
四川,成都,2018-07,31,27.3374,30.8387,23.9335,84.0648,353.34,1.6681
四川,成都,2018-08,31,27.5861,31.3468,23.6158,79.621,143.13,1.261
四川,成都,2018-09,30,22.28,26.8873,18.6193,80.1913,138.03,1.7257
四川,成都,2018-10,31,16.7419,21.6494,12.8187,78.4529,54.65,1.41
四川,成都,2018-11,30,10.7197,16.6013,6.212,75.453,26.09,1.568
四川,成都,2018-12,31,5.811,11.2665,1.8374,76.6629,25.97,1.8952
四川,成都,2019-01,31,5.1855,11.5652,0.4032,73.6184,7.29,1.4839
四川,成都,2019-02,28,8.1143,14.5761,2.6743,71.7821,12.98,1.8307
四川,成都,2019-03,31,13.4152,19.6642,7.9871,69.6484,34.45,1.789
四川,成都,2019-04,30,21.306,27.9967,15.386,63.8543,54.44,2.0877
四川,成都,2019-05,31,21.7874,27.4287,16.7639,69.6035,118.53,2.0197
四川,成都,2019-06,30,26.4063,32.5803,21.0493,69.0127,141.57,1.944
四川,成都,2019-07,31,26.65,31.2177,22.6016,77.289,209.64,1.6026
四川,成都,2019-08,31,27.2871,31.8142,23.08,76.3968,166.21,1.5835
四川,成都,2019-09,30,22.509,27.1977,18.658,79.9733,161.88,1.6027
四川,成都,2019-10,31,17.8342,22.8039,14.0526,80.9961,117.28,1.7732
四川,成都,2019-11,30,12.192,16.9763,8.4937,80.8623,38.71,1.549
四川,成都,2019-12,31,7.789,13.3874,3.7235,76.8029,7.11,1.2865
四川,成都,2020-01,31,6.9335,12.7013,2.6242,78.3684,12.13,1.489
四川,成都,2020-02,29,9.6107,15.8728,4.5686,74.8597,9.54,1.5959
四川,成都,2020-03,31,14.8855,21.2768,9.3797,67.7216,38.31,2.1448
四川,成都,2020-04,30,17.6137,23.8317,12.1927,66.2177,39.08,2.121
四川,成都,2020-05,31,24.8877,31.6981,18.7929,58.2055,64.56,2.2532
四川,成都,2020-06,30,27.3417,34.0313,21.7897,65.44,163.99,2.0613
四川,成都,2020-07,31,26.7229,31.4948,22.5465,78.0684,299.22,1.8145
四川,成都,2020-08,31,26.1242,30.1039,22.2055,83.9368,366.9,1.8655
四川,成都,2020-09,30,21.89,26.1377,18.298,84.1787,144.9,1.671
四川,成都,2020-10,31,16.1671,20.4339,12.9506,83.0448,83.96,1.7197
四川,成都,2020-11,30,12.5233,17.835,8.162,78.3823,14.22,1.5147
四川,成都,2020-12,31,5.369,10.3313,1.5987,79.9,19.97,1.6987
四川,成都,2021-01,31,5.2139,10.9716,0.7097,76.0555,18.06,1.6039
四川,成都,2021-02,28,12.0511,17.9425,7.3164,75.55,17.27,1.7043
四川,成都,2021-03,31,14.8852,20.9706,9.9581,72.5484,28.49,1.9303
四川,成都,2021-04,30,18.1733,24.3,12.8857,71.282,60.48,2.2043
四川,成都,2021-05,31,23.4529,29.9432,18.0474,66.6535,90.58,2.0506
四川,成都,2021-06,30,26.0347,31.9333,21.03,67.9087,172.25,2.0147
四川,成都,2021-07,31,27.2577,31.6481,23.3913,80.3594,257.26,1.6626
四川,成都,2021-08,31,25.7374,30.1206,22.0287,82.4371,356.17,1.9081
四川,成都,2021-09,30,23.5357,27.8177,19.9257,85.157,250.27,1.8093
四川,成都,2021-10,31,16.5884,20.8732,13.1639,85.1355,79.59,1.8174
四川,成都,2021-11,30,10.5367,15.3157,6.9313,80.556,17.65,1.5
四川,成都,2021-12,31,7.2523,12.4329,3.6087,81.2294,10.42,1.5768
四川,成都,2022-01,31,6.4442,11.7155,2.5881,82.9677,14.8,1.6797
四川,成都,2022-02,28,6.5543,11.6175,2.3593,80.3632,26.4,1.7521
四川,成都,2022-03,31,16.4306,22.7994,11.0787,72.5187,41.49,2.3148
四川,成都,2022-04,30,18.0853,24.22,12.7233,72.6823,135.51,2.384
四川,成都,2022-05,31,21.2148,26.671,16.3455,75.3752,145.96,1.9568
四川,成都,2022-06,30,26.49,31.807,21.957,72.7337,96.06,1.6783
四川,成都,2022-07,31,29.2006,34.7816,24.1635,70.9529,140.71,1.7719
四川,成都,2022-08,31,30.4745,36.3332,25.3929,68.5142,107.9,2.0274
四川,成都,2022-09,30,22.7727,27.972,18.7903,75.942,129,1.7553
四川,成都,2022-10,31,18.1555,23.7519,13.7423,72.7232,44.05,1.6997
四川,成都,2022-11,30,14.53,20.5863,10.3293,74.853,15.13,1.8647
四川,成都,2022-12,31,6.5023,11.9887,2.2929,71.6865,10.69,1.5845
四川,成都,2023-01,31,5.8313,12.3987,0.9945,67.3232,5.08,1.5177
四川,成都,2023-02,28,9.7746,15.9739,5.1018,72.4618,14.93,1.8925
四川,成都,2023-03,31,14.7745,21.0948,9.5074,68.9616,54.78,1.9848
四川,成都,2023-04,30,20.001,26.94,13.8793,61.145,74.49,2.6383
四川,成都,2023-05,31,23.9684,30.6971,17.9561,62.1955,68.63,2.1565
四川,成都,2023-06,30,26.637,33.627,21.0143,60.0223,82.03,2.0753
四川,成都,2023-07,31,28.3668,33.9865,23.4968,70.9287,273.64,1.7126
四川,成都,2023-08,31,27.1574,31.7881,23.0855,78.9806,190.52,1.6077
四川,成都,2023-09,30,24.4023,29.668,20.1603,76.508,114.33,1.695
四川,成都,2023-10,31,18.9097,24.3197,14.9852,77.2639,70.63,1.57
四川,成都,2023-11,30,13.885,19.7857,9.4227,73.7943,30.01,1.895
四川,成都,2023-12,31,7.7842,13.8671,3.3019,74.4048,0.89,1.5081
四川,成都,2024-01,31,7.2355,13.1555,3.041,76.4619,19.89,1.6706
四川,成都,2024-02,29,8.1079,14.6248,2.8603,70.0855,11.14,1.9552
四川,成都,2024-03,31,15.4387,22.2626,9.6029,66.1687,21.74,2.0677
四川,成都,2024-04,30,21.2347,27.4473,15.8217,68.1937,107.97,2.0573
四川,成都,2024-05,31,24.3042,30.5481,18.7458,64.3255,97.13,1.9087
四川,成都,2024-06,30,26.4773,32.8317,21.24,67.057,81.77,1.846
四川,成都,2024-07,31,27.8668,32.3377,23.9545,80.0748,310.47,1.8961
四川,成都,2024-08,31,29.8445,35.1235,25.0274,71.3932,83,1.5452
四川,成都,2024-09,30,28.2357,33.8643,23.2787,68.0187,161.11,1.7573
四川,成都,2024-10,31,18.3661,23.2526,14.5774,78.2223,74.72,1.5271
四川,成都,2024-11,30,13.5837,18.3997,9.924,78.035,31.41,1.6973
四川,成都,2024-12,31,6.6074,12.23,2.4884,72.7948,20.41,1.5155
四川,成都,2025-01,31,7.3158,13.1313,2.7623,74.8194,22.45,1.6765
四川,成都,2025-02,28,8.0643,13.7707,3.7514,73.9889,29.63,1.7746
四川,成都,2025-03,31,11.9352,18.0926,6.7945,67.4668,43.33,2.1565
四川,成都,2025-04,30,20.435,27.2833,14.4827,62.815,50.98,2.003
四川,成都,2025-05,31,24.5477,31.3848,18.3435,60.0316,86.11,2.2329
四川,成都,2025-06,30,27.9063,34.2427,22.195,61.1157,140.74,1.917
四川,成都,2025-07,31,29.0616,33.9568,24.4406,74.0248,173.95,1.5929
四川,成都,2025-08,31,28.1603,32.8481,23.9248,75.9926,200.15,1.8448
四川,成都,2025-09,30,23.381,27.963,19.639,82.334,240.59,1.7863
四川,成都,2025-10,31,18.6468,23.0261,15.2942,84.4332,106.56,1.8335
四川,成都,2025-11,30,11.963,16.9683,8.025,77.8947,24.81,1.5707
四川,成都,2025-12,31,8.5187,14.0868,4.3823,80.1055,7.82,1.4926
四川,成都,2026-01,31,6.1887,12.3035,1.4897,74.1265,9.83,1.8165
四川,成都,2026-02,28,11.1014,17.555,6.0068,72.9714,12.83,1.8582
四川,成都,2026-03,31,14.4639,20.1874,9.8087,74.3935,51.36,1.9435
四川,成都,2026-04,30,19.9907,26.1813,14.6687,68.8287,103.49,2.2627
四川,成都,2026-05,27,23.081,28.68,18.2233,65.0895,57.75,1.829
天津,天津,2018-01,31,-5.6939,0.1129,-10.4506,52.7965,2.29,2.5248
天津,天津,2018-02,28,-2.3804,3.8729,-7.3818,51.4789,1.43,2.6604
天津,天津,2018-03,31,5.7842,13.8552,-0.6668,56.2168,2.76,2.6003
天津,天津,2018-04,30,13.7203,22.0273,5.9863,53.074,55.61,3.3097
天津,天津,2018-05,31,21.7748,29.94,14.141,47.8839,10.96,2.6606
天津,天津,2018-06,30,26.558,34.0323,19.7037,54.5093,64.3,2.514
天津,天津,2018-07,31,28.4945,34.0242,23.8416,72.8613,220.04,2.1977
天津,天津,2018-08,31,27.1106,32.15,22.6326,74.4265,204.84,1.8706
天津,天津,2018-09,30,20.393,27.2473,14.5273,58.944,12.79,2.0227
天津,天津,2018-10,31,12.1526,19.9161,5.5861,53.69,16.68,2.0816
天津,天津,2018-11,30,4.835,11.6113,-0.0647,62.6073,6.16,1.7537
天津,天津,2018-12,31,-3.3435,2.0661,-7.9313,49.8881,3.59,2.1542
天津,天津,2019-01,31,-2.8945,3.2842,-7.6423,50.0823,0,2.1913
天津,天津,2019-02,28,-1.6196,4.4525,-6.4461,51.9371,1.34,2.1986
天津,天津,2019-03,31,7.1535,15.6474,-0.3303,47.1484,3.96,2.8752
天津,天津,2019-04,30,13.031,21.0143,5.3667,48.6377,27.19,2.9263
天津,天津,2019-05,31,21.7674,30.7445,12.8823,38.7548,44,3.12
天津,天津,2019-06,30,26.092,33.869,19.2957,51.6613,19.89,2.4767
天津,天津,2019-07,31,28.1271,34.58,22.1942,63.5023,165.63,1.8971
天津,天津,2019-08,31,25.3455,30.5306,20.4842,69.9142,153.03,1.9726
天津,天津,2019-09,30,22.9303,30.7607,16.6627,60.1143,24.13,1.6567
天津,天津,2019-10,31,13.2523,20.8861,7.1971,57.619,12.15,1.9658
天津,天津,2019-11,30,5.0507,11.2377,0.1003,58.424,24.74,2.2673
天津,天津,2019-12,31,-2.1748,3.4306,-6.4297,63.0813,6.92,2.0758
天津,天津,2020-01,31,-2.1842,3.2865,-7.0097,62.0539,3.37,1.6887
天津,天津,2020-02,29,-0.189,6.2772,-4.9655,67.6879,17.26,2.55
天津,天津,2020-03,31,6.83,15.3413,-0.3748,53.5319,39.41,3.1339
天津,天津,2020-04,30,13.1967,21.975,4.9857,43.1607,26.37,2.975
天津,天津,2020-05,31,19.9145,27.971,12.4,56.1258,78.87,2.9129
天津,天津,2020-06,30,26.254,34.1893,18.976,51.5983,25.34,2.4083
天津,天津,2020-07,31,27.1429,33.4468,21.481,64.2265,87.09,1.9584
天津,天津,2020-08,31,25.8106,30.8213,21.3735,77.9216,246.85,1.8065
天津,天津,2020-09,30,20.309,26.6033,14.6833,70.5393,116.12,1.9133
天津,天津,2020-10,31,11.8719,19.4058,5.7732,60.6061,7.76,1.8816
天津,天津,2020-11,30,4.5103,10.841,-0.4473,62.2163,26.63,2.0883
天津,天津,2020-12,31,-4.441,1.6313,-9.4206,58.8506,3.31,2.1568
天津,天津,2021-01,31,-4.9935,1.1203,-10.1265,60.6019,0.06,2.3968
天津,天津,2021-02,28,1.0868,8.7089,-4.2164,61.7075,14.48,2.5325
天津,天津,2021-03,31,6.7332,14.8916,0.18,61.8061,25.04,2.5877
天津,天津,2021-04,30,12.7767,20.5583,5.692,51.348,23.64,2.985
天津,天津,2021-05,31,19.6316,28.3761,11.3565,45.8194,10.13,3.4458
天津,天津,2021-06,30,24.5047,31.5367,17.9943,61.43,194.1,2.564
天津,天津,2021-07,31,26.1126,30.3929,22.3442,83.4777,471.5,2.0506
天津,天津,2021-08,31,24.2839,28.9761,20.1406,79.6335,142.14,1.4971
天津,天津,2021-09,30,20.831,25.701,16.611,82.63,154.06,2.017
天津,天津,2021-10,31,11.4852,17.6019,6.0913,73.0197,71.89,1.8726
天津,天津,2021-11,30,3.5317,9.9027,-1.3123,76.603,40.46,2.202
天津,天津,2021-12,31,-1.7345,4.3361,-6.0216,68.2223,1.01,2.3203
天津,天津,2022-01,31,-4.1255,1.7771,-8.9703,72.1639,6.41,1.9932
天津,天津,2022-02,28,-3.0204,3.4389,-8.5011,64.1143,6.65,2.3082
天津,天津,2022-03,31,4.7319,12.3481,-1.441,67.0671,24.12,2.8132
天津,天津,2022-04,30,12.8967,21.129,5.0973,62.321,14.43,2.9267
天津,天津,2022-05,31,19.0055,27.1626,10.9987,57.1997,32.98,2.6023
天津,天津,2022-06,30,23.7347,30.054,18.026,71.5297,147.07,2.2377
天津,天津,2022-07,31,26.0668,31.0965,21.3677,79.3623,294.23,1.8268
天津,天津,2022-08,31,24.7552,29.6368,20.0794,78.6506,270.5,1.7639
天津,天津,2022-09,30,20.5393,27.3913,14.2857,68.017,6.2,1.95
天津,天津,2022-10,31,11.6997,18.6823,5.8874,67.1297,30.45,2.1374
天津,天津,2022-11,30,5.4237,11.68,0.2597,70.4663,49.16,2.0777
天津,天津,2022-12,31,-5.1355,0.8645,-10.2355,54.1245,0,2.2165
天津,天津,2023-01,31,-3.9713,2.54,-9.3126,59.3555,2.38,2.43
天津,天津,2023-02,28,0.1664,6.1039,-4.125,65.5968,5.07,2.3821
天津,天津,2023-03,31,6.9913,15.9345,-0.2516,58.8345,2.99,2.6019
天津,天津,2023-04,30,12.9143,20.442,5.717,53.318,46.34,3.3617
天津,天津,2023-05,31,20.5506,28.0632,13.4661,55.9945,35.33,3.0165
天津,天津,2023-06,30,27.35,35.6217,19.3243,49.1923,47.02,2.4403
天津,天津,2023-07,31,27.9806,33.9971,22.5,67.7977,298.93,2.4023
天津,天津,2023-08,31,26.1816,30.83,21.5661,77.8352,159.86,1.6006
天津,天津,2023-09,30,21.7197,27.5433,16.612,71.816,48.45,1.5963
天津,天津,2023-10,31,14.5813,22.2652,8.1558,63.4577,7.34,1.7755
天津,天津,2023-11,30,3.1123,9.279,-1.8217,61.307,19.61,2.2543
天津,天津,2023-12,31,-5.5065,0.2532,-9.8616,65.3977,12.95,2.3887
天津,天津,2024-01,31,-4.3126,1.78,-9.2658,64.0839,1.77,2.2152
天津,天津,2024-02,29,-1.1741,4.6297,-5.5479,57.6679,6.12,2.5297
天津,天津,2024-03,31,6.3723,15.2784,-1.0084,54.189,9.69,2.9384
天津,天津,2024-04,30,14.7517,22.8913,7.481,57.5543,61.16,3.011
天津,天津,2024-05,31,20.7265,29.061,12.9313,50.6742,39.07,2.91
天津,天津,2024-06,30,26.884,34.947,19.475,54.7653,48.18,2.4073
天津,天津,2024-07,31,28.0603,33.7939,23.1139,71.66,306.69,2.1365
天津,天津,2024-08,31,26.8697,31.0677,22.8119,81.2794,314.03,1.581
天津,天津,2024-09,30,20.6023,26.2343,15.4927,74.125,110.49,1.9513
天津,天津,2024-10,31,12.3161,18.9606,6.5361,73.7639,13.86,1.9413
天津,天津,2024-11,30,6.6887,13.1533,1.5607,71.5033,30.59,2.196
天津,天津,2024-12,31,-2.0716,3.8416,-6.601,62.5713,0.07,2.2323
天津,天津,2025-01,31,-3.2726,3.0006,-8.5355,63.4971,5.59,2.4813
天津,天津,2025-02,28,-1.84,5.0593,-7.2725,57.2661,0,2.6164
天津,天津,2025-03,31,6.3497,14.1819,-0.3674,56.6384,1.66,3.1642
天津,天津,2025-04,30,14.026,23.2483,5.775,50.972,14.66,3.3107
天津,天津,2025-05,31,19.1406,26.8903,12.0345,59.9077,105.1,2.64
天津,天津,2025-06,30,25.926,33.3603,19.0467,56.574,71.28,2.428
天津,天津,2025-07,31,28.6232,34.0152,23.669,72.0365,166.06,1.9565
天津,天津,2025-08,31,26.5019,30.8952,22.6835,81.4781,349.63,1.6794
天津,天津,2025-09,30,21.5677,27.6383,16.057,74.2507,24.95,1.5597
天津,天津,2025-10,31,11.5252,16.9542,6.6213,73.6384,148.98,2.0087
天津,天津,2025-11,30,5.099,12.33,-0.4237,66.185,1.68,2.266
天津,天津,2025-12,31,-2.0881,3.3697,-6.2839,65.451,2.91,2.2365
天津,天津,2026-01,31,-5.06,0.8461,-10.2245,62.9332,0.04,2.5355
天津,天津,2026-02,28,0.4529,7.7789,-4.5918,62.1593,3.23,2.5704
天津,天津,2026-03,31,5.8116,13.4052,-0.2974,66.9258,17.65,2.5119
天津,天津,2026-04,30,13.8633,22.5037,5.72,57.611,15.65,3.1113
天津,天津,2026-05,27,21.4095,28.1033,15.1019,52.8414,65.62,2.8405
宁夏,银川,2018-01,31,-8.8345,-2.7432,-13.5171,57.7926,4.47,2.6906
宁夏,银川,2018-02,28,-4.6511,2.2943,-10.3271,39.2711,0.33,2.3771
宁夏,银川,2018-03,31,7.9132,16.3687,0.3974,38.7906,3.55,2.7129
宁夏,银川,2018-04,30,12.7553,20.5693,5.022,34.4433,13.79,3.2187
宁夏,银川,2018-05,31,18.2335,26.3923,9.4052,35.2277,25.03,3.2055
宁夏,银川,2018-06,30,23.4803,30.3727,15.975,37.3437,17.95,2.228
宁夏,银川,2018-07,31,25.1968,31.7223,18.4135,56.2077,102.56,2.6884
宁夏,银川,2018-08,31,23.5939,29.3397,18.1832,64.9184,92.74,2.0019
宁夏,银川,2018-09,30,15.1107,22.0617,9.0723,55.3957,27.9,2.261
宁夏,银川,2018-10,31,8.1765,15.7481,1.7648,51.1132,10.89,2.0481
宁夏,银川,2018-11,30,1.1377,7.5937,-3.2047,52.7847,2.94,2.007
宁夏,银川,2018-12,31,-8.2552,-2.3103,-12.7632,52.8816,0.25,2.2661
宁夏,银川,2019-01,31,-7.1597,-0.8968,-12.1265,57.6835,0.87,1.6861
宁夏,银川,2019-02,28,-3.7111,2.735,-9.0975,54.5975,0.44,2.3668
宁夏,银川,2019-03,31,3.8174,11.32,-2.2423,36.7465,0.65,2.4887
宁夏,银川,2019-04,30,13.486,22.0323,5.0083,37.646,10.02,2.9397
宁夏,银川,2019-05,31,15.9061,23.0481,8.4981,39.5974,17.34,3.1839
宁夏,银川,2019-06,30,22.191,28.8433,15.156,46.8207,78.95,2.623
宁夏,银川,2019-07,31,24.2158,31.2061,16.8968,46.0106,14.8,2.3055
宁夏,银川,2019-08,31,23.1439,30.4906,16.0539,45.2697,20.94,2.1906
宁夏,银川,2019-09,30,18.3767,25.853,11.6697,54.4167,25.23,2.442
宁夏,银川,2019-10,31,9.2971,16.4326,3.3974,55.2984,25.31,2.4097
宁夏,银川,2019-11,30,1.693,8.0077,-2.901,55.6407,5.09,2.4673
宁夏,银川,2019-12,31,-4.429,2.1245,-9.2229,55.8542,0.9,2.3035
宁夏,银川,2020-01,31,-4.8245,1.0916,-9.3248,64.3781,2.34,1.5274
宁夏,银川,2020-02,29,-0.6334,6.2917,-6.0969,40.6852,0.04,2.2359
宁夏,银川,2020-03,31,4.6687,12.5894,-1.9987,33.4971,0.74,2.6752
宁夏,银川,2020-04,30,11.0743,19.15,2.721,24.035,2.78,2.526
宁夏,银川,2020-05,31,17.8787,25.5423,9.6861,30.1497,13.22,3.0723
宁夏,银川,2020-06,30,23.1937,30.2707,15.291,35.4943,39.46,2.5803
宁夏,银川,2020-07,31,25.4755,32.5452,18.4106,41.9674,17.64,2.3426
宁夏,银川,2020-08,31,22.5865,29.5419,15.8658,53.0452,98.57,2.169
宁夏,银川,2020-09,30,16.8323,23.7407,10.5533,57.508,45.16,1.918
宁夏,银川,2020-10,31,7.8765,15.5535,1.899,49.36,0.4,1.9048
宁夏,银川,2020-11,30,1.4703,8.0413,-3.3127,61.81,7.5,2.0263
宁夏,银川,2020-12,31,-8.0855,-1.8784,-12.7003,60.3055,1.12,1.979
宁夏,银川,2021-01,31,-7.7097,-0.6406,-13.2374,49.8681,0.74,2.9058
宁夏,银川,2021-02,28,0.9171,8.8418,-4.4479,45.2571,3.87,2.6307
宁夏,银川,2021-03,31,5.3829,13.5984,-1.3355,46.859,33.35,2.4342
宁夏,银川,2021-04,30,9.2577,15.6877,2.8577,53.368,25.13,2.9447
宁夏,银川,2021-05,31,16.8984,24.5484,8.3165,35.1745,16.13,3.3539
宁夏,银川,2021-06,30,23.1383,30.2137,15.387,36.0867,23.03,2.468
宁夏,银川,2021-07,31,27.6145,35.0461,20.0468,35.951,5.59,2.4416
宁夏,银川,2021-08,31,23.3752,30.4887,16.5668,40.1358,15.42,2.4277
宁夏,银川,2021-09,30,19.1167,26.435,12.2813,52.5653,51.94,2.1553
宁夏,银川,2021-10,31,8.9384,15.79,3.4719,53.3681,13.43,2.0632
宁夏,银川,2021-11,30,-0.243,6.5507,-5.0653,51.075,10.73,2.5903
宁夏,银川,2021-12,31,-5.0894,1.4819,-9.9871,48.7235,0.98,2.4294
宁夏,银川,2022-01,31,-4.8787,1.4926,-9.6419,59.189,1.65,1.5768
宁夏,银川,2022-02,28,-4.925,1.0821,-9.9636,48.66,4.31,2.0261
宁夏,银川,2022-03,31,6.2168,14.4677,-0.491,38.0429,2.05,2.8581
宁夏,银川,2022-04,30,11.627,19.582,3.5937,31.0867,4.43,3.0263
宁夏,银川,2022-05,31,17.6658,25.1368,9.531,32.8803,9.14,2.6781
宁夏,银川,2022-06,30,24.0653,31.414,15.9173,34.0197,54.53,2.605
宁夏,银川,2022-07,31,24.7945,32.3539,17.421,49.9632,96.54,2.1755
宁夏,银川,2022-08,31,23.8606,30.3171,18.0406,58.59,87.22,2.1787
宁夏,银川,2022-09,30,17.8903,25.55,11.0573,53.4297,25.89,2.23
宁夏,银川,2022-10,31,9.5148,16.9942,3.3916,54.7465,10.5,2.0439
宁夏,银川,2022-11,30,2.4187,9.3757,-2.6057,56.827,5.11,2.1017
宁夏,银川,2022-12,31,-7.1832,-0.8661,-11.8303,52.4284,1.51,2.3674
宁夏,银川,2023-01,31,-7.1152,-0.4342,-12.4426,50.5545,1.58,2.7245
宁夏,银川,2023-02,28,-1.0293,5.245,-5.6264,58.5779,6.91,2.0393
宁夏,银川,2023-03,31,5.5332,13.9868,-1.6371,34.8768,0,2.2381
宁夏,银川,2023-04,30,9.0647,16.0153,2.1163,44.97,28.17,3.4617
宁夏,银川,2023-05,31,16.7194,23.9929,9.6029,43.3348,23.75,3.1965
宁夏,银川,2023-06,30,23.382,30.622,15.522,35.62,14.37,2.5987
宁夏,银川,2023-07,31,25.8194,33.4426,18.1535,38.7084,20.01,2.6932
宁夏,银川,2023-08,31,24.7265,31.7855,17.9716,45.3961,38.73,2.0335
宁夏,银川,2023-09,30,19.3283,26.306,13.1077,50.7593,20.53,2.1987
宁夏,银川,2023-10,31,11.9832,19.0552,5.741,47.0774,9.49,1.7435
宁夏,银川,2023-11,30,0.555,7.5733,-4.1943,41.9003,3.46,2.726
宁夏,银川,2023-12,31,-5.3419,1.1168,-9.9216,48.241,2.8,2.5016
宁夏,银川,2024-01,31,-5.3861,1.4406,-10.3977,51.2584,1.5,1.9587
宁夏,银川,2024-02,29,-3.32,2.3255,-7.9069,58.0497,7.62,2.5045
宁夏,银川,2024-03,31,4.9855,12.9661,-1.86,37.04,4.03,2.7687
宁夏,银川,2024-04,30,13.3363,20.918,5.8273,43.7113,34.43,2.6237
宁夏,银川,2024-05,31,20.3187,27.9539,11.9945,37.2548,18.33,2.9126
宁夏,银川,2024-06,30,22.6,29.4507,15.0873,43.5053,32.03,2.4437
宁夏,银川,2024-07,31,26.8187,33.9945,19.3368,40.2081,12.88,2.1287
宁夏,银川,2024-08,31,23.6219,30.5435,17.1019,57.4,127.95,2.1935
宁夏,银川,2024-09,30,17.1407,23.0457,11.9377,73.0893,127.56,2.769
宁夏,银川,2024-10,31,10.4965,17.5239,4.5842,66.1177,33.25,2.1574
宁夏,银川,2024-11,30,3.155,9.212,-1.2433,67.8653,7.2,2.235
宁夏,银川,2024-12,31,-6.7742,-0.6474,-11.3645,66.8894,1.94,2.0277
宁夏,银川,2025-01,31,-6.0261,0.6206,-11.0426,62.0239,11.59,2.2306
宁夏,银川,2025-02,28,-4.8707,1.6879,-10.5125,55.2625,0.27,2.3775
宁夏,银川,2025-03,31,3.1045,10,-2.6619,43.9465,5.34,2.9961
宁夏,银川,2025-04,30,11.4563,19.6363,2.9793,35.7917,5.18,3.6663
宁夏,银川,2025-05,31,17.2748,25.0461,8.7565,39.6097,9.92,3.4906
宁夏,银川,2025-06,30,22.9007,29.879,15.4763,39.4813,20.05,2.505
宁夏,银川,2025-07,31,25.5052,31.9294,18.7416,55.8352,101.44,2.5158
宁夏,银川,2025-08,31,23.3842,30.5461,16.9206,56.5729,51.88,2.2281
宁夏,银川,2025-09,30,18.2477,25.4293,11.799,54.8773,29.96,2.2907
宁夏,银川,2025-10,31,9.4748,15.9429,4.3235,65.7152,38.99,1.9119
宁夏,银川,2025-11,30,1.675,8.487,-3.075,47.9087,4.47,2.7717
宁夏,银川,2025-12,31,-3.5245,3.0184,-8.2974,57.6139,3.37,2.3865
宁夏,银川,2026-01,31,-6.0239,0.2465,-10.6335,57.6565,0.52,2.5174
宁夏,银川,2026-02,28,-0.6025,6.7621,-6.3775,43.9968,0.1,2.7654
宁夏,银川,2026-03,31,4.3432,11.7455,-2.0752,45.981,10.68,2.4177
宁夏,银川,2026-04,30,12.882,20.9877,4.418,32.7693,2.2,3.0483
宁夏,银川,2026-05,27,18.559,25.289,11.2681,35.1838,36.1,2.4114
安徽,合肥,2018-01,31,-0.1787,4.8129,-4.3971,84.7013,94.17,2.6932
安徽,合肥,2018-02,28,3.92,9.7293,-0.8614,75.1614,44.09,2.4639
安徽,合肥,2018-03,31,11.5668,17.4529,6.0374,80.6171,110.26,2.7845
安徽,合肥,2018-04,30,17.175,23.074,11.4367,74.2277,83.26,2.887
安徽,合肥,2018-05,31,22.2952,26.8194,17.6126,79.4152,216.54,2.6265
安徽,合肥,2018-06,30,25.796,30.8053,21.019,74.2877,85.79,2.203
安徽,合肥,2018-07,31,29.5268,33.8319,25.5329,79.1739,234.4,2.2658
安徽,合肥,2018-08,31,28.7713,33.0294,25.1645,79.8758,238.78,2.62
安徽,合肥,2018-09,30,23.7633,29.1423,19.1797,74.7497,101.52,2.2143
安徽,合肥,2018-10,31,16.7526,23.5465,11.0213,64.6326,16.47,2.2258
安徽,合肥,2018-11,30,11.5923,17.3683,6.942,78.9507,77.11,2.4043
安徽,合肥,2018-12,31,4.1042,8.781,0.4226,78.891,108.1,2.8223
安徽,合肥,2019-01,31,2.2974,7.6158,-1.8316,80.18,51.23,2.1671
安徽,合肥,2019-02,28,3.2575,7.7282,-0.7343,83.4886,90.16,2.5696
安徽,合肥,2019-03,31,10.8081,16.6119,5.2758,75.1423,27.15,2.4748
安徽,合肥,2019-04,30,17.1873,23.382,11.327,74.9367,66.7,2.4643
安徽,合肥,2019-05,31,22.1106,28.5545,15.9684,60.951,46.15,2.3948
安徽,合肥,2019-06,30,26.3227,31.9993,20.9733,69.151,159.05,2.246
安徽,合肥,2019-07,31,29.2668,34.5103,24.5413,69.781,47.17,2.2129
安徽,合肥,2019-08,31,29.3994,35.3019,24.4884,67.0584,105.98,2.5684
安徽,合肥,2019-09,30,24.9227,31.574,19.4097,62.837,20.85,2.3683
安徽,合肥,2019-10,31,19.0339,25.8313,13.4361,58.5239,15.07,2.2381
安徽,合肥,2019-11,30,12.6253,19.1787,6.982,59.083,83.92,2.5737
安徽,合肥,2019-12,31,6.1832,12.3884,1.3639,72.3423,30.29,2.4568
安徽,合肥,2020-01,31,3.5371,7.9726,0.0316,83.4087,105.32,2.4529
安徽,合肥,2020-02,29,7.4479,13.5352,2.3776,78.2383,59.28,2.671
安徽,合肥,2020-03,31,11.6006,17.3742,6.1206,77.0426,152.52,2.7558
安徽,合肥,2020-04,30,14.8397,21.1903,8.673,71.0803,46.87,2.5963
安徽,合肥,2020-05,31,23.3739,29.6677,17.3823,69.3155,56.35,2.6461
安徽,合肥,2020-06,30,26.857,31.1137,22.8053,79.4087,383.72,2.5173
安徽,合肥,2020-07,31,25.7226,29.0432,22.6248,88.6639,592.25,2.2216
安徽,合肥,2020-08,31,28.4665,31.8103,25.4716,86.2281,115.92,2.2781
安徽,合肥,2020-09,30,23.255,27.6397,19.173,79.622,102.02,1.643
安徽,合肥,2020-10,31,16.1613,21.7071,11.4219,78.9548,73.93,2.2945
安徽,合肥,2020-11,30,11.4117,17.0993,6.9707,79.6837,74.99,2.7297
安徽,合肥,2020-12,31,3.1248,8.7245,-1.1532,74.47,27.58,2.2781
安徽,合肥,2021-01,31,3.0542,9.0084,-1.3742,74.5081,27.39,2.689
安徽,合肥,2021-02,28,8.8368,15.3979,3.5364,77.7721,44.26,3.0382
安徽,合肥,2021-03,31,11.4039,16.9168,6.3584,78.7184,110.47,2.8429
安徽,合肥,2021-04,30,15.8403,21.3877,10.5977,74.102,40.36,2.5867
安徽,合肥,2021-05,31,22.1061,27.7023,16.6668,74.1506,154.69,2.56
安徽,合肥,2021-06,30,26.6847,32.26,21.6537,72.8173,112.01,2.2503
安徽,合肥,2021-07,31,27.8384,31.1674,25.0058,86.7458,455.46,2.9845
安徽,合肥,2021-08,31,26.7968,30.5565,23.3594,85.1794,143.46,1.9352
安徽,合肥,2021-09,30,25.4063,30.6833,21.0037,79.7247,72.86,2.334
安徽,合肥,2021-10,31,18.2023,23.6929,13.2245,78.0348,86.34,2.5397
安徽,合肥,2021-11,30,11.4493,18.0623,6.091,72.7773,29.52,2.5293
安徽,合肥,2021-12,31,5.5045,12.1645,0.2713,69.0903,8.37,2.3868
安徽,合肥,2022-01,31,3.6448,8.5048,-0.0968,80.6865,60.04,2.6187
安徽,合肥,2022-02,28,3.5464,9.0029,-1.0789,75.6186,25.63,2.4539
安徽,合肥,2022-03,31,12.8248,19.0016,7.1555,75.04,186.45,2.9694
安徽,合肥,2022-04,30,16.8367,22.7983,11.0313,75.1777,107.66,2.613
安徽,合肥,2022-05,31,21.2032,27.2958,15.1181,67.6929,11.99,2.2258
安徽,合肥,2022-06,30,27.9027,33.5347,22.7683,71.7907,193.75,3.0127
安徽,合肥,2022-07,31,30.1732,34.6077,26.1123,76.0229,142.33,2.1674
安徽,合肥,2022-08,31,31.3461,37.1674,26.4613,66.3548,33.53,2.4239
安徽,合肥,2022-09,30,24.7727,31.6753,19.0697,60.6383,11.21,2.7033
安徽,合肥,2022-10,31,16.8871,23.521,11.3658,68.4123,94.73,2.8358
安徽,合肥,2022-11,30,13.757,19.6057,8.9733,76.1243,93.92,2.651
安徽,合肥,2022-12,31,2.6239,8.3871,-1.85,68.7458,11.64,2.38
安徽,合肥,2023-01,31,3.5339,10.3368,-1.4113,69.969,32.27,2.6213
安徽,合肥,2023-02,28,5.5311,11.0943,0.8039,76.5739,54.26,2.7404
安徽,合肥,2023-03,31,12.5065,19.1032,6.5474,68.1523,46.9,2.6739
安徽,合肥,2023-04,30,17.355,23.8673,11.1753,67.7407,68.96,3.3087
安徽,合肥,2023-05,31,22.5187,28.6,16.981,69.8135,134.81,2.7406
安徽,合肥,2023-06,30,26.2077,31.4537,21.3993,72.825,162.78,2.302
安徽,合肥,2023-07,31,28.8726,32.6158,25.6226,82.8671,191.1,2.6594
安徽,合肥,2023-08,31,28.4103,33.2765,24.1255,76.4352,95.22,2.0271
安徽,合肥,2023-09,30,24.636,29.7477,20.434,78.4437,115.91,2.2693
安徽,合肥,2023-10,31,18.9723,25.2413,13.6213,70.5355,37.43,2.0061
安徽,合肥,2023-11,30,11.2977,17.9507,5.7383,69.7857,49.39,2.8387
安徽,合肥,2023-12,31,3.3984,9.4626,-1.1971,73.4532,55.19,2.5735
安徽,合肥,2024-01,31,3.0342,8.9897,-1.3419,77.2784,61.1,2.5906
安徽,合肥,2024-02,29,2.559,7.7262,-2.2231,85.8245,112.95,3.0355
安徽,合肥,2024-03,31,11.3126,17.3265,5.8019,78.1223,72.84,2.6461
安徽,合肥,2024-04,30,17.5177,22.786,12.4497,80.6237,87.47,2.6213
安徽,合肥,2024-05,31,21.7181,27.3894,15.981,72.8106,124.14,2.5226
安徽,合肥,2024-06,30,26.274,31.291,21.5567,73.9867,194.91,2.0673
安徽,合肥,2024-07,31,28.9845,32.3226,26.0232,86.5948,320.09,3.0342
安徽,合肥,2024-08,31,29.6003,33.58,25.9948,81.0942,98.9,1.7935
安徽,合肥,2024-09,30,26.4353,31.5387,22.0197,78.2903,99.08,2.979
安徽,合肥,2024-10,31,17.4106,23.2181,12.4761,76.9068,87.02,2.6065
安徽,合肥,2024-11,30,12.5147,18.263,7.8603,76.359,34,2.8293
安徽,合肥,2024-12,31,3.6574,10.3739,-1.1816,68.5081,10.8,2.3245
安徽,合肥,2025-01,31,4.0148,10.8455,-1.3497,64.091,27.62,2.57
安徽,合肥,2025-02,28,4.8075,10.8386,-0.3968,67.3268,8.36,2.61
安徽,合肥,2025-03,31,11.4,18.0168,5.2781,66.7477,66.67,3.0423
安徽,合肥,2025-04,30,19.6017,26.994,12.5377,57.547,47.21,2.995
安徽,合肥,2025-05,31,23.1894,29.3874,17.4148,64.5361,126.74,3.0268
安徽,合肥,2025-06,30,25.6337,29.9047,21.6747,80.6103,245.34,2.547
安徽,合肥,2025-07,31,30.1326,34.93,25.7552,75.7213,63.09,2.9652
安徽,合肥,2025-08,31,29.9442,34.1097,26.1926,78.46,212.29,1.8677
安徽,合肥,2025-09,30,25.044,29.2867,21.386,83.506,146.78,2.307
安徽,合肥,2025-10,31,18.7006,23.8016,14.7829,82.7465,67.18,2.6213
安徽,合肥,2025-11,30,11.112,17.751,5.699,72.8827,33.43,2.578
安徽,合肥,2025-12,31,6.3365,12.8548,1.1703,73.8735,17.57,2.9277
安徽,合肥,2026-01,31,2.8158,9.2871,-2.1274,73.5442,43.04,2.7668
安徽,合肥,2026-02,28,6.9946,13.4311,1.5261,72.6071,35.92,2.7539
安徽,合肥,2026-03,31,11.0023,16.6265,6.1865,77.5471,92.03,2.4816
安徽,合肥,2026-04,30,16.95,22.4857,11.4997,75.9897,59.73,2.6547
安徽,合肥,2026-05,27,22.3895,27.68,17.0433,71.8648,57.88,2.4362
山东,济南,2018-01,31,-2.7474,2.0358,-6.6752,58.9487,5.51,2.3994
山东,济南,2018-02,28,0.0475,6.9261,-5.225,53.8289,1.45,2.8614
山东,济南,2018-03,31,8.9655,16.6906,2.4674,61.1058,22.52,3.4977
山东,济南,2018-04,30,15.8443,23.5053,8.5357,51.884,73.89,3.7103
山东,济南,2018-05,31,21.129,27.7516,14.7523,59.2965,102.89,2.7455
山东,济南,2018-06,30,26.0613,32.5837,19.6747,58.1343,134.79,2.4607
山东,济南,2018-07,31,28.9248,34.2958,24.0697,70.4823,133.46,2.3268
山东,济南,2018-08,31,26.8687,31.3235,22.7932,79.1081,313.65,2.221
山东,济南,2018-09,30,19.949,25.5823,14.9023,69.7877,42.22,1.7083
山东,济南,2018-10,31,12.9829,20.101,6.7942,58.9377,10.56,1.8568
山东,济南,2018-11,30,7.0897,13.2697,2.191,75.0303,26.22,2.011
山东,济南,2018-12,31,-1.0352,4.2265,-5.0261,62.711,15.28,2.1468
山东,济南,2019-01,31,-1.1897,4.4542,-5.4858,59.6132,3.04,2.009
山东,济南,2019-02,28,0.4629,6.0754,-3.8421,63.2525,6.93,2.175
山东,济南,2019-03,31,8.6952,16.4477,1.7948,50.4335,5.08,2.8281
山东,济南,2019-04,30,13.9587,21.3923,6.9523,57.0163,38.91,2.973
山东,济南,2019-05,31,21.4026,29.6061,13.4342,43.2081,17.5,2.9023
山东,济南,2019-06,30,28.033,35.037,21.0713,45.5647,40.02,2.4833
山东,济南,2019-07,31,28.8539,34.9471,23.1855,61.4568,131.96,1.8655
山东,济南,2019-08,31,24.8423,29.5377,20.4455,74.6552,328.78,1.8681
山东,济南,2019-09,30,21.5457,27.8233,15.9627,66.3593,22.01,1.593
山东,济南,2019-10,31,14.3816,21.3019,8.9565,64.7942,37.91,2.0965
山东,济南,2019-11,30,7.523,13.9463,2.1463,65.8283,66.98,2.3183
山东,济南,2019-12,31,0.3271,6.3965,-3.6839,69.7377,21.81,2.3968
山东,济南,2020-01,31,-0.7216,4.1103,-4.3652,73.1023,29.5,1.7074
山东,济南,2020-02,29,2.3769,8.7959,-2.8214,75.1748,61.12,2.7979
山东,济南,2020-03,31,8.3406,15.9055,1.8094,60.5939,8.4,3.2203
山东,济南,2020-04,30,12.724,20.294,5.2477,53.338,47.01,2.9363
山东,济南,2020-05,31,20.8332,28.1281,13.6413,57.8771,74.92,3.0745
山东,济南,2020-06,30,25.8377,32.527,19.4867,60.2903,122.55,2.2143
山东,济南,2020-07,31,25.0284,30.1071,20.1845,74.8558,151.78,1.9958
山东,济南,2020-08,31,25.7935,29.8794,21.8884,85.3319,338.64,1.9994
山东,济南,2020-09,30,20.8617,26.3367,15.7787,74.4767,32.92,1.61
山东,济南,2020-10,31,12.7819,18.7181,7.6616,66.3145,11.65,1.8323
山东,济南,2020-11,30,6.76,12.8127,1.989,70.664,126.61,2.0083
山东,济南,2020-12,31,-1.3594,3.9671,-5.2919,67.2448,10.82,2.0868
山东,济南,2021-01,31,-2.1029,4.2142,-6.6945,67.8784,4.76,2.4629
山东,济南,2021-02,28,3.5511,10.52,-1.6889,67.1146,53.39,3.0154
山东,济南,2021-03,31,8.0445,15.061,1.9542,68.2277,19.14,2.6958
山东,济南,2021-04,30,13.0297,19.7557,6.7667,60.404,55.44,2.8447
山东,济南,2021-05,31,19.8084,27.4706,12.4116,56.0668,33.98,3.3613
山东,济南,2021-06,30,25.855,32.2753,19.599,62.6343,141.57,2.406
山东,济南,2021-07,31,26.2681,30.6794,22.2684,80.4158,363.23,2.4813
山东,济南,2021-08,31,24.2023,28.7497,19.821,80.8181,210.75,1.6842
山东,济南,2021-09,30,21.421,26.0997,17.355,85.089,216.64,2.3427
山东,济南,2021-10,31,13.0829,18.4477,8.3955,80.1761,60.02,2.2045
山东,济南,2021-11,30,5.5997,11.925,0.7573,80.317,68.83,2.276
山东,济南,2021-12,31,0.0877,5.94,-4.1403,74.5632,4.23,2.3971
山东,济南,2022-01,31,-1.5681,3.2016,-5.4623,80.8339,8.59,2.1126
山东,济南,2022-02,28,-0.4246,5.2082,-4.9775,69.1804,1.2,2.3764
山东,济南,2022-03,31,7.2403,14.1752,1.1948,71.1926,37.95,3.0626
山东,济南,2022-04,30,14.0937,21.0737,7.503,66.8163,26.68,3.1597
山东,济南,2022-05,31,19.1519,26.6348,11.9103,57.6445,10.61,3.1242
山东,济南,2022-06,30,26.621,33.123,20.3963,61.225,157.18,2.459
山东,济南,2022-07,31,25.9994,30.2445,21.6929,82.1181,415.85,1.8174
山东,济南,2022-08,31,25.3971,29.619,21.2132,83.1268,202.53,2.1561
山东,济南,2022-09,30,20.261,26.176,15.0283,71.4437,8.05,2.0027
山东,济南,2022-10,31,12.1761,18.3439,6.7326,73.8735,149.26,2.2561
山东,济南,2022-11,30,7.8293,13.2607,3.176,76.3243,38.25,2.479
山东,济南,2022-12,31,-2.7435,2.8232,-7.1387,65.8439,0.29,2.1406
山东,济南,2023-01,31,-1.9013,4.0223,-6.3313,69.6165,4.67,2.5732
山东,济南,2023-02,28,1.6889,7.9043,-2.785,69.8146,11.07,2.5232
山东,济南,2023-03,31,9.1,17.2026,2.2755,58.6271,1.5,3.01
山东,济南,2023-04,30,13.3763,20.4343,6.7003,60.294,59.33,3.491
山东,济南,2023-05,31,20.4806,27.4665,14.2155,58.5355,57.01,3.1352
山东,济南,2023-06,30,26.4247,33.687,19.3347,54.1957,64.2,2.355
山东,济南,2023-07,31,27.9381,33.301,22.88,72.6132,383.51,2.3932
山东,济南,2023-08,31,25.4877,29.9897,20.9903,79.2884,165.58,1.9026
山东,济南,2023-09,30,22.058,27.096,17.2313,75.8563,57.7,1.5297
山东,济南,2023-10,31,16.1348,22.9523,10.1319,65.0497,0.03,2.001
山东,济南,2023-11,30,5.211,11.4263,0.145,66.8497,44.48,2.692
山东,济南,2023-12,31,-2.8429,3.0594,-7.2861,74.29,21.89,2.729
山东,济南,2024-01,31,-1.8542,3.8016,-6.0942,69.1894,9.91,2.4571
山东,济南,2024-02,29,-0.5107,5.3459,-5.1641,70.6645,32.19,3.3669
山东,济南,2024-03,31,7.929,15.5526,1.4065,59.1745,6.64,3.2013
山东,济南,2024-04,30,17.207,25.0053,9.8637,57.319,36.54,2.8387
山东,济南,2024-05,31,22.1306,29.9345,14.6806,49.4768,40.07,2.87
山东,济南,2024-06,30,27.8357,34.916,20.7053,46.7297,29.03,2.665
山东,济南,2024-07,31,26.729,30.9932,22.8161,82.621,492.44,2.3684
山东,济南,2024-08,31,26.891,30.9348,22.8455,82.1258,262.93,1.7877
山东,济南,2024-09,30,21.6213,27.0537,16.506,80.7617,42.09,2.2937
山东,济南,2024-10,31,13.5816,19.6906,8.2084,75.5016,54.86,1.9994
山东,济南,2024-11,30,8.12,13.928,3.467,75.658,28.57,2.0817
山东,济南,2024-12,31,-0.6971,4.9558,-4.8277,67.1661,4.12,2.0065
山东,济南,2025-01,31,-1.1723,4.7006,-5.5065,66.0026,2.8,2.4777
山东,济南,2025-02,28,0.0693,6.5261,-4.7946,60.1686,2.69,2.7396
山东,济南,2025-03,31,6.5748,13.9313,0.1568,63.379,62.14,3.0216
山东,济南,2025-04,30,15.6267,24.1813,7.674,52.6833,26.74,3.5747
山东,济南,2025-05,31,20.6374,28.1884,13.349,52.3874,37.35,3.4423
山东,济南,2025-06,30,26.782,33.443,20.123,55.989,108.42,2.4563
山东,济南,2025-07,31,29.1342,34.5252,24.0919,71.0816,220.58,2.2523
山东,济南,2025-08,31,27.4884,32.0274,23.331,78.9297,217.36,1.771
山东,济南,2025-09,30,21.2167,26.4467,16.5033,78.749,168.14,1.6517
山东,济南,2025-10,31,13.1677,17.7194,9.3216,85.0252,206.47,2.1932
山东,济南,2025-11,30,6.5437,12.9697,1.4043,72.7477,6.16,2.4267
山东,济南,2025-12,31,-0.2261,5.3658,-4.0055,76.0887,16.93,2.671
山东,济南,2026-01,31,-1.7206,3.351,-5.7161,74.0281,3.24,2.6071
山东,济南,2026-02,28,2.5139,9.3621,-2.3657,71.4189,10.66,2.9593
山东,济南,2026-03,31,7.5048,13.6671,2.0181,75.7768,40.74,2.6842
山东,济南,2026-04,30,14.9953,22.1153,8.2573,66.5677,59.98,2.678
山东,济南,2026-05,27,21.8062,28.1419,15.4281,56.0205,26.81,2.4538
山西,太原,2018-01,31,-8.5113,-2.1855,-13.4071,64.1684,3.15,2.5316
山西,太原,2018-02,28,-4.8414,2.3896,-10.5271,53.0679,0.26,2.7693
山西,太原,2018-03,31,6.0006,14.7581,-1.3432,56.2294,8.94,2.4619
山西,太原,2018-04,30,11.3193,19.3827,3.413,49.841,29.72,3.1237
山西,太原,2018-05,31,17.5045,25.1887,9.7681,48.5858,52.35,2.5423
山西,太原,2018-06,30,21.9993,29.306,14.5777,48.4547,42.65,2.0237
山西,太原,2018-07,31,23.4626,29.0248,18.5994,73.6294,170.99,1.9545
山西,太原,2018-08,31,22.5752,28.3032,17.529,72.9032,97.1,1.6061
山西,太原,2018-09,30,14.1023,20.63,8.1547,65.7303,57.27,2.0357
山西,太原,2018-10,31,7.6539,15.5865,0.9474,56.3768,3.65,2.159
山西,太原,2018-11,30,1.735,8.8593,-2.8973,57.2453,3.3,1.743
山西,太原,2018-12,31,-6.8219,-0.1406,-11.8761,52.1261,0.43,2.2665
山西,太原,2019-01,31,-5.4129,1.4487,-10.93,52.4168,0.81,1.9545
山西,太原,2019-02,28,-3.2125,3.7193,-8.8564,52.8782,3.64,2.0829
山西,太原,2019-03,31,3.7813,12.1881,-3.1474,38.909,0.71,2.8335
山西,太原,2019-04,30,10.3727,19.1993,2.3383,50.5393,56.88,2.645
山西,太原,2019-05,31,16.3726,24.3106,7.5123,38.0506,8.38,2.621
山西,太原,2019-06,30,22.266,29.4027,15.0443,49.0853,39.76,1.97
山西,太原,2019-07,31,23.9694,30.9045,16.9894,54.3839,86,1.7855
山西,太原,2019-08,31,21.2555,28.0842,15.0381,61.9352,91.24,1.8313
山西,太原,2019-09,30,17.484,24.815,11.26,58.6527,77.28,1.701
山西,太原,2019-10,31,9.4506,16.7284,3.5784,63.9545,34.47,1.7758
山西,太原,2019-11,30,2.0623,8.5637,-2.6267,62.6337,15.82,2.299
山西,太原,2019-12,31,-4.5716,2.4087,-9.5003,64.0423,2.38,2.3187
山西,太原,2020-01,31,-5.04,1.0523,-9.9045,69.6377,12.88,1.5929
山西,太原,2020-02,29,-0.9103,6.58,-6.8117,57.9386,6.31,2.5097
山西,太原,2020-03,31,4.2468,12.6094,-2.7823,48.359,19.62,2.8655
山西,太原,2020-04,30,8.5997,16.8693,0.4837,44.393,18.2,2.833
山西,太原,2020-05,31,17.2994,25.3787,8.9168,43.4435,60.85,3.0239
山西,太原,2020-06,30,22.08,29.4947,14.7037,49.1217,54.33,2.0893
山西,太原,2020-07,31,21.5729,27.5587,15.9023,69.909,137.2,1.4913
山西,太原,2020-08,31,20.1023,25.2245,15.2884,78.3906,273.13,1.7723
山西,太原,2020-09,30,15.05,21.277,9.2927,70.743,59.59,1.7187
山西,太原,2020-10,31,7.7716,15.1568,1.4581,58.6226,7.12,1.7223
山西,太原,2020-11,30,1.518,8.0347,-3.3433,67.4743,29.83,1.9443
山西,太原,2020-12,31,-8.0058,-0.9052,-13.3352,63.7548,1.52,2.4794
山西,太原,2021-01,31,-7.4323,0.2116,-13.3468,60.1577,1,3.1319
山西,太原,2021-02,28,-0.0596,7.8157,-5.5689,55.9225,19.48,2.6654
山西,太原,2021-03,31,4.5816,12.5668,-1.7726,62.6574,34,2.4197
山西,太原,2021-04,30,8.353,15.291,1.8387,57.183,13.17,2.899
山西,太原,2021-05,31,15.8671,24.4755,6.7855,45.3258,42.85,3.4661
山西,太原,2021-06,30,21.6603,29.2737,14.2517,51.9087,55.42,2.0753
山西,太原,2021-07,31,23.4187,30.0371,17.3771,65.8055,101.81,2.1068
山西,太原,2021-08,31,21.4045,28.6339,14.9042,63.26,72.36,1.9119
山西,太原,2021-09,30,17.3613,23.9647,11.8323,69.3463,99.06,1.816
山西,太原,2021-10,31,7.2232,13.759,1.8326,72.1648,116.44,1.9952
山西,太原,2021-11,30,-0.0493,6.8127,-5.1563,67.918,21.26,2.7063
山西,太原,2021-12,31,-4.8516,2.0706,-9.949,62.1455,2.39,2.4306
山西,太原,2022-01,31,-5.3342,0.9626,-10.4168,70.251,7,1.8284
山西,太原,2022-02,28,-5.2804,1.4282,-11.0532,60.7454,2.5,2.1379
山西,太原,2022-03,31,4.2606,12.4916,-2.3394,58.219,10.72,3.011
山西,太原,2022-04,30,10.6473,19.6353,2.4943,45.4887,20.75,2.87
山西,太原,2022-05,31,15.3984,23.1168,7.3216,47.3265,42.5,2.6694
山西,太原,2022-06,30,23.2713,31.253,15.0983,46.5197,61.27,2.3753
山西,太原,2022-07,31,22.2448,28.1813,16.1548,69.9477,192.86,1.6994
山西,太原,2022-08,31,21.2852,27.0261,16.1287,73.9635,193.26,1.8913
山西,太原,2022-09,30,16.3703,23.5033,9.736,60.5107,27.64,1.6713
山西,太原,2022-10,31,8.7419,15.8981,2.7771,62.1865,51.78,1.9326
山西,太原,2022-11,30,2.6347,9.3957,-2.571,68.3923,35.05,2.2077
山西,太原,2022-12,31,-7.5819,-0.4461,-13.109,55.83,0.16,2.7742
山西,太原,2023-01,31,-7.0397,0.4532,-12.7348,62.1313,5.02,2.7097
山西,太原,2023-02,28,-1.8214,4.4725,-6.6786,66.8507,17.52,2.1561
山西,太原,2023-03,31,5.3297,14.05,-1.5671,46.5213,2.98,2.5858
山西,太原,2023-04,30,8.1743,16.206,0.8333,57.2883,89.97,3.6147
山西,太原,2023-05,31,15.5616,22.7294,8.61,56.7294,67.04,2.6126
山西,太原,2023-06,30,21.9917,29.3813,13.9427,45.8223,41.43,2.1547
山西,太原,2023-07,31,24.2616,31.4229,17.3377,54.1445,114.4,2.3435
山西,太原,2023-08,31,22.7777,29.5171,16.7055,66.9916,94.01,1.7081
山西,太原,2023-09,30,17.791,24.474,12.064,67.0843,41.56,1.5837
山西,太原,2023-10,31,11.1239,19.4684,4.4594,53.6152,10.29,1.7239
山西,太原,2023-11,30,0.7593,8.2243,-4.274,50.4477,9.95,2.8407
山西,太原,2023-12,31,-7.6029,-0.4123,-12.8045,65.0542,17.3,2.851
山西,太原,2024-01,31,-6.1955,1.391,-11.6523,61.3665,4.12,2.3887
山西,太原,2024-02,29,-3.9828,2.3648,-9.0797,65.1672,17.84,2.4169
山西,太原,2024-03,31,4.2106,12.5258,-3.151,46.7626,21.86,2.6971
山西,太原,2024-04,30,13.1567,21.2847,5.057,52.2243,29.76,2.5387
山西,太原,2024-05,31,18.7787,26.8958,10.5797,43.0068,30.23,2.5035
山西,太原,2024-06,30,23.284,30.3917,15.783,42.7387,19.58,2.05
山西,太原,2024-07,31,24.9639,31.711,18.7416,59.6723,116.1,1.889
山西,太原,2024-08,31,22.4397,28.4861,16.5945,70.0168,135.47,1.6381
山西,太原,2024-09,30,18.06,25.173,12.1367,72.844,76.77,2.352
山西,太原,2024-10,31,9.911,17.0406,4.0597,65.3987,46.55,2.0039
山西,太原,2024-11,30,3.2517,9.6207,-1.5233,69.4413,14.04,2.5147
山西,太原,2024-12,31,-5.7981,0.7094,-10.8368,60.4406,0.96,2.5074
山西,太原,2025-01,31,-6.1242,1.1481,-11.6361,61.7239,6.15,2.5861
山西,太原,2025-02,28,-4.7693,2.4893,-10.9414,55.0368,0.98,2.6618
山西,太原,2025-03,31,2.7981,10.161,-3.4835,51.6368,15.21,3.3274
山西,太原,2025-04,30,11.115,19.8307,1.9473,41.5633,12.73,3.922
山西,太原,2025-05,31,16.7135,24.8774,8.3852,45.3126,42.32,3.2355
山西,太原,2025-06,30,22.07,29.343,14.722,51.0517,69.2,2.1903
山西,太原,2025-07,31,23.4313,28.8087,18.2813,74.6168,218.61,1.9026
山西,太原,2025-08,31,21.9377,27.5042,16.6103,74.7619,194.7,1.7019
山西,太原,2025-09,30,16.094,22.3693,10.608,71.5363,58.55,1.5853
山西,太原,2025-10,31,8.431,13.8161,3.9148,80.4126,199.39,1.6742
山西,太原,2025-11,30,1.2623,8.28,-3.895,67.8723,10.7,2.878
山西,太原,2025-12,31,-4.8016,1.8574,-9.8381,70.8855,7.48,2.4597
山西,太原,2026-01,31,-6.2065,0.7768,-11.5135,68.3306,1.37,2.5761
山西,太原,2026-02,28,-1.4093,5.8611,-6.8846,61.7104,1.15,2.7693
山西,太原,2026-03,31,3.8219,11.0574,-2.1103,64.3226,23.9,2.2813
山西,太原,2026-04,30,11.0113,19.2383,2.6013,51.253,10.53,2.7127
山西,太原,2026-05,27,17.6,24.2757,10.6529,47.2095,52.26,1.9886
广东,广州,2018-01,31,14.2261,20.2874,9.1339,70.8613,99.13,2.5142
广东,广州,2018-02,28,14.9693,21.7164,9.5482,69.0614,15.18,2.5057
广东,广州,2018-03,31,21.399,28.2055,15.7694,68.9645,42.71,2.529
广东,广州,2018-04,30,23.9787,29.9583,18.9723,70.3493,109.04,2.57
广东,广州,2018-05,31,28.2261,33.1297,23.9494,78.1813,170.35,2.2413
广东,广州,2018-06,30,28.1077,31.536,25.0763,84.8747,437.53,2.1917
广东,广州,2018-07,31,28.4323,31.879,25.5432,86.3445,243.33,2.0229
广东,广州,2018-08,31,28.2561,31.3565,25.7155,86.9171,276.02,1.6855
广东,广州,2018-09,30,27.0063,30.7497,23.8493,84.242,188.06,2.0943
广东,广州,2018-10,31,22.1745,27.229,17.7445,78.5826,65.89,1.9213
广东,广州,2018-11,30,20.6477,26.5667,15.838,78.287,35.76,1.987
广东,广州,2018-12,31,15.8539,21.7,11.4,73.289,17.22,3.0513
广东,广州,2019-01,31,15.7448,22.5232,10.5006,70.0532,3.65,2.5381
广东,广州,2019-02,28,19.8475,26.28,14.8318,75.1282,104.16,2.7246
广东,广州,2019-03,31,20.6394,25.8503,16.1642,81.7074,180.29,2.699
广东,广州,2019-04,30,25.04,29.5287,21.2033,85.338,324.79,2.594
广东,广州,2019-05,31,25.4619,28.7365,22.6013,88.3158,335.62,2.1529
广东,广州,2019-06,30,28.2287,31.2393,25.5613,89.6707,314.59,2.0753
广东,广州,2019-07,31,28.7345,31.779,26.0868,88.0132,204.05,1.9406
广东,广州,2019-08,31,28.8968,32.0681,26.0394,86.7674,363.38,1.8177
广东,广州,2019-09,30,26.8147,31.2163,22.6147,79.5563,96.29,1.6873
广东,广州,2019-10,31,24.5323,30.1852,19.7577,74.8242,37.12,1.7165
广东,广州,2019-11,30,20.6203,28.1603,14.679,63.2453,0,2.4143
广东,广州,2019-12,31,17.0171,24.6997,11.0516,57.2594,3.57,2.4797
广东,广州,2020-01,31,17.3555,24.4448,11.7342,63.0465,21.53,2.5484
广东,广州,2020-02,29,17.9621,24.2352,12.4617,73.0817,109.48,2.46
广东,广州,2020-03,31,21.6942,27.079,17.3761,78.1016,143.43,3.0097
广东,广州,2020-04,30,21.1163,26.4257,16.559,77.3353,112.85,2.249
广东,广州,2020-05,31,27.9881,32.2855,24.2742,81.9819,378.72,2.3097
广东,广州,2020-06,30,28.253,31.2443,25.82,89.2433,288.71,2.5617
广东,广州,2020-07,31,29.0803,32.9742,25.9577,84.1255,69.1,2.2084
广东,广州,2020-08,31,28.3113,31.8265,25.3571,85.7023,259.4,1.9142
广东,广州,2020-09,30,27.7607,31.4113,24.713,86.3733,288.15,1.597
广东,广州,2020-10,31,22.771,27.7055,18.7994,79.6287,38.05,2.7729
广东,广州,2020-11,30,21.461,28.0427,16.567,69.4183,3.03,2.5467
广东,广州,2020-12,31,14.891,21.6555,9.799,62.7006,3.76,3.2055
广东,广州,2021-01,31,14.3681,21.8639,8.2171,50.8919,2.38,2.5739
广东,广州,2021-02,28,19.9457,27.2689,13.7425,65.66,66.4,2.1389
广东,广州,2021-03,31,22.5813,29.0868,17.3681,70.0648,30.54,2.7448
广东,广州,2021-04,30,25.649,31.73,20.863,67.3657,79.51,2.529
广东,广州,2021-05,31,29.1639,34.3345,25.0648,75.3835,170.53,2.6758
广东,广州,2021-06,30,28.4357,31.9413,25.482,85.584,419.48,2.134
广东,广州,2021-07,31,29.0439,32.67,25.8645,83.9858,152.95,1.821
广东,广州,2021-08,31,28.5145,32.151,25.5139,86.1106,313.27,1.5523
广东,广州,2021-09,30,28.8277,32.6627,25.4307,81.627,84.32,1.1453
广东,广州,2021-10,31,23.9787,28.7435,19.9771,79.3913,96.1,2.9765
广东,广州,2021-11,30,19.729,26.6493,14.1263,66.3403,31.15,2.3483
广东,广州,2021-12,31,15.6184,22.7961,10.0842,65.8697,48.15,2.5839
广东,广州,2022-01,31,16.1458,22.6481,10.9606,73.0713,24.49,2.2906
广东,广州,2022-02,28,12.8943,18.4464,8.2418,79.735,188.38,3.1439
广东,广州,2022-03,31,21.6471,27.3584,16.6306,79.2326,166.93,2.4003
广东,广州,2022-04,30,22.8687,28.2343,17.9977,76.5763,106.78,2.2723
广东,广州,2022-05,31,24.5868,28.3103,21.1635,84.7297,394.26,1.9648
广东,广州,2022-06,30,27.6333,30.3707,25.3377,90.6483,399.22,2.145
广东,广州,2022-07,31,28.9803,32.4552,25.8623,85.2619,210.33,1.9761
广东,广州,2022-08,31,28.4261,31.8726,25.4732,86.0606,260.64,1.9097
广东,广州,2022-09,30,28.2603,33.065,24.091,75.7773,69.59,1.6733
广东,广州,2022-10,31,24.8458,31.7335,19.1958,60.6961,24.4,2.7916
广东,广州,2022-11,30,22.87,28.0587,18.8397,78.6267,138.73,2.2387
广东,广州,2022-12,31,12.6352,19.1945,7.6103,68.3377,20.87,3.041
广东,广州,2023-01,31,14.4735,20.7648,9.1845,70.47,50.75,2.8384
广东,广州,2023-02,28,18.4939,25.0146,13.03,70.6446,29.33,2.4093
广东,广州,2023-03,31,21.8174,28.0745,16.7126,71.3168,143.32,2.4784
广东,广州,2023-04,30,24.0243,29.3657,19.6357,79.35,103.96,2.7507
广东,广州,2023-05,31,27.1058,31.9629,22.8713,80.2877,207.96,2.2932
广东,广州,2023-06,30,28.8687,32.2203,25.9967,85.634,351.85,1.679
广东,广州,2023-07,31,29.3823,33.2435,26.0148,82.8448,205.25,2.0519
广东,广州,2023-08,31,28.8761,32.5371,25.7326,84.4961,236.24,1.4135
广东,广州,2023-09,30,27.849,31.3167,24.867,86.4647,388.45,1.957
广东,广州,2023-10,31,23.8448,28.0239,20.2348,84.3281,91.01,2.3945
广东,广州,2023-11,30,20.7427,26.6003,15.414,74.981,12.04,1.9527
广东,广州,2023-12,31,16.0484,22.9058,10.6171,67.9674,16.16,2.779
广东,广州,2024-01,31,15.8981,22.5839,10.769,71.2077,16.91,2.4677
广东,广州,2024-02,29,17.7359,25.099,12.2814,69.559,17.07,3.2455
广东,广州,2024-03,31,21.61,27.9668,16.6581,70.4271,79.35,3.0842
广东,广州,2024-04,30,26.717,31.2533,23.2443,82.8367,501.12,2.915
广东,广州,2024-05,31,25.5665,29.0626,22.5406,86.629,418.92,2.0939
广东,广州,2024-06,30,27.9437,30.6653,25.6337,90.444,447.84,2.3077
广东,广州,2024-07,31,29.0048,32.2858,26.3574,87.3394,246.93,2.0923
广东,广州,2024-08,31,29.1268,32.6216,25.9913,83.9171,353.88,1.4326
广东,广州,2024-09,30,28.18,31.6903,24.99,85.2403,192.76,1.726
广东,广州,2024-10,31,23.9332,29.3252,19.2716,75.6755,4.77,2.5855
广东,广州,2024-11,30,20.7893,26.945,16.1807,71.3207,72.96,2.6823
广东,广州,2024-12,31,14.941,22.2803,9.2577,60.1781,0.11,2.81
广东,广州,2025-01,31,14.8213,22.9858,8.4123,55.7184,6.4,2.5016
广东,广州,2025-02,28,17.3936,24.515,11.6882,58.7839,11.03,2.8218
广东,广州,2025-03,31,20.059,26.8797,14.3419,65.4645,78.67,2.969
广东,广州,2025-04,30,25.0367,32.0897,19.3577,64.8997,111.67,2.5583
广东,广州,2025-05,31,26.4681,30.9987,22.6148,80.6855,334.81,2.1223
广东,广州,2025-06,30,28.0423,31.5173,25.1263,86.2587,395.95,2.183
广东,广州,2025-07,31,28.9674,32.181,25.9097,85.9658,283.22,1.6929
广东,广州,2025-08,31,28.1529,31.2623,25.3429,86.2184,500.73,1.5958
广东,广州,2025-09,30,27.9227,31.4863,24.8513,84.515,288.55,2.12
广东,广州,2025-10,31,24.8461,29.049,21.2213,80.7777,35.48,2.1981
广东,广州,2025-11,30,18.725,24.8883,13.8427,68.772,10.21,2.792
广东,广州,2025-12,31,17.8539,24.5261,12.3539,68.3758,28.3,2.0094
广东,广州,2026-01,31,14.899,22.6268,8.641,60.3935,3.34,2.3719
广东,广州,2026-02,28,20.1386,27.5804,14.1821,61.7761,30.53,2.5629
广东,广州,2026-03,31,22.1887,28.8442,16.5784,70.9526,128.1,2.5981
广东,广州,2026-04,30,25.747,31.322,21.4547,75.8143,95.68,3.1027
广东,广州,2026-05,27,25.4652,29.0571,22.5919,87.7071,221.36,1.8586
广西,南宁,2018-01,31,12.6394,18.2484,8.0887,78.8861,47.34,2.7287
广西,南宁,2018-02,28,13.8761,20.4779,8.5811,71.4779,11.48,2.7782
广西,南宁,2018-03,31,20.5,27.4581,14.6684,73.3823,74.36,2.8981
广西,南宁,2018-04,30,23.3567,29.8363,18.125,70.1187,67.51,3.1017
广西,南宁,2018-05,31,26.9684,31.6829,23.0903,81.5165,180.37,2.5626
广西,南宁,2018-06,30,27.724,31.5627,24.4413,84.0567,248.71,2.1833
广西,南宁,2018-07,31,27.6739,30.9903,24.9129,87.4516,318.31,2.0919
广西,南宁,2018-08,31,27.6345,31.0474,24.6239,86.9419,226.58,1.6026
广西,南宁,2018-09,30,25.914,29.9433,22.3433,85.1307,155.2,2.1233
广西,南宁,2018-10,31,21.0503,25.9455,16.9961,81.7448,86.86,2.0432
广西,南宁,2018-11,30,18.661,24.3183,13.723,80.356,31.84,2.025
广西,南宁,2018-12,31,13.9116,19.2565,9.771,78.0894,38.84,3.0948
广西,南宁,2019-01,31,12.3281,17.7326,7.9745,80.6061,45.2,2.6603
广西,南宁,2019-02,28,17.0318,22.9071,12.1054,79.7521,67.49,2.7893
广西,南宁,2019-03,31,19.4455,25.0016,14.5906,81.4939,117.8,2.8184
广西,南宁,2019-04,30,24.7337,30.329,20.2073,81.588,97.3,2.6987
广西,南宁,2019-05,31,25.9803,30.9326,21.9913,79.6877,152.56,2.501
广西,南宁,2019-06,30,27.864,31.116,25.0873,88.806,282.27,2.2493
广西,南宁,2019-07,31,27.6552,30.6203,25.0429,90.2303,268.43,2.0748
广西,南宁,2019-08,31,28.1368,31.5597,25.0032,86.7465,262.56,1.7213
广西,南宁,2019-09,30,25.979,30.6723,21.6403,80.2083,66.78,1.8877
广西,南宁,2019-10,31,22.76,27.7813,18.6061,81.9403,61.78,1.9768
广西,南宁,2019-11,30,18.7253,25.334,13.5107,71.8363,19.06,2.42
广西,南宁,2019-12,31,14.9432,22.0781,9.2165,64.9781,4.55,2.5365
广西,南宁,2020-01,31,15.6358,22.1126,10.4919,72.659,55.38,2.9558
广西,南宁,2020-02,29,16.7707,22.9128,11.5679,76.7817,66.48,2.8276
广西,南宁,2020-03,31,20.4926,26.2687,15.6216,79.8152,158.92,3.0968
广西,南宁,2020-04,30,19.784,24.782,15.4273,80.7563,126.39,2.6363
广西,南宁,2020-05,31,26.7887,31.3755,22.8503,83.2394,169.56,2.3865
广西,南宁,2020-06,30,27.9573,31.2503,25.4923,88.948,218.73,2.7503
广西,南宁,2020-07,31,28.4313,32.2952,25.1819,85.2181,83.39,2.3748
广西,南宁,2020-08,31,27.3926,31.0397,24.3065,86.9597,253.51,2.0868
广西,南宁,2020-09,30,26.3697,30.5303,22.675,86.563,174.69,1.931
广西,南宁,2020-10,31,20.6139,25.0994,16.9465,84.8019,229.9,3.0539
广西,南宁,2020-11,30,18.281,23.9167,13.7707,80.4557,7.38,2.5973
广西,南宁,2020-12,31,12.039,18.2968,7.1268,71.4913,5.4,3.0503
广西,南宁,2021-01,31,12.5619,19.6719,6.8913,64.2545,2.69,2.5852
广西,南宁,2021-02,28,18.3436,25.0761,12.6561,71.9911,69.94,2.4411
广西,南宁,2021-03,31,21.6529,28.4071,16.3271,73.5123,26.17,3.3165
广西,南宁,2021-04,30,24.2213,30.1193,19.5883,75.159,140.96,2.929
广西,南宁,2021-05,31,27.3529,32.2329,23.1374,81.99,130.79,2.7548
广西,南宁,2021-06,30,28.0463,32.1927,24.5273,82.7463,224.68,2.297
广西,南宁,2021-07,31,28.6745,33.0329,24.9348,82.1629,201.04,1.9584
广西,南宁,2021-08,31,28.0419,31.8794,24.9294,86.3,166.42,2.031
广西,南宁,2021-09,30,27.438,31.5737,23.8577,83.2117,140.65,1.3647
广西,南宁,2021-10,31,21.7765,26.9439,17.6158,77.69,124.45,3.4335
广西,南宁,2021-11,30,17.9257,23.757,13.441,72.2867,30.85,2.602
广西,南宁,2021-12,31,14.2281,21.3445,8.78,65.7655,7.84,2.5039
广西,南宁,2022-01,31,14.1097,20.3761,9.3797,76.3613,65.13,2.7081
广西,南宁,2022-02,28,11.0718,16.7239,6.26,79.1829,154.19,3.27
广西,南宁,2022-03,31,20.7552,26.6684,15.7639,82.2329,84.05,2.8994
广西,南宁,2022-04,30,22.492,28.658,17.1243,73.5787,82.86,2.9113
广西,南宁,2022-05,31,23.8558,28.29,20,83.1958,321.28,2.4394
广西,南宁,2022-06,30,27.0977,30.2247,24.5707,89.8293,214.44,2.268
广西,南宁,2022-07,31,27.7994,31.5097,24.5094,87.0968,153.91,2.0303
广西,南宁,2022-08,31,27.7084,31.4577,24.5181,85.6997,164.26,1.9652
广西,南宁,2022-09,30,27.4547,32.649,23.183,75.3917,77.62,1.7163
广西,南宁,2022-10,31,23.381,30.2271,17.9529,63.8687,44.79,2.7258
广西,南宁,2022-11,30,22.368,28.845,17.308,72.673,71.13,2.4193
广西,南宁,2022-12,31,11.9661,18.9045,6.9261,61.5555,9.11,2.8816
广西,南宁,2023-01,31,13.1184,19.9913,7.549,65.4842,31.68,2.9426
广西,南宁,2023-02,28,17.0111,23.5404,11.6789,73.5207,57.21,3.0239
广西,南宁,2023-03,31,20.9877,27.59,15.5697,69.5523,37.24,2.8913
广西,南宁,2023-04,30,24.897,31.6627,19.7183,70.7897,106.12,3.3543
广西,南宁,2023-05,31,27.4123,33.7345,22.1377,73.0735,95.2,2.9506
广西,南宁,2023-06,30,28.5633,33.0223,24.9417,80.6027,306.22,2.3593
广西,南宁,2023-07,31,28.6323,32.519,25.3274,84.4977,148.85,2.5861
广西,南宁,2023-08,31,27.7152,31.391,24.7271,87.0171,265.83,1.7042
广西,南宁,2023-09,30,26.5133,30.5027,23.1787,86.2033,190.89,2.3147
广西,南宁,2023-10,31,23.2384,27.9481,19.3987,81.4032,103.41,2.1619
广西,南宁,2023-11,30,19.4603,25.2883,14.595,78.23,33.94,2.0773
广西,南宁,2023-12,31,14.7565,21.28,9.5797,71.7348,21.27,2.6987
广西,南宁,2024-01,31,14.2471,19.5413,10.1255,80.5732,98.32,2.7171
广西,南宁,2024-02,29,15.2086,21.5076,10.2169,75.9648,34.93,3.5445
广西,南宁,2024-03,31,20.2826,26.9487,15.0171,74.9519,62,3.23
广西,南宁,2024-04,30,26.519,33.167,21.5373,76.2137,126.7,2.9453
广西,南宁,2024-05,31,25.5084,29.8497,21.709,84.8135,543.71,2.2419
广西,南宁,2024-06,30,27.3913,30.37,24.9823,91.3373,456.21,2.2913
广西,南宁,2024-07,31,27.9055,31.2613,25.1826,89.2335,271.7,2.299
广西,南宁,2024-08,31,28.0294,31.5294,24.9545,87.5168,334.93,1.6003
广西,南宁,2024-09,30,26.7957,30.5133,23.4687,86.542,189.58,2.1683
广西,南宁,2024-10,31,22.139,27.6835,17.4635,79.1284,35.72,2.4129
广西,南宁,2024-11,30,19.956,27.0697,14.5307,68.464,8.3,2.312
广西,南宁,2024-12,31,14.2171,21.169,8.9852,59.1794,4.11,2.7613
广西,南宁,2025-01,31,14.9848,22.7365,8.7316,52.5052,4.44,2.651
广西,南宁,2025-02,28,14.8893,21.5679,9.8871,67.6429,32.92,3.1446
广西,南宁,2025-03,31,19.8229,27.5445,13.3561,60.679,22.71,3.62
广西,南宁,2025-04,30,26.207,33.922,19.812,55.9023,53.47,3.0313
广西,南宁,2025-05,31,26.0442,31.3306,21.4961,78.5939,294.43,2.489
广西,南宁,2025-06,30,27.261,30.8783,24.203,87.555,411.07,2.3117
广西,南宁,2025-07,31,28.3116,31.8813,24.9913,85.0145,249.21,1.6074
广西,南宁,2025-08,31,27.1884,30.5635,24.3413,88.3245,256.57,1.9816
广西,南宁,2025-09,30,26.6297,30.2763,23.47,87.163,236.88,1.9993
广西,南宁,2025-10,31,22.9548,27.2277,19.4,84.8016,146.34,2.4423
广西,南宁,2025-11,30,16.559,21.9903,12.0777,78.174,47.37,2.5097
广西,南宁,2025-12,31,15.7361,21.3181,10.9239,79.3048,33.93,2.0074
广西,南宁,2026-01,31,13.1406,19.3565,7.9565,74.1552,10.11,2.5655
广西,南宁,2026-02,28,17.9664,24.6654,12.72,75.5143,29.24,2.86
广西,南宁,2026-03,31,21.4703,28.2168,15.6277,71.2842,50.23,3.0803
广西,南宁,2026-04,30,26.315,33.259,20.961,70.3623,135.69,3.082
广西,南宁,2026-05,27,25.2376,29.3733,21.7776,84.1843,154.65,1.6805
新疆,乌鲁木齐,2018-01,31,-12.679,-7.5987,-15.8923,74.4829,6.78,1.4774
新疆,乌鲁木齐,2018-02,28,-4.1189,1.8711,-8.3168,58.9179,2.91,1.6446
新疆,乌鲁木齐,2018-03,31,7.8894,14.9965,2.4248,55.7381,21.7,2.1019
新疆,乌鲁木齐,2018-04,30,11.872,18.9993,5.2767,44.9537,42.88,2.7367
新疆,乌鲁木齐,2018-05,31,16.6906,23.8881,9.5506,40.3694,48.68,2.4648
新疆,乌鲁木齐,2018-06,30,24.2773,30.691,17.572,39.589,15.2,2.2017
新疆,乌鲁木齐,2018-07,31,26.5765,32.9552,19.9487,32.1197,16.31,2.5213
新疆,乌鲁木齐,2018-08,31,25.7619,32.5226,19.4432,38.2929,47.2,2.2748
新疆,乌鲁木齐,2018-09,30,16.7283,23.6083,10.8687,39.8197,35.2,1.9737
新疆,乌鲁木齐,2018-10,31,9.9794,16.8758,4.7252,46.3113,33.9,1.8968
新疆,乌鲁木齐,2018-11,30,-0.6293,4.744,-4.2563,54.5387,17.48,1.9347
新疆,乌鲁木齐,2018-12,31,-8.5342,-3.3765,-11.7313,63.6039,16.44,1.4197
新疆,乌鲁木齐,2019-01,31,-5.5729,-0.1939,-8.9623,62.84,2.21,2.1165
新疆,乌鲁木齐,2019-02,28,-5.4511,0.1504,-9.2736,63.6968,9.83,1.6257
新疆,乌鲁木齐,2019-03,31,5.8877,12.9548,0.4394,42.9052,0.34,1.8126
新疆,乌鲁木齐,2019-04,30,13.4627,19.936,7.037,48.262,24.24,2.357
新疆,乌鲁木齐,2019-05,31,15.8255,22.2016,9.1365,43.8303,56.66,2.4023
新疆,乌鲁木齐,2019-06,30,22.9857,29.0553,16.565,43.381,23.48,2.3753
新疆,乌鲁木齐,2019-07,31,27.6535,34.3739,21.0368,30.0055,11.26,2.3135
新疆,乌鲁木齐,2019-08,31,26.8955,33.6742,20.4603,30.3145,10.24,2.2448
新疆,乌鲁木齐,2019-09,30,20.1273,27.451,14.379,42.334,32.12,2.2407
新疆,乌鲁木齐,2019-10,31,11.0339,17.929,5.8571,40.8684,11.04,1.8465
新疆,乌鲁木齐,2019-11,30,-1.202,3.8513,-5.3477,62.457,59.15,1.5543
新疆,乌鲁木齐,2019-12,31,-3.2219,1.5774,-6.0187,60.2555,12.62,1.2603
新疆,乌鲁木齐,2020-01,31,-5.0923,-0.0771,-8.2542,64.4842,8.27,1.5606
新疆,乌鲁木齐,2020-02,29,0.1838,6.2231,-3.631,52.359,5.27,2.14
新疆,乌鲁木齐,2020-03,31,3.7481,10.4532,-1.6077,45.2,16.31,2.0474
新疆,乌鲁木齐,2020-04,30,16.332,23.6437,9.6743,36.6893,6.45,2.741
新疆,乌鲁木齐,2020-05,31,20.5194,26.9545,13.92,35.1445,21.92,2.8142
新疆,乌鲁木齐,2020-06,30,22.828,29.4057,15.878,33.499,43.31,2.49
新疆,乌鲁木齐,2020-07,31,24.8271,31.309,18.4358,41.9006,46.09,2.2745
新疆,乌鲁木齐,2020-08,31,24.2526,31.1923,18.0565,41.0555,41.98,2.0645
新疆,乌鲁木齐,2020-09,30,17.1107,23.728,11.7167,40.1877,9.91,2.167
新疆,乌鲁木齐,2020-10,31,8.5203,15.2232,3.4958,44.4687,36.85,1.8445
新疆,乌鲁木齐,2020-11,30,0.4113,6.016,-3.3703,55.64,12.92,1.5773
新疆,乌鲁木齐,2020-12,31,-8.1874,-2.7942,-11.1839,66.0806,6.01,1.2958
新疆,乌鲁木齐,2021-01,31,-7.7303,-2.659,-10.9903,64.7903,10.2,1.6516
新疆,乌鲁木齐,2021-02,28,0.3696,6.0543,-3.5193,56.3143,18.45,2.065
新疆,乌鲁木齐,2021-03,31,4.1426,11.0726,-1.0858,56.3287,28.25,2.2855
新疆,乌鲁木齐,2021-04,30,11.353,18.2717,4.714,38.9587,10.22,2.1773
新疆,乌鲁木齐,2021-05,31,19.23,26.3561,11.8948,38.1216,37.37,2.6071
新疆,乌鲁木齐,2021-06,30,22.458,29.0757,15.392,39.2733,38.51,2.3847
新疆,乌鲁木齐,2021-07,31,28.6432,35.2229,21.6971,32.1929,20.1,2.3174
新疆,乌鲁木齐,2021-08,31,24.4903,30.9171,18.3781,37.8106,32.65,2.0181
新疆,乌鲁木齐,2021-09,30,20.2703,27.4013,14.0043,32.566,14.65,1.9187
新疆,乌鲁木齐,2021-10,31,8.1494,14.5897,3.3974,50.7313,28.7,1.969
新疆,乌鲁木齐,2021-11,30,0.47,6.322,-3.2053,47.3693,11.73,1.9407
新疆,乌鲁木齐,2021-12,31,-1.7171,3.4835,-4.6726,49.6987,5.78,1.5781
新疆,乌鲁木齐,2022-01,31,-3.3987,1.6913,-6.4145,54.3548,1.04,1.4035
新疆,乌鲁木齐,2022-02,28,-3.0446,2.7836,-6.9818,45.3504,7.62,1.7561
新疆,乌鲁木齐,2022-03,31,4.3206,10.8419,-0.5148,54.311,30.24,2.1194
新疆,乌鲁木齐,2022-04,30,14.3173,21.9437,7.3183,32.3967,12.8,2.779
新疆,乌鲁木齐,2022-05,31,22.479,28.9861,16.3016,34.87,13.87,2.9065
新疆,乌鲁木齐,2022-06,30,26.13,32.909,19.0183,32.846,28.17,2.4843
新疆,乌鲁木齐,2022-07,31,26.8252,33.1852,20.0897,30.4313,17.22,2.4077
新疆,乌鲁木齐,2022-08,31,24.6771,31.2774,18.42,33.7877,17.64,2.1542
新疆,乌鲁木齐,2022-09,30,21.3897,28.827,15.1983,29.3367,7.82,2.1753
新疆,乌鲁木齐,2022-10,31,9.8194,16.5235,4.9681,41.1771,13.6,1.8684
新疆,乌鲁木齐,2022-11,30,0.9593,6.8843,-3.0163,55.111,37.96,1.8407
新疆,乌鲁木齐,2022-12,31,-8.4784,-3.4948,-11.6942,64.8539,13.81,1.241
新疆,乌鲁木齐,2023-01,31,-8.6671,-3.4561,-12.1739,64.7748,13.83,1.6484
新疆,乌鲁木齐,2023-02,28,-0.84,5.3318,-5.0404,56.6121,1.87,1.7196
新疆,乌鲁木齐,2023-03,31,6.7123,13.9855,1.0165,43.5071,22.4,2.3265
新疆,乌鲁木齐,2023-04,30,9.7943,16.9557,3.2873,40.951,23.9,2.6173
新疆,乌鲁木齐,2023-05,31,15.8561,21.7252,9.8658,41.9148,21.53,2.2981
新疆,乌鲁木齐,2023-06,30,25.4793,32.3443,18.1843,30.9007,13.86,2.1733
新疆,乌鲁木齐,2023-07,31,27.9842,34.7261,21.1706,29.7287,22.81,2.2577
新疆,乌鲁木齐,2023-08,31,26.3071,33.259,19.7513,36.261,26.44,2.2087
新疆,乌鲁木齐,2023-09,30,18.1957,24.583,12.8893,48.6763,45.59,1.9643
新疆,乌鲁木齐,2023-10,31,13.7394,21.2587,8.6461,44.0955,9.01,1.9506
新疆,乌鲁木齐,2023-11,30,3.826,9.6517,-0.057,51.374,19.89,1.7093
新疆,乌鲁木齐,2023-12,31,-4.0835,0.8358,-7.2842,58.9861,21.03,1.7194
新疆,乌鲁木齐,2024-01,31,-3.8474,1.8442,-7.3519,56.5342,5.94,1.6745
新疆,乌鲁木齐,2024-02,29,-4.971,1.1862,-9.349,57.0041,10.28,2.0497
新疆,乌鲁木齐,2024-03,31,4.651,11.2977,-0.6374,48.2381,34.29,2.1206
新疆,乌鲁木齐,2024-04,30,11.7297,18.4843,5.1353,46.6997,43.06,2.1173
新疆,乌鲁木齐,2024-05,31,20.69,27.4748,13.7652,44.3042,59.59,2.3858
新疆,乌鲁木齐,2024-06,30,25.6247,32.0637,18.7347,37.4613,10.29,2.287
新疆,乌鲁木齐,2024-07,31,27.101,33.7987,20.5123,43.0113,85.67,1.9674
新疆,乌鲁木齐,2024-08,31,26.5497,33.0752,20.3503,40.5432,43.72,1.9955
新疆,乌鲁木齐,2024-09,30,16.852,23.6137,11.0213,48.6197,54.75,2.0913
新疆,乌鲁木齐,2024-10,31,11.0752,17.4081,6.3732,55.4661,42.51,1.9116
新疆,乌鲁木齐,2024-11,30,2.4937,8.203,-1.157,56.716,29.02,1.5937
新疆,乌鲁木齐,2024-12,31,-6.5255,-1.231,-9.8003,67.5065,20.76,1.4887
新疆,乌鲁木齐,2025-01,31,-4.5606,0.6552,-7.9006,63.4161,15.3,1.4313
新疆,乌鲁木齐,2025-02,28,-3.2243,2.8146,-7.2396,60.0671,0.3,1.3886
新疆,乌鲁木齐,2025-03,31,3.1845,9.6274,-1.6577,50.3455,26.82,2.1245
新疆,乌鲁木齐,2025-04,30,14.0587,20.7457,7.7157,45.727,32.17,2.5123
新疆,乌鲁木齐,2025-05,31,19.9287,26.5071,13.09,43.9242,68.97,2.5097
新疆,乌鲁木齐,2025-06,30,26.786,33.269,19.9567,36.826,18.53,2.071
新疆,乌鲁木齐,2025-07,31,28.9652,35.5158,22.1277,29.4748,13.01,2.2406
新疆,乌鲁木齐,2025-08,31,25.4923,32.3255,19.2484,34.6555,19.09,2.1871
新疆,乌鲁木齐,2025-09,30,18.205,24.8803,12.4557,38.7967,29.57,2.0993
新疆,乌鲁木齐,2025-10,31,8.839,15.679,3.8197,48.9887,32.72,1.6913
新疆,乌鲁木齐,2025-11,30,2.4463,8.3667,-1.45,53.2437,46.07,1.7703
新疆,乌鲁木齐,2025-12,31,-2.6465,2.3845,-5.9255,63.4577,24.79,1.5532
新疆,乌鲁木齐,2026-01,31,-5.7971,-0.8665,-9.3887,64.4577,4.6,1.3739
新疆,乌鲁木齐,2026-02,28,-0.9061,4.645,-4.5321,57.1368,8.11,1.8375
新疆,乌鲁木齐,2026-03,31,3.8097,10.42,-1.5945,49.9619,26.28,2.039
新疆,乌鲁木齐,2026-04,30,14.9973,21.9223,8.558,42.9837,46.94,2.338
新疆,乌鲁木齐,2026-05,27,17.5857,23.9505,10.7838,31.3667,30.31,2.181
江苏,南京,2018-01,31,0.4565,5.32,-3.5045,83.2097,102.9,2.7658
江苏,南京,2018-02,28,3.69,9.57,-1.0646,75.1354,42.58,2.6243
江苏,南京,2018-03,31,11.3894,17.5871,5.5506,79.7745,107.98,2.8958
江苏,南京,2018-04,30,16.9497,22.879,11.1977,73.2633,67.72,2.8713
江苏,南京,2018-05,31,22.371,27.2332,17.4423,77.8526,152.74,2.6706
江苏,南京,2018-06,30,26.3733,32.013,21.113,69.4357,60.92,2.485
江苏,南京,2018-07,31,29.7781,34.4994,25.5248,76.7668,195.92,2.5352
江苏,南京,2018-08,31,29.2223,33.6526,25.4768,78.3065,252.75,2.9468
江苏,南京,2018-09,30,24.116,29.2347,19.7847,76.1057,84.33,2.1673
江苏,南京,2018-10,31,16.9035,23.6532,11.3587,66.009,27.52,2.3781
江苏,南京,2018-11,30,11.9163,17.5673,7.353,80.2373,79.94,2.467
江苏,南京,2018-12,31,4.5368,9.0829,0.9768,81.0077,124.42,2.9277
江苏,南京,2019-01,31,2.6742,7.7948,-1.3313,81.9529,58.67,2.3135
江苏,南京,2019-02,28,3.5971,7.9279,-0.4354,84.4046,103.3,2.6489
江苏,南京,2019-03,31,10.5897,16.451,5.3484,77.5152,34.89,2.6235
江苏,南京,2019-04,30,16.6047,22.6987,10.717,77.217,64.79,2.6057
江苏,南京,2019-05,31,21.7268,28.2687,15.5384,61.8755,43.78,2.4529
江苏,南京,2019-06,30,26.1083,32.0303,20.391,67.8957,121.54,2.3253
江苏,南京,2019-07,31,28.7277,33.6713,24.3742,73.4868,89.53,2.1248
江苏,南京,2019-08,31,28.9358,34.3171,24.4126,70.8594,137.4,2.7748
江苏,南京,2019-09,30,24.353,30.4563,19.2713,69.9393,55.48,2.3867
江苏,南京,2019-10,31,19.1229,25.7432,13.7477,63.0919,5.76,2.3087
江苏,南京,2019-11,30,12.6663,19.3383,6.9827,61.972,79.73,2.5907
江苏,南京,2019-12,31,6.3397,12.3632,1.63,74.3529,53.68,2.5303
江苏,南京,2020-01,31,4.1648,8.5158,0.521,83.929,88.9,2.6032
江苏,南京,2020-02,29,7.3252,13.5621,2.1928,79.4576,50.87,2.7452
江苏,南京,2020-03,31,11.4381,17.1787,5.9045,77.3558,115.96,2.8935
江苏,南京,2020-04,30,14.52,21.0073,8.1827,71.5303,99.65,2.7233
江苏,南京,2020-05,31,23.0245,29.129,17.1458,69.9206,51.43,2.8194
江苏,南京,2020-06,30,26.532,30.8583,22.1863,79.981,397.83,2.673
江苏,南京,2020-07,31,25.771,29.0171,22.7571,88.8268,483.66,2.2406
江苏,南京,2020-08,31,28.6335,31.8348,25.7487,86.8148,120.82,2.2694
江苏,南京,2020-09,30,23.1983,27.533,19.2653,81.5753,113.23,1.7387
江苏,南京,2020-10,31,16.2755,21.8035,11.5032,80.6729,72.1,2.339
江苏,南京,2020-11,30,11.676,17.084,7.391,81.2597,75.26,2.7517
江苏,南京,2020-12,31,3.2019,8.7532,-1.0384,75.8326,25.76,2.3965
江苏,南京,2021-01,31,3.0165,8.9526,-1.5584,75.1487,31.17,2.7816
江苏,南京,2021-02,28,8.6021,14.9061,3.39,78.6125,46.5,3.2479
江苏,南京,2021-03,31,11.2829,16.8171,6.1294,78.5658,95.36,2.9265
江苏,南京,2021-04,30,15.9033,21.4917,10.5643,74.8787,58.86,2.78
江苏,南京,2021-05,31,22.11,27.3781,16.7529,75.249,210.18,2.7406
江苏,南京,2021-06,30,26.0567,31.4427,21.185,76.896,101.77,2.2177
江苏,南京,2021-07,31,28.0484,31.479,25.0839,85.9713,435.02,3.1981
江苏,南京,2021-08,31,26.9323,30.5881,23.7429,85.5952,268.58,2.0629
江苏,南京,2021-09,30,25.278,29.994,21.1957,82.8347,60.66,2.4803
江苏,南京,2021-10,31,18.6461,23.9768,13.9748,80.2994,100.52,2.5561
江苏,南京,2021-11,30,11.5467,18.0013,6.0893,75.3517,24.34,2.7143
江苏,南京,2021-12,31,5.4013,11.949,0.1781,71.6948,7.81,2.4355
江苏,南京,2022-01,31,3.7458,8.3829,0.0332,81.4548,66.34,2.7058
江苏,南京,2022-02,28,3.51,8.9582,-1.025,76.4307,25.66,2.5261
江苏,南京,2022-03,31,12.5326,18.7184,7.0887,75.8616,176.55,3.05
江苏,南京,2022-04,30,16.6463,22.699,10.926,74.7613,152.52,2.696
江苏,南京,2022-05,31,20.9142,26.9687,14.851,68.7323,11.98,2.3077
江苏,南京,2022-06,30,27.552,33.037,22.5083,72.481,259.85,2.9
江苏,南京,2022-07,31,30.1616,34.5694,26.2023,76.8432,72.53,2.259
江苏,南京,2022-08,31,31.8158,37.6094,26.8268,63.9019,44.51,2.629
江苏,南京,2022-09,30,24.353,30.87,19.107,66.8463,48.14,2.8843
江苏,南京,2022-10,31,16.9571,23.5913,11.5174,70.5819,63.62,2.8365
江苏,南京,2022-11,30,14.056,19.854,9.2593,76.82,91.5,2.7007
江苏,南京,2022-12,31,2.7848,8.2806,-1.5987,70.6671,15.26,2.4603
江苏,南京,2023-01,31,3.5971,10.2245,-1.38,71.141,33.49,2.6887
江苏,南京,2023-02,28,5.4186,10.9443,0.8739,78.5729,78.95,2.8707
江苏,南京,2023-03,31,11.9016,18.2832,6.1435,71.7768,59.03,2.7323
江苏,南京,2023-04,30,16.968,23.5333,10.9747,68.8123,48.05,3.2197
江苏,南京,2023-05,31,22.4481,28.7171,16.7035,68.84,105.64,2.8229
江苏,南京,2023-06,30,26.0563,31.114,21.4673,74.3873,197.41,2.444
江苏,南京,2023-07,31,28.4823,31.8252,25.5681,86.2897,282.54,2.6939
江苏,南京,2023-08,31,27.6916,31.7116,23.8487,81.3939,250.43,1.96
江苏,南京,2023-09,30,24.1713,28.5313,20.5197,84.4667,114.65,2.275
江苏,南京,2023-10,31,18.641,24.6406,13.4471,73.5074,29.94,2.0574
江苏,南京,2023-11,30,11.444,18.3173,5.7037,69.923,31.18,2.866
江苏,南京,2023-12,31,3.489,9.5032,-1.0374,74.3581,61.1,2.6484
江苏,南京,2024-01,31,3.1777,9.0894,-1.2074,77.81,61.68,2.6329
江苏,南京,2024-02,29,3.0155,8.1017,-1.6224,86.2676,155.94,3.0755
江苏,南京,2024-03,31,10.7652,16.6597,5.3819,79.94,64.35,2.7613
江苏,南京,2024-04,30,17.0373,22.1357,12.105,82.053,120.02,2.7157
江苏,南京,2024-05,31,20.9,26.3606,15.3665,75.9335,131.02,2.5668
江苏,南京,2024-06,30,25.7637,30.436,21.3577,76.3027,278.21,2.2093
江苏,南京,2024-07,31,29.1197,32.4987,26.0381,86.1826,303.43,2.9026
江苏,南京,2024-08,31,29.66,33.3474,26.2039,82.4706,137.51,1.781
江苏,南京,2024-09,30,26.3383,30.8857,22.3367,82.052,215.77,2.9927
江苏,南京,2024-10,31,17.4197,22.4474,12.9665,81.4403,122.74,2.7329
江苏,南京,2024-11,30,12.292,17.7563,7.6817,80.2993,36.47,2.825
江苏,南京,2024-12,31,3.5819,9.9061,-1.0206,74.1471,15.65,2.3548
江苏,南京,2025-01,31,3.8432,10.5735,-1.2177,67.3968,12.03,2.5429
江苏,南京,2025-02,28,4.6707,10.5175,-0.4307,70.0525,10.65,2.66
江苏,南京,2025-03,31,11.1923,17.56,5.2645,69.791,72.62,3.169
江苏,南京,2025-04,30,19.3523,26.7977,12.0453,58.549,22.82,3.1427
江苏,南京,2025-05,31,23.3116,29.8048,17.2861,63.4348,96.19,3.2232
江苏,南京,2025-06,30,25.618,29.7693,21.5827,81.265,271.72,2.562
江苏,南京,2025-07,31,29.9923,34.6232,25.791,76.7213,141.6,3.1726
江苏,南京,2025-08,31,29.56,33.5258,25.8865,80.9232,214.7,1.9858
江苏,南京,2025-09,30,25.509,29.5547,21.8833,84.8423,185.34,2.1863
江苏,南京,2025-10,31,19.4339,24.3968,15.5265,83.1245,46.43,2.7529
江苏,南京,2025-11,30,11.1047,17.7733,5.512,72.845,35.24,2.588
江苏,南京,2025-12,31,6.4023,12.9884,1.0745,73.6735,12.31,2.9223
江苏,南京,2026-01,31,2.9723,9.4613,-1.941,72.6252,45.86,2.8987
江苏,南京,2026-02,28,6.9186,13.0768,1.5989,72.6596,38.77,2.9368
江苏,南京,2026-03,31,10.7165,16.4877,5.7545,77.6897,77.74,2.6513
江苏,南京,2026-04,30,16.7313,22.4463,11.0917,75.0423,73.62,2.7933
江苏,南京,2026-05,27,22.0514,27.3895,16.8162,73.0486,143.87,2.4133
江西,南昌,2018-01,31,4.3723,9.3852,0.339,79.3403,84.78,2.5865
江西,南昌,2018-02,28,7.2982,13.3218,2.2296,74.0057,54.33,2.3089
江西,南昌,2018-03,31,14.9674,20.7771,9.9355,78.0471,167.97,2.239
江西,南昌,2018-04,30,19.6917,24.9797,14.4327,76.9807,239.48,2.295
江西,南昌,2018-05,31,24.7187,28.8284,21.0748,83.4439,170.87,2.4758
江西,南昌,2018-06,30,26.009,30.1127,22.2843,82.4473,197.64,1.8053
江西,南昌,2018-07,31,29.1971,32.719,25.7052,82.2665,168.17,1.7219
江西,南昌,2018-08,31,28.6206,32.3097,25.3629,82.5358,115.15,2.04
江西,南昌,2018-09,30,25.468,30.01,21.7037,78.247,82.96,2.3387
江西,南昌,2018-10,31,18.3035,24.5042,13.3313,70.3316,92.71,2.1894
江西,南昌,2018-11,30,13.763,18.9687,9.474,80.8973,126.75,1.9767
江西,南昌,2018-12,31,7.0577,11.0429,3.7574,81.429,120.58,2.8519
江西,南昌,2019-01,31,5.7787,10.5171,2.1039,82.3432,104.73,2.3594
江西,南昌,2019-02,28,6.1543,9.7707,2.9361,88.3725,215.61,2.6457
江西,南昌,2019-03,31,13.1103,17.5606,9.02,84.3684,223.62,2.2187
江西,南昌,2019-04,30,18.5937,23.08,14.211,86.2737,247.93,2.2007
江西,南昌,2019-05,31,22.1877,26.5674,18.1129,79.4071,139.18,2.1271
江西,南昌,2019-06,30,25.877,29.6663,22.4083,85.3963,352.81,2.0393
江西,南昌,2019-07,31,27.6568,30.9968,24.5016,87.3419,354.22,1.8771
江西,南昌,2019-08,31,29.1858,33.2781,25.3381,79.7239,36.13,1.7784
江西,南昌,2019-09,30,25.7893,32.271,20.7443,68.124,16.19,2.431
江西,南昌,2019-10,31,21.5216,28.3055,16.3113,65.2184,23.86,2.3458
江西,南昌,2019-11,30,14.908,21.8997,9.55,63.469,39.59,2.597
江西,南昌,2019-12,31,9.2684,15.8781,4.1958,68.7603,52.02,2.2058
江西,南昌,2020-01,31,6.9126,11.8677,2.9584,80.7832,187.85,2.3042
江西,南昌,2020-02,29,10.2921,15.7714,5.5524,79.8,123.16,2.1197
江西,南昌,2020-03,31,14.2261,18.869,10.0119,82.3652,253.66,2.4255
江西,南昌,2020-04,30,17.2063,22.6417,11.8427,75.7597,152.27,2.1967
江西,南昌,2020-05,31,24.1023,28.6461,19.7187,81.2832,279.74,2.1239
江西,南昌,2020-06,30,27.3927,30.9537,24.4147,88.2513,449.88,2.4387
江西,南昌,2020-07,31,28.4952,31.3603,25.91,88.2913,548.36,1.9935
江西,南昌,2020-08,31,28.6161,32.2135,25.1439,82.9168,61.33,1.8332
江西,南昌,2020-09,30,23.3913,27.311,20.1743,83.6383,191.54,1.8033
江西,南昌,2020-10,31,18.3229,23.1752,14.7077,82.4742,61.25,2.7374
江西,南昌,2020-11,30,14.124,19.5887,9.9457,80.8163,55.1,2.7057
江西,南昌,2020-12,31,6.5716,12.0139,2.3848,76.2913,26.46,2.8016
江西,南昌,2021-01,31,5.9858,12.3997,1.0316,70.6852,18.9,2.2961
江西,南昌,2021-02,28,12.4021,17.8443,7.3932,81.1607,95.05,2.2811
江西,南昌,2021-03,31,14.3713,19.2548,10.1032,83.1971,231.66,2.3452
江西,南昌,2021-04,30,17.741,22.0683,14.0007,84.1507,247.41,2.5017
江西,南昌,2021-05,31,23.0548,27.4448,19.1097,85.0852,407.66,2.1723
江西,南昌,2021-06,30,26.9617,31.1037,23.0547,83.675,255.88,1.8323
江西,南昌,2021-07,31,28.6816,32.2335,25.3377,84.4971,201.16,2.1532
江西,南昌,2021-08,31,28.4503,32.1771,25.0845,83.8694,225,1.6726
江西,南昌,2021-09,30,27.3713,32.1053,23.0807,78.555,42.95,1.5683
江西,南昌,2021-10,31,19.8997,25.0781,15.5987,77.131,28.62,3.1297
江西,南昌,2021-11,30,13.7857,20.2257,8.607,69.27,53.04,2.1157
江西,南昌,2021-12,31,8.6235,15.1161,3.4706,69.5197,19.24,2.3235
江西,南昌,2022-01,31,7.1168,11.9068,3.5577,81.4429,101.2,2.4719
江西,南昌,2022-02,28,5.3882,10.0564,1.3382,82.9086,163.78,2.7232
江西,南昌,2022-03,31,15.6523,21.0497,10.8919,80.1652,200.89,2.5587
江西,南昌,2022-04,30,18.965,24.3343,13.8637,76.8723,322.9,2.461
江西,南昌,2022-05,31,21.3219,25.5648,17.4358,79.9926,181.22,1.9368
江西,南昌,2022-06,30,26.268,29.786,23.0077,87.8577,392.31,2.4813
江西,南昌,2022-07,31,29.3874,32.989,26.0306,83.9271,68.06,1.9845
江西,南昌,2022-08,31,30.5365,34.9994,26.3806,74.94,7.41,1.9845
江西,南昌,2022-09,30,27.0407,33.991,21.53,59.8213,0.43,2.7527
江西,南昌,2022-10,31,20.7229,27.5281,15.1484,58.1329,11.97,3.4587
江西,南昌,2022-11,30,17.6283,23.6547,12.7097,72.3327,180.44,2.5173
江西,南昌,2022-12,31,5.6474,11.3674,1.0981,72.4106,35.77,2.6635
江西,南昌,2023-01,31,7.35,13.3584,2.3868,72.1687,78.78,2.2116
江西,南昌,2023-02,28,9.1293,14.1471,4.8364,80.3168,123.93,2.6921
江西,南昌,2023-03,31,14.6168,20.2258,9.7252,76.1665,201.69,2.1581
江西,南昌,2023-04,30,19.223,24.3583,14.344,80.009,340.05,2.6747
江西,南昌,2023-05,31,23.3903,28.2616,18.9687,80.7752,185.96,2.4481
江西,南昌,2023-06,30,26.747,30.855,23.0117,83.5733,338.02,1.9677
江西,南昌,2023-07,31,28.9661,32.7158,25.7332,84.6681,162.46,2.4955
江西,南昌,2023-08,31,28.4442,32.3316,24.7865,81.9881,182.89,1.5397
江西,南昌,2023-09,30,26.0883,30.409,22.52,83.7427,89.17,2.253
江西,南昌,2023-10,31,20.5845,26.1023,16.2297,75.0645,47.17,2.0645
江西,南昌,2023-11,30,14.7173,20.7713,9.6693,73.072,90.26,2.242
江西,南昌,2023-12,31,7.71,13.9568,3.0116,74.0452,28.36,2.379
江西,南昌,2024-01,31,6.9123,12.6448,2.5019,78.131,104.06,2.2068
江西,南昌,2024-02,29,6.8259,11.4355,2.6928,83.3938,229.58,2.9983
江西,南昌,2024-03,31,14.5768,20.2119,9.1358,80.3042,154.77,2.4426
江西,南昌,2024-04,30,20.6853,24.7287,16.7873,86.583,360.76,2.2277
江西,南昌,2024-05,31,23.0787,27.6506,18.6968,80.9345,124.5,2.1029
江西,南昌,2024-06,30,25.7773,29.3657,22.4107,86.6047,577.26,2.1713
江西,南昌,2024-07,31,29.2368,32.6487,25.9352,84.7842,217.04,2.7716
江西,南昌,2024-08,31,29.4384,33.1629,25.8558,82.421,95.1,1.4413
江西,南昌,2024-09,30,27.681,32.0773,23.946,79.016,40.17,2.2777
江西,南昌,2024-10,31,20.2877,26.1887,15.6681,72.7894,49.09,3.2094
江西,南昌,2024-11,30,15.6243,21.813,10.995,72.6803,52.84,2.7203
江西,南昌,2024-12,31,7.3565,13.921,2.5545,65.8758,8.78,2.4658
江西,南昌,2025-01,31,8.0732,15.9568,2.0226,59.6016,45.14,2.1939
江西,南昌,2025-02,28,8.1339,13.5332,3.8686,72.0611,87.33,2.665
江西,南昌,2025-03,31,13.7929,19.5452,8.6406,72.0319,149.72,2.859
江西,南昌,2025-04,30,20.4967,26.0887,15.1673,72.0607,214.98,2.1503
江西,南昌,2025-05,31,23.6455,28.6055,18.7423,77.5339,319.34,2.2229
江西,南昌,2025-06,30,26.8967,31.0103,22.9957,84.036,311.58,2.174
江西,南昌,2025-07,31,29.64,33.3681,26.1877,81.2906,69.33,2.0635
江西,南昌,2025-08,31,30.5506,35.9335,25.5897,71.3923,36.24,1.9406
江西,南昌,2025-09,30,28.846,33.971,24.762,75.8707,91.61,2.0007
江西,南昌,2025-10,31,23.5442,29.8129,18.6765,71.0213,17.25,2.8487
江西,南昌,2025-11,30,14.41,21.2317,9.3297,64.6223,52.95,2.4843
江西,南昌,2025-12,31,10.7452,17.7561,5.4616,65.28,22.83,2.4377
江西,南昌,2026-01,31,7.0813,13.6458,2.019,68.8423,34.6,2.4235
江西,南昌,2026-02,28,10.3007,16.7568,5.0482,76.5682,114.8,2.3429
江西,南昌,2026-03,31,13.8761,19.1865,9.4003,79.5835,226.06,2.5781
江西,南昌,2026-04,30,19.7527,24.9867,15.0023,81.4353,250.31,2.374
江西,南昌,2026-05,27,22.2433,25.9524,18.8219,85.5948,98.38,1.55
河北,石家庄,2018-01,31,-3.1661,2.009,-7.3706,54.1739,2.37,1.7329
河北,石家庄,2018-02,28,0.0754,7.2346,-5.0668,49.1079,0.42,2.0989
河北,石家庄,2018-03,31,9.0097,17.2884,2.2713,52.6413,5.95,2.029
河北,石家庄,2018-04,30,16.519,24.4543,9.035,47.6367,54.99,2.5617
河北,石家庄,2018-05,31,22.4542,29.8048,15.4503,50.4994,72.33,2.0619
河北,石家庄,2018-06,30,27.784,34.919,21.0337,47.723,37.73,1.9207
河北,石家庄,2018-07,31,29.4716,34.9726,24.559,66.7135,126.94,1.8055
河北,石家庄,2018-08,31,27.511,32.4197,23.3061,70.4765,151.51,1.4716
河北,石家庄,2018-09,30,20.727,27.139,15.2403,56.2917,23.06,1.7497
河北,石家庄,2018-10,31,13.959,21.7677,7.8806,47.489,1.89,1.6968
河北,石家庄,2018-11,30,6.904,13.9047,2.0067,50.255,3.43,1.401
河北,石家庄,2018-12,31,-1.5868,4.1148,-5.5977,40.9487,2.16,1.5406
河北,石家庄,2019-01,31,-0.7929,4.9903,-4.9784,36.5742,0.21,1.5132
河北,石家庄,2019-02,28,0.1914,6.2543,-3.9082,47.09,6.76,1.7082
河北,石家庄,2019-03,31,10.3635,18.8087,2.9971,30.2545,1.26,2.3539
河北,石家庄,2019-04,30,14.945,22.8297,7.486,44.9403,62.61,2.281
河北,石家庄,2019-05,31,23.4713,31.839,15.1252,30.7713,6.42,2.4503
河北,石家庄,2019-06,30,28.4497,35.4567,21.6793,41.7853,43.45,1.913
河北,石家庄,2019-07,31,29.0403,35.681,23.0216,56.8274,160.69,1.561
河北,石家庄,2019-08,31,26.0987,31.8519,21.0603,64.0381,76.48,1.6287
河北,石家庄,2019-09,30,23.2087,30.455,17.1597,54.7097,65.14,1.5683
河北,石家庄,2019-10,31,14.7155,21.7097,9.0842,59.0574,35.84,1.5932
河北,石家庄,2019-11,30,6.4167,12.7783,1.7423,57.969,17.18,1.6943
河北,石家庄,2019-12,31,0.0165,6.5377,-3.9381,57.0484,2.93,1.5813
河北,石家庄,2020-01,31,-0.6019,4.2135,-4.0806,60.9065,9.98,1.2442
河北,石家庄,2020-02,29,2.7,9.84,-1.9752,58.7069,7.9,1.9583
河北,石家庄,2020-03,31,9.7548,18.2545,2.5203,45.7545,21.09,2.2955
河北,石家庄,2020-04,30,14.7587,22.9733,6.8823,38.9747,19.42,2.415
河北,石家庄,2020-05,31,22.8468,30.8877,15.1903,44.2397,71.35,2.3623
河北,石家庄,2020-06,30,27.817,35.0333,20.903,43.084,83.3,2.1217
河北,石家庄,2020-07,31,25.7155,30.6771,20.9726,71.1026,173.88,1.4084
河北,石家庄,2020-08,31,25.2755,29.9294,20.8223,78.8052,266.85,1.4758
河北,石家庄,2020-09,30,20.7813,26.614,15.4267,68.609,68.88,1.467
河北,石家庄,2020-10,31,13.2952,20.6626,7.6019,55.9419,1.64,1.4619
河北,石家庄,2020-11,30,6.4177,12.272,2.048,61.6077,31.69,1.457
河北,石家庄,2020-12,31,-1.6535,4.3542,-6.0703,53.8013,1.1,1.6584
河北,石家庄,2021-01,31,-2.2806,4.3555,-6.9519,54.1574,2.09,2.0394
河北,石家庄,2021-02,28,4.45,12.4575,-1.1332,53.2675,24.15,2.1368
河北,石家庄,2021-03,31,9.0061,16.4584,2.8581,59.5058,27.27,2.0748
河北,石家庄,2021-04,30,14.3983,21.944,7.608,48.582,10.48,2.3097
河北,石家庄,2021-05,31,21.8223,30.0361,13.9455,39.5774,38.95,2.8458
河北,石家庄,2021-06,30,27.271,34.692,20.232,48.7307,45.72,1.9257
河北,石家庄,2021-07,31,27.4,32.7313,22.5668,73.169,411.01,1.8074
河北,石家庄,2021-08,31,24.7087,29.5577,20.379,77.4616,99.05,1.5052
河北,石家庄,2021-09,30,21.169,26.047,16.93,80.1983,139.12,1.5683
河北,石家庄,2021-10,31,12.4184,18.1284,7.7148,72.7929,108.06,1.5755
河北,石家庄,2021-11,30,5.4473,12.137,0.3837,70.6447,43.07,2.0573
河北,石家庄,2021-12,31,0.5948,6.7874,-3.591,62.721,7.84,1.96
河北,石家庄,2022-01,31,-2.0248,3.2029,-5.9365,72.1768,5.89,1.4852
河北,石家庄,2022-02,28,-0.46,5.6532,-5.3375,61.1261,3.88,1.5457
河北,石家庄,2022-03,31,7.8529,15.5187,1.7216,62.719,9.73,2.1523
河北,石家庄,2022-04,30,15.8223,24.3133,8.3323,48.0697,14.32,2.41
河北,石家庄,2022-05,31,21.3755,29.0558,13.4694,44.1958,35.12,2.4006
河北,石家庄,2022-06,30,28.0487,35.599,21.0533,49.0443,59.99,2.2063
河北,石家庄,2022-07,31,27.5632,33.3929,22.3726,67.4581,170.8,1.6481
河北,石家庄,2022-08,31,26.3568,32.1868,21.3084,70.6839,217.35,1.6774
河北,石家庄,2022-09,30,22.61,30.089,16.2643,55.2913,7.5,1.5743
河北,石家庄,2022-10,31,13.5061,20.3877,7.9435,59.8055,68.16,1.6439
河北,石家庄,2022-11,30,7.2603,13.714,2.398,62.9323,30.43,1.6393
河北,石家庄,2022-12,31,-2.3639,4.02,-7.2858,47.899,0.56,1.7761
河北,石家庄,2023-01,31,-1.4965,5.0342,-6.1284,52.93,5.95,1.9748
河北,石家庄,2023-02,28,1.9039,8.5646,-2.3968,63.0389,23.54,1.6711
河北,石家庄,2023-03,31,10.8303,19.7803,3.6242,42.6735,3.74,2.2097
河北,石家庄,2023-04,30,14.2947,21.867,7.3747,51.283,74.76,2.5307
河北,石家庄,2023-05,31,21.8232,29.2294,14.9123,49.9758,63.26,2.1439
河北,石家庄,2023-06,30,28.6087,36.3413,20.9747,40.529,50.93,2.049
河北,石家庄,2023-07,31,30.1571,37.0735,23.759,53.6848,310.47,2.1961
河北,石家庄,2023-08,31,26.321,31.0261,21.9958,78.2752,218.87,1.3768
河北,石家庄,2023-09,30,21.8673,27.144,17.4027,74.5927,40.96,1.386
河北,石家庄,2023-10,31,16.0561,23.7577,9.9797,56.3335,5.08,1.5226
河北,石家庄,2023-11,30,5.2787,12.4497,0.3863,52.4007,18.1,1.8967
河北,石家庄,2023-12,31,-3.3658,3.32,-7.7826,62.6874,23.45,2.0503
河北,石家庄,2024-01,31,-1.73,4.5148,-5.9874,58.9403,4.4,1.7042
河北,石家庄,2024-02,29,0.171,6.1348,-4.2355,61.0772,19.52,1.6531
河北,石家庄,2024-03,31,9.2981,18.0065,2.0119,47.0784,13.29,2.2274
河北,石家庄,2024-04,30,17.5037,25.2207,10.219,51.1653,31.02,2.258
河北,石家庄,2024-05,31,23.0435,31.0248,15.4835,44.5545,56.79,2.2268
河北,石家庄,2024-06,30,29.3803,36.5347,22.436,39.0143,16.27,2.0133
河北,石家庄,2024-07,31,28.9581,35.15,23.8003,65.5306,168.49,1.7177
河北,石家庄,2024-08,31,26.9887,31.8926,22.3426,75.0784,333.18,1.5387
河北,石家庄,2024-09,30,20.975,25.951,16.53,77.2537,93.18,1.594
河北,石家庄,2024-10,31,13.8042,20.0523,8.6268,70.2584,29.19,1.429
河北,石家庄,2024-11,30,8.0767,14.1997,3.392,67.9233,18.15,1.6757
河北,石家庄,2024-12,31,0.0132,5.9887,-3.8803,54.7448,1.18,1.9397
河北,石家庄,2025-01,31,-0.8281,5.1423,-5.0081,54.9584,4.99,2.1455
河北,石家庄,2025-02,28,0.2246,7.25,-5.0032,49.9896,1.96,2.0236
河北,石家庄,2025-03,31,8.5903,16.3606,1.8829,47.2313,14.24,2.6139
河北,石家庄,2025-04,30,17.788,26.876,9.4017,35.44,10.31,2.9503
河北,石家庄,2025-05,31,22.4584,30.4868,14.4923,41.5735,56.53,2.4606
河北,石家庄,2025-06,30,28.101,35.273,21.182,45.1703,65.15,2.1793
河北,石家庄,2025-07,31,28.9413,34.11,24.1597,70.5426,219.16,1.5516
河北,石家庄,2025-08,31,27.7397,33.4939,22.8071,69.8074,143.84,1.4239
河北,石家庄,2025-09,30,22.4873,29.165,16.926,62.2827,31.78,1.3877
河北,石家庄,2025-10,31,12.2216,17.199,8.0416,76.7848,183.71,1.4613
河北,石家庄,2025-11,30,7.035,14.223,1.7007,63.742,11.64,2.196
河北,石家庄,2025-12,31,0.2752,6.3971,-3.2848,64.5026,8.92,1.681
河北,石家庄,2026-01,31,-1.8097,3.8177,-5.9365,63.1584,0.59,1.9539
河北,石家庄,2026-02,28,3.3132,10.7082,-1.8371,55.1804,2.37,2.2071
河北,石家庄,2026-03,31,8.4597,15.6316,2.38,61.7135,25.91,1.8745
河北,石家庄,2026-04,30,16.9737,25.569,9.081,47.78,16.75,2.27
河北,石家庄,2026-05,27,23.2871,30.2005,16.4143,44.4838,26.63,1.9662
河南,郑州,2018-01,31,-1.4184,3.8545,-5.2406,67.6871,25.16,2.5587
河南,郑州,2018-02,28,2.8671,10.2164,-2.5914,59.6368,6.49,2.5907
河南,郑州,2018-03,31,10.9758,18.2155,4.739,67.1532,31.25,3.0416
河南,郑州,2018-04,30,16.8647,24.1913,9.8783,61.55,70.41,3.1983
河南,郑州,2018-05,31,22.2658,28.5703,16.3487,63.6106,116.63,2.4619
河南,郑州,2018-06,30,27.3533,34.076,20.9647,59.0963,65.97,2.2717
河南,郑州,2018-07,31,29.7074,34.9197,24.8529,69.4177,112.37,1.9865
河南,郑州,2018-08,31,28.4955,33.4352,24.1058,70.0752,146.73,2.3445
河南,郑州,2018-09,30,21.9663,28.218,16.6693,63.6457,90.03,2.1273
河南,郑州,2018-10,31,15.9855,23.801,9.3732,52.261,1.18,1.9332
河南,郑州,2018-11,30,8.7033,15.3343,3.594,65.1443,29.93,2.0273
河南,郑州,2018-12,31,1.1945,6.8023,-2.5268,57.0013,17.03,2.1139
河南,郑州,2019-01,31,0.4887,6.4842,-3.8394,58.1019,15.79,2.1274
河南,郑州,2019-02,28,2.1889,8.2171,-2.3236,63.1875,11.44,2.0882
河南,郑州,2019-03,31,11.3226,19.3713,4.4177,47.0394,5.73,2.4826
河南,郑州,2019-04,30,16.3313,23.928,9.3253,55.755,39.7,2.6357
河南,郑州,2019-05,31,23.6055,31.1255,16.13,37.559,2.58,2.4545
河南,郑州,2019-06,30,28.676,35.3147,22.1343,49.132,93.76,2.3577
河南,郑州,2019-07,31,30.1152,36.2574,24.3468,55.0813,76.66,1.8626
河南,郑州,2019-08,31,26.7703,31.6448,22.3613,71.4648,200.99,1.6061
河南,郑州,2019-09,30,23.3327,29.6103,18.0143,61.613,47.03,1.7283
河南,郑州,2019-10,31,16.0448,22.3652,10.8858,65.749,85.74,1.9877
河南,郑州,2019-11,30,9.6407,16.1363,4.6263,59.9807,7.92,2.0667
河南,郑州,2019-12,31,3.1784,10.2939,-1.6442,63.049,8.14,2.4974
河南,郑州,2020-01,31,0.8358,6.1758,-3.2861,74.0058,51.61,1.7265
河南,郑州,2020-02,29,5.2179,12.4255,-0.2966,71.5866,33.94,2.4148
河南,郑州,2020-03,31,10.9929,18.511,4.3668,59.4706,40.68,2.6003
河南,郑州,2020-04,30,15.2753,23.1903,7.749,52.746,19.51,2.654
河南,郑州,2020-05,31,23.809,31.4984,16.349,50.8168,54.58,2.7555
河南,郑州,2020-06,30,26.669,32.5653,21.1727,63.1993,152.06,2.278
河南,郑州,2020-07,31,25.8677,30.5626,21.3906,76.7503,211.76,1.8665
河南,郑州,2020-08,31,27.2803,31.6629,23.32,81.2006,167.52,2.0542
河南,郑州,2020-09,30,22.964,29.089,17.5147,66.721,43.84,1.736
河南,郑州,2020-10,31,14.8413,21.02,9.8739,63.1223,34.64,1.7597
河南,郑州,2020-11,30,9.049,15.7397,4.227,67.563,49.32,2.1007
河南,郑州,2020-12,31,1.1655,7.3555,-3.2732,62.0832,8.47,2.0784
河南,郑州,2021-01,31,1.0981,7.9387,-3.7542,56.8832,1.65,2.5594
河南,郑州,2021-02,28,6.9861,14.6261,1.2071,61.5618,46.38,2.8182
河南,郑州,2021-03,31,10.3526,17.3897,4.2316,65.59,28.47,2.5835
河南,郑州,2021-04,30,15.2123,22.0193,8.9143,57.4013,36.88,2.696
河南,郑州,2021-05,31,22.5387,30.4916,14.9442,51.0868,39.83,2.8029
河南,郑州,2021-06,30,28.4657,35.5207,21.8633,53.178,60.64,2.3557
河南,郑州,2021-07,31,28.3087,33.2932,23.9174,75.0052,684.35,2.4948
河南,郑州,2021-08,31,25.4442,29.9294,21.4013,80.3087,214.1,1.9039
河南,郑州,2021-09,30,22.39,27.4843,17.867,84.7787,247.65,2.2033
河南,郑州,2021-10,31,14.1871,19.3803,9.6871,79.5761,38.72,2.379
河南,郑州,2021-11,30,8.06,14.6917,2.9123,74.6333,26.49,2.7707
河南,郑州,2021-12,31,2.6423,8.9971,-2.0006,70.1287,10.81,2.6994
河南,郑州,2022-01,31,0.0552,5.1068,-2.8606,84.3103,23.65,2.2971
河南,郑州,2022-02,28,1.9557,8.0471,-2.4654,70.8196,1.5,2.0418
河南,郑州,2022-03,31,10.0913,16.8406,4.1687,71.499,21.01,2.5929
河南,郑州,2022-04,30,16.3723,23.4443,10.019,63.5463,11.81,2.7537
河南,郑州,2022-05,31,21.0065,28.4113,13.8106,55.8526,10.72,3.019
河南,郑州,2022-06,30,29.8097,36.8547,22.8623,50.4503,58.59,2.4383
河南,郑州,2022-07,31,28.0706,33.4848,23.1035,74.8235,242.71,2.0084
河南,郑州,2022-08,31,29.1226,34.9416,23.9729,66.2661,78.36,2.2687
河南,郑州,2022-09,30,23.882,31.152,17.956,53.8047,17.68,1.7883
河南,郑州,2022-10,31,14.6868,21.4119,9.2219,65.4723,80.46,2.1187
河南,郑州,2022-11,30,10.2293,16.259,5.538,70.2557,22.47,2.309
河南,郑州,2022-12,31,0.5974,6.8997,-3.6284,54.1968,1.28,2.2697
河南,郑州,2023-01,31,0.98,7.6174,-3.3803,58.4723,12.82,2.5213
河南,郑州,2023-02,28,4.0289,10.6361,-1.2014,66.4318,26.09,2.4746
河南,郑州,2023-03,31,12.0481,20.1674,5.0829,51.8971,19.79,2.4794
河南,郑州,2023-04,30,16.003,23.1083,9.1277,58.463,89.62,3.2643
河南,郑州,2023-05,31,21.3977,27.909,15.2397,63.1703,153.26,2.8887
河南,郑州,2023-06,30,26.6323,33.209,20.681,61.2327,59.69,2.312
河南,郑州,2023-07,31,29.5742,35.7226,24.1161,65.9326,161.99,2.3871
河南,郑州,2023-08,31,28.001,33.3029,23.2197,72.1416,215,1.8119
河南,郑州,2023-09,30,23.0023,27.952,18.487,77.122,118.76,1.6093
河南,郑州,2023-10,31,17.1681,24.2261,11.3132,69.3952,17.13,1.871
河南,郑州,2023-11,30,8.0397,14.7547,2.7273,63.94,38.06,2.6113
河南,郑州,2023-12,31,-0.4813,5.939,-5.2445,72.3481,35.61,2.7616
河南,郑州,2024-01,31,0.6213,6.9406,-4.0239,70.1984,20.94,2.2952
河南,郑州,2024-02,29,1.5383,7.3407,-3.3124,74.201,37.46,2.9528
河南,郑州,2024-03,31,10.3713,17.8074,4.1245,63.6784,33.75,2.8571
河南,郑州,2024-04,30,18.2757,25.3653,11.854,63.513,29.48,2.3767
河南,郑州,2024-05,31,24.0987,31.4513,16.8794,49.6226,34.06,2.479
河南,郑州,2024-06,30,28.9537,35.8083,22.3907,49.2957,44.85,2.2023
河南,郑州,2024-07,31,27.7929,31.9781,24.1135,82.3948,545.39,2.1652
河南,郑州,2024-08,31,27.7981,32.29,23.619,81.4897,150.04,1.9065
河南,郑州,2024-09,30,22.9677,28.2573,18.202,78.9863,71.6,2.719
河南,郑州,2024-10,31,15.3455,21.5297,10.21,72.9423,43.64,1.8371
河南,郑州,2024-11,30,10.0817,16.0897,5.3783,73.056,32.4,2.1963
河南,郑州,2024-12,31,1.69,8.03,-2.5087,59.5835,0,2.2313
河南,郑州,2025-01,31,1.3106,8.0184,-3.1884,61.7061,32.88,2.7242
河南,郑州,2025-02,28,2.8625,9.7246,-2.3361,61.0714,2.12,2.2568
河南,郑州,2025-03,31,9.5223,17.0619,2.6442,59.2742,54.11,2.8297
河南,郑州,2025-04,30,18.9957,27.531,11.001,46.387,9.55,2.9997
河南,郑州,2025-05,31,23.5968,31.3797,15.949,45.9113,24.01,3.0858
河南,郑州,2025-06,30,28.5127,35.0397,22.1,51.814,74.73,2.54
河南,郑州,2025-07,31,32.0068,38.0355,26.4277,58.1042,58.68,2.4326
河南,郑州,2025-08,31,29.5884,34.9806,24.8784,69.7232,207.5,2.0239
河南,郑州,2025-09,30,21.2247,25.815,17.1697,83.582,369.3,1.9807
河南,郑州,2025-10,31,13.5932,18.1687,9.7906,86.2281,192.72,2.2916
河南,郑州,2025-11,30,8.885,15.9923,3.674,73.381,27.66,2.6823
河南,郑州,2025-12,31,2.4903,8.7974,-1.8784,76.7174,14.55,2.521
河南,郑州,2026-01,31,0.2135,5.7903,-3.6916,77.4161,16.68,2.7606
河南,郑州,2026-02,28,5.2189,12.1964,-0.1996,71.375,30.65,2.8936
河南,郑州,2026-03,31,9.059,15.0355,4.039,79.631,44.57,2.3148
河南,郑州,2026-04,30,16.291,23.091,10.2103,72.0327,54.22,2.2873
河南,郑州,2026-05,27,22.0962,27.8652,16.4933,65.53,24.82,2.0776
浙江,杭州,2018-01,31,2.2316,6.7174,-1.421,84.9494,122.71,2.389
浙江,杭州,2018-02,28,4.4168,9.9118,-0.0686,79.5654,57.11,2.0768
浙江,杭州,2018-03,31,12.0674,18.2568,6.4626,81.6581,80.54,2.3332
浙江,杭州,2018-04,30,17.5757,23.8407,11.5963,75.2557,105.67,2.3287
浙江,杭州,2018-05,31,22.9974,28.0442,18.14,78.4132,167.87,2.2039
浙江,杭州,2018-06,30,24.978,30.039,20.5027,77.9587,181.58,1.9363
浙江,杭州,2018-07,31,29.1397,33.641,25.0906,80.009,156.04,2.0255
浙江,杭州,2018-08,31,28.6065,32.899,25.069,82.1168,247.95,2.3639
浙江,杭州,2018-09,30,24.45,28.8533,20.873,82.726,185.58,1.6783
浙江,杭州,2018-10,31,17.0019,22.9239,12.0126,73.8177,30.18,1.8629
浙江,杭州,2018-11,30,12.9887,18.2167,8.8093,83.0147,110.54,1.8533
浙江,杭州,2018-12,31,6.0877,10.3155,2.3252,86.4826,142.9,2.4387
浙江,杭州,2019-01,31,4.3368,9.0232,0.5468,84.7935,84.87,1.88
浙江,杭州,2019-02,28,4.8936,8.7479,1.3943,89.1093,191.46,2.2039
浙江,杭州,2019-03,31,10.7529,15.9032,6.169,83.3281,103.86,2.1616
浙江,杭州,2019-04,30,17.0363,22.8303,11.387,80.3783,89.6,1.9727
浙江,杭州,2019-05,31,20.6184,26.6242,14.9894,70.2829,102.82,2.0019
浙江,杭州,2019-06,30,24.8393,29.9927,20.1257,78,189.93,1.9533
浙江,杭州,2019-07,31,27.0706,31.0484,23.3739,83.9529,230.89,1.7832
浙江,杭州,2019-08,31,28.0271,32.271,24.1806,81.8732,300.62,2.1829
浙江,杭州,2019-09,30,23.5497,28.297,19.5767,80.6527,131.86,1.91
浙江,杭州,2019-10,31,18.9477,24.5932,14.4313,76.5606,70.23,1.7016
浙江,杭州,2019-11,30,12.964,19.691,7.638,74.0753,53.4,2.0167
浙江,杭州,2019-12,31,7.5342,13.2013,2.7306,76.6503,72.88,2.069
浙江,杭州,2020-01,31,5.6523,10.0748,1.9887,86.6481,166.4,2.22
浙江,杭州,2020-02,29,8.1828,14.0641,3.3569,83.2531,78.03,2.2683
浙江,杭州,2020-03,31,11.6819,16.819,6.8006,82.9523,170.41,2.3648
浙江,杭州,2020-04,30,14.848,21.0443,8.9177,73.949,61.18,2.2063
浙江,杭州,2020-05,31,22.7842,28.5555,17.4781,75.6742,143.41,2.2274
浙江,杭州,2020-06,30,25.794,29.544,22.352,86.9373,442.73,1.9517
浙江,杭州,2020-07,31,26.491,29.6952,23.6171,89.8319,372.79,1.8806
浙江,杭州,2020-08,31,28.5306,32.6955,24.7639,83.5797,97.24,1.9529
浙江,杭州,2020-09,30,23.0733,27.3,19.4723,81.5507,222.07,1.6493
浙江,杭州,2020-10,31,17.189,22.3406,12.8497,82.109,61.27,1.8581
浙江,杭州,2020-11,30,13.352,18.8467,9.0787,82.016,50.09,2.1843
浙江,杭州,2020-12,31,4.9665,10.6842,0.6274,77.5919,20.19,2.0529
浙江,杭州,2021-01,31,4.3248,10.7152,-0.4306,72.5735,16.57,2.2277
浙江,杭州,2021-02,28,9.7957,16.015,4.865,78.1079,70.03,2.2907
浙江,杭州,2021-03,31,12.0094,17.1381,7.2132,81.71,176.07,2.3816
浙江,杭州,2021-04,30,16.3337,21.9237,10.9867,78.522,75.36,2.353
浙江,杭州,2021-05,31,22.4629,27.7352,17.5639,78.8642,219.02,2.2952
浙江,杭州,2021-06,30,25.1787,29.9243,20.7587,83.3923,256.68,1.799
浙江,杭州,2021-07,31,27.6906,31.2452,24.7348,87.4326,472.45,2.6997
浙江,杭州,2021-08,31,27.3787,31.0461,24.3274,86.7142,377.28,1.5858
浙江,杭州,2021-09,30,25.2847,29.605,21.539,85.4853,139.33,2.032
浙江,杭州,2021-10,31,19.1668,24.0203,15.0126,83.6177,95.08,2.1629
浙江,杭州,2021-11,30,12.137,18.1527,7.0003,76.6887,54.43,2.084
浙江,杭州,2021-12,31,6.5013,12.9284,1.5094,74.2842,10.23,1.9248
浙江,杭州,2022-01,31,5.0181,9.4684,1.5306,84.5019,73.64,2.0916
浙江,杭州,2022-02,28,4.1111,8.5361,0.4232,83.4807,78.15,2.1661
浙江,杭州,2022-03,31,13.1371,19.2268,7.6784,81.3168,230.03,2.469
浙江,杭州,2022-04,30,16.9597,22.5917,11.582,76.4353,133.6,2.123
浙江,杭州,2022-05,31,20.3539,25.8174,15.0706,75.3184,112.17,1.6706
浙江,杭州,2022-06,30,26.0187,30.603,21.7967,81.032,184.24,2.0427
浙江,杭州,2022-07,31,30.1494,34.5052,26.2745,77.6119,109.51,1.6932
浙江,杭州,2022-08,31,31.3087,36.6948,26.5713,71.0284,122.8,1.781
浙江,杭州,2022-09,30,23.916,29.234,19.4727,77.448,141.43,2.3847
浙江,杭州,2022-10,31,17.6997,23.9829,12.5652,74.6561,41.67,2.251
浙江,杭州,2022-11,30,15.274,21.329,10.52,80.8633,98.76,2.0497
浙江,杭州,2022-12,31,3.8384,9.1103,-0.3632,76.1465,48.13,2.2077
浙江,杭州,2023-01,31,4.8248,11.2887,-0.1155,73.1232,51.77,2.2129
浙江,杭州,2023-02,28,6.6621,12.0611,2.335,82.9704,94.36,2.1725
浙江,杭州,2023-03,31,12.0342,18.1952,6.5661,76.0529,84.83,2.1603
浙江,杭州,2023-04,30,16.914,22.921,11.281,75.7253,67.59,2.2947
浙江,杭州,2023-05,31,21.991,27.83,16.5339,74.7981,150.05,2.1942
浙江,杭州,2023-06,30,26.2553,30.9293,21.971,77.1073,220.49,1.909
浙江,杭州,2023-07,31,28.8216,32.4661,25.6384,84.7129,206.29,2.0297
浙江,杭州,2023-08,31,27.9187,32.1306,24.239,80.9939,173.69,1.7513
浙江,杭州,2023-09,30,25.6307,30.2747,21.8447,83.3427,104.72,1.7793
浙江,杭州,2023-10,31,19.6055,25.9497,14.4723,73.089,28.15,1.8003
浙江,杭州,2023-11,30,12.9607,20.163,6.8047,69.8437,65.8,2.232
浙江,杭州,2023-12,31,5.3552,11.8974,0.4739,73.3535,45.51,2.2348
浙江,杭州,2024-01,31,5.0368,11.7729,0.3081,75.0665,46.08,2.2235
浙江,杭州,2024-02,29,5.3317,10.3159,0.7,84.6207,227.6,2.6679
浙江,杭州,2024-03,31,11.8726,18.259,6.2158,80.6939,89.52,2.2642
浙江,杭州,2024-04,30,17.6653,22.74,13.199,84.6383,240.14,2.184
浙江,杭州,2024-05,31,20.6358,26.1365,15.3561,79.9174,145.86,2.0029
浙江,杭州,2024-06,30,24.7427,28.8833,20.9643,83.0533,473.85,1.825
浙江,杭州,2024-07,31,29.5874,33.6858,26.0016,83.5594,110.89,2.2813
浙江,杭州,2024-08,31,31.0484,35.9281,26.7403,74.8387,84.8,1.3374
浙江,杭州,2024-09,30,27.2293,31.8847,23.462,81.5417,209.52,2.293
浙江,杭州,2024-10,31,18.6435,23.2652,14.7281,84.0232,138.61,2.5139
浙江,杭州,2024-11,30,13.166,18.3073,8.8217,82.9253,126.18,2.3167
浙江,杭州,2024-12,31,4.9223,10.9535,0.3135,78.1981,19.69,2.0745
浙江,杭州,2025-01,31,4.9416,11.8155,-0.2387,70.1171,16.88,2.0358
浙江,杭州,2025-02,28,5.1586,10.9893,0.4864,76.1593,41.05,2.2971
浙江,杭州,2025-03,31,11.66,17.7803,5.9677,74.0226,94.82,2.6374
浙江,杭州,2025-04,30,18.7773,25.7527,12.0033,67.8677,78.87,2.426
浙江,杭州,2025-05,31,22.3981,28.3345,17.001,73.0335,204.51,2.4003
浙江,杭州,2025-06,30,25.7863,29.994,21.5843,83.6753,352.56,1.809
浙江,杭州,2025-07,31,28.4252,32.2603,25.0977,85.5545,399.15,2.7952
浙江,杭州,2025-08,31,29.8619,34.5206,25.5852,77.9661,39.38,1.6197
浙江,杭州,2025-09,30,27.538,32.124,23.746,82.4673,170.21,1.5597
浙江,杭州,2025-10,31,21.749,27.221,17.3516,78.9794,47.9,2.2855
浙江,杭州,2025-11,30,12.55,19.321,7.25,70.1447,29.24,2.177
浙江,杭州,2025-12,31,7.9852,14.9626,2.4148,71.8681,16.11,2.2987
浙江,杭州,2026-01,31,4.5723,11.4248,-0.5613,71.3506,39.85,2.3642
浙江,杭州,2026-02,28,7.9954,14.4964,2.3454,75.0489,78.68,2.3489
浙江,杭州,2026-03,31,11.4677,17.4603,6.5052,79.3552,82.59,2.2574
浙江,杭州,2026-04,30,17.427,23.2713,12.0493,77.9143,95.14,2.4497
浙江,杭州,2026-05,27,21.26,26.0643,16.8805,81.7971,140.36,1.5129
海南,海口,2018-01,31,18.2784,21.1848,15.9006,84.0439,31.12,4.0942
海南,海口,2018-02,28,17.8586,21.6132,14.8829,78.5657,9.67,3.0879
海南,海口,2018-03,31,22.1955,26.5174,18.9594,78.521,35.77,3.1994
海南,海口,2018-04,30,25.0587,29.3357,21.8773,77.6533,189.73,2.8093
海南,海口,2018-05,31,28.2442,31.3426,25.5648,82.2794,99.6,2.2229
海南,海口,2018-06,30,28.5303,30.4003,26.892,85.418,433.44,3.5487
海南,海口,2018-07,31,28.3803,30.1152,26.9087,87.1703,408.71,3.7458
海南,海口,2018-08,31,28.2874,29.7506,26.9716,87.4494,557.53,3.5619
海南,海口,2018-09,30,27.667,29.6927,25.9,84.333,203.99,2.8543
海南,海口,2018-10,31,25.9348,28.4535,24.0406,79.9019,95.99,3.5455
海南,海口,2018-11,30,24.1683,26.7287,22.2423,83.4353,51.35,3.8197
海南,海口,2018-12,31,20.7806,23.1739,18.9055,84.7013,53.24,4.4642
海南,海口,2019-01,31,19.7352,22.7887,17.3787,84.1306,23.14,3.7916
海南,海口,2019-02,28,23.2329,27.6711,20.0279,81.5332,29.46,3.1011
海南,海口,2019-03,31,24.7087,29.0323,21.6629,79.1258,30.51,2.9171
海南,海口,2019-04,30,28.1247,32.763,24.9663,76.1693,55.78,2.836
海南,海口,2019-05,31,28.2839,30.9329,26.1358,83.8087,304.73,2.6861
海南,海口,2019-06,30,29.4397,31.6207,27.4153,85.3343,149.44,2.795
海南,海口,2019-07,31,29.4519,31.5655,27.5545,83.2035,241.75,3.4465
海南,海口,2019-08,31,28.7916,30.3648,27.3365,85.9006,399.12,3.1258
海南,海口,2019-09,30,27.832,30.0497,25.909,81.2917,281.35,2.848
海南,海口,2019-10,31,26.5016,29.1016,24.5006,80.5232,143.78,3.8129
海南,海口,2019-11,30,23.5917,26.3597,21.6363,78.178,36.66,4.0457
海南,海口,2019-12,31,20.5194,23.6248,18.0713,76.8965,19.09,3.9055
海南,海口,2020-01,31,20.6923,24.0458,18.1919,80.2358,29.66,3.8213
海南,海口,2020-02,29,21.0531,24.9528,18.1431,80.5838,24.12,3.7452
海南,海口,2020-03,31,24.9181,29.4306,21.8245,78.3113,27.57,3.1123
海南,海口,2020-04,30,24.924,28.6337,22.1217,77.0777,90.64,3.5563
海南,海口,2020-05,31,29.5458,33.6781,26.4771,75.2332,56.71,2.0732
海南,海口,2020-06,30,30.1553,33.6077,27.409,78.013,134.38,3.057
海南,海口,2020-07,31,30.4845,33.6994,27.9368,75.7645,119.69,3.1532
海南,海口,2020-08,31,28.9777,30.8935,27.3203,83.5123,314.08,3.0571
海南,海口,2020-09,30,28.801,30.8243,27.0533,83.3923,237.21,2.534
海南,海口,2020-10,31,25.6419,27.2235,24.3281,85.5868,809.63,6.0019
海南,海口,2020-11,30,23.2467,25.294,21.6853,84.438,93,4.4507
海南,海口,2020-12,31,18.7103,20.9897,16.8123,80.0313,10.72,4.5826
海南,海口,2021-01,31,16.9965,20.1106,14.5361,76.9345,10.46,3.7555
海南,海口,2021-02,28,20.1686,23.9514,17.2693,82.5129,67.49,2.9879
海南,海口,2021-03,31,24.0252,28.1284,20.9823,80.0965,22.15,3.4626
海南,海口,2021-04,30,26.58,30.2697,23.855,79.6683,120.14,3.315
海南,海口,2021-05,31,29.3448,33.0206,26.4965,79.4861,83.03,3.0242
海南,海口,2021-06,30,29.7703,32.5357,27.4377,79.6767,178.19,3.2523
海南,海口,2021-07,31,29.4661,31.7665,27.4952,81.5203,183.32,3.3684
海南,海口,2021-08,31,28.9658,30.841,27.4016,84.6068,302.07,3.231
海南,海口,2021-09,30,28.287,30.2577,26.649,84.726,241.72,2.8787
海南,海口,2021-10,31,25.8539,27.7645,24.1806,86.1977,427.49,5.3371
海南,海口,2021-11,30,22.862,25.3457,20.8947,79.6823,31.13,4.196
海南,海口,2021-12,31,19.6016,22.0787,17.6506,79.2684,40.38,4.5413
海南,海口,2022-01,31,20.0194,23.1952,17.6216,85.7587,21.91,3.6339
海南,海口,2022-02,28,18.1689,20.9486,15.8339,84.8543,110.07,4.3096
海南,海口,2022-03,31,23.2045,26.9674,20.3658,83.6245,25.35,2.9352
海南,海口,2022-04,30,24.6587,28.5613,21.678,78.9987,92.39,3.3
海南,海口,2022-05,31,26.2084,28.5103,24.2748,86.6855,324.89,3.1655
海南,海口,2022-06,30,28.3133,30.27,26.5143,87.4627,151.04,2.8917
海南,海口,2022-07,31,29.0094,30.9977,27.1981,84.8161,276.72,3.1987
海南,海口,2022-08,31,28.7165,30.5823,27.0384,83.5732,388.71,2.9106
海南,海口,2022-09,30,28.512,30.5307,26.7747,81.0663,300.13,3.1017
海南,海口,2022-10,31,25.2529,27.1858,23.709,81.9674,300.75,4.7219
海南,海口,2022-11,30,24.463,26.733,22.853,87.9667,129.34,3.639
海南,海口,2022-12,31,18.0823,20.4339,16.181,77.7519,25.16,4.8671
海南,海口,2023-01,31,17.8255,20.4013,15.6248,82.449,47.98,4.0919
海南,海口,2023-02,28,20.6014,23.9661,18.1679,83.0404,12.46,3.8729
海南,海口,2023-03,31,23.1448,27.301,20.0839,80.331,66.89,3.0181
海南,海口,2023-04,30,26.1733,30.0723,23.4417,80.7987,24.9,3.3587
海南,海口,2023-05,31,28.5639,31.9423,25.9481,81.1832,173.4,3.2374
海南,海口,2023-06,30,29.0453,31.2757,27.0723,85.3787,286.34,2.6657
海南,海口,2023-07,31,29.7168,32.0152,27.7303,82.3894,264.54,3.1955
海南,海口,2023-08,31,29.3126,31.2626,27.4968,82.5135,263.7,2.9571
海南,海口,2023-09,30,28.3647,30.167,26.8737,86.3643,350.98,2.9673
海南,海口,2023-10,31,26.5961,28.1906,25.2548,86.671,465.28,4.2884
海南,海口,2023-11,30,23.8967,26.1033,22.124,84.0107,103.19,4.0907
海南,海口,2023-12,31,20.3839,22.7068,18.4284,83.881,27.33,4.2413
海南,海口,2024-01,31,19.7758,22.5945,17.5229,85.1887,36.26,3.9823
海南,海口,2024-02,29,21.1683,24.9983,18.2372,82.6562,11.41,3.6483
海南,海口,2024-03,31,23.1913,27.0826,20.4016,81.4826,43.26,3.4071
海南,海口,2024-04,30,28.6877,33.8797,25.2317,73.9597,30.1,3.0063
海南,海口,2024-05,31,27.8523,30.259,25.99,85.6113,387.1,2.7619
海南,海口,2024-06,30,28.9767,31.0827,27.253,87.2153,296.47,3.0437
海南,海口,2024-07,31,28.9371,30.9397,27.3384,87.0439,348.24,3.8474
海南,海口,2024-08,31,29.4706,31.481,27.5281,82.4442,168.45,2.5439
海南,海口,2024-09,30,28.348,30.3453,26.5547,84.524,585.82,3.0553
海南,海口,2024-10,31,26.3174,28.3584,24.6148,81.2642,365.63,4.4074
海南,海口,2024-11,30,23.361,25.3743,21.7607,81.3687,125.94,4.2143
海南,海口,2024-12,31,19.2097,21.7045,17.3435,77.7319,9.66,4.4571
海南,海口,2025-01,31,17.8719,21.2368,15.3019,76.3542,12.84,3.7952
海南,海口,2025-02,28,19.3361,22.7086,16.7968,82.1061,11.98,3.9168
海南,海口,2025-03,31,21.7335,25.8684,18.6106,76.9494,63.27,3.3374
海南,海口,2025-04,30,25.5097,29.9407,22.1777,74.6443,91.11,2.5073
海南,海口,2025-05,31,27.7942,30.7877,25.4565,83.2352,299.32,2.421
海南,海口,2025-06,30,28.6747,30.8533,26.8797,86.517,360,3.4407
海南,海口,2025-07,31,28.7071,30.2706,27.2065,86.6148,415.14,3.1803
海南,海口,2025-08,31,28.5523,30.3481,27.0365,86.1103,334.68,3.7819
海南,海口,2025-09,30,28.0133,29.8307,26.4753,86.5273,404.45,3.4967
海南,海口,2025-10,31,26.0487,27.8352,24.5958,86.2245,397.96,4.6561
海南,海口,2025-11,30,21.9417,23.9683,20.128,80.738,107.81,4.8877
海南,海口,2025-12,31,20.6619,23.4465,18.5742,83.4826,20.88,3.8787
海南,海口,2026-01,31,18.74,22.0468,16.2087,77.3455,1.77,3.5674
海南,海口,2026-02,28,21.6582,25.5386,18.76,80.7779,8.38,3.2268
海南,海口,2026-03,31,23.6145,27.9681,20.3955,77.9152,52.21,3.6394
海南,海口,2026-04,30,27.887,32.67,24.357,73.284,152.02,3.025
海南,海口,2026-05,27,27.5195,30.5319,25.1505,85.1481,115.79,2.1929
湖北,武汉,2018-01,31,2.4113,6.7868,-1.1823,81.7861,89.67,2.7342
湖北,武汉,2018-02,28,6.4175,11.3982,2.1811,72.8286,44.69,2.4671
湖北,武汉,2018-03,31,13.7255,18.6829,8.8706,79.869,131.78,2.8619
湖北,武汉,2018-04,30,19.2577,24.266,14.1693,75.5507,146.14,3.098
湖北,武汉,2018-05,31,23.8868,27.8161,20.1361,79.6806,210.64,3.1074
湖北,武汉,2018-06,30,27.1197,31.0817,23.1227,74.9563,72.76,2.3773
湖北,武汉,2018-07,31,30.3145,33.7648,27.0045,76.9652,147.16,2.2584
湖北,武汉,2018-08,31,30.4781,34.7526,26.5239,70.2277,88.93,2.5326
湖北,武汉,2018-09,30,26.1177,31.114,21.6243,65.6167,60.01,2.373
湖北,武汉,2018-10,31,19.0248,24.7206,14.0529,60.0687,37.79,1.9197
湖北,武汉,2018-11,30,13.1327,18.0047,8.9647,75.7403,97.2,2.414
湖北,武汉,2018-12,31,5.6513,9.4835,2.5606,76.9277,94.12,2.8632
湖北,武汉,2019-01,31,3.9687,8.311,0.1648,79.3384,62.93,2.1529
湖北,武汉,2019-02,28,4.7071,8.3982,1.24,83.0039,93.54,2.3796
湖北,武汉,2019-03,31,12.7984,17.4865,8.2568,75.5997,74.87,2.4461
湖北,武汉,2019-04,30,18.2177,22.9717,13.524,79.2013,154.97,2.8607
湖北,武汉,2019-05,31,22.3197,26.5161,18.1126,71.09,155.22,2.2523
湖北,武汉,2019-06,30,26.7123,30.542,22.9977,77.0403,323.87,2.333
湖北,武汉,2019-07,31,28.9803,32.5765,25.42,77.2023,88.85,2.3294
湖北,武汉,2019-08,31,31.7248,36.6861,27.2642,62.9523,23.4,2.1061
湖北,武汉,2019-09,30,27.9457,34.08,22.3987,51.5597,2.74,2.3947
湖北,武汉,2019-10,31,20.6387,26,15.8835,61.6926,54.33,2.1587
湖北,武汉,2019-11,30,14.102,19.281,9.4093,62.739,95.21,2.525
湖北,武汉,2019-12,31,7.9032,12.9939,3.7777,70.4313,25.71,2.2319
湖北,武汉,2020-01,31,4.7258,8.4829,1.4529,82.7581,120.46,2.4903
湖北,武汉,2020-02,29,9.5441,14.341,5.2352,78.0579,124.05,2.5328
湖北,武汉,2020-03,31,13.4403,17.9729,8.811,79.0465,121.89,2.7768
湖北,武汉,2020-04,30,17.1423,22.2377,12.0427,71.5177,64.47,2.7253
湖北,武汉,2020-05,31,23.73,27.9874,19.1777,75.4797,184.05,2.461
湖北,武汉,2020-06,30,27.4527,30.6543,24.4313,83.033,482.11,2.5307
湖北,武汉,2020-07,31,27.5642,30.1229,25.161,87.3652,566.11,2.3677
湖北,武汉,2020-08,31,29.0455,32.0971,25.971,82.4597,139.35,2.4929
湖北,武汉,2020-09,30,23.801,27.1987,20.529,78.1877,192.44,1.876
湖北,武汉,2020-10,31,17.3887,21.2726,13.8248,80.9042,206.36,2.2571
湖北,武汉,2020-11,30,12.95,17.558,9.0097,80.0537,76.47,2.7337
湖北,武汉,2020-12,31,4.9874,9.5948,1.1871,75.1571,21.22,2.4474
湖北,武汉,2021-01,31,4.7187,9.6203,0.901,74.8839,37.89,2.6197
湖北,武汉,2021-02,28,11.2893,16.2386,7.0425,79.8896,65.89,2.5639
湖北,武汉,2021-03,31,13.0377,17.1455,9.071,82.1858,152.84,2.8387
湖北,武汉,2021-04,30,16.9323,20.844,13.1477,79.7933,117.87,2.8687
湖北,武汉,2021-05,31,22.2503,26.3419,18.2126,80.9865,273.39,2.781
湖北,武汉,2021-06,30,27.2557,31.131,23.4023,77.9943,144.06,2.2107
湖北,武汉,2021-07,31,28.8348,31.7439,26.0845,82.5106,157.7,2.7629
湖北,武汉,2021-08,31,28.7284,32.159,25.4626,79.3848,249.53,1.9858
湖北,武汉,2021-09,30,27.361,32.1583,22.9863,73.5043,90.39,2.3967
湖北,武汉,2021-10,31,19.2097,24.16,14.8416,73.0387,47.79,3.0748
湖北,武汉,2021-11,30,12.9313,18.6967,8.267,67.446,33.97,2.4673
湖北,武汉,2021-12,31,7.7816,13.2042,3.1197,66.2461,12,2.4377
湖北,武汉,2022-01,31,5.7123,9.6274,2.5813,79.8981,81.49,2.3287
湖北,武汉,2022-02,28,5.255,9.28,1.5954,78.1232,49.74,2.1818
湖北,武汉,2022-03,31,14.8577,19.9935,9.9755,76.7503,238.87,2.9052
湖北,武汉,2022-04,30,18.815,23.426,14.113,75.003,196.6,2.8787
湖北,武汉,2022-05,31,21.6284,25.8813,17.1568,75.4884,51.3,2.2045
湖北,武汉,2022-06,30,27.406,31.098,23.8427,81.51,277.18,2.9667
湖北,武汉,2022-07,31,29.6348,32.3729,26.8081,81.6416,196.2,2.529
湖北,武汉,2022-08,31,31.1061,35.1652,27.3303,72.0481,30.39,2.6397
湖北,武汉,2022-09,30,26.584,32.4243,21.475,54.4493,0.59,2.366
湖北,武汉,2022-10,31,19.0368,24.5929,14.1313,62.9213,44.86,2.9619
湖北,武汉,2022-11,30,15.6707,20.4863,11.2897,72.025,67.8,2.83
湖北,武汉,2022-12,31,4.9452,10.3884,0.4168,66.0874,7.07,2.5687
湖北,武汉,2023-01,31,6.2935,12.29,1.2084,64.8155,29.63,2.6665
湖北,武汉,2023-02,28,8.0336,12.6068,3.9729,73.7171,55.43,2.6168
湖北,武汉,2023-03,31,14.0319,19.231,9.2145,69.1519,75.63,2.4571
湖北,武汉,2023-04,30,18.5477,23.6747,13.598,74.152,235.47,3.3227
湖北,武汉,2023-05,31,22.8758,27.3123,18.3926,78.0203,262.72,3.0613
湖北,武汉,2023-06,30,26.794,30.5927,23.0403,76.4677,117.52,2.4543
湖北,武汉,2023-07,31,29.6448,33.1032,26.5081,79.89,174.47,2.8077
湖北,武汉,2023-08,31,30.1268,34.1348,26.2758,69.861,91.6,1.9606
湖北,武汉,2023-09,30,26.364,31.1203,22.2973,75.1127,100.98,2.3277
湖北,武汉,2023-10,31,20.5423,25.7168,16.0345,70.6465,50.19,2.0771
湖北,武汉,2023-11,30,13.376,18.7223,8.6503,71.311,63.46,2.9437
湖北,武汉,2023-12,31,5.8839,11.1577,1.6674,73.2494,57.37,2.7258
湖北,武汉,2024-01,31,5.4894,10.2106,1.6497,75.5568,80.25,2.5084
湖北,武汉,2024-02,29,3.8559,7.7617,0.1379,86.399,162.72,3.3824
湖北,武汉,2024-03,31,13.7829,18.7384,9.0806,79.079,110.99,2.791
湖北,武汉,2024-04,30,19.7807,23.669,15.895,81.971,188.59,2.7007
湖北,武汉,2024-05,31,23.1058,27.3435,18.7861,77.5774,184.78,2.4723
湖北,武汉,2024-06,30,26.1177,29.3303,23.0953,81.3287,361.96,2.1533
湖北,武汉,2024-07,31,29.6665,32.6594,26.9019,83.8658,250.61,3.4642
湖北,武汉,2024-08,31,30.5274,34.141,27.01,75.8087,63.23,2.1548
湖北,武汉,2024-09,30,28.608,33.735,24.0283,67.8987,8.11,2.9143
湖北,武汉,2024-10,31,19.8674,25.46,15.0919,66.3258,58.21,2.621
湖北,武汉,2024-11,30,15.0983,20.4083,10.5453,69.1003,25.32,2.647
湖北,武汉,2024-12,31,6.4981,12.2406,1.7513,60.7948,10.79,2.3855
湖北,武汉,2025-01,31,6.6648,13.1574,1.4552,59.2903,45.63,2.6742
湖北,武汉,2025-02,28,7.455,12.5386,2.9379,66.3343,27.6,2.6296
湖北,武汉,2025-03,31,13.0568,18.3565,8.0081,68.4687,79.39,3.2381
湖北,武汉,2025-04,30,21.1053,26.7717,15.58,64.98,97.72,2.9603
湖北,武汉,2025-05,31,23.6694,28.5868,18.8761,71.6816,292.45,3.0458
湖北,武汉,2025-06,30,26.4953,29.825,23.3293,82.4363,491.79,2.826
湖北,武汉,2025-07,31,30.409,33.6432,27.0574,78.4061,56.48,2.4542
湖北,武汉,2025-08,31,31.0335,35.1671,27.1426,73.3461,137.07,2.2871
湖北,武汉,2025-09,30,26.585,30.362,23.2213,82.1297,183.57,2.1733
湖北,武汉,2025-10,31,20.25,24.6677,16.4842,81.3452,83.74,2.6806
湖北,武汉,2025-11,30,13.269,18.7767,8.605,71.8267,32.75,2.4043
湖北,武汉,2025-12,31,8.8961,14.5277,4.0897,72.0948,32.86,2.8239
湖北,武汉,2026-01,31,5.3148,10.7245,0.8435,74.1823,37.59,2.8494
湖北,武汉,2026-02,28,8.7839,14.0786,4.1954,77.2504,55.97,2.7279
湖北,武汉,2026-03,31,12.8206,17.1677,8.7919,79.4294,124.94,2.55
湖北,武汉,2026-04,30,18.708,22.819,14.4563,80.791,135.02,2.667
湖北,武汉,2026-05,27,22.6167,26.501,18.6676,80.6843,133.84,2.0467
湖南,长沙,2018-01,31,4.2439,8.8897,0.5765,81.9468,74.61,2.2539
湖南,长沙,2018-02,28,7.9986,14.1968,2.9204,74.2393,49.22,2.2971
湖南,长沙,2018-03,31,14.6594,20.2565,9.3571,79.3687,111.82,2.4542
湖南,长沙,2018-04,30,19.766,25.3633,14.5677,76.6867,120.56,2.6593
湖南,长沙,2018-05,31,24.6055,29.1261,20.3826,81.6829,159.63,2.7719
湖南,长沙,2018-06,30,25.9077,30.1443,22.0013,82.3997,130.91,1.8947
湖南,长沙,2018-07,31,29.3706,33.4781,25.5181,80.0961,156.51,1.8145
湖南,长沙,2018-08,31,28.4961,32.7532,24.7219,81.0229,193.28,1.7194
湖南,长沙,2018-09,30,25.2677,30.3497,20.9953,77.9087,85.2,2.065
湖南,长沙,2018-10,31,18.0803,24.3132,13.1777,72.2884,101.66,1.751
湖南,长沙,2018-11,30,13.084,18.5207,8.605,82.284,153.93,1.8357
湖南,长沙,2018-12,31,6.5271,10.4803,3.2161,84.301,112.18,2.3368
湖南,长沙,2019-01,31,4.8903,9.2165,1.3084,85.8397,86.64,2.029
湖南,长沙,2019-02,28,5.5271,9.1061,2.3843,88.5325,139.13,2.3936
湖南,长沙,2019-03,31,13.2294,18.0755,8.841,84.7594,177.03,2.2416
湖南,长沙,2019-04,30,18.371,23.1093,13.8983,86.616,169.62,2.3367
湖南,长沙,2019-05,31,21.9313,26.3597,17.6694,81.3065,251.98,1.93
湖南,长沙,2019-06,30,25.848,29.4333,22.2277,85.374,326.36,1.9943
湖南,长沙,2019-07,31,27.7503,31.4713,24.1461,86.5294,313.85,1.9374
湖南,长沙,2019-08,31,29.0487,33.5526,24.869,80.0984,57.43,1.5929
湖南,长沙,2019-09,30,25.622,31.911,20.1803,69.963,15.86,1.7193
湖南,长沙,2019-10,31,20.2787,26.3835,15.2913,73.0277,93.28,1.8848
湖南,长沙,2019-11,30,14.0603,20.373,8.8443,70.8967,72.47,2.1173
湖南,长沙,2019-12,31,8.8165,14.9981,3.9458,74.471,56.19,1.8306
湖南,长沙,2020-01,31,6.1052,11.0519,2.0858,82.629,146.85,2.1632
湖南,长沙,2020-02,29,10.8903,16.3283,6.5728,81.0617,127.25,2.2545
湖南,长沙,2020-03,31,14.3045,19.2661,9.8619,83.2435,251.72,2.461
湖南,长沙,2020-04,30,17.1503,22.517,11.9607,77.086,151.68,2.0697
湖南,长沙,2020-05,31,24.1687,28.8858,19.5755,81.8755,231.87,2.2103
湖南,长沙,2020-06,30,27.2357,30.734,24.2343,87.5443,321.81,2.5047
湖南,长沙,2020-07,31,28.1365,31.4487,25.1235,87.0187,243.2,2.2126
湖南,长沙,2020-08,31,28.2981,32.2955,24.5613,82.2858,73.2,2.0513
湖南,长沙,2020-09,30,23.166,27.2373,19.7823,86.353,217.67,1.783
湖南,长沙,2020-10,31,17.6071,22.4542,13.7784,84.58,96.35,2.2068
湖南,长沙,2020-11,30,13.7213,19.2113,9.418,82.08,52.75,2.2853
湖南,长沙,2020-12,31,5.95,11.1097,2.0613,81.2655,46.41,2.1861
湖南,长沙,2021-01,31,6.06,12.4439,1.1965,74.0465,16.32,2.1645
湖南,长沙,2021-02,28,12.3736,17.9193,7.5775,82.3582,119.94,1.9779
湖南,长沙,2021-03,31,14.39,18.9603,10.239,84.9561,153.81,2.2758
湖南,长沙,2021-04,30,17.178,21.3683,13.5653,86.7907,232.48,2.262
湖南,长沙,2021-05,31,22.5661,26.8484,18.5648,85.9445,421.02,2.2903
湖南,长沙,2021-06,30,26.749,30.9477,22.383,82.4063,144.14,1.8373
湖南,长沙,2021-07,31,28.5742,32.5332,24.9277,82.9619,108.38,2.2445
湖南,长沙,2021-08,31,28.1271,32.1813,24.3887,83.9374,174.63,1.6035
湖南,长沙,2021-09,30,27.393,32.4703,22.791,77.0463,57.19,1.651
湖南,长沙,2021-10,31,19.1642,24.561,14.7694,78.8403,85.04,2.65
湖南,长沙,2021-11,30,13.305,19.6023,8.1533,72.767,79.72,1.873
湖南,长沙,2021-12,31,8.4406,14.8458,3.411,73.6858,31.03,1.8723
湖南,长沙,2022-01,31,6.6313,11.1058,3.2087,84.5481,137.98,2.0465
湖南,长沙,2022-02,28,5.1739,9.7618,1.2696,85.4057,164.99,2.0839
湖南,长沙,2022-03,31,15.6161,20.8642,10.7226,82.8913,192.31,2.599
湖南,长沙,2022-04,30,18.772,24.0713,13.673,79.7103,242.08,2.3643
湖南,长沙,2022-05,31,21.1584,25.6323,16.861,82.7097,298.73,1.6948
湖南,长沙,2022-06,30,26.419,29.9343,23.1117,87.67,255.89,2.5293
湖南,长沙,2022-07,31,28.8639,32.5584,25.3587,84.2271,213,2.2884
湖南,长沙,2022-08,31,29.489,33.9852,25.3671,78.4426,21.02,2.1045
湖南,长沙,2022-09,30,25.994,32.9773,20.3013,65.028,2.14,2.1233
湖南,长沙,2022-10,31,19.9758,27.3345,13.8426,61.7126,23.95,2.7026
湖南,长沙,2022-11,30,17.134,23.3033,11.962,74.6787,131.26,2.27
湖南,长沙,2022-12,31,5.9006,12.1819,1.0787,71.7745,29.6,2.1471
湖南,长沙,2023-01,31,7.4506,14.2584,1.831,70.4455,31.95,2.3252
湖南,长沙,2023-02,28,8.9964,14.4307,4.5914,79.6379,107.08,2.3336
湖南,长沙,2023-03,31,14.5806,20.459,9.1377,76.1771,168.49,2.13
湖南,长沙,2023-04,30,19.199,24.844,13.9003,78.5897,253.06,2.9473
湖南,长沙,2023-05,31,23.4906,28.6042,18.4055,79.6835,183.56,2.5855
湖南,长沙,2023-06,30,26.4353,30.7393,22.5647,82.9453,280.73,1.9447
湖南,长沙,2023-07,31,28.9529,33.0058,25.3394,82.1494,122.64,2.4777
湖南,长沙,2023-08,31,28.4242,32.6052,24.5468,80.0845,156.85,1.4558
湖南,长沙,2023-09,30,26.1993,31.2303,21.9047,80.795,73.37,1.8717
湖南,长沙,2023-10,31,20.9245,27.2261,15.8261,73.6019,75.36,1.8971
湖南,长沙,2023-11,30,14.934,21.3973,9.6407,74.174,108.44,2.1653
湖南,长沙,2023-12,31,8.1874,14.6706,3.389,73.4045,24.76,2.2477
湖南,长沙,2024-01,31,7.2916,12.8994,2.7087,80.2152,122.3,1.9487
湖南,长沙,2024-02,29,5.7869,10.4034,1.5462,84.3514,143.71,3.1793
湖南,长沙,2024-03,31,14.8113,20.9461,9.4848,79.771,120.23,2.5435
湖南,长沙,2024-04,30,20.831,25.35,16.778,86.075,289.87,2.267
湖南,长沙,2024-05,31,23.0142,27.9023,18.2455,81.4939,197.83,1.9316
湖南,长沙,2024-06,30,26.0093,29.6123,22.811,87.3483,536.25,2.0293
湖南,长沙,2024-07,31,28.9794,32.7319,25.4865,84.0145,327.74,2.9597
湖南,长沙,2024-08,31,28.9842,33.009,25.1465,81.9632,95.6,1.7452
湖南,长沙,2024-09,30,27.3123,31.8877,23.2227,79.6673,70.14,1.8083
湖南,长沙,2024-10,31,19.4194,25.5416,14.4855,75.0648,69,2.1494
湖南,长沙,2024-11,30,15.4823,21.7437,10.5557,74.5583,48.07,1.9373
湖南,长沙,2024-12,31,7.539,14.379,2.4697,67.6897,18.23,2.01
湖南,长沙,2025-01,31,8.4603,16.2855,2.2052,62.1371,38.87,1.9984
湖南,长沙,2025-02,28,8.4736,13.9536,3.9704,74.765,101.02,2.2646
湖南,长沙,2025-03,31,13.6042,19.4071,8.1,73.0416,151.08,2.839
湖南,长沙,2025-04,30,20.6513,26.2627,15.4223,72.742,202.93,2.3113
湖南,长沙,2025-05,31,23.3774,28.7484,18.2726,77.8848,278.36,2.2645
湖南,长沙,2025-06,30,26.5487,30.553,22.7103,83.1307,280.5,2.247
湖南,长沙,2025-07,31,29.4452,33.3252,25.5116,81.6677,130.37,1.7194
湖南,长沙,2025-08,31,29.4855,34.4687,24.9181,76.1406,48.38,1.9542
湖南,长沙,2025-09,30,28.4197,34.3367,23.6753,73.6057,59.84,1.9153
湖南,长沙,2025-10,31,22.9468,29.3571,17.6765,71.7539,48.25,2.2297
湖南,长沙,2025-11,30,13.915,20.6173,8.715,70.1267,97.12,2.0663
湖南,长沙,2025-12,31,10.8439,17.7923,5.3226,69.919,33.7,2.0497
湖南,长沙,2026-01,31,6.8739,13.1365,1.9429,73.5942,30.74,2.3213
湖南,长沙,2026-02,28,10.2907,16.3804,5.2129,78.6836,109.39,2.3236
湖南,长沙,2026-03,31,13.6242,18.5652,9.2245,81.7694,238.46,2.2258
湖南,长沙,2026-04,30,19.5233,24.4443,14.9873,83.362,334.99,2.3603
湖南,长沙,2026-05,27,22.5029,26.8733,18.659,86.3986,122.45,1.5729
甘肃,兰州,2018-01,31,-7.0716,-0.4284,-11.7371,64.3323,9.33,1.9435
甘肃,兰州,2018-02,28,-4.6954,2.5168,-10.0161,56.8186,6.1,1.86
甘肃,兰州,2018-03,31,6.43,14.7565,-0.2732,48.5435,6.02,2.2658
甘肃,兰州,2018-04,30,9.411,17.3067,1.8573,48.378,40.86,2.491
甘肃,兰州,2018-05,31,14.4926,22.1877,6.7377,50.0506,50.55,2.6529
甘肃,兰州,2018-06,30,18.8703,25.4897,12.3427,56.5317,73.06,2.135
甘肃,兰州,2018-07,31,20.3029,26.7616,14.1197,68.9187,152.23,2.1271
甘肃,兰州,2018-08,31,19.88,26.0906,14.4355,72.6881,121.09,2.0013
甘肃,兰州,2018-09,30,13.4843,19.942,7.968,68.034,59.99,1.847
甘肃,兰州,2018-10,31,7.321,14.6648,1.8532,63.7013,15.75,1.4335
甘肃,兰州,2018-11,30,0.0673,6.495,-4.3063,62.0333,22.47,1.727
甘肃,兰州,2018-12,31,-6.4626,-0.0055,-10.9126,68.0929,3.56,1.6961
甘肃,兰州,2019-01,31,-6.4935,0.0106,-11.1942,65.8006,3.33,1.5913
甘肃,兰州,2019-02,28,-2.3446,4.4179,-7.0754,63.4882,10.92,2.2036
甘肃,兰州,2019-03,31,2.3635,9.5374,-3.061,52.5952,5.31,1.9381
甘肃,兰州,2019-04,30,11.1053,19.57,3.147,50.6757,28.36,2.4117
甘肃,兰州,2019-05,31,12.7768,19.8574,5.9497,57.2819,70.45,2.4955
甘肃,兰州,2019-06,30,17.6633,24.1877,11.3137,62.1653,89.31,2.1883
甘肃,兰州,2019-07,31,19.5877,26.72,12.86,59.6661,90.21,1.8681
甘肃,兰州,2019-08,31,18.9126,25.8497,12.5552,63.2887,98.39,1.8535
甘肃,兰州,2019-09,30,14.633,21.6817,8.6443,66.9917,65.28,1.8913
甘肃,兰州,2019-10,31,7.8568,14.9819,2.3432,67.4784,47.63,1.8742
甘肃,兰州,2019-11,30,1.2483,8.0077,-3.3047,65.0683,28.2,1.7513
甘肃,兰州,2019-12,31,-4.0219,2.7761,-9.3187,58.7781,0.77,1.5374
甘肃,兰州,2020-01,31,-4.6423,1.2845,-8.9639,73.2458,6.84,1.3665
甘肃,兰州,2020-02,29,-1.3462,5.7514,-6.8124,54.5421,5.11,1.8617
甘肃,兰州,2020-03,31,2.8506,10.029,-2.7077,56.251,15.36,2.0442
甘肃,兰州,2020-04,30,7.6737,14.8597,0.6373,50.6437,23.02,2.0763
甘肃,兰州,2020-05,31,13.519,21.1226,6.1945,52.1787,61.04,2.4584
甘肃,兰州,2020-06,30,17.7547,24.8103,11.0063,58.4587,92.6,2.1883
甘肃,兰州,2020-07,31,19.569,26.3642,13.1987,63.8723,112.88,2.0761
甘肃,兰州,2020-08,31,18.2897,24.7768,12.53,69.8323,178.69,1.999
甘肃,兰州,2020-09,30,13.8223,20.4987,8.415,74.247,57.01,1.8253
甘肃,兰州,2020-10,31,6.8481,14.0994,1.5187,68.3377,35.62,1.7916
甘肃,兰州,2020-11,30,1.3367,7.857,-3.097,71.223,8.61,1.5933
甘肃,兰州,2020-12,31,-6.779,-0.7687,-11.0719,71.2642,3.12,1.6081
甘肃,兰州,2021-01,31,-6.9852,0.0968,-12.0139,61.9684,2.47,1.6732
甘肃,兰州,2021-02,28,0.5371,7.7264,-4.2907,52.2225,4.95,1.9271
甘肃,兰州,2021-03,31,4.1574,12.1794,-1.9523,57.6961,21.21,2.1019
甘肃,兰州,2021-04,30,7.3897,14.644,0.9517,63.8607,54.7,2.448
甘肃,兰州,2021-05,31,13.8119,21.3797,6.3058,50.0994,33.07,2.3397
甘肃,兰州,2021-06,30,17.8827,24.9337,11.1683,56.228,51.59,2.1957
甘肃,兰州,2021-07,31,21.6829,29.1239,14.4452,55.9342,66.1,2.0558
甘肃,兰州,2021-08,31,19.1394,26.4461,12.7274,58.6448,48.79,2.4871
甘肃,兰州,2021-09,30,15.671,22.545,9.89,66.0053,106,1.9803
甘肃,兰州,2021-10,31,6.919,13.5045,2.04,73.9987,63.32,1.8403
甘肃,兰州,2021-11,30,-0.6413,6.0097,-5.3197,56.5543,7.08,1.7217
甘肃,兰州,2021-12,31,-4.4294,1.8855,-8.9142,62.3055,3.06,1.4342
甘肃,兰州,2022-01,31,-4.6155,2.0787,-9.3271,67.9242,4.19,1.5068
甘肃,兰州,2022-02,28,-5.7743,0.5386,-10.61,68.9639,18.61,1.9604
甘肃,兰州,2022-03,31,5.03,13.4348,-1.0526,55.8255,6.32,2.2294
甘肃,兰州,2022-04,30,8.7423,16.5717,1.7343,51.6637,45.3,2.434
甘肃,兰州,2022-05,31,13.5303,20.8045,6.4287,56.4532,33.82,2.2942
甘肃,兰州,2022-06,30,18.96,26.229,11.8097,53.437,52.54,2.3467
甘肃,兰州,2022-07,31,21.3777,29.1261,14.1729,57.7835,68.71,2.1068
甘肃,兰州,2022-08,31,20.9342,27.5094,15.5081,68.6694,97.28,2.2316
甘肃,兰州,2022-09,30,14.951,22.089,8.832,62.265,36.88,1.923
甘肃,兰州,2022-10,31,8.4494,15.2642,3.1697,65.5626,32.9,1.7171
甘肃,兰州,2022-11,30,2.28,9.98,-2.6153,60.144,6.87,1.8927
甘肃,兰州,2022-12,31,-5.7094,1.0284,-10.6948,58.2513,1.11,1.6616
甘肃,兰州,2023-01,31,-6.1177,1.0445,-11.3577,54.4465,3.14,1.6871
甘肃,兰州,2023-02,28,-1.51,5.2957,-6.2454,62.9364,15.31,1.9168
甘肃,兰州,2023-03,31,4.1135,11.7603,-1.9194,54.4203,19.03,1.9952
甘肃,兰州,2023-04,30,7.6293,15.7233,0.3917,52.269,42.83,2.8027
甘肃,兰州,2023-05,31,13.2684,20.7503,6.4658,57.3187,73.68,2.6423
甘肃,兰州,2023-06,30,18.2897,25.5243,11.0827,53.6957,45.98,2.145
甘肃,兰州,2023-07,31,21.1297,28.5603,14.0042,55.0619,91.07,2.1345
甘肃,兰州,2023-08,31,19.9471,27.3603,13.3045,59.0661,59.32,2.1187
甘肃,兰州,2023-09,30,16.3803,23.3323,10.5977,64.3563,74.66,1.997
甘肃,兰州,2023-10,31,8.6423,15.4048,3.3577,66.3974,62.59,1.5632
甘肃,兰州,2023-11,30,1.717,9.6667,-3.6623,53.5417,2.3,1.7383
甘肃,兰州,2023-12,31,-3.2165,4.039,-8.1,53.1113,1.43,1.8445
甘肃,兰州,2024-01,31,-4.3406,2.6532,-9.5806,55.8074,2.04,1.6729
甘肃,兰州,2024-02,29,-3.2597,3.0745,-8.1186,62.3997,12.18,2.4107
甘肃,兰州,2024-03,31,3.0855,10.7426,-2.8,55.9148,29.28,2.2103
甘肃,兰州,2024-04,30,9.7867,17.1883,2.845,59.2277,47.93,2.251
甘肃,兰州,2024-05,31,16.3068,23.9023,8.9784,51.551,45.49,2.6403
甘肃,兰州,2024-06,30,18.5063,25.087,12.0007,57.0343,75.24,1.9803
甘肃,兰州,2024-07,31,21.1361,28.0029,14.7326,60.749,53.27,2.1413
甘肃,兰州,2024-08,31,21.0403,28.3629,14.3194,61.1565,81.61,1.8435
甘肃,兰州,2024-09,30,16.4787,23.2713,11.1973,72.8393,100.61,2.3693
甘肃,兰州,2024-10,31,8.729,16.0842,3.0732,67.7745,31,1.6945
甘肃,兰州,2024-11,30,2.2857,9.0457,-2.4053,66.7023,12.06,1.565
甘肃,兰州,2024-12,31,-5.3948,0.8281,-9.8381,66.7687,3.83,1.5397
甘肃,兰州,2025-01,31,-4.7661,1.9881,-9.6126,61.5365,9.32,1.6152
甘肃,兰州,2025-02,28,-3.6968,2.9146,-8.4993,60.9,10.07,1.9411
甘肃,兰州,2025-03,31,1.2339,8.3094,-4.1213,52.14,14.97,2.3116
甘肃,兰州,2025-04,30,9.321,17.221,1.707,44.4733,19.83,2.42
甘肃,兰州,2025-05,31,14.9135,23.12,6.9458,48.3306,31.13,2.5677
甘肃,兰州,2025-06,30,17.695,24.2367,11.036,56.233,94.24,2.1007
甘肃,兰州,2025-07,31,21.5342,28.5052,15.0823,65.4581,103.42,2.2848
甘肃,兰州,2025-08,31,19.3955,25.9168,13.5581,68.9,137.49,1.9545
甘肃,兰州,2025-09,30,15.2263,22.0903,9.61,69.2933,67.34,1.8897
甘肃,兰州,2025-10,31,7.6106,14.1106,2.6358,75.8845,88.83,1.7761
甘肃,兰州,2025-11,30,1.2983,8.1817,-3.4813,62.3103,8.99,1.797
甘肃,兰州,2025-12,31,-2.421,4.2094,-7.1229,62.4039,3.42,1.6165
甘肃,兰州,2026-01,31,-4.8297,2.4226,-9.9726,63.4929,1.32,1.7616
甘肃,兰州,2026-02,28,-0.3746,6.9507,-5.6961,58.0054,4.64,1.8271
甘肃,兰州,2026-03,31,2.5013,9.6768,-2.8503,62.4129,37.68,2.3039
甘肃,兰州,2026-04,30,9.752,17.4267,2.574,52.396,25.24,2.3443
甘肃,兰州,2026-05,27,14.3881,20.61,8.0629,51.9452,52.52,1.7143
福建,福州,2018-01,31,9.771,14.0384,6.3329,83.429,163.25,3.0326
福建,福州,2018-02,28,9.6943,14.4639,5.85,79.9307,31.57,2.6964
福建,福州,2018-03,31,14.7413,20.2013,10.2568,82.1826,94.54,2.2477
福建,福州,2018-04,30,19.246,23.7643,15.4053,80.7523,82.92,1.9323
福建,福州,2018-05,31,24.5623,28.7455,20.8381,82.849,189.92,2.1168
福建,福州,2018-06,30,25.1923,28.6753,22.5367,85.563,238.19,2.3767
福建,福州,2018-07,31,27.529,30.7229,25.0003,85.0445,118.93,2.3777
福建,福州,2018-08,31,27.4068,30.51,25.0423,85.1226,302.14,2.0816
福建,福州,2018-09,30,25.277,28.721,22.511,84.7277,97.41,2.6583
福建,福州,2018-10,31,19.5803,23.3123,16.5645,81.0806,53.02,2.7745
福建,福州,2018-11,30,17.142,20.5653,14.5447,88.2667,142.3,2.701
福建,福州,2018-12,31,12.7394,16.5587,9.5971,84.6568,29.55,3.2529
福建,福州,2019-01,31,10.9906,15.5968,7.4526,83.8794,20.41,2.7781
福建,福州,2019-02,28,11.9679,16.0586,8.8664,87.4989,111.53,2.5871
福建,福州,2019-03,31,14.57,19.6094,10.5487,84.1152,185.77,2.4848
福建,福州,2019-04,30,19.1283,23.5293,15.547,86.0833,142.62,2.125
福建,福州,2019-05,31,21.1706,25.0129,17.9697,83.379,159.18,2.1729
福建,福州,2019-06,30,25.139,28.1503,22.5443,88.7367,347.59,2.0447
福建,福州,2019-07,31,27.66,30.5777,25.3742,87.9684,253.56,2.4287
福建,福州,2019-08,31,27.589,30.7158,25.0632,86.1506,119.62,2.6135
福建,福州,2019-09,30,24.9267,28.673,21.9993,82.175,45.19,2.719
福建,福州,2019-10,31,21.4294,25.4471,18.529,82.2855,25.44,2.6974
福建,福州,2019-11,30,16.3923,20.6297,12.8883,82.0337,5.58,3.2787
福建,福州,2019-12,31,12.361,17.0284,8.6461,82.489,48.77,2.8148
福建,福州,2020-01,31,11.7687,16.4687,8.1665,82.641,35.87,2.3252
福建,福州,2020-02,29,12.4428,17.5938,8.3559,81.7438,69.04,2.4893
福建,福州,2020-03,31,15.0481,19.4484,11.4261,85.301,248.89,2.3358
福建,福州,2020-04,30,16.2607,20.9283,12.364,79.0607,71.12,2.4897
福建,福州,2020-05,31,23.481,27.1848,20.3197,86.3642,262.79,2.1465
福建,福州,2020-06,30,27.2777,30.783,24.454,86.0957,200.23,2.5587
福建,福州,2020-07,31,28.2065,31.7632,25.4742,84.1826,88.98,2.3539
福建,福州,2020-08,31,27.5268,30.6603,25.0794,85.3561,121.19,2.2119
福建,福州,2020-09,30,24.688,28.1567,22.106,83.6617,169.11,2.1547
福建,福州,2020-10,31,19.9745,23.6348,17.2339,82.0826,12.61,3.6106
福建,福州,2020-11,30,17.8877,21.784,14.8867,83.4037,13.21,3.5213
福建,福州,2020-12,31,11.37,15.2435,8.3316,82.5594,48.95,3.5813
福建,福州,2021-01,31,9.38,14.6732,5.1416,75.7597,4.7,2.7203
福建,福州,2021-02,28,13.6529,18.9282,9.4979,79.9168,79.01,2.6164
福建,福州,2021-03,31,15.6971,21.1074,11.781,83.3281,87.94,2.3642
福建,福州,2021-04,30,18.5513,23.4047,14.856,79.3057,70.97,2.7297
福建,福州,2021-05,31,23.899,28.3926,20.2897,84.8281,313.29,2.2539
福建,福州,2021-06,30,26.3427,29.9273,23.403,85.4183,186.49,2.108
福建,福州,2021-07,31,28.1029,32.1739,24.9465,81.8052,48.22,2.4916
福建,福州,2021-08,31,27.26,30.4197,24.8729,87.1323,411.15,2.2361
福建,福州,2021-09,30,26.7183,30.4847,23.8257,83.4897,109.93,2.0087
福建,福州,2021-10,31,22.15,25.3981,19.6603,84.6897,85.87,3.5961
福建,福州,2021-11,30,16.2957,20.5303,12.96,81.59,55.93,2.7627
福建,福州,2021-12,31,12.1,16.5806,8.4532,79.1448,41.43,3.0703
福建,福州,2022-01,31,10.9326,14.9332,7.8381,85.0084,34.82,2.8432
福建,福州,2022-02,28,9.3643,13.3857,6.1714,84.81,145.41,3.4079
福建,福州,2022-03,31,15.9629,21.2645,11.5371,84.0129,167.76,2.3026
福建,福州,2022-04,30,18.4853,23.564,14.3283,80.0017,96.87,2.42
福建,福州,2022-05,31,20.2565,23.9723,17.1716,86.2526,320.89,2.2829
福建,福州,2022-06,30,25.5397,28.7567,22.8623,88.9383,439.81,2.3307
福建,福州,2022-07,31,28.2748,32.1561,25.22,83.5555,65.58,2.1181
福建,福州,2022-08,31,28.3965,32.2465,25.3232,80.9006,50.47,1.67
福建,福州,2022-09,30,25.538,29.7467,22.0927,77.8887,27.3,2.705
福建,福州,2022-10,31,20.8619,24.8532,17.7984,78.0687,17.99,4.02
福建,福州,2022-11,30,19.0103,23.1803,16.082,85.6687,146.31,2.7773
福建,福州,2022-12,31,10.4258,14.5632,6.9187,79.4297,64.71,3.4745
福建,福州,2023-01,31,10.361,15.2965,6.2384,79.2316,70.08,2.6768
福建,福州,2023-02,28,11.3754,16.4986,7.3907,82.4736,77.39,3.0011
福建,福州,2023-03,31,14.5548,19.6855,10.419,80.401,124.95,2.3755
福建,福州,2023-04,30,18.7867,23.5017,14.912,83.426,151.57,2.03
福建,福州,2023-05,31,22.581,27.0477,18.8284,81.6432,107.01,2.2394
福建,福州,2023-06,30,27.0303,30.8857,23.9403,82.31,233.32,1.94
福建,福州,2023-07,31,28.3952,32.1632,25.4161,82.3329,266.76,2.741
福建,福州,2023-08,31,27.9903,31.439,25.141,84.0171,298.15,1.8745
福建,福州,2023-09,30,26.4703,29.6983,24.12,86.036,298.31,2.5777
福建,福州,2023-10,31,21.489,25.1042,18.5842,84.3119,48.36,2.9139
福建,福州,2023-11,30,17.0833,21.4717,13.366,80.6673,28.06,2.6903
福建,福州,2023-12,31,12.4777,17.48,8.1065,79.3306,38.64,2.6648
福建,福州,2024-01,31,10.2968,15.4113,6.1794,81.1642,40.95,2.4168
福建,福州,2024-02,29,12.4428,17.4245,8.5638,83.081,64.18,2.3679
福建,福州,2024-03,31,15.0358,20.4926,10.5503,80.12,104.64,2.3661
福建,福州,2024-04,30,20.9927,25.347,17.424,86.6967,236.61,2.1047
福建,福州,2024-05,31,21.71,25.9645,18.0652,82.8655,203.95,2.251
福建,福州,2024-06,30,25.6943,29.0177,22.9787,87.423,322.67,2.4273
福建,福州,2024-07,31,28.3026,31.8955,25.2261,84.2732,229.09,2.9603
福建,福州,2024-08,31,28.1745,31.9529,25.1571,81.8339,173.86,1.6755
福建,福州,2024-09,30,26.8003,30.1563,24.219,86.2557,292.46,2.537
福建,福州,2024-10,31,21.9197,25.3348,19.0226,85.5494,64.66,3.7061
福建,福州,2024-11,30,17.4783,21.2077,14.34,82.387,77.54,3.292
福建,福州,2024-12,31,11.2471,16.0794,7.3252,78.6135,1.81,2.8771
福建,福州,2025-01,31,9.5039,15.1577,4.8368,76.1403,2.26,2.5881
福建,福州,2025-02,28,10.3379,15.2893,6.4339,80.3593,38.34,2.9061
福建,福州,2025-03,31,14.5561,19.8319,10.2445,79.4739,179.35,2.5174
福建,福州,2025-04,30,19.315,24.6313,14.974,79.003,172.09,2.096
福建,福州,2025-05,31,23.0197,27.3513,19.3535,82.9052,185.01,1.9535
福建,福州,2025-06,30,26.6523,30.407,23.5267,84.63,122.08,2.2893
福建,福州,2025-07,31,27.4335,30.2248,25.1426,88.119,399.34,2.6494
福建,福州,2025-08,31,27.4581,30.7026,24.8823,86.02,63.38,2.4677
福建,福州,2025-09,30,27.2957,30.429,24.9473,85.6993,87.25,2.107
福建,福州,2025-10,31,23.7232,27.28,20.981,83.3458,30.43,2.8497
福建,福州,2025-11,30,16.0737,20.3487,12.61,79.3997,44.12,3.2673
福建,福州,2025-12,31,13.1977,17.9397,9.3326,78.8313,14.52,2.7555
福建,福州,2026-01,31,10.3139,15.8258,5.8316,75.6387,7,2.6061
福建,福州,2026-02,28,13.0671,18.9211,8.4846,78.8618,33.71,2.3654
福建,福州,2026-03,31,14.4826,19.9361,10.2816,81.809,89.45,2.5623
福建,福州,2026-04,30,20.3743,25.2273,16.353,83.6793,234.22,2.1153
福建,福州,2026-05,27,21.0329,24.4543,18.2638,87.4281,162.15,1.3633
西藏,拉萨,2018-01,31,-3.1748,4.7587,-9.5839,26.2071,0.19,2.4942
西藏,拉萨,2018-02,28,-1.3675,5.0232,-6.2754,27.2761,1.63,2.7629
西藏,拉萨,2018-03,31,0.8123,7.129,-4.4948,30.9316,7.92,2.1048
西藏,拉萨,2018-04,30,4.8593,12.192,-1.8223,36.9487,16.01,1.907
西藏,拉萨,2018-05,31,8.5181,16.0781,1.4726,43.7652,27.33,2.079
西藏,拉萨,2018-06,30,12.3903,20.2137,5.048,54.6397,72.33,1.6103
西藏,拉萨,2018-07,31,12.4648,19.3252,6.2852,67.8313,191.69,1.3523
西藏,拉萨,2018-08,31,11.5558,17.5674,5.8326,72.0358,150.87,1.1261
西藏,拉萨,2018-09,30,9.8427,16.3193,3.415,65.23,39.26,1.0697
西藏,拉萨,2018-10,31,2.9923,10.4345,-2.7894,49.8068,2.22,1.8748
西藏,拉萨,2018-11,30,-0.1883,6.5643,-5.2487,41.043,0.28,1.9503
西藏,拉萨,2018-12,31,-5.2665,1.8342,-11.4513,42.7468,13.85,2.0184
西藏,拉萨,2019-01,31,-7.1848,0.1606,-13.8148,44.6823,0.66,2.3165
西藏,拉萨,2019-02,28,-3.5404,2.7325,-9.3107,35.5275,1.43,2.9818
西藏,拉萨,2019-03,31,-0.1632,6.7487,-5.5739,29.5365,5.27,2.6568
西藏,拉萨,2019-04,30,5.1423,12.543,-1.7083,36.3817,8.93,1.844
西藏,拉萨,2019-05,31,9.4206,17.5755,1.7716,37.2335,25.59,2.2071
西藏,拉萨,2019-06,30,14.0247,22.553,6.0013,43.8813,14.04,2.1557
西藏,拉萨,2019-07,31,11.6158,18.9045,5.0294,67.7774,205.62,1.469
西藏,拉萨,2019-08,31,11.1848,17.4677,4.9548,71.1084,132.65,1.1616
西藏,拉萨,2019-09,30,8.8797,15.119,3.2467,69.8407,94.62,1.1967
西藏,拉萨,2019-10,31,4.9842,11.6552,-0.9742,56.3397,25.9,1.4719
西藏,拉萨,2019-11,30,1.6337,8.466,-3.2527,45.4723,4.62,1.8697
西藏,拉萨,2019-12,31,-5.0368,1.7065,-10.8397,38.999,0.35,1.9684
西藏,拉萨,2020-01,31,-6.6774,0.3274,-12.5339,40.8958,2.6,2.3203
西藏,拉萨,2020-02,29,-3.8024,2.6348,-9.3428,37.5031,1.47,2.121
西藏,拉萨,2020-03,31,0.4713,6.8523,-4.5255,38.1594,10.12,2.47
西藏,拉萨,2020-04,30,3.2713,10.203,-2.653,42.409,10.85,1.9657
西藏,拉萨,2020-05,31,7.3777,14.8574,0.3365,46.2765,51.39,1.9216
西藏,拉萨,2020-06,30,12.152,19.9753,4.8313,58.9783,94.38,1.828
西藏,拉萨,2020-07,31,12.4084,19.1032,6.1394,69.3529,167.35,1.3752
西藏,拉萨,2020-08,31,11.3161,18.1297,4.719,68.2616,99.57,1.22
西藏,拉萨,2020-09,30,10.9003,17.758,4.7043,67.7353,62.84,1.1753
西藏,拉萨,2020-10,31,7.08,16.3932,-0.2352,57.0368,1.84,1.7548
西藏,拉萨,2020-11,30,-0.0213,7.1827,-5.5003,40.2363,1.48,1.9987
西藏,拉萨,2020-12,31,-2.2435,4.63,-7.7406,26.4816,0,2.3245
西藏,拉萨,2021-01,31,-2.5629,4.7403,-8.6468,22.6261,0.23,2.3261
西藏,拉萨,2021-02,28,-1.7504,5.0604,-7.6046,28.595,1.64,1.8721
西藏,拉萨,2021-03,31,1.4974,8.7119,-4.3884,34.3865,6.2,2.1368
西藏,拉萨,2021-04,30,3.519,11.3703,-3.7237,29.9057,3.49,2.5113
西藏,拉萨,2021-05,31,8.4174,16.1406,1.2432,56.0713,73.63,2.1274
西藏,拉萨,2021-06,30,12.9933,21.0037,5.4487,55.9293,53.06,1.9
西藏,拉萨,2021-07,31,12.3206,19.3768,5.6039,66.209,175.57,1.3987
西藏,拉萨,2021-08,31,11.241,17.7052,5.3587,73.6323,146.33,1.2832
西藏,拉萨,2021-09,30,8.6893,15.5193,2.2537,67.259,88.97,1.257
西藏,拉萨,2021-10,31,6.5848,14.3235,0.1523,61.6448,4.15,1.6255
西藏,拉萨,2021-11,30,1.4033,8.517,-3.5833,38.3077,0.03,1.854
西藏,拉萨,2021-12,31,-3.6919,3.0132,-9.1287,45.8839,0.84,1.9242
西藏,拉萨,2022-01,31,-6.0084,0.179,-11.9781,44.4803,1.47,1.9787
西藏,拉萨,2022-02,28,-5.1682,1.0011,-11.2575,37.4207,5.77,2.6061
西藏,拉萨,2022-03,31,3.2068,11.4329,-3.5852,30.6168,0.53,2.1594
西藏,拉萨,2022-04,30,6.7277,14.5507,-0.8223,28.0063,6.38,2.252
西藏,拉萨,2022-05,31,9.4535,17.5823,1.8445,49.741,55.38,1.9139
西藏,拉萨,2022-06,30,12.772,20.8047,5.4397,57.7253,81.65,1.7837
西藏,拉萨,2022-07,31,13.7571,21.9197,6.291,55.4852,40.26,1.4823
西藏,拉萨,2022-08,31,13.2555,21.2294,6.4368,60.2855,67.4,1.4745
西藏,拉萨,2022-09,30,10.1037,17.97,3.485,66.634,94.2,1.322
西藏,拉萨,2022-10,31,5.2606,13.7642,-1.2132,59.8632,27.88,1.7781
西藏,拉萨,2022-11,30,0.772,8.1,-4.1203,39.017,0.22,2.045
西藏,拉萨,2022-12,31,-1.7629,4.9548,-7.2194,31.6561,0.42,1.8645
西藏,拉萨,2023-01,31,-3.5558,4.0561,-9.7652,28.8919,0.01,2.3881
西藏,拉萨,2023-02,28,-0.6525,5.6411,-5.7568,24.5225,1.87,2.3075
西藏,拉萨,2023-03,31,0.7929,7.3797,-4.3368,35.8371,10.67,2.0026
西藏,拉萨,2023-04,30,4.3833,11.8933,-2.301,39.32,25.74,2.325
西藏,拉萨,2023-05,31,7.359,15.5081,-0.2439,45.7326,20.47,2.4413
西藏,拉萨,2023-06,30,12.484,20.508,4.4653,50.377,112.41,1.8713
西藏,拉萨,2023-07,31,11.82,18.2219,5.6787,71.8961,190.17,1.4055
西藏,拉萨,2023-08,31,11.9697,17.9877,6.2955,73.5665,162.73,1.2452
西藏,拉萨,2023-09,30,9.993,17.35,2.9807,65.3983,13.9,1.4077
西藏,拉萨,2023-10,31,4.9397,12.8748,-1.3306,59.5561,14.4,1.6442
西藏,拉萨,2023-11,30,0.7783,7.4827,-4.0807,44.1867,1.59,1.4827
西藏,拉萨,2023-12,31,-2.8377,3.7097,-8.6374,39.9784,6.21,1.8274
西藏,拉萨,2024-01,31,-5.4513,0.3035,-10.8019,40.8013,7.65,1.4026
西藏,拉萨,2024-02,29,-3.7438,2.67,-10.0603,32.9724,2.47,2.8538
西藏,拉萨,2024-03,31,1.3958,8.8313,-4.3271,31.2077,2.78,2.5087
西藏,拉萨,2024-04,30,5.1117,12.7757,-2.332,36.977,14.63,2.4543
西藏,拉萨,2024-05,31,9.2848,16.9616,2.0158,43.0968,18.25,2.0339
西藏,拉萨,2024-06,30,13.0867,21.3217,5.6783,57.1353,107.07,1.7283
西藏,拉萨,2024-07,31,12.5771,19.0452,6.2403,70.8881,194.67,1.4506
西藏,拉萨,2024-08,31,11.2261,18.2945,4.2484,66.0839,63.49,1.3377
西藏,拉萨,2024-09,30,11.1807,18.878,4.3033,65.489,32.27,1.232
西藏,拉萨,2024-10,31,6.5152,14.6381,-0.0977,53.9752,10.94,1.6081
西藏,拉萨,2024-11,30,1.443,8.759,-4.0303,39.0167,3.2,1.743
西藏,拉萨,2024-12,31,-1.4229,5.5074,-6.7513,22.571,0.13,2.379
西藏,拉萨,2025-01,31,-2.0674,5.0994,-7.9077,20.6429,1.49,2.2623
西藏,拉萨,2025-02,28,-1.2043,4.7329,-5.7196,23.6632,5.15,2.5839
西藏,拉萨,2025-03,31,1.511,8.7329,-4.2468,24.7748,4.24,2.8171
西藏,拉萨,2025-04,30,5.2467,12.9407,-1.7797,36.2237,26.74,2.2953
西藏,拉萨,2025-05,31,9.4003,16.9616,2.1048,48.5545,60.98,1.7639
西藏,拉萨,2025-06,30,12.265,20.2613,4.533,50.5473,76.46,1.7923
西藏,拉萨,2025-07,31,12.7332,20.0797,5.549,60.2884,130.09,1.4226
西藏,拉萨,2025-08,31,12.2316,18.8219,5.901,67.1306,111.32,1.2084
西藏,拉萨,2025-09,30,10.465,17.4263,4.109,66.4027,37.95,1.1717
西藏,拉萨,2025-10,31,6.0194,13.6765,-0.4016,57.15,25.51,1.5332
西藏,拉萨,2025-11,30,0.863,8.4237,-4.6773,43.5437,11.51,1.8537
西藏,拉萨,2025-12,31,-1.5016,5.0081,-6.9765,34.2671,0.38,1.5719
西藏,拉萨,2026-01,31,-3.5939,3.4819,-9.9619,33.1155,0.35,1.9887
西藏,拉萨,2026-02,28,-1.4643,4.6304,-6.6379,28.7757,0.7,2.0461
西藏,拉萨,2026-03,31,2.7797,10.2513,-3.2797,29.1465,11.28,2.0955
西藏,拉萨,2026-04,30,5.5587,12.9903,-1.175,33.9653,12.61,2.086
西藏,拉萨,2026-05,27,7.4519,14.2914,1.41,44.2276,48.2,1.2162
贵州,贵阳,2018-01,31,4.0971,9.1106,0.1671,84.149,50.09,2.7435
贵州,贵阳,2018-02,28,6.2436,12.2825,1.6718,79.9232,8.78,2.8179
贵州,贵阳,2018-03,31,13.3406,19.1913,8.739,79.1081,110.32,2.851
贵州,贵阳,2018-04,30,16.5807,22.4043,11.5907,78.4713,97.16,3.3843
贵州,贵阳,2018-05,31,20.1732,24.8955,16.1216,82.6458,224.99,3.5861
贵州,贵阳,2018-06,30,21.2587,25.6557,17.7267,84.9423,239.45,2.5307
贵州,贵阳,2018-07,31,23.1923,27.2465,19.7258,85.5045,110.93,2.3326
贵州,贵阳,2018-08,31,22.469,26.86,18.8271,85.3655,136,1.69
贵州,贵阳,2018-09,30,19.6873,24.1273,16.268,86.5367,178.32,2.419
贵州,贵阳,2018-10,31,13.9126,18.571,10.3403,85.1316,59.5,2.1042
贵州,贵阳,2018-11,30,10.0653,15.687,5.8593,85.3447,51.01,2.2463
贵州,贵阳,2018-12,31,4.5571,9.0723,1.011,86.5835,24.44,2.7506
贵州,贵阳,2019-01,31,4.7519,9.2119,1.26,89.9929,59.68,2.6652
贵州,贵阳,2019-02,28,6.8189,12.9136,2.3586,86.3586,25.32,3.1154
贵州,贵阳,2019-03,31,11.5419,17.1894,6.9371,82.1848,64.19,3.0665
贵州,贵阳,2019-04,30,18.0777,23.9793,13.1563,80.0793,104.54,3.1693
贵州,贵阳,2019-05,31,18.8026,24.1084,14.4316,82.6265,204.99,2.6216
贵州,贵阳,2019-06,30,21.979,26.2813,18.3297,86.388,321.96,2.804
贵州,贵阳,2019-07,31,22.4494,26.2748,19.4103,87.8265,215.49,2.3397
贵州,贵阳,2019-08,31,23.0332,27.7987,18.7981,83.1397,91.77,1.6977
贵州,贵阳,2019-09,30,19.8607,25.004,15.627,82.2627,127.12,2.1273
贵州,贵阳,2019-10,31,15.891,20.6058,12.3352,86.3323,141.08,2.3277
贵州,贵阳,2019-11,30,10.6117,15.5973,6.36,86.53,45.73,2.5243
贵州,贵阳,2019-12,31,6.3968,12.0855,2.1458,82.6226,12.01,2.4858
贵州,贵阳,2020-01,31,6.5258,11.961,2.211,87.2448,73.42,3.0071
贵州,贵阳,2020-02,29,8.6966,13.9434,4.5828,85.5648,50.85,3.1886
贵州,贵阳,2020-03,31,12.7684,18.4429,8.2042,82.7687,56.17,3.4881
贵州,贵阳,2020-04,30,13.784,19.5857,8.7263,79.711,76.29,3.0153
贵州,贵阳,2020-05,31,20.769,26.3265,16.0371,79.5323,215.78,2.8777
贵州,贵阳,2020-06,30,22.6943,26.6377,19.2727,87.0837,337.88,3.0707
贵州,贵阳,2020-07,31,23.1106,26.5916,20.2723,88.0055,303.08,3.5016
贵州,贵阳,2020-08,31,22.4674,26.9084,18.8687,85.7894,95.89,3.109
贵州,贵阳,2020-09,30,19.4653,23.401,16.2053,89.984,373.22,2.3187
贵州,贵阳,2020-10,31,13.7494,18.3119,10.1797,89.1097,133.49,2.3287
贵州,贵阳,2020-11,30,10.3233,15.644,6.2337,85.206,18.37,2.51
贵州,贵阳,2020-12,31,3.0439,7.7048,-0.469,87.1903,15.09,2.4294
贵州,贵阳,2021-01,31,3.5435,8.6503,-0.5723,84.1103,19.66,2.6177
贵州,贵阳,2021-02,28,9.6986,14.6021,5.8536,87.45,71.35,2.5996
贵州,贵阳,2021-03,31,12.7452,18.291,8.3894,82.8603,33.86,3.3639
贵州,贵阳,2021-04,30,15.6123,20.997,11.3103,83.9693,121.59,2.912
贵州,贵阳,2021-05,31,19.6029,24.2113,15.7142,85.1103,296.14,3.0523
贵州,贵阳,2021-06,30,21.7587,26.142,17.8273,85.0687,297.32,2.505
贵州,贵阳,2021-07,31,22.8574,26.6174,19.5974,86.431,199.68,2.8084
贵州,贵阳,2021-08,31,23.1045,27.3523,19.7187,85.751,158.2,2.6416
贵州,贵阳,2021-09,30,21.212,25.974,17.3203,85.1503,122.4,2.4943
贵州,贵阳,2021-10,31,14.4406,19.1442,10.4181,86.1235,77.79,2.9829
贵州,贵阳,2021-11,30,9.4237,14.554,5.6683,85.1173,68.41,2.4303
贵州,贵阳,2021-12,31,5.8268,10.6284,2.0171,85.5461,21.59,2.2926
贵州,贵阳,2022-01,31,4.8061,8.8219,1.8123,90.2429,72.87,2.7716
贵州,贵阳,2022-02,28,2.5496,7.4232,-1.1893,88.5904,44.59,2.7693
贵州,贵阳,2022-03,31,14.3755,19.8561,9.93,85.2406,61.27,3.7665
贵州,贵阳,2022-04,30,14.739,20.026,10.1177,81.2823,174.66,3.239
贵州,贵阳,2022-05,31,17.0494,21.8832,12.9865,86.139,239.57,2.6145
贵州,贵阳,2022-06,30,21.4427,25.5267,18.1497,88.04,253.79,2.935
贵州,贵阳,2022-07,31,23.4635,27.4755,20.2058,85.5697,160.52,3.0445
贵州,贵阳,2022-08,31,23.2706,27.7216,19.6229,84.9755,45.53,2.8877
贵州,贵阳,2022-09,30,19.761,24.812,15.7717,83.7513,66.19,2.0723
贵州,贵阳,2022-10,31,15.2439,20.6316,10.9287,80.7416,40.47,2.7268
贵州,贵阳,2022-11,30,13.3247,19.3263,8.6633,83.037,9.37,2.7977
贵州,贵阳,2022-12,31,3.8813,9.2006,-0.0855,79.9129,16.91,2.3423
贵州,贵阳,2023-01,31,4.5439,10.6513,-0.0094,78.1058,12.1,2.9126
贵州,贵阳,2023-02,28,7.7768,13.2496,3.5093,83.7729,27.49,3.0832
贵州,贵阳,2023-03,31,12.2881,18.169,7.5555,80.2577,103.61,3.0087
贵州,贵阳,2023-04,30,17.3813,23.8623,11.883,76.3847,77.39,3.6313
贵州,贵阳,2023-05,31,20.6239,26.219,15.9916,77.8094,98.53,3.6687
贵州,贵阳,2023-06,30,21.7243,26.3367,17.9187,82.988,227.94,2.861
贵州,贵阳,2023-07,31,23.3729,27.9177,19.7219,81.6903,136.65,3.52
贵州,贵阳,2023-08,31,22.6858,27.4848,18.8232,83.3058,175.21,1.7948
贵州,贵阳,2023-09,30,21.2213,26.8023,16.676,81.0233,51.26,2.4857
贵州,贵阳,2023-10,31,16.9074,22.3945,12.7274,80.6568,70.14,2.4806
贵州,贵阳,2023-11,30,12.8253,18.8193,8.1893,78.4473,45.02,2.6303
贵州,贵阳,2023-12,31,7.3232,13.5155,2.6735,78.2487,14.2,3.0052
贵州,贵阳,2024-01,31,6.1568,10.9097,2.3497,86.8755,96.26,2.929
贵州,贵阳,2024-02,29,6.941,13.8166,1.6176,75.2366,27.46,3.7097
贵州,贵阳,2024-03,31,13.3313,20.2623,8.0455,75.4074,34.12,3.7587
贵州,贵阳,2024-04,30,18.7423,25.1247,13.6877,76.8687,190.01,3.1857
贵州,贵阳,2024-05,31,18.9755,24.0439,14.6755,82.7971,239.22,2.8077
贵州,贵阳,2024-06,30,21.6347,25.9263,18.151,87.2347,395.58,2.5343
贵州,贵阳,2024-07,31,23.3242,27.661,19.8442,84.7606,136.04,3.8923
贵州,贵阳,2024-08,31,23.2174,27.9987,19.1765,84.0139,79.41,2.4184
贵州,贵阳,2024-09,30,21.576,26.7267,17.53,83.3873,86.76,2.276
贵州,贵阳,2024-10,31,15.5165,21.1832,11.351,82.3897,104.79,2.379
贵州,贵阳,2024-11,30,12.2997,17.716,8.2897,82.906,21.35,2.3947
贵州,贵阳,2024-12,31,4.9332,9.7806,1.2184,84.9074,32.85,2.3132
贵州,贵阳,2025-01,31,5.6261,11.0345,1.371,80.7161,14.74,2.6161
贵州,贵阳,2025-02,28,5.2843,10.4746,1.2904,84.3671,41.48,2.9114
贵州,贵阳,2025-03,31,10.339,16.7842,4.9387,75.6319,36.07,3.3306
贵州,贵阳,2025-04,30,16.8817,22.776,11.992,74.292,78.69,2.9417
贵州,贵阳,2025-05,31,18.9197,23.9642,14.4345,81.3268,259.8,3.0574
贵州,贵阳,2025-06,30,21.7373,26.264,17.996,84.8027,393.37,2.6547
贵州,贵阳,2025-07,31,23.0403,27.5326,19.169,84.4697,124.45,2.2429
贵州,贵阳,2025-08,31,22.6177,27.2474,18.9497,85.18,125.74,2.5145
贵州,贵阳,2025-09,30,21.306,25.877,17.859,86.4623,147.46,2.9173
贵州,贵阳,2025-10,31,16.5694,21.1732,13.3565,86.3029,77.18,3.2306
贵州,贵阳,2025-11,30,9.676,15.4513,5.3303,82.0943,95.39,2.5427
贵州,贵阳,2025-12,31,7.6029,11.9916,3.9987,88.4803,22.13,2.5194
贵州,贵阳,2026-01,31,4.7377,10.1023,0.2771,85.7148,12.73,2.8035
贵州,贵阳,2026-02,28,9.2646,14.8679,5.0361,85.1082,41.41,3.0418
贵州,贵阳,2026-03,31,11.8842,17.2294,7.3381,84.4187,129.79,3.0329
贵州,贵阳,2026-04,30,17.29,23.0987,12.438,80.33,159.43,3.2833
贵州,贵阳,2026-05,27,18.54,22.6405,14.9281,86.8886,157.44,1.86
辽宁,沈阳,2018-01,31,-13.3329,-7.38,-18.3758,66.4729,5.39,2.6716
辽宁,沈阳,2018-02,28,-9.2739,-2.9136,-15.2193,60.1993,7.2,2.8925
辽宁,沈阳,2018-03,31,1.0168,8.4897,-5.3484,58.7113,17.01,4.1732
辽宁,沈阳,2018-04,30,10.3913,18.663,3.0483,51.3363,23.93,4.6387
辽宁,沈阳,2018-05,31,18.121,25.8719,10.3429,52.6681,50.15,3.5971
辽宁,沈阳,2018-06,30,22.9817,29.806,16.6113,62.8837,85.79,3.201
辽宁,沈阳,2018-07,31,27.6755,33.5916,22.3355,68.8987,87.1,3.1474
辽宁,沈阳,2018-08,31,25.0939,30.2674,20.3413,72.3481,174.98,2.1465
辽宁,沈阳,2018-09,30,17.4473,24.052,11.336,67.254,77.43,2.2667
辽宁,沈阳,2018-10,31,8.9477,16.4352,2.8235,63.769,36.45,2.5713
辽宁,沈阳,2018-11,30,0.5417,6.857,-4.2087,65.226,7.53,2.341
辽宁,沈阳,2018-12,31,-9.0065,-3.6081,-13.491,61.9584,8.76,2.7268
辽宁,沈阳,2019-01,31,-9.0603,-2.5068,-14.0858,64.8303,0.15,2.6735
辽宁,沈阳,2019-02,28,-6.2507,0.2368,-11.7618,59.6196,3.38,2.7232
辽宁,沈阳,2019-03,31,2.7903,10.3229,-3.1097,55.07,16.03,3.6568
辽宁,沈阳,2019-04,30,9.4913,17.5517,2.0723,48.037,6.58,4.0143
辽宁,沈阳,2019-05,31,18.4816,27.0487,9.829,46.2277,95.51,4.4365
辽宁,沈阳,2019-06,30,21.9597,28.6947,15.4937,64.185,92.66,2.97
辽宁,沈阳,2019-07,31,26.4348,32.531,20.7971,68.3235,109.36,2.5242
辽宁,沈阳,2019-08,31,23.0416,27.2084,19.1742,82.8726,351.25,2.1077
辽宁,沈阳,2019-09,30,18.4,25.1433,12.431,73.8453,42.43,2.333
辽宁,沈阳,2019-10,31,9.3877,16.7571,3.1945,65.4135,33.26,2.8226
辽宁,沈阳,2019-11,30,-1.7047,3.983,-6.8073,67.798,58.78,2.881
辽宁,沈阳,2019-12,31,-9.7471,-4.2965,-14.7471,80.0729,15.73,2.6729
辽宁,沈阳,2020-01,31,-11.2139,-5.2842,-15.7929,85.5535,1.92,2.2439
辽宁,沈阳,2020-02,29,-6.0948,-0.3569,-11.2614,74.9062,18.19,3.4
辽宁,沈阳,2020-03,31,1.9197,8.6155,-3.8584,63.0097,22.77,3.8165
辽宁,沈阳,2020-04,30,8.5997,16.3243,1.2247,57.046,21.6,3.4503
辽宁,沈阳,2020-05,31,16.089,22.8887,9.3735,65.6723,123.11,3.7365
辽宁,沈阳,2020-06,30,22.4437,29.047,16.045,65.2673,55.45,3.0777
辽宁,沈阳,2020-07,31,25.3455,30.8858,19.9377,67.8255,64.21,2.3097
辽宁,沈阳,2020-08,31,24.5026,29.3474,20.1065,80.0961,347.46,2.3571
辽宁,沈阳,2020-09,30,17.7377,22.906,13.0297,78.4393,111.71,2.432
辽宁,沈阳,2020-10,31,8.3171,15.5661,2.0381,68.7355,16.41,2.5952
辽宁,沈阳,2020-11,30,-0.662,5.6707,-5.4243,75.1033,42.23,3.1423
辽宁,沈阳,2020-12,31,-11.7348,-5.5332,-16.3932,78.759,0.01,2.6503
辽宁,沈阳,2021-01,31,-12.9294,-7.119,-18.3532,79.4865,13.41,2.6968
辽宁,沈阳,2021-02,28,-6.0361,0.4586,-11.6625,72.8732,6.86,3.5521
辽宁,沈阳,2021-03,31,2.9513,10.4981,-3.2313,63.6055,12.62,3.7187
辽宁,沈阳,2021-04,30,9.6497,17.2397,2.3413,58.3347,33.51,3.9297
辽宁,沈阳,2021-05,31,15.681,22.5719,8.4671,60.8077,73.45,3.7339
辽宁,沈阳,2021-06,30,20.6217,26.054,15.1597,74.842,213.01,2.836
辽宁,沈阳,2021-07,31,25.4074,29.9723,21.2642,81.5432,110.25,2.5877
辽宁,沈阳,2021-08,31,22.3958,26.9787,17.9761,82.3416,157.6,2.0181
辽宁,沈阳,2021-09,30,18.645,23.8397,13.6223,79.6403,109.05,2.1133
辽宁,沈阳,2021-10,31,9.0261,15.6,3.2516,71.6345,98.17,2.6471
辽宁,沈阳,2021-11,30,-1.5317,3.747,-5.8723,83.4733,45.18,3.0237
辽宁,沈阳,2021-12,31,-7.8513,-2.6468,-11.9794,75.9171,2.25,3.1116
辽宁,沈阳,2022-01,31,-11.3268,-5.6442,-16.2594,77.879,1.87,2.5303
辽宁,沈阳,2022-02,28,-8.4729,-2.4564,-14.0368,74.2614,7.12,2.8186
辽宁,沈阳,2022-03,31,1.1913,7.679,-3.9329,66.5687,40.87,3.7419
辽宁,沈阳,2022-04,30,10.1137,17.9377,2.382,61.093,9.03,4.289
辽宁,沈阳,2022-05,31,16.0774,23.539,8.7745,60.0077,61.06,3.7216
辽宁,沈阳,2022-06,30,20.9927,25.953,15.9453,79.6337,246.79,2.692
辽宁,沈阳,2022-07,31,24.5639,28.7839,20.411,84.7126,324.12,2.1232
辽宁,沈阳,2022-08,31,22.231,27.2558,17.161,80.0316,135.21,2.2852
辽宁,沈阳,2022-09,30,17.2507,23.2867,11.6677,78.4817,107.61,2.6947
辽宁,沈阳,2022-10,31,7.7403,14.2797,2.2952,74.4416,63.86,3.0281
辽宁,沈阳,2022-11,30,0.1517,5.9067,-4.6823,78.5437,73.36,2.6847
辽宁,沈阳,2022-12,31,-12.9565,-6.9848,-17.9197,78.7977,3.64,2.7
辽宁,沈阳,2023-01,31,-11.9768,-5.8974,-17.2013,79.7206,7.21,3.2048
辽宁,沈阳,2023-02,28,-5.6414,0.5404,-11.0411,74.5218,4.23,3.2396
辽宁,沈阳,2023-03,31,2.9171,10.2029,-2.6265,66.0039,4.38,3.5642
辽宁,沈阳,2023-04,30,8.404,15.5063,1.5293,60.552,58.29,4.167
辽宁,沈阳,2023-05,31,16.7671,24.0568,9.7897,63.5126,45.36,3.8284
辽宁,沈阳,2023-06,30,21.8953,28.152,15.9757,69.8467,88.67,2.7587
辽宁,沈阳,2023-07,31,24.8755,29.5906,20.3974,81.4358,219.92,2.6055
辽宁,沈阳,2023-08,31,23.8119,28.4155,19.2952,80.5503,148.86,2.3555
辽宁,沈阳,2023-09,30,19.2403,25.401,13.4267,75.1397,85.87,2.1217
辽宁,沈阳,2023-10,31,11.4868,18.391,5.4294,68.129,26.04,2.4945
辽宁,沈阳,2023-11,30,-3.8073,1.5677,-8.9797,81.675,79.05,2.915
辽宁,沈阳,2023-12,31,-10.2968,-5.5948,-14.7694,75.9865,14.76,3.4713
辽宁,沈阳,2024-01,31,-11.5971,-5.7271,-16.9006,81.2052,7.61,3.1148
辽宁,沈阳,2024-02,29,-7.9659,-2.0359,-13.3724,74.191,10.39,3.8469
辽宁,沈阳,2024-03,31,1.1732,7.7481,-4.6939,61.2752,16.88,3.3819
辽宁,沈阳,2024-04,30,10.9983,18.5273,4.046,64.2763,44.77,3.578
辽宁,沈阳,2024-05,31,16.5058,24.0303,9.1687,62.6574,109.97,3.8568
辽宁,沈阳,2024-06,30,22.486,29.405,15.775,65.9617,65.16,3.12
辽宁,沈阳,2024-07,31,25.1145,29.5248,20.6865,81.5748,437.46,2.6419
辽宁,沈阳,2024-08,31,25.1823,29.4329,21.22,83.2694,197.33,1.8065
辽宁,沈阳,2024-09,30,17.366,23.2757,12.0383,76.7423,89.76,2.4457
辽宁,沈阳,2024-10,31,9.3297,15.7268,3.6197,75.0761,25.4,2.7968
辽宁,沈阳,2024-11,30,2.0663,7.6407,-2.4123,77.3927,58.02,2.78
辽宁,沈阳,2024-12,31,-8.2965,-2.3955,-12.8148,76.051,2.44,2.6084
辽宁,沈阳,2025-01,31,-9.5052,-3.7268,-14.1339,80.0603,17.86,2.44
辽宁,沈阳,2025-02,28,-8.7614,-2.0761,-14.9421,75.9032,2.62,3.1257
辽宁,沈阳,2025-03,31,1.8003,8.0587,-3.4506,65.3223,1.16,3.8087
辽宁,沈阳,2025-04,30,9.0883,16.4183,2.4413,69.6937,97.28,3.5797
辽宁,沈阳,2025-05,31,15.3406,22.25,8.37,66.9242,70.04,3.4542
辽宁,沈阳,2025-06,30,22.049,28.146,15.869,70.903,118.67,2.674
辽宁,沈阳,2025-07,31,25.9903,30.6403,21.429,80.7906,193.63,2.4619
辽宁,沈阳,2025-08,31,23.879,28.2094,19.5148,83.9506,207.21,2.1158
辽宁,沈阳,2025-09,30,19.6857,25.6773,13.8437,75.855,78.32,2.057
辽宁,沈阳,2025-10,31,8.4197,14.6742,3.1358,69.2632,5.54,2.4665
辽宁,沈阳,2025-11,30,1.3063,7.518,-3.224,69.5617,10.33,3.0723
辽宁,沈阳,2025-12,31,-8.4887,-3.3539,-12.9735,68.9426,10.2,3.1765
辽宁,沈阳,2026-01,31,-14.689,-8.8848,-19.7655,74.0813,6.82,2.83
辽宁,沈阳,2026-02,28,-5.5161,0.7429,-11.0654,67.7554,2.81,3.9714
辽宁,沈阳,2026-03,31,1.4623,8.4216,-4.4368,61.2968,12.18,3.0497
辽宁,沈阳,2026-04,30,9.512,17.8263,1.8523,59.814,66.25,3.9823
辽宁,沈阳,2026-05,27,17.6838,24.2833,11.3152,56.7967,30.69,3.6867
重庆,重庆,2018-01,31,6.1158,10.8874,2.2932,77.3265,39.67,1.5235
重庆,重庆,2018-02,28,8.3679,13.5893,4.0921,78.4714,8.89,1.5061
重庆,重庆,2018-03,31,15.8768,21.5961,11.1439,76.959,79.89,1.8535
重庆,重庆,2018-04,30,20.053,25.565,14.9917,74.0263,174.81,1.871
重庆,重庆,2018-05,31,23.0855,27.9977,18.63,76.3719,170.88,1.7229
重庆,重庆,2018-06,30,25.6533,29.8747,21.6873,78.5947,93.98,1.3927
重庆,重庆,2018-07,31,29.5319,34.1826,25.1465,74.4839,167.84,1.7829
重庆,重庆,2018-08,31,29.0152,33.521,24.3955,73.9458,122.57,1.1045
重庆,重庆,2018-09,30,23.8113,28.2963,20.185,78.5547,199.29,1.496
重庆,重庆,2018-10,31,17.3029,21.5948,13.9871,82.0168,85.55,1.1777
重庆,重庆,2018-11,30,11.8607,16.6333,8.1843,82.0533,40.99,1.4593
重庆,重庆,2018-12,31,7.3035,12.0323,3.5055,80.0548,41.37,1.5623
重庆,重庆,2019-01,31,6.6103,11.5923,2.7474,80.3206,19.12,1.2558
重庆,重庆,2019-02,28,9.3929,14.6139,4.9996,75.4086,13.25,1.6882
重庆,重庆,2019-03,31,13.8671,19.0823,9.0655,75.6868,54.21,1.5955
重庆,重庆,2019-04,30,21.2193,27.057,15.8477,72.6003,161.57,1.881
重庆,重庆,2019-05,31,21.3132,25.75,17.2335,79.2071,165.66,1.5684
重庆,重庆,2019-06,30,25.2793,29.6557,21.202,80.839,240.98,1.4243
重庆,重庆,2019-07,31,26.9703,30.5758,23.3481,82.4981,238.3,1.1916
重庆,重庆,2019-08,31,28.2077,32.8894,23.7306,77.0023,108.29,1.3613
重庆,重庆,2019-09,30,23.8193,28.749,19.6593,77.6293,111.19,1.406
重庆,重庆,2019-10,31,18.981,23.3648,15.5206,82.6035,247.82,1.4171
重庆,重庆,2019-11,30,12.9693,16.9683,9.897,84.1857,90,1.4333
重庆,重庆,2019-12,31,8.7961,13.3706,5.4077,82.309,21.79,1.23
重庆,重庆,2020-01,31,8.1668,12.7671,4.7119,81.6348,25.7,1.3613
重庆,重庆,2020-02,29,10.0417,14.8562,5.9555,82.009,21.67,1.4345
重庆,重庆,2020-03,31,15.1332,20.2848,10.6661,78.8042,85.4,1.771
重庆,重庆,2020-04,30,17.6503,22.6217,12.956,75.5597,71,1.433
重庆,重庆,2020-05,31,23.7532,28.9474,18.8874,75.5723,98.93,1.6758
重庆,重庆,2020-06,30,25.8927,30.07,21.732,81.223,292.83,1.519
重庆,重庆,2020-07,31,27.0565,30.8161,23.5768,85.0703,371.84,1.3294
重庆,重庆,2020-08,31,28.1245,32.7761,23.6845,78.5629,63.4,1.9513
重庆,重庆,2020-09,30,22.963,27.0403,19.5753,83.3117,225.53,1.5867
重庆,重庆,2020-10,31,17.1752,20.9716,14.091,85.549,153.03,1.3316
重庆,重庆,2020-11,30,13.7503,18.72,9.8007,80.6953,22.81,1.3633
重庆,重庆,2020-12,31,6.6965,10.6203,3.6129,81.8555,27.69,1.3403
重庆,重庆,2021-01,31,5.9439,10.8542,1.9365,80.9413,34.1,1.2839
重庆,重庆,2021-02,28,12.7793,17.8725,8.3786,79.2082,14.76,1.495
重庆,重庆,2021-03,31,15.1658,20.1471,10.8003,79.3413,66.73,1.6881
重庆,重庆,2021-04,30,18.093,22.5957,14.0393,80.1433,72.24,1.7083
重庆,重庆,2021-05,31,22.6455,27.3374,18.3416,78.2045,189.65,1.5877
重庆,重庆,2021-06,30,25.6797,30.1427,21.3093,78.0777,122.51,1.4487
重庆,重庆,2021-07,31,28.0139,31.8387,24.3639,81.2329,256.27,1.3045
重庆,重庆,2021-08,31,27.1894,31.3255,23.3319,82.0039,261.4,1.6071
重庆,重庆,2021-09,30,25.23,29.9703,21.187,81.811,256.13,1.9303
重庆,重庆,2021-10,31,18.0529,22.3145,14.5103,83.2797,86.86,1.6639
重庆,重庆,2021-11,30,11.1383,15.6377,7.6007,83.2367,38.45,1.456
重庆,重庆,2021-12,31,8.4361,12.5948,5.4406,84.2716,17.35,1.4316
重庆,重庆,2022-01,31,7.5877,11.8013,4.3348,84.1929,23.92,1.4397
重庆,重庆,2022-02,28,7.0232,11.7746,3.1904,80.295,29.83,1.6389
重庆,重庆,2022-03,31,17.3065,22.7968,12.6377,78.9874,91.36,1.959
重庆,重庆,2022-04,30,18.665,23.8793,13.697,77.6143,144.81,1.9747
重庆,重庆,2022-05,31,21.4081,26.0639,17.0352,79.4252,237.43,1.66
重庆,重庆,2022-06,30,26.0433,30.169,22.0253,80.5077,271.32,1.2977
重庆,重庆,2022-07,31,28.5726,32.9845,24.1216,78.1961,143.2,1.7613
重庆,重庆,2022-08,31,31.0139,36.4932,26.0345,67.0494,39.68,2.4874
重庆,重庆,2022-09,30,24.0093,28.9923,19.844,76.0687,132.77,1.4623
重庆,重庆,2022-10,31,19.2768,24.5971,14.9606,73.2287,50.9,1.6635
重庆,重庆,2022-11,30,15.9377,21.0627,12.0893,78.5263,22.51,1.549
重庆,重庆,2022-12,31,7.6803,12.5723,4.1432,74.9416,29.55,1.3845
重庆,重庆,2023-01,31,6.6116,12.109,2.4255,75.8671,12.18,1.4145
重庆,重庆,2023-02,28,10.5889,15.8686,6.4854,75.4311,19.98,1.745
重庆,重庆,2023-03,31,15.6765,21.19,11.0455,72.6106,54.55,1.6945
重庆,重庆,2023-04,30,20.665,26.645,15.1617,69.1657,102.94,2.0063
重庆,重庆,2023-05,31,23.8842,29.5252,18.911,72.1361,105.57,1.8429
重庆,重庆,2023-06,30,25.0763,29.67,20.83,77.2153,197.05,1.4877
重庆,重庆,2023-07,31,27.83,32.3868,23.3897,78.3371,423.59,1.4368
重庆,重庆,2023-08,31,28.0168,32.2958,23.9435,79.6484,108.01,1.3716
重庆,重庆,2023-09,30,25.1953,30.121,20.8427,77.5697,170.26,1.686
重庆,重庆,2023-10,31,19.4371,23.9613,15.8874,81.9219,142.78,1.4152
重庆,重庆,2023-11,30,14.6737,19.6907,10.7017,81.762,56.53,1.603
重庆,重庆,2023-12,31,8.6042,13.3561,5.0845,82.7245,6.13,1.4394
重庆,重庆,2024-01,31,8.2842,12.5165,5.2,83.9803,27.09,1.2784
重庆,重庆,2024-02,29,8.7083,14.2514,4.2355,77.0369,15.27,1.7262
重庆,重庆,2024-03,31,15.6952,21.4861,10.7258,74.4148,23.21,1.8216
重庆,重庆,2024-04,30,20.9647,26.337,16.485,78.1583,192.4,1.813
重庆,重庆,2024-05,31,23.1694,28.0923,18.6742,76.7068,137.12,1.7219
重庆,重庆,2024-06,30,24.9003,29.1033,21.028,80.826,230.08,1.3833
重庆,重庆,2024-07,31,28.9819,33.329,25.0448,78.9858,203.49,1.8871
重庆,重庆,2024-08,31,30.4719,36.1187,25.1477,69.0103,45.36,1.8374
重庆,重庆,2024-09,30,29.8223,35.961,24.0863,60.8323,112.57,2.1737
重庆,重庆,2024-10,31,19.1174,23.7329,15.6135,78.0368,83.76,1.4806
重庆,重庆,2024-11,30,14.9753,19.1947,11.7643,79.8647,51.21,1.364
重庆,重庆,2024-12,31,7.5729,12.2648,4.1168,79.6548,28.24,1.3748
重庆,重庆,2025-01,31,8.5132,13.5155,4.6735,79.4097,39.21,1.4835
重庆,重庆,2025-02,28,8.6489,13.4464,4.8418,78.5571,28.76,1.4689
重庆,重庆,2025-03,31,12.77,18.0145,8.0968,73.6068,56.08,1.8419
重庆,重庆,2025-04,30,20.5863,26.508,15.129,69.837,99.18,1.8967
重庆,重庆,2025-05,31,24.1652,29.8648,18.7048,69.1781,84.59,1.9458
重庆,重庆,2025-06,30,27.6303,33.572,22.3587,67.903,113.76,1.7977
重庆,重庆,2025-07,31,29.9226,34.6855,25.0132,72.6294,235.41,1.5971
重庆,重庆,2025-08,31,29.4471,34.6932,24.5703,71.4777,167.18,2.0023
重庆,重庆,2025-09,30,25.3187,29.918,21.5087,80.4193,232.42,1.5027
重庆,重庆,2025-10,31,20.4668,24.9842,16.8784,81.5784,144.63,1.7916
重庆,重庆,2025-11,30,12.8693,17.385,9.2507,80.924,51.39,1.3417
重庆,重庆,2025-12,31,10.1048,14.1032,6.8432,84.661,28.39,1.4339
重庆,重庆,2026-01,31,7.2755,12.3929,3.3039,80.5523,28.65,1.5597
重庆,重庆,2026-02,28,11.4271,16.9089,7.0075,78.2846,6.91,1.635
重庆,重庆,2026-03,31,14.8471,19.7881,10.5603,77.9639,93.4,1.8903
重庆,重庆,2026-04,30,20.1263,25.5043,15.4353,77.1793,146.96,1.964
重庆,重庆,2026-05,27,22.071,26.4362,18.1857,82.2052,111.94,1.0857
陕西,西安,2018-01,31,-1.9013,3.2319,-5.6342,67.3745,25.42,1.8748
陕西,西安,2018-02,28,2.9618,9.635,-2.1714,57.3718,7.81,1.3507
陕西,西安,2018-03,31,12.0865,19.4571,5.7471,64.2468,28.63,1.6561
陕西,西安,2018-04,30,17.091,24.4213,10.282,56.6403,63.29,1.7223
陕西,西安,2018-05,31,20.7939,27.331,14.63,58.7155,72.61,1.6358
陕西,西安,2018-06,30,25.6143,31.872,19.3887,58.0483,116.13,1.488
陕西,西安,2018-07,31,27.4481,32.2606,22.9084,72.1171,162.11,1.6716
陕西,西安,2018-08,31,28.0445,33.6255,22.9016,64.4377,82.08,1.3277
陕西,西安,2018-09,30,20.2527,25.919,15.5137,65.5147,106.66,1.533
陕西,西安,2018-10,31,14.271,21.5023,8.3787,55.0658,10.45,1.3494
陕西,西安,2018-11,30,7.05,13.2663,2.5547,65.0427,36.63,1.2413
陕西,西安,2018-12,31,0.0255,5.1039,-3.4413,55.2435,5.28,1.4877
陕西,西安,2019-01,31,0.3768,5.8906,-3.3181,58.5774,11.54,1.3171
陕西,西安,2019-02,28,2.7764,8.9064,-1.4511,61.2775,13.16,1.6104
陕西,西安,2019-03,31,10.5377,17.8639,4.07,48.3387,8.97,1.5229
陕西,西安,2019-04,30,17.4157,25.0147,10.7073,56.4047,48.95,1.786
陕西,西安,2019-05,31,20.4039,27.2368,13.871,53.0171,60.14,1.5984
陕西,西安,2019-06,30,25.132,31.4097,19.2503,58.5773,111.63,1.4953
陕西,西安,2019-07,31,27.7465,34.1165,21.4003,55.7539,67.85,1.2735
陕西,西安,2019-08,31,26.7787,32.9077,21.2819,61.4697,106.05,1.4577
陕西,西安,2019-09,30,20.8433,26.4987,15.86,70.0467,172.55,1.412
陕西,西安,2019-10,31,14.0761,19.4323,9.8484,73.3887,92.49,1.3539
陕西,西安,2019-11,30,7.9237,14.0893,3.0613,71.1543,50.95,1.3183
陕西,西安,2019-12,31,2.8429,9.4803,-1.7058,64.3903,2.24,1.4019
陕西,西安,2020-01,31,0.9342,5.9816,-2.3097,74.2613,18.07,1.3123
陕西,西安,2020-02,29,5.7014,12.7566,0.1938,61.7493,17.27,1.5483
陕西,西安,2020-03,31,10.9494,18.3474,4.2906,57.0439,26.51,1.6752
陕西,西安,2020-04,30,15.385,22.7863,8.3057,49.17,15.83,1.5903
陕西,西安,2020-05,31,22.0213,29.2423,14.8981,51.3155,90.4,1.7265
陕西,西安,2020-06,30,24.7773,30.4843,19.1007,63.0557,138.4,1.5753
陕西,西安,2020-07,31,25.5765,30.9768,20.4861,69.6448,146.66,1.5077
陕西,西安,2020-08,31,25.3671,30.7058,20.6219,75.4952,198.32,1.4203
陕西,西安,2020-09,30,20.8793,26.735,15.788,67.8117,62.85,1.1807
陕西,西安,2020-10,31,12.9487,18.5416,8.6794,71.8326,80.89,1.2571
陕西,西安,2020-11,30,7.983,14.018,3.6577,69.9297,37.09,1.4573
陕西,西安,2020-12,31,0.0194,4.9355,-3.2639,64.781,7.66,1.1123
陕西,西安,2021-01,31,1.0123,7.6139,-3.7477,55.9574,2.64,1.6255
陕西,西安,2021-02,28,6.61,14.1682,0.9207,59.3989,30.17,1.6732
陕西,西安,2021-03,31,10.5532,17.2194,5.1019,66.0174,32.66,1.7242
陕西,西安,2021-04,30,14.127,20.613,8.365,65.6197,89.18,1.8773
陕西,西安,2021-05,31,21.2245,28.719,14.0465,54.3658,57.23,1.8358
陕西,西安,2021-06,30,26.1697,32.819,19.622,55.9033,87.52,1.4987
陕西,西安,2021-07,31,26.68,31.9035,21.4303,71.6961,202.31,1.3374
陕西,西安,2021-08,31,25.1829,30.7365,20.1274,69.2297,187.62,1.4348
陕西,西安,2021-09,30,21.1627,26.3607,16.8783,79.945,257.24,1.73
陕西,西安,2021-10,31,13.0932,18.1116,9.1671,79.0394,116.46,1.4435
陕西,西安,2021-11,30,6.3293,13.4527,0.4573,65.374,17.71,1.561
陕西,西安,2021-12,31,2.1168,8.2287,-1.9745,65.26,6.69,1.3206
陕西,西安,2022-01,31,1.299,6.9706,-2.2103,73.7255,11.86,1.5039
陕西,西安,2022-02,28,2.0157,7.775,-2.2439,67.3536,11,1.5636
陕西,西安,2022-03,31,11.3358,18.0671,5.6571,65.7352,29.13,1.6355
陕西,西安,2022-04,30,16.1413,23.236,9.237,59.28,40.36,1.706
陕西,西安,2022-05,31,20.2013,27.0223,13.5845,58.1703,39.26,1.4981
陕西,西安,2022-06,30,26.475,33.133,19.5617,56.4217,153.39,1.4
陕西,西安,2022-07,31,27.229,33.081,21.7152,67.4161,181.64,1.4945
陕西,西安,2022-08,31,28.8719,34.8497,23.729,60.9074,99.93,1.7977
陕西,西安,2022-09,30,21.0517,27.177,15.7013,64.6557,49.96,1.1323
陕西,西安,2022-10,31,13.7571,19.9135,9.0416,70.6913,123.15,1.3581
陕西,西安,2022-11,30,9.2383,15.107,4.8613,71.742,21.96,1.354
陕西,西安,2022-12,31,0.8145,6.9306,-3.0761,58.4658,3.92,1.3158
陕西,西安,2023-01,31,0.8732,6.9465,-3.5445,57.5068,9.32,1.6445
陕西,西安,2023-02,28,4.0975,10.7914,-0.7075,67.3111,16.69,1.5836
陕西,西安,2023-03,31,11.4513,19.0745,4.5971,53.7632,30.22,1.4665
陕西,西安,2023-04,30,14.8597,22.1933,8.337,60.4453,89.45,1.9713
陕西,西安,2023-05,31,19.3781,25.4219,13.5758,65.9961,176.86,1.8503
陕西,西安,2023-06,30,23.9963,30.025,17.997,63.403,88.68,1.3513
陕西,西安,2023-07,31,27.1603,33.1029,21.3268,63.4419,197.8,1.591
陕西,西安,2023-08,31,25.9319,31.0671,21.2629,71.8558,182.82,1.2465
陕西,西安,2023-09,30,21.355,26.571,17.0043,75.7477,132.05,1.3383
陕西,西安,2023-10,31,15.1635,21.3332,10.2732,72.1658,80.02,1.2603
陕西,西安,2023-11,30,7.7797,14.8637,2.23,63.2743,21.83,1.542
陕西,西安,2023-12,31,1.2894,7.5529,-3.0671,64.8061,14.44,1.7397
陕西,西安,2024-01,31,0.8281,6.8597,-3.3345,64.6439,12.75,1.3561
陕西,西安,2024-02,29,2.0459,7.8414,-2.1662,68.7286,19.88,1.8983
陕西,西安,2024-03,31,10.6681,17.9413,4.3226,60.3423,40.75,1.659
陕西,西安,2024-04,30,17.7827,24.526,11.7137,62.771,70.05,1.467
陕西,西安,2024-05,31,22.6494,29.8158,15.6558,54.3987,33.07,1.5513
陕西,西安,2024-06,30,26.563,33.2267,19.8847,51.568,50.14,1.469
陕西,西安,2024-07,31,26.9587,32.0432,22.2239,72.2929,262.39,1.3416
陕西,西安,2024-08,31,27.4316,32.9013,22.5074,69.5832,94.37,1.3284
陕西,西安,2024-09,30,25.158,31.837,19.4143,61.9983,109.6,2.1963
陕西,西安,2024-10,31,15.4565,21.6426,10.4774,68.2042,51.01,1.2906
陕西,西安,2024-11,30,9.1307,15.2823,4.748,72.9823,48.07,1.439
陕西,西安,2024-12,31,1.3384,7.3684,-2.7739,57.9539,2.08,1.2594
陕西,西安,2025-01,31,1.3839,7.661,-3.0413,59.7435,24.73,1.4468
陕西,西安,2025-02,28,3.2696,9.7611,-1.6932,57.5225,4.53,1.6218
陕西,西安,2025-03,31,9.07,16.4565,2.32,53.1087,45.66,1.8403
陕西,西安,2025-04,30,18.743,26.9933,10.6363,40.5567,14.9,2.1117
陕西,西安,2025-05,31,22.7865,30.189,15.4213,46.6677,67.94,1.8797
陕西,西安,2025-06,30,26.8853,33.6167,20.5133,51.298,75.7,1.5597
陕西,西安,2025-07,31,28.4006,33.9287,23.3065,68.7223,202.92,1.6494
陕西,西安,2025-08,31,27.0187,32.5771,22.1816,68.4932,183.3,1.5832
陕西,西安,2025-09,30,19.548,24.1997,15.371,82.2543,260.32,1.5647
陕西,西安,2025-10,31,13.9926,18.5345,10.6571,84.9268,184.56,1.6687
陕西,西安,2025-11,30,7.9333,14.6353,2.7677,65.8937,19.93,1.5377
陕西,西安,2025-12,31,3.2581,9.7077,-1.1748,66.4874,15.19,1.4484
陕西,西安,2026-01,31,0.8532,6.9358,-3.2481,68.3755,8.9,1.5368
陕西,西安,2026-02,28,5.695,12.7761,0.4418,64.525,13.18,1.6689
陕西,西安,2026-03,31,9.0545,15.3887,3.7242,70.3984,49.58,1.559
陕西,西安,2026-04,30,16.4283,23.0077,10.141,62.187,45.67,1.45
陕西,西安,2026-05,27,19.5538,25.4705,14.0257,68.0867,93.48,1.3338
青海,西宁,2018-01,31,-8.5506,0.0526,-14.8239,55.8045,3.99,1.8971
青海,西宁,2018-02,28,-5.9868,2.5793,-12.7275,50.98,3.6,1.9571
青海,西宁,2018-03,31,3.8597,12.0384,-2.6503,45.7435,4.78,1.7981
青海,西宁,2018-04,30,7.0877,15.805,-0.6923,47.8127,33.38,2.0427
青海,西宁,2018-05,31,12.039,20.089,4.1226,48.4368,45.15,2.0771
青海,西宁,2018-06,30,15.526,22.5127,8.902,56.632,55.86,1.8217
青海,西宁,2018-07,31,16.9874,23.6623,10.5506,69.0548,145.02,1.5365
青海,西宁,2018-08,31,16.0448,22.1926,10.741,78.0929,164.75,1.61
青海,西宁,2018-09,30,10.1253,16.9537,4.644,74.232,83.92,1.37
青海,西宁,2018-10,31,4.0187,11.7997,-2.0006,64.0865,24.72,1.1765
青海,西宁,2018-11,30,-2.5773,4.339,-8.0997,62.988,23.93,1.7833
青海,西宁,2018-12,31,-7.6252,0.2252,-13.3942,59.7929,2.12,1.7287
青海,西宁,2019-01,31,-8.12,-0.4094,-13.9065,61.7168,3.23,1.5668
青海,西宁,2019-02,28,-4.3654,3.3304,-10.6621,60.2254,6.44,2.2429
青海,西宁,2019-03,31,0.5616,7.8929,-5.1542,48.6855,4.6,1.9926
青海,西宁,2019-04,30,8.5737,17.3523,0.5397,47.7237,26.97,2.1417
青海,西宁,2019-05,31,10.1335,17.8081,2.9484,54.62,70.24,1.9881
青海,西宁,2019-06,30,14.242,21.063,7.896,65.2143,110.71,1.754
青海,西宁,2019-07,31,15.6971,22.2855,9.0665,65.0784,104.72,1.3539
青海,西宁,2019-08,31,15.7752,22.6629,9.38,65.6332,122.9,1.3755
青海,西宁,2019-09,30,11.0713,17.837,5.084,72.37,120.28,1.233
青海,西宁,2019-10,31,4.9697,12.0423,-0.4213,68.7526,38.55,1.4023
青海,西宁,2019-11,30,-0.7767,6.5063,-5.9737,61.11,17.47,1.755
青海,西宁,2019-12,31,-7.129,1.1058,-13.571,53.7058,0.9,1.8316
青海,西宁,2020-01,31,-7.0052,0.0665,-12.4994,64.8668,5.8,1.3487
青海,西宁,2020-02,29,-3.7007,4.5307,-10.421,49.8683,2.89,1.8759
青海,西宁,2020-03,31,0.8816,8.6003,-4.9487,51.5174,12.24,1.8494
青海,西宁,2020-04,30,4.7837,12.174,-1.814,51.6683,13.47,1.8847
青海,西宁,2020-05,31,10.5019,18.5974,2.5613,51.1423,68.14,2.0442
青海,西宁,2020-06,30,14.243,21.3213,7.4893,58.474,90.04,1.5993
青海,西宁,2020-07,31,15.9671,22.3819,9.8384,67.2913,109.47,1.4377
青海,西宁,2020-08,31,15.0542,21.8613,8.9042,70.9129,169.74,1.3968
青海,西宁,2020-09,30,10.696,17.4993,5.4327,77.3703,94.7,1.313
青海,西宁,2020-10,31,4.0503,12.1777,-1.8158,67.9081,15.19,1.52
青海,西宁,2020-11,30,-0.2917,7.1953,-5.261,62.303,4.64,1.3873
青海,西宁,2020-12,31,-7.6223,0.1561,-13.1439,60.4387,2.49,1.6494
青海,西宁,2021-01,31,-8.6565,-0.1448,-15.1261,49.299,2.41,1.9426
青海,西宁,2021-02,28,-1.9782,5.7711,-8.1046,47.4371,4.51,1.7939
青海,西宁,2021-03,31,2.4481,11.0774,-3.8194,46.6706,10.31,1.8513
青海,西宁,2021-04,30,4.8623,12.9203,-2.1853,56.1103,52.14,2.4823
青海,西宁,2021-05,31,10.9116,18.8648,3.0665,47.7226,49.52,1.8768
青海,西宁,2021-06,30,14.727,22.1553,8.0237,59.476,78.36,1.7697
青海,西宁,2021-07,31,18.0165,25.2719,10.5984,58.5768,68.6,1.4752
青海,西宁,2021-08,31,15.5071,22.5297,9.3606,65.5858,101.54,1.6855
青海,西宁,2021-09,30,12.2817,19.086,6.344,67.1087,140.07,1.283
青海,西宁,2021-10,31,4.6471,11.9894,-0.8165,74.5845,39.39,1.5077
青海,西宁,2021-11,30,-2.6327,4.4403,-8.6703,51.3897,4.53,1.631
青海,西宁,2021-12,31,-6.7661,0.7739,-12.5571,54.5987,1.27,1.5503
青海,西宁,2022-01,31,-7.0774,0.7813,-13.0729,56.5694,2.2,1.5416
青海,西宁,2022-02,28,-7.7789,-0.2721,-13.7786,59.3886,9.18,1.9336
青海,西宁,2022-03,31,3.9768,12.971,-3.0448,46.3016,5.55,2.4216
青海,西宁,2022-04,30,6.4137,14.887,-1.346,48.789,42.74,1.9633
青海,西宁,2022-05,31,10.9765,19.4655,3.3555,54.0845,20.42,2.0232
青海,西宁,2022-06,30,15.757,23.058,8.7627,54.2197,70.05,1.545
青海,西宁,2022-07,31,17.5752,25.259,10.2155,58.8471,118,1.5352
青海,西宁,2022-08,31,16.8745,22.77,11.8358,80.0313,248.39,1.66
青海,西宁,2022-09,30,10.7537,17.08,5.106,71.8253,63.2,1.2077
青海,西宁,2022-10,31,5.2268,12.3587,-0.0232,71.2768,25.2,1.2352
青海,西宁,2022-11,30,0.3247,7.8183,-4.918,58.6823,5.15,1.6507
青海,西宁,2022-12,31,-6.8574,1.031,-12.8887,53.4713,1.18,1.6939
青海,西宁,2023-01,31,-7.6432,0.9423,-14.1861,49.0242,0.56,1.9168
青海,西宁,2023-02,28,-3.0639,4.2993,-8.9925,56.1411,14.46,1.74
青海,西宁,2023-03,31,1.9168,9.6481,-4.3403,49.9165,12.33,1.6652
青海,西宁,2023-04,30,5.4707,14.5153,-2.296,47.947,29,2.5187
青海,西宁,2023-05,31,9.98,17.7919,2.7052,57.9635,91.09,2.1455
青海,西宁,2023-06,30,14.5363,21.6703,7.5707,59.2217,51.3,1.4823
青海,西宁,2023-07,31,17.5839,25.0713,10.3019,55.9697,75.67,1.5581
青海,西宁,2023-08,31,16.5332,23.9852,9.9594,61.4335,88.24,1.5935
青海,西宁,2023-09,30,13.1543,20.8903,6.8663,64.8163,85.35,1.3853
青海,西宁,2023-10,31,5.5397,12.6529,-0.0258,64.0948,73.58,1.4035
青海,西宁,2023-11,30,0.1123,8.1103,-5.676,50.2163,2.59,1.989
青海,西宁,2023-12,31,-4.5845,3.6435,-10.8726,49.1548,1.55,2.111
青海,西宁,2024-01,31,-6.4735,1.9019,-12.84,47.8952,1.02,1.7116
青海,西宁,2024-02,29,-5.1455,2.6445,-11.4438,56.9386,10.11,2.2921
青海,西宁,2024-03,31,1.511,9.801,-4.819,49.1671,14.34,2.0213
青海,西宁,2024-04,30,7.0937,15.0217,-0.101,57.1443,57.7,1.875
青海,西宁,2024-05,31,13.009,20.5532,5.6532,53.2,50.01,1.8052
青海,西宁,2024-06,30,14.73,21.3367,8.4053,61.8183,109.89,1.423
青海,西宁,2024-07,31,16.759,23.0452,10.7977,70.5381,102.62,1.5645
青海,西宁,2024-08,31,16.8161,23.7597,10.5571,67.8229,129.28,1.259
青海,西宁,2024-09,30,12.6693,19.045,7.5607,80.3317,167.64,1.492
青海,西宁,2024-10,31,5.6132,13.1071,-0.3439,67.3026,25.48,1.4819
青海,西宁,2024-11,30,-0.3493,6.4217,-5.615,63.7537,13.59,1.562
青海,西宁,2024-12,31,-7.3603,0.0519,-12.6884,65.2442,2.59,1.2903
青海,西宁,2025-01,31,-7.3023,0.7419,-13.3645,58.2126,7.97,1.7984
青海,西宁,2025-02,28,-5.625,2.3232,-11.9029,57.8646,5.7,1.9064
青海,西宁,2025-03,31,-0.6332,6.7329,-6.3165,51.3835,8.76,2.28
青海,西宁,2025-04,30,6.5633,14.8047,-1.0133,46.1223,22.6,2.0877
青海,西宁,2025-05,31,12.1077,21.099,3.5442,46.5374,30.6,2.0235
青海,西宁,2025-06,30,14.629,21.929,7.6633,55.6,74.21,1.617
青海,西宁,2025-07,31,18.181,25.0468,11.5474,66.9406,129.32,1.5703
青海,西宁,2025-08,31,15.6042,22.0823,9.7232,73.0716,152.46,1.3716
青海,西宁,2025-09,30,12.1157,19.707,5.829,70.446,67.85,1.3477
青海,西宁,2025-10,31,5.6826,13.0919,0.1477,69.1081,64.89,1.5055
青海,西宁,2025-11,30,-1.4103,6.2977,-7.1263,56.0193,5.37,1.9657
青海,西宁,2025-12,31,-4.1026,3.9242,-10.5742,53.6342,2.15,1.7671
青海,西宁,2026-01,31,-6.8471,2.0794,-13.2952,56.2129,0.17,1.8535
青海,西宁,2026-02,28,-1.7732,6.4425,-8.015,47.8004,3.84,1.9779
青海,西宁,2026-03,31,0.9742,8.5026,-4.6835,53.1987,24.4,2.1971
青海,西宁,2026-04,30,6.9747,15.3297,-0.286,50.295,50.14,1.9487
青海,西宁,2026-05,27,9.9652,16.169,3.841,52.8067,54.18,1.3395
黑龙江,哈尔滨,2018-01,31,-19.8323,-14.209,-24.1055,84.9726,6.45,2.7545
黑龙江,哈尔滨,2018-02,28,-16.7754,-10.0736,-22.5936,78.9832,5.91,2.7389
黑龙江,哈尔滨,2018-03,31,-4.3729,2.5755,-10.8774,70.0926,11.62,3.5561
黑龙江,哈尔滨,2018-04,30,8.0517,14.5253,1.2143,53.849,31.71,3.7913
黑龙江,哈尔滨,2018-05,31,15.8829,22.9116,8.3152,52.8571,19.5,3.1797
黑龙江,哈尔滨,2018-06,30,21.496,27.7577,14.8073,63.3907,148.41,3.0913
黑龙江,哈尔滨,2018-07,31,24.8519,29.469,20.2287,78.37,192.74,2.7974
黑龙江,哈尔滨,2018-08,31,21.0713,25.9003,16.4687,79.8329,150.06,2.1297
黑龙江,哈尔滨,2018-09,30,14.6463,20.3147,9.4533,75.776,81.8,2.5397
黑龙江,哈尔滨,2018-10,31,6.1342,12.7139,0.7555,73.2458,13.88,2.7542
黑龙江,哈尔滨,2018-11,30,-4.6073,0.4667,-8.8643,74.9327,13.57,2.9253
黑龙江,哈尔滨,2018-12,31,-14.8697,-9.9097,-18.9732,77.2584,3.2,3.16
黑龙江,哈尔滨,2019-01,31,-14.1426,-8.3135,-18.4923,78.8455,1.41,3.0368
黑龙江,哈尔滨,2019-02,28,-10.7086,-4.0932,-16.5232,70.5832,0.06,2.9089
黑龙江,哈尔滨,2019-03,31,-0.1094,5.3197,-4.5758,59.9094,10.21,3.38
黑龙江,哈尔滨,2019-04,30,6.9587,13.9607,-0.16,54.0613,12.85,3.7963
黑龙江,哈尔滨,2019-05,31,15.05,21.8019,8.0332,55.4106,87,4.2829
黑龙江,哈尔滨,2019-06,30,19.7847,25.5043,13.558,67.7087,97.63,2.8437
黑龙江,哈尔滨,2019-07,31,23.7381,28.7345,18.6184,76.6642,178.62,2.1735
黑龙江,哈尔滨,2019-08,31,20.7787,24.9142,16.8613,84.899,184.58,2.2077
黑龙江,哈尔滨,2019-09,30,15.5833,22.3303,9.1783,74.7293,49.36,2.618
黑龙江,哈尔滨,2019-10,31,6.2368,13.3677,0.4081,69.71,22.93,3.1003
黑龙江,哈尔滨,2019-11,30,-6.881,-2.1867,-11.0387,73.9327,16.68,3.3347
黑龙江,哈尔滨,2019-12,31,-16.1958,-11.6277,-20.1629,88.9019,16.46,2.8239
黑龙江,哈尔滨,2020-01,31,-17.589,-11.929,-22.2684,95.5226,4.03,2.1068
黑龙江,哈尔滨,2020-02,29,-13.9248,-7.4914,-19.8559,92.5572,9.76,2.8597
黑龙江,哈尔滨,2020-03,31,-2.5765,3.2826,-8.48,74.5448,8.4,3.4984
黑龙江,哈尔滨,2020-04,30,6.1553,12.8257,-0.3103,61.6813,19.74,3.6257
黑龙江,哈尔滨,2020-05,31,14.3729,20.9997,7.6142,65.3194,70.75,3.389
黑龙江,哈尔滨,2020-06,30,19.133,24.4473,13.2343,75.2717,196.19,2.954
黑龙江,哈尔滨,2020-07,31,23.8994,28.95,18.4352,75.5045,111.52,2.041
黑龙江,哈尔滨,2020-08,31,21.5758,26.0532,16.9835,81.6897,155.72,2.4565
黑龙江,哈尔滨,2020-09,30,15.3467,19.952,11.1753,83.9587,212.2,2.9547
黑龙江,哈尔滨,2020-10,31,4.9606,10.9381,0.0503,77.0974,19.78,3.1035
黑龙江,哈尔滨,2020-11,30,-5.5343,-0.4027,-9.242,84.272,27.64,3.2703
黑龙江,哈尔滨,2020-12,31,-18.3268,-12.5371,-22.4345,92.4468,1.23,2.7245
黑龙江,哈尔滨,2021-01,31,-20.769,-14.6145,-26.1958,92.5726,8.43,2.6429
黑龙江,哈尔滨,2021-02,28,-15.0689,-8.8214,-21.4904,89.2439,8.84,3.2143
黑龙江,哈尔滨,2021-03,31,-1.2597,4.7761,-6.4039,75.2923,14.44,3.63
黑龙江,哈尔滨,2021-04,30,6.6247,13.205,-0.0223,63.1697,12.51,3.793
黑龙江,哈尔滨,2021-05,31,14.3616,20.4219,7.7035,65.9855,85.52,3.3687
黑龙江,哈尔滨,2021-06,30,19.8043,24.864,14.3073,73.374,98.09,2.7203
黑龙江,哈尔滨,2021-07,31,24.96,28.9371,21.1113,82.9781,184.05,2.3623
黑龙江,哈尔滨,2021-08,31,20.5594,25.0587,16.1761,81.7897,134.4,2.6697
黑龙江,哈尔滨,2021-09,30,15.069,20.3687,9.977,80.4857,67.39,2.2427
黑龙江,哈尔滨,2021-10,31,5.739,12.2187,0.3735,73.6197,14.91,2.7987
黑龙江,哈尔滨,2021-11,30,-6.323,-2.181,-10.3383,92.8367,42.01,2.8803
黑龙江,哈尔滨,2021-12,31,-18.4442,-12.7477,-24.2152,95.4997,7.43,2.7674
黑龙江,哈尔滨,2022-01,31,-20.6513,-14.8565,-25.8,96.0958,3.61,2.1713
黑龙江,哈尔滨,2022-02,28,-14.9343,-8.9814,-19.9389,94.2593,5.65,2.4161
黑龙江,哈尔滨,2022-03,31,-2.6023,2.8461,-7.9787,75.44,17.34,3.5219
黑龙江,哈尔滨,2022-04,30,7.303,14.1673,0.2503,59.658,26.92,4.455
黑龙江,哈尔滨,2022-05,31,14.0245,20.5077,7.0958,61.4945,63.27,3.6561
黑龙江,哈尔滨,2022-06,30,19.948,25.0233,14.5367,73.656,120.76,2.7863
黑龙江,哈尔滨,2022-07,31,24.4503,29.4439,19.4348,75.6029,98.03,2.3274
黑龙江,哈尔滨,2022-08,31,20.5523,25.5577,15.2871,76.5839,184.48,2.5274
黑龙江,哈尔滨,2022-09,30,15.7497,22.3753,9.4643,71.8017,14.36,3.0823
黑龙江,哈尔滨,2022-10,31,5.0742,11.3748,-0.5845,70.981,42.73,2.9042
黑龙江,哈尔滨,2022-11,30,-3.9337,0.6913,-7.7583,76.2847,9.29,3.1643
黑龙江,哈尔滨,2022-12,31,-16.4081,-11.7355,-20.1748,82.889,7.74,3.2829
黑龙江,哈尔滨,2023-01,31,-18.7503,-12.7542,-23.5284,85.2032,5.17,2.8342
黑龙江,哈尔滨,2023-02,28,-12.1989,-5.815,-17.7832,86.1282,5.01,2.8168
黑龙江,哈尔滨,2023-03,31,-0.1294,6.0287,-5.8413,64.0826,9.7,3.5503
黑龙江,哈尔滨,2023-04,30,6.492,12.8567,-0.0403,56.3113,30.06,4.3817
黑龙江,哈尔滨,2023-05,31,15.2787,22.2194,7.6706,51.1661,49.08,3.9513
黑龙江,哈尔滨,2023-06,30,21.891,28.5103,15.3603,60.8257,66.61,2.715
黑龙江,哈尔滨,2023-07,31,23.1739,27.5358,18.6877,80.9297,315.68,2.4784
黑龙江,哈尔滨,2023-08,31,21.6119,25.7655,17.2468,84.6339,187.21,2.3729
黑龙江,哈尔滨,2023-09,30,16.5383,22.4153,10.6787,77.6047,64.63,2.6903
黑龙江,哈尔滨,2023-10,31,7.1839,13.8558,1.359,71.7684,11.01,2.71
黑龙江,哈尔滨,2023-11,30,-10.0087,-5.2447,-14.4163,91.7087,48.5,2.9243
黑龙江,哈尔滨,2023-12,31,-20.0258,-14.1194,-25.2365,94.7826,5.32,2.6287
黑龙江,哈尔滨,2024-01,31,-19.6755,-14.3532,-25.2313,95.0855,4.03,2.66
黑龙江,哈尔滨,2024-02,29,-14.1548,-7.9403,-20.29,90.7324,3.74,2.7683
黑龙江,哈尔滨,2024-03,31,-3.2935,2.4771,-8.8919,71.3394,12.81,3.1923
黑龙江,哈尔滨,2024-04,30,8.5227,15.5287,2.016,62.85,15.09,3.702
黑龙江,哈尔滨,2024-05,31,14.2784,20.4926,7.6716,60.2519,86.33,3.8303
黑龙江,哈尔滨,2024-06,30,19.3177,24.2807,14.0607,76.8813,193,2.9247
黑龙江,哈尔滨,2024-07,31,23.5326,28.0929,18.7277,79.4177,145.64,2.3106
黑龙江,哈尔滨,2024-08,31,23.0713,27.1048,18.759,82.7442,134.51,2.2248
黑龙江,哈尔滨,2024-09,30,15.2957,21.891,9.4073,73.951,40.97,2.8633
黑龙江,哈尔滨,2024-10,31,6.3548,12.6123,0.8387,72.0103,27.43,3.2087
黑龙江,哈尔滨,2024-11,30,-3.0303,1.5143,-7.1157,79.989,24.81,3.069
黑龙江,哈尔滨,2024-12,31,-16.1323,-10.6174,-20.8574,90.1326,2.77,2.8126
黑龙江,哈尔滨,2025-01,31,-16.8416,-11.7474,-21.1339,92.3881,4.38,2.2461
黑龙江,哈尔滨,2025-02,28,-13.8221,-7.9793,-19.4811,86.6543,3.41,3.1182
黑龙江,哈尔滨,2025-03,31,-2.6577,2.85,-7.8039,69.0065,15.42,3.6006
黑龙江,哈尔滨,2025-04,30,7.4457,13.936,1.101,69.577,56.09,3.8027
黑龙江,哈尔滨,2025-05,31,14.0084,19.9052,7.5926,64.1897,46.79,3.1758
黑龙江,哈尔滨,2025-06,30,20.4597,25.995,14.788,71.172,127.22,2.8537
黑龙江,哈尔滨,2025-07,31,25.2216,30.65,19.8232,72.9974,109.92,2.9642
黑龙江,哈尔滨,2025-08,31,21.821,26.7806,16.7397,77.8855,184.04,2.1294
黑龙江,哈尔滨,2025-09,30,17.5887,24.3133,11.5773,70.3843,29.78,2.9273
黑龙江,哈尔滨,2025-10,31,4.0774,10.1065,-0.7713,68.25,19.41,2.649
黑龙江,哈尔滨,2025-11,30,-3.3833,1.2587,-7.3373,73.108,9.99,3.481
黑龙江,哈尔滨,2025-12,31,-15.1939,-10.0758,-19.7239,78.7129,9.98,3.2113
黑龙江,哈尔滨,2026-01,31,-19.7852,-14.7006,-24.3974,83.2148,4.45,2.9968
黑龙江,哈尔滨,2026-02,28,-12.0396,-5.9357,-18.1164,79.5146,8.37,3.66
黑龙江,哈尔滨,2026-03,31,-2.1913,4.8194,-8.4665,63.3606,4.72,3.3768
黑龙江,哈尔滨,2026-04,30,6.1633,12.708,-0.3913,59.5303,33.11,3.8957
黑龙江,哈尔滨,2026-05,27,17.0724,23.4081,10.3567,49.2229,24.82,3.3271
